SALE TYPE,SOLD DATE,PROPERTY TYPE,ADDRESS,CITY,STATE,ZIP,PRICE,BEDS,BATHS,LOCATION,SQUARE FEET,LOT SIZE,YEAR BUILT,DAYS ON MARKET,$/SQUARE FEET,HOA/MONTH,STATUS,NEXT OPEN HOUSE START TIME,NEXT OPEN HOUSE END TIME,URL (SEE http://www.redfin.com/buy-a-home/comparative-market-analysis FOR INFO ON PRICING),SOURCE,MLS#,FAVORITE,INTERESTED,LATITUDE,LONGITUDE
PAST SALE,November-17-2017,Single Family Residential,138 Darrough Dr,Greenwood,IN,46143,229155,2,2,Pleasant,1889,9583,2017,120,121,100,Sold,,,http://www.redfin.com/IN/Greenwood/138-Darrough-Dr-46143/home/144339748,MIBOR,21525486,N,Y,39.6161864,-86.0528592
PAST SALE,December-27-2017,Single Family Residential,3869 Chelsea Ter,Greenwood,IN,46143,138900,3,2.5,White River,1710,9583,1996,80,81,14,Sold,,,http://www.redfin.com/IN/Greenwood/3869-Chelsea-Ter-46143/home/60048947,MIBOR,21519230,N,Y,39.6043618,-86.1746446
PAST SALE,December-26-2017,Single Family Residential,2648 Fraiser Fir Dr,Greenwood,IN,46143,105000,2,2.5,Pleasant,1362,1001,2005,81,77,60,Sold,,,http://www.redfin.com/IN/Greenwood/2648-Frasier-Fir-Dr-46143/home/60084387,MIBOR,21522418,N,Y,39.580346,-86.11818
PAST SALE,December-28-2017,Single Family Residential,2914 Treehouse Pass,Greenwood,IN,46143,267400,5,2.5,Pleasant,4720,7927,2011,79,57,24,Sold,,,http://www.redfin.com/IN/Greenwood/2914-Treehouse-Pass-46143/home/59989976,MIBOR,21496899,N,Y,39.607513,-86.049307
PAST SALE,December-22-2017,Single Family Residential,1333 Old Heritage Pl,Greenwood,IN,46143,227800,4,2.5,Pleasant,2757,7100,2017,85,83,21,Sold,,,http://www.redfin.com/IN/Greenwood/1333-Old-Heritage-Pl-46143/home/82535680,MIBOR,21491071,N,Y,39.601641,-86.0710371
PAST SALE,December-31-2017,Single Family Residential,1315 Glen Canyon Dr,Greenwood,IN,46143,255745,3,2.5,White River,3518,10933,2017,76,73,33,Sold,,,http://www.redfin.com/IN/Greenwood/1315-Glen-Canyon-Dr-46143/home/142735270,MIBOR,21530016,N,Y,39.5972076,-86.1478355
PAST SALE,January-31-2018,Single Family Residential,181 Christy Dr,Greenwood,IN,46143,99900,2,1.5,Pleasant,1031,4791,1989,45,97,,Sold,,,http://www.redfin.com/IN/Greenwood/181-Christy-Dr-46143/home/60067774,MIBOR,21520840,N,Y,39.633183,-86.100862
PAST SALE,January-30-2018,Single Family Residential,4845 Welton St,Greenwood,IN,46143,87000,2,1,White River,948,,1952,46,92,,Sold,,,http://www.redfin.com/IN/Greenwood/4845-Welton-St-46143/home/60001719,MIBOR,21527639,N,Y,39.6026128,-86.1946231
PAST SALE,January-25-2018,Single Family Residential,3945 Honey Creek Blvd,Greenwood,IN,46143,268000,4,2,White River,2978,143748,1966,51,90,,Sold,,,http://www.redfin.com/IN/Greenwood/3945-Honey-Creek-Blvd-46143/home/82517193,MIBOR,21507852,N,Y,39.5699026,-86.1699702
PAST SALE,December-27-2017,Single Family Residential,1892 Averitt Rd,Greenwood,IN,46143,145500,3,1,Pleasant,2144,19166,1959,80,68,,Sold,,,http://www.redfin.com/IN/Greenwood/1892-Averitt-Rd-46143/home/67044485,MIBOR,21519435,N,Y,39.5892676,-86.1211259
PAST SALE,February-14-2018,Single Family Residential,1998 Woodfield Dr,Greenwood,IN,46143,325000,4,2.5,White River,4334,14897,2007,31,75,33,Sold,,,http://www.redfin.com/IN/Greenwood/1998-Woodfield-Dr-46143/home/82516761,MIBOR,21491533,N,Y,39.5878206,-86.1443114
PAST SALE,December-29-2017,Single Family Residential,1559 Hamilton Dr,Greenwood,IN,46143,156000,2,2,Pleasant,1507,7971,2003,78,104,50,Sold,,,http://www.redfin.com/IN/Greenwood/1559-Hamilton-Dr-46143/home/82519727,MIBOR,21527278,N,Y,39.595826,-86.0768933
PAST SALE,February-7-2018,Single Family Residential,1098 Springwater Cir,Greenwood,IN,46143,175000,3,2,Pleasant,1528,10454,2002,38,115,18,Sold,,,http://www.redfin.com/IN/Greenwood/1098-Springwater-Cir-46143/home/60071785,MIBOR,21527669,N,Y,39.5997511,-86.0803767
PAST SALE,January-19-2018,Single Family Residential,878 Grandiflora Dr,Greenwood,IN,46143,179900,3,2.5,Pleasant,1797,9234,2013,57,100,23,Sold,,,http://www.redfin.com/IN/Greenwood/878-Grandiflora-Dr-46143/home/60052944,MIBOR,21495355,N,Y,39.5814553,-86.1286036
PAST SALE,January-12-2018,Single Family Residential,4616 Welton St,Greenwood,IN,46143,167500,4,2.5,White River,2016,8276,1998,64,83,21,Sold,,,http://www.redfin.com/IN/Greenwood/4616-Welton-St-46143/home/60079098,MIBOR,21526760,N,Y,39.6025129,-86.1891016
PAST SALE,December-27-2017,Single Family Residential,959 S Morgantown Rd,Greenwood,IN,46143,111000,2,1,White River,1584,21780,1945,80,70,,Sold,,,http://www.redfin.com/IN/Greenwood/959-S-Morgantown-Rd-46143/home/60081744,MIBOR,21523738,N,Y,39.6017482,-86.1968375
PAST SALE,January-16-2018,Single Family Residential,1011 Peppermill Run,Greenwood,IN,46143,125000,2,2,Pleasant,1291,,1992,60,97,10,Sold,,,http://www.redfin.com/IN/Greenwood/1011-Peppermill-Run-46143/home/60085712,MIBOR,21525196,N,Y,39.6016849,-86.119475
PAST SALE,February-16-2018,Single Family Residential,3051 Reflection Ct,Greenwood,IN,46143,183000,4,3.5,Pleasant,3220,10890,2010,29,57,,Sold,,,http://www.redfin.com/IN/Greenwood/3051-Reflection-Ct-46143/home/82510619,MIBOR,21514232,N,Y,39.6081608,-86.0442964
PAST SALE,January-12-2018,Single Family Residential,668 Mountain Pine Dr,Greenwood,IN,46143,105000,3,2.5,Pleasant,1686,1350,2000,64,62,60,Sold,,,http://www.redfin.com/IN/Greenwood/668-Mountain-Pine-Dr-46143/home/82520716,MIBOR,21524288,N,Y,39.5842012,-86.1189605
PAST SALE,December-22-2017,Single Family Residential,471 Carol Dr,Greenwood,IN,46143,94000,3,1,Pleasant,960,10397,1958,85,98,,Sold,,,http://www.redfin.com/IN/Greenwood/471-Carol-Dr-46143/home/82510956,MIBOR,21526166,N,Y,39.6207738,-86.1043676
PAST SALE,January-19-2018,Single Family Residential,2603 Lake Crossing Dr,Greenwood,IN,46143,320000,4,3,White River,3584,15245,1989,57,89,30,Sold,,,http://www.redfin.com/IN/Greenwood/2603-Lake-Crossing-Dr-46143/home/82518219,MIBOR,21529464,N,Y,39.5790298,-86.1759905
PAST SALE,January-19-2018,Single Family Residential,2243 Marina Ct,Greenwood,IN,46143,329900,4,3.5,White River,3602,12632,1996,57,92,30,Sold,,,http://www.redfin.com/IN/Greenwood/2243-Marina-Ct-46143/home/60132822,MIBOR,21522713,N,Y,39.5835658,-86.1705067
PAST SALE,March-2-2018,Single Family Residential,1027 Berrywood Dr,Greenwood,IN,46143,210000,3,2,Pleasant,2052,9147,2002,15,102,20,Sold,,,http://www.redfin.com/IN/Greenwood/1027-Berrywood-Dr-46143/home/60140979,MIBOR,21540356,N,Y,39.6003217,-86.0818747
PAST SALE,March-9-2018,Single Family Residential,2998 Limber Pine Dr,Whiteland,IN,46184,168000,3,2.5,Pleasant,2022,6621,2005,8,83,25,Sold,,,http://www.redfin.com/IN/Whiteland/2998-Limber-Pine-Dr-46184/home/82521760,MIBOR,21528799,N,Y,39.576466,-86.12054
PAST SALE,March-9-2018,Single Family Residential,1416 Hamilton Dr,Greenwood,IN,46143,175000,2,2,Pleasant,1774,15681,2003,8,99,50,Sold,,,http://www.redfin.com/IN/Greenwood/1416-Hamilton-Dr-46143/home/60150707,MIBOR,21540556,N,Y,39.5976039,-86.0758029
PAST SALE,March-12-2018,Single Family Residential,980 Country Aire Dr,Greenwood,IN,46143,155900,3,2,Pleasant,1352,9583,1987,5,115,,Sold,,,http://www.redfin.com/IN/Greenwood/980-Country-Aire-Dr-46143/home/60071299,MIBOR,21545907,N,Y,39.6177071,-86.0859896
PAST SALE,March-14-2018,Single Family Residential,3956 Chantry Way,Greenwood,IN,46143,162000,3,2.5,White River,1884,9147,2000,3,86,14,Sold,,,http://www.redfin.com/IN/Greenwood/3956-Chantry-Way-46143/home/82514858,MIBOR,21545887,N,Y,39.6007105,-86.175911
PAST SALE,March-16-2018,Single Family Residential,2697 Willow Lake Dr,Greenwood,IN,46143,289900,3,3.5,White River,3168,20473,1987,1,92,11,Sold,,,http://www.redfin.com/IN/Greenwood/2697-Willow-Lake-Dr-46143/home/60156090,MIBOR,21540721,N,Y,39.5776772,-86.1734672
PAST SALE,November-6-2017,Single Family Residential,4861 Brentridge Ct,Greenwood,IN,46143,350000,4,3,White River,3705,20037,1987,131,94,29,Sold,,,http://www.redfin.com/IN/Greenwood/4861-Brentridge-Ct-46143/home/60062045,MIBOR,21513267,N,Y,39.58284,-86.1938684
PAST SALE,September-20-2017,Single Family Residential,2830 Monarchy Ln,Whiteland,IN,46184,168500,3,2.5,Pleasant,3036,11761,2005,178,56,19,Sold,,,http://www.redfin.com/IN/Whiteland/2830-Monarchy-Ln-46184/home/67055796,MIBOR,21490346,N,Y,39.5779039,-86.125118
PAST SALE,October-16-2017,Single Family Residential,1799 Long Lake Dr,Greenwood,IN,46143,137000,3,2.5,Pleasant,1814,4791,2001,152,76,15,Sold,,,http://www.redfin.com/IN/Greenwood/1799-Long-Lake-Dr-46143/home/67041326,MIBOR,21511761,N,Y,39.590636,-86.1162329
PAST SALE,November-6-2017,Single Family Residential,678 Findlay Ln,Greenwood,IN,46143,144900,3,2,Pleasant,1422,6838,2011,131,102,17,Sold,,,http://www.redfin.com/IN/Greenwood/678-Findlay-Ln-46143/home/60111013,MIBOR,21514894,N,Y,39.5980509,-86.093661
PAST SALE,November-6-2017,Single Family Residential,2472 Grand Fir Dr,Greenwood,IN,46143,105000,4,2.5,Pleasant,1406,1001,2001,131,75,60,Sold,,,http://www.redfin.com/IN/Greenwood/2472-Grand-Fir-Dr-46143/home/66865256,MIBOR,21517740,N,Y,39.58232,-86.11727
PAST SALE,November-9-2017,Single Family Residential,1800 Feather Reed Ln,Greenwood,IN,46143,130000,3,2,Pleasant,1174,6969,2004,128,111,18,Sold,,,http://www.redfin.com/IN/Greenwood/1800-Feather-Reed-Ln-46143/home/60064082,MIBOR,21517117,N,Y,39.587854,-86.0920797
PAST SALE,November-13-2017,Single Family Residential,1351 Donald Pass,Greenwood,IN,46143,250000,5,3,Pleasant,3054,10018,2014,124,82,41,Sold,,,http://www.redfin.com/IN/Greenwood/1351-Donald-Pass-46143/home/59987160,MIBOR,21511730,N,Y,39.5852532,-86.0703748
PAST SALE,November-13-2017,Single Family Residential,4353 W Hunters Ridge Ln,Greenwood,IN,46143,225000,3,2,White River,1759,18295,1983,124,128,8,Sold,,,http://www.redfin.com/IN/Greenwood/4353-W-Hunters-Ridge-Ln-46143/home/82516575,MIBOR,21507223,N,Y,39.590997,-86.184945
PAST SALE,November-17-2017,Single Family Residential,1747 Vidalia Ct,Greenwood,IN,46143,185000,2,2,Pleasant,1593,10018,2004,120,116,60,Sold,,,http://www.redfin.com/IN/Greenwood/1747-Vidalia-Ct-46143/home/59996175,MIBOR,21517967,N,Y,39.590325,-86.088011
PAST SALE,November-17-2017,Single Family Residential,4211 Sagewood Ct,Greenwood,IN,46143,388000,3,3,White River,3146,16552,2000,120,123,25,Sold,,,http://www.redfin.com/IN/Greenwood/4211-Sagewood-Ct-46143/home/82515000,MIBOR,21506877,N,Y,39.592117,-86.181839
PAST SALE,November-22-2017,Single Family Residential,1487 Hamilton Dr,Greenwood,IN,46143,169900,2,2,Pleasant,1503,5989,2002,115,113,50,Sold,,,http://www.redfin.com/IN/Greenwood/1487-Hamilton-Dr-46143/home/82519385,MIBOR,21518128,N,Y,39.596587,-86.076671
PAST SALE,November-22-2017,Single Family Residential,2671 Falcon Dr,Greenwood,IN,46143,206500,3,2.5,Pleasant,2512,7492,2011,115,82,35,Sold,,,http://www.redfin.com/IN/Greenwood/2671-Falcon-Dr-46143/home/60104392,MIBOR,21494098,N,Y,39.5815641,-86.0762203
PAST SALE,November-29-2017,Single Family Residential,1341 Bobwhite Ct,Greenwood,IN,46143,249995,4,2.5,Pleasant,2263,9583,2017,108,110,35,Sold,,,http://www.redfin.com/IN/Greenwood/1341-Bobwhite-Ct-46143/home/113716912,MIBOR,21482130,N,Y,39.586979,-86.074759
PAST SALE,December-1-2017,Single Family Residential,674 W Cutsinger Rd,Greenwood,IN,46143,220000,2,2,Pleasant,1904,244371,1984,106,116,,Sold,,,http://www.redfin.com/IN/Greenwood/674-W-Cutsinger-Rd-46143/home/82521167,MIBOR,21516968,N,Y,39.5897652,-86.1219907
PAST SALE,December-8-2017,Single Family Residential,1448 Trailside Dr,Greenwood,IN,46143,264005,3,2,Pleasant,2234,9147,2017,99,118,42,Sold,,,http://www.redfin.com/IN/Greenwood/1448-Trailside-Dr-46143/home/112481085,MIBOR,21506444,N,Y,39.601774,-86.076194
PAST SALE,December-11-2017,Single Family Residential,3809 Atherton Ln,Greenwood,IN,46143,440000,4,3.5,White River,5708,20908,2000,96,77,31,Sold,,,http://www.redfin.com/IN/Greenwood/3809-Atherton-Ln-46143/home/60027505,MIBOR,21503713,N,Y,39.588679,-86.1738249
PAST SALE,January-25-2018,Single Family Residential,3131 E Main St,Greenwood,IN,46143,535000,4,3.5,Clark,4545,159255,1982,51,118,,Sold,,,http://www.redfin.com/IN/Greenwood/3131-E-Main-St-46143/home/143274085,MIBOR,21497176,N,Y,39.6144232,-86.042892
PAST SALE,January-19-2018,Single Family Residential,1469 Osprey Way,Greenwood,IN,46143,144000,3,2.5,Pleasant,1867,4965,2002,57,77,17,Sold,,,http://www.redfin.com/IN/Greenwood/1469-Osprey-Way-46143/home/60012629,MIBOR,21526907,N,Y,39.5959398,-86.0868653
PAST SALE,December-15-2017,Single Family Residential,1451 Round Lake Rd,Greenwood,IN,46142,166000,4,2.5,Pleasant,2426,6098,2006,92,68,18,Sold,,,http://www.redfin.com/IN/Greenwood/1451-Round-Lake-Rd-46143/home/60143959,MIBOR,21519178,N,Y,39.5975092,-86.0916019
PAST SALE,January-29-2018,Single Family Residential,,Greenwood,IN,46143,154900,3,2,,1385,10454,1988,47,112,,Sold,,,http://www.redfin.com/IN/Greenwood/Undisclosed-address-46143/home/66983470,MIBOR,21527991,N,Y,39.6175314,-86.0843576
PAST SALE,January-8-2018,Single Family Residential,1155 Palo Vista Rd,Greenwood,IN,46143,220000,3,2,Pleasant,1728,16988,1985,68,127,4,Sold,,,http://www.redfin.com/IN/Greenwood/1155-Palo-Vista-Rd-46143/home/60122840,MIBOR,21519001,N,Y,39.6089417,-86.0900894
PAST SALE,December-29-2017,Single Family Residential,4163 W Crooked Ln,Greenwood,IN,46143,219900,3,2.5,White River,2174,16552,1986,78,101,7,Sold,,,http://www.redfin.com/IN/Greenwood/4163-W-Crooked-Ln-46143/home/67037037,MIBOR,21466198,N,Y,39.5877432,-86.1811161
PAST SALE,January-10-2018,Single Family Residential,1003 Village Circle Dr,Greenwood,IN,46143,135000,3,2,Pleasant,1293,4356,1997,66,104,11,Sold,,,http://www.redfin.com/IN/Greenwood/1003-Village-Cir-46143/home/67047517,MIBOR,21526546,N,Y,39.601372,-86.12218
PAST SALE,February-20-2018,Single Family Residential,4506 Driftwood Ln,Greenwood,IN,46143,137000,3,2,White River,1264,6969,2001,25,108,18,Sold,,,http://www.redfin.com/IN/Greenwood/4506-Driftwood-Ln-46143/home/66810938,MIBOR,21528437,N,Y,39.6032798,-86.1879098
PAST SALE,December-8-2017,Single Family Residential,5292 Birch Ln,Greenwood,IN,46143,229000,4,2,White River,2759,21344,1977,99,83,,Sold,,,http://www.redfin.com/IN/Greenwood/5292-Birch-Ln-46143/home/82515587,MIBOR,21507075,N,Y,39.5882082,-86.2042844
PAST SALE,December-21-2017,Single Family Residential,2036 Lake Run Dr,Greenwood,IN,46143,274900,4,3.5,White River,3240,18295,1986,86,85,8,Sold,,,http://www.redfin.com/IN/Greenwood/2036-Lake-Run-Dr-46143/home/82516284,MIBOR,21519573,N,Y,39.5869617,-86.1787918
PAST SALE,February-15-2018,Single Family Residential,3985 Cedar Ln,Greenwood,IN,46143,247000,4,2.5,White River,2218,77972,1973,30,111,,Sold,,,http://www.redfin.com/IN/Greenwood/3985-Cedar-Ln-46143/home/82517178,MIBOR,21507519,N,Y,39.5726551,-86.1745997
PAST SALE,February-6-2018,Single Family Residential,599 Mountain Pine Dr,Greenwood,IN,46143,110000,3,2.5,Pleasant,1677,1393,2000,39,66,60,Sold,,,http://www.redfin.com/IN/Greenwood/599-Mountain-Pine-Dr-46143/home/82520888,MIBOR,21529842,N,Y,39.5837309,-86.1179534
PAST SALE,January-5-2018,Single Family Residential,2613 Grand Fir Dr,Greenwood,IN,46143,110000,2,2.5,Pleasant,1677,1001,2008,71,66,60,Sold,,,http://www.redfin.com/IN/Greenwood/2613-Grand-Fir-Dr-46143/home/82520953,MIBOR,21523816,N,Y,39.5808136,-86.1165909
PAST SALE,February-16-2018,Single Family Residential,1163 Anthony Ct,Greenwood,IN,46143,97000,2,1.5,Pleasant,1136,5880,1989,29,85,,Sold,,,http://www.redfin.com/IN/Greenwood/1163-Anthony-Ct-46143/home/66804208,MIBOR,21540038,N,Y,39.6345091,-86.0987855
PAST SALE,February-16-2018,Single Family Residential,2581 Winter Hawk Rd,Greenwood,IN,46143,209900,2,2,Pleasant,1745,6316,2017,29,120,93,Sold,,,http://www.redfin.com/IN/Greenwood/2581-Winterhawk-Rd-46143/home/109770590,MIBOR,21526837,N,Y,39.582929,-86.076587
PAST SALE,February-22-2018,Single Family Residential,881 Briarstone Dr,Greenwood,IN,46143,182500,3,2.5,Pleasant,2180,6838,2015,23,84,23,Sold,,,http://www.redfin.com/IN/Greenwood/881-Briarstone-Dr-46143/home/101838695,MIBOR,21541648,N,Y,39.5856381,-86.0850478
PAST SALE,February-22-2018,Single Family Residential,2707 Southward Dr,Greenwood,IN,46143,252995,4,2.5,Pleasant,2263,10890,2017,23,112,35,Sold,,,http://www.redfin.com/IN/Greenwood/2707-Southward-Dr-46143/home/141451301,MIBOR,21497046,N,Y,39.586979,-86.074759
PAST SALE,February-26-2018,Single Family Residential,959 Santa Maria Dr,Greenwood,IN,46143,190000,3,2.5,White River,1573,14984,1968,19,121,,Sold,,,http://www.redfin.com/IN/Greenwood/959-Santa-Maria-Dr-46143/home/82516134,MIBOR,21541156,N,Y,39.5909608,-86.1600477
PAST SALE,February-26-2018,Single Family Residential,1128 Barrington Dr,Greenwood,IN,46143,194000,4,2.5,Pleasant,2100,9583,1994,19,92,15,Sold,,,http://www.redfin.com/IN/Greenwood/1128-Barrington-Dr-46143/home/67037893,MIBOR,21530349,N,Y,39.604395,-86.1362639
PAST SALE,February-28-2018,Single Family Residential,4549 W Runyon Lake Dr,Greenwood,IN,46143,130000,2,1,White River,1053,15807,1960,17,123,,Sold,,,http://www.redfin.com/IN/Greenwood/4549-Runyon-Lake-Dr-46143/home/82515370,MIBOR,21529311,N,Y,39.5995309,-86.1891016
PAST SALE,November-28-2017,Single Family Residential,785 Silverleaf Dr,Greenwood,IN,46143,342150,4,3.5,White River,5586,15245,2004,109,61,31,Sold,,,http://www.redfin.com/IN/Greenwood/785-Silverleaf-Dr-46143/home/59998974,MIBOR,21517340,N,Y,39.604206,-86.1688574
PAST SALE,February-7-2018,Single Family Residential,354 Dougherty Ln,Greenwood,IN,46143,199900,5,2.5,Pleasant,3169,10018,2005,38,63,18,Sold,,,http://www.redfin.com/IN/Greenwood/354-Dougherty-Ln-46143/home/60007383,MIBOR,21526431,N,Y,39.6098081,-86.0477223
PAST SALE,December-1-2017,Single Family Residential,1479 Tuscany Dr,Greenwood,IN,46143,225000,4,2.5,Pleasant,2287,9583,2011,106,98,24,Sold,,,http://www.redfin.com/IN/Greenwood/1479-Tuscany-Dr-46143/home/60143876,MIBOR,21500206,N,Y,39.5946637,-86.1404147
PAST SALE,February-27-2018,Single Family Residential,1086 Sycamore Ct,Greenwood,IN,46143,214900,4,2,Pleasant,2196,8712,2004,18,98,21,Sold,,,http://www.redfin.com/IN/Greenwood/1086-Sycamore-Ct-46143/home/60163525,MIBOR,21542410,N,Y,39.601934,-86.0786182
PAST SALE,February-28-2018,Single Family Residential,1651 Magnolia Dr,Greenwood,IN,46143,198000,2,2,Pleasant,2013,13503,2011,17,98,60,Sold,,,http://www.redfin.com/IN/Greenwood/1651-Magnolia-Dr-46143/home/60108075,MIBOR,21544480,N,Y,39.5931756,-86.0891541
PAST SALE,February-26-2018,Single Family Residential,4929 Welton St,Greenwood,IN,46143,76000,3,1.5,White River,1598,15224,1953,19,48,,Sold,,,http://www.redfin.com/IN/Greenwood/4929-Welton-St-46143/home/66941422,MIBOR,21545588,N,Y,39.6021277,-86.1960312
PAST SALE,March-1-2018,Single Family Residential,154 Darrough Dr,Greenwood,IN,46143,232100,2,2,Pleasant,1745,,2017,16,133,133,Sold,,,http://www.redfin.com/IN/Greenwood/154-Darrough-Dr-46143/home/143994454,MIBOR,21517801,N,Y,39.6173579,-86.0535629
PAST SALE,October-30-2017,Single Family Residential,1819 Dockside Dr,Greenwood,IN,46143,579000,4,3,White River,5204,39204,1999,138,111,31,Sold,,,http://www.redfin.com/IN/Greenwood/1819-Dockside-Dr-46143/home/82516175,MIBOR,21454951,N,Y,39.5891167,-86.1732288
PAST SALE,March-2-2018,Single Family Residential,812 Coralberry Ln,Greenwood,IN,46227,203849,4,2.5,Pleasant,2227,10454,2018,15,92,,Sold,,,http://www.redfin.com/IN/Greenwood/812-Coralberry-Ln-46143/home/145057036,MIBOR,21549263,N,Y,39.5831784,-86.0858525
PAST SALE,March-5-2018,Single Family Residential,688 Brook Dr,Greenwood,IN,46143,152500,2,2,Pleasant,1279,7361,1997,12,119,17,Sold,,,http://www.redfin.com/IN/Greenwood/688-Brook-Dr-46143/home/82520168,MIBOR,21542396,N,Y,39.6001546,-86.1188982
PAST SALE,January-19-2018,Single Family Residential,4064 Dartmoor Dr,Greenwood,IN,46143,500000,4,4.5,White River,5698,20037,2000,57,88,26,Sold,,,http://www.redfin.com/IN/Greenwood/4064-Dartmoor-Dr-46143/home/82515314,MIBOR,21524656,N,Y,39.5958647,-86.1792885
PAST SALE,March-8-2018,Single Family Residential,662 Day Break Dr,Greenwood,IN,46143,141000,3,2.5,Pleasant,1886,4791,2004,9,75,15,Sold,,,http://www.redfin.com/IN/Greenwood/662-Day-Break-Dr-46143/home/60144243,MIBOR,21543125,N,Y,39.590417,-86.1193358
PAST SALE,March-5-2018,Single Family Residential,6230 Whitetail Run,Greenwood,IN,46143,538500,5,4.5,White River,6414,30927,1993,12,84,40,Sold,,,http://www.redfin.com/IN/Greenwood/6230-Whitetail-Run-46143/home/66946563,MIBOR,21488488,N,Y,39.5857947,-86.2196215
PAST SALE,March-9-2018,Single Family Residential,201 Black Maple Ct,Greenwood,IN,46143,98500,2,1.5,Pleasant,1270,6969,1989,8,78,,Sold,,,http://www.redfin.com/IN/Greenwood/201-Black-Maple-Ct-46143/home/66987990,MIBOR,21528803,N,Y,39.6216827,-86.0868255
PAST SALE,February-16-2018,Single Family Residential,178 Frostwood Ln,Greenwood,IN,46143,120000,3,2.5,Pleasant,1355,5009,2000,29,89,12,Sold,,,http://www.redfin.com/IN/Greenwood/178-Frostwood-Ln-46143/home/67046253,MIBOR,21542898,N,Y,39.5845841,-86.1087931
PAST SALE,November-8-2017,Single Family Residential,2518 Lake Crossing Dr,Greenwood,IN,46143,318000,4,3.5,White River,3714,30927,1990,129,86,11,Sold,,,http://www.redfin.com/IN/Greenwood/2518-Lake-Crossing-Dr-46143/home/67003640,MIBOR,21501563,N,Y,39.580183,-86.177161
PAST SALE,December-4-2017,Single Family Residential,3884 Chantry Way,Greenwood,IN,46143,137000,3,2,White River,1260,11325,2001,103,109,15,Sold,,,http://www.redfin.com/IN/Greenwood/3884-Chantry-Way-46143/home/61299559,MIBOR,21517598,N,Y,39.60077,-86.174726
PAST SALE,February-27-2018,Single Family Residential,3481 Enclave,Greenwood,IN,46143,203000,4,2.5,White River,2390,9539,2009,18,85,33,Sold,,,http://www.redfin.com/IN/Greenwood/3481-Enclave-Xing-46143/home/82534620,MIBOR,21500370,N,Y,39.5716449,-86.1671684
PAST SALE,February-26-2018,Single Family Residential,2225 Marina Ct,Greenwood,IN,46143,280000,4,3.5,White River,3556,11761,1998,19,79,30,Sold,,,http://www.redfin.com/IN/Greenwood/2225-Marina-Ct-46143/home/60105669,MIBOR,21496444,N,Y,39.5837349,-86.1707451
PAST SALE,February-12-2018,Single Family Residential,3328 Tournament Ct,Greenwood,IN,46143,336900,4,3,White River,3422,20377,1985,33,98,,Sold,,,http://www.redfin.com/IN/Greenwood/3328-Tournament-Ct-46143/home/67061775,MIBOR,21525491,N,Y,39.5785315,-86.1651216
PAST SALE,March-12-2018,Single Family Residential,4523 W Runyon Lake Dr,Greenwood,IN,46143,159900,2,1,White River,1395,15807,1962,5,115,,Sold,,,http://www.redfin.com/IN/Greenwood/4523-Runyon-Lake-Dr-46143/home/82515367,MIBOR,21549522,N,Y,39.59949,-86.1887739
PAST SALE,March-13-2018,Single Family Residential,896 Preakness Dr,Greenwood,IN,46143,175000,3,2.5,White River,1958,8276,1997,4,89,17,Sold,,,http://www.redfin.com/IN/Greenwood/896-Preakness-Dr-46143/home/60088620,MIBOR,21544847,N,Y,39.6013209,-86.1908495
PAST SALE,March-14-2018,Single Family Residential,3901 Chelsea Ter,Greenwood,IN,46143,167500,3,2.5,White River,1768,10890,1995,3,95,15,Sold,,,http://www.redfin.com/IN/Greenwood/3901-Chelsea-Ter-46143/home/60045850,MIBOR,21523703,N,Y,39.604355,-86.175191
PAST SALE,January-2-2018,Single Family Residential,1481 Windswept Dr,Greenwood,IN,46143,249900,4,2.5,White River,2998,8276,2012,74,83,30,Sold,,,http://www.redfin.com/IN/Greenwood/1481-Windswept-Dr-46143/home/82535012,MIBOR,21511762,N,Y,39.5941809,-86.2024212
PAST SALE,January-31-2018,Single Family Residential,5084 Whiteland Rd,Greenwood,IN,46143,470000,3,2.5,White River,3330,429196,1992,45,141,,Sold,,,http://www.redfin.com/IN/Greenwood/5084-W-Whiteland-Rd-46143/home/82517670,MIBOR,21511134,N,Y,39.549089,-86.198995
PAST SALE,January-5-2018,Single Family Residential,1850 Skyline Dr,Greenwood,IN,46143,205000,4,3,White River,4176,22651,1977,71,49,,Sold,,,http://www.redfin.com/IN/Greenwood/1850-Skyline-Dr-46143/home/82515851,MIBOR,21526452,N,Y,39.5861388,-86.2047907
PAST SALE,January-31-2018,Single Family Residential,2186 Bodine Pl,Greenwood,IN,46143,322000,5,3.5,White River,3610,24829,1987,45,89,25,Sold,,,http://www.redfin.com/IN/Greenwood/2186-Bodine-Pl-46143/home/82516667,MIBOR,21519858,N,Y,39.5833912,-86.1959339
PAST SALE,February-22-2018,Single Family Residential,4688 Olive Branch Rd,Greenwood,IN,46143,160000,2,2,White River,1632,41817,1958,23,98,,Sold,,,http://www.redfin.com/IN/Greenwood/4688-Olive-Branch-Rd-46143/home/144310615,MIBOR,21524716,N,Y,39.5918453,-86.1932777
PAST SALE,February-26-2018,Single Family Residential,6010 Deerwood Dr,Greenwood,IN,46143,293575,4,2.5,White River,3038,23043,1993,19,97,40,Sold,,,http://www.redfin.com/IN/Greenwood/6010-Deerwood-Dr-46143/home/82515530,MIBOR,21502990,N,Y,39.582727,-86.2163857
PAST SALE,March-7-2018,Single Family Residential,1603 S Morgantown Rd,Greenwood,IN,46143,114000,3,2,White River,1152,21780,1938,10,99,,Sold,,,http://www.redfin.com/IN/Greenwood/1603-S-Morgantown-Rd-46143/home/82515285,MIBOR,21541233,N,Y,39.5937849,-86.196588
PAST SALE,September-28-2017,Single Family Residential,1341 Winfield Way,Greenwood,IN,46143,407000,5,4,White River,3981,14853,2013,170,102,38,Sold,,,http://www.redfin.com/IN/Greenwood/1341-Winfield-Way-46143/home/60164753,MIBOR,21500468,N,Y,39.581467,-86.147272
PAST SALE,October-6-2017,Single Family Residential,6149 Olive Branch Rd,Greenwood,IN,46143,350000,3,3,White River,3534,199112,1960,162,99,,Sold,,,http://www.redfin.com/IN/Greenwood/6149-W-Olive-Branch-Rd-46143/home/82515412,MIBOR,21516447,N,Y,39.590685,-86.2194109
PAST SALE,September-29-2017,Single Family Residential,890 Preakness Dr,Greenwood,IN,46143,137900,3,2,White River,1572,12632,1998,169,88,17,Sold,,,http://www.redfin.com/IN/Greenwood/890-Preakness-Dr-46143/home/82515665,MIBOR,21510400,N,Y,39.6013286,-86.1910878
PAST SALE,December-15-2017,Single Family Residential,1795 Vidalia Ct,Greenwood,IN,46143,182000,2,2,Pleasant,1736,9975,2012,92,105,60,Sold,,,http://www.redfin.com/IN/Greenwood/1795-Vidalia-Ct-46143/home/82535432,MIBOR,21524373,N,Y,39.5894928,-86.0889326
PAST SALE,December-29-2017,Single Family Residential,842 W Cutsinger Rd,Greenwood,IN,46143,253500,3,2,Pleasant,1374,260924,1966,78,184,,Sold,,,http://www.redfin.com/IN/Greenwood/842-W-Cutsinger-Rd-46143/home/82521171,MIBOR,21520265,N,Y,39.5908792,-86.1248771
PAST SALE,December-29-2017,Single Family Residential,,Greenwood,IN,46143,309585,5,3.5,,4854,,2017,78,64,58,Sold,,,http://www.redfin.com/IN/Greenwood/Undisclosed-address-46143/home/109770600,MIBOR,21530019,N,Y,39.5823943,-86.0729355
PAST SALE,January-8-2018,Single Family Residential,2709 Winter Hawk Rd,Greenwood,IN,46143,203780,2,2,Pleasant,1745,7666,2017,68,117,93,Sold,,,http://www.redfin.com/IN/Greenwood/2709-Winterhawk-Rd-46143/home/109770211,MIBOR,21539828,N,Y,39.5811085,-86.0776554
PAST SALE,January-8-2018,Single Family Residential,2926 Treehouse Pass,Greenwood,IN,46143,225000,4,2.5,Pleasant,3476,7274,2012,68,65,24,Sold,,,http://www.redfin.com/IN/Greenwood/2926-Treehouse-Pass-46143/home/82519340,MIBOR,21520333,N,Y,39.607526,-86.048883
PAST SALE,December-29-2017,Single Family Residential,1329 Fieldcrest Ln,Greenwood,IN,46143,257990,3,2,Clark,1977,5227,2017,78,130,42,Sold,,,http://www.redfin.com/IN/GREENWOOD/1329-FIELDCREST-LN-46143/home/142265241,MIBOR,21505827,N,Y,39.601774,-86.076194
PAST SALE,January-22-2018,Single Family Residential,1275 Hamilton Dr,Greenwood,IN,46143,259990,4,2.5,Pleasant,2338,9147,2017,54,111,42,Sold,,,http://www.redfin.com/IN/Greenwood/1275-Hamilton-Dr-46143/home/142265230,MIBOR,21506413,N,Y,39.601774,-86.076194
PAST SALE,December-22-2017,Single Family Residential,1251 Berrywood Dr,Greenwood,IN,46143,172000,4,2,Pleasant,1728,9583,1999,85,100,20,Sold,,,http://www.redfin.com/IN/Greenwood/1251-Berrywood-Dr-46143/home/60146101,MIBOR,21525928,N,Y,39.5994709,-86.0822279
PAST SALE,February-8-2018,Single Family Residential,995 Arroyo Rd,Greenwood,IN,46143,174000,3,2,Pleasant,1420,17236,1976,37,123,,Sold,,,http://www.redfin.com/IN/Greenwood/995-Arroyo-Rd-46143/home/67098333,MIBOR,21529666,N,Y,39.6030201,-86.0852977
PAST SALE,January-24-2018,Single Family Residential,891 Briarstone Dr,Greenwood,IN,46143,205000,4,2.5,Pleasant,2662,7100,2015,52,77,46,Sold,,,http://www.redfin.com/IN/Greenwood/Briarstone-Dr-46143/home/107915890,MIBOR,21525151,N,Y,39.5856381,-86.0850478
PAST SALE,January-5-2018,Single Family Residential,1509 Harrison Dr,Greenwood,IN,46143,175000,4,2.5,Pleasant,1770,12588,1998,71,99,10,Sold,,,http://www.redfin.com/IN/Greenwood/1509-Harrison-Dr-46143/home/67005775,MIBOR,21520164,N,Y,39.595,-86.1141642
PAST SALE,January-2-2018,Single Family Residential,1322 Odell Ln,Greenwood,IN,46143,121000,3,2.5,Pleasant,1549,4486,1997,74,78,7,Sold,,,http://www.redfin.com/IN/Greenwood/1322-Odell-Ln-46143/home/82534811,MIBOR,21525120,N,Y,39.598288,-86.1112599
PAST SALE,January-29-2018,Single Family Residential,1271 Blakely Dr,Greenwood,IN,46143,171900,2,2,Pleasant,2098,5749,2005,47,82,50,Sold,,,http://www.redfin.com/IN/Greenwood/1271-Blakely-Dr-46143/home/60104723,MIBOR,21527282,N,Y,39.595818,-86.0742656
PAST SALE,January-30-2018,Single Family Residential,2111 Summer Breeze Way,Greenwood,IN,46143,106000,2,1,Pleasant,946,6969,1999,46,112,12,Sold,,,http://www.redfin.com/IN/Greenwood/2111-Summer-Breeze-Way-46143/home/60088317,MIBOR,21513634,N,Y,39.585558,-86.1089921
PAST SALE,February-23-2018,Single Family Residential,733 Cembra Dr,Greenwood,IN,46143,117500,3,2.5,Pleasant,1677,1001,2003,22,70,60,Sold,,,http://www.redfin.com/IN/Greenwood/733-Cembra-Dr-46143/home/82520685,MIBOR,21542085,N,Y,39.5826769,-86.119687
PAST SALE,February-28-2018,Single Family Residential,2538 Cormorant Dr,Greenwood,IN,46143,250000,4,2.5,Pleasant,2716,11325,2017,17,92,35,Sold,,,http://www.redfin.com/IN/Greenwood/2538-Cormorant-Dr-46143/home/143740140,MIBOR,21512458,N,Y,39.586979,-86.074759
PAST SALE,,Single Family Residential,788 Leatherwood Dr,Greenwood,IN,46143,,3,2.5,,1455,14375,1988,,,,Sold,,,http://www.redfin.com/IN/Greenwood/788-Leatherwood-Dr-46143/home/82520535,MIBOR,,N,Y,39.6049673,-86.1291207
PAST SALE,January-23-2018,Single Family Residential,1417 Sanner Dr,Greenwood,IN,46143,127000,3,2,Pleasant,1311,7013,1997,53,97,,Sold,,,http://www.redfin.com/IN/Greenwood/1417-Sanner-Dr-46143/home/60100865,MIBOR,21519325,N,Y,39.5960433,-86.111618
PAST SALE,February-13-2018,Single Family Residential,1296 Jesse Ct,Greenwood,IN,46143,264000,5,2.5,Pleasant,3242,9104,2013,32,81,35,Sold,,,http://www.redfin.com/IN/Greenwood/1296-Jesse-Ct-46143/home/60132793,MIBOR,21530375,N,Y,39.5848699,-86.0722748
PAST SALE,February-28-2018,Single Family Residential,1935 Farm Meadow Dr,Greenwood,IN,46143,145000,3,2.5,Pleasant,1814,7318,2001,17,80,15,Sold,,,http://www.redfin.com/IN/Greenwood/1935-Farm-Meadow-Dr-46143/home/66943185,MIBOR,21544488,N,Y,39.5893118,-86.1151986
PAST SALE,March-1-2018,Single Family Residential,895 Blue Ash Trl,Greenwood,IN,46143,166000,3,2,Pleasant,1804,8973,2015,16,92,23,Sold,,,http://www.redfin.com/IN/Greenwood/895-Blue-Ash-Trl-46143/home/109770387,MIBOR,21514176,N,Y,39.5840031,-86.0858581
PAST SALE,March-2-2018,Single Family Residential,1930 Morning Light Ln,Greenwood,IN,46143,165000,4,2.5,Pleasant,3004,6098,2006,15,55,17,Sold,,,http://www.redfin.com/IN/Greenwood/1930-Morning-Light-Ln-46143/home/60142986,MIBOR,21549124,N,Y,39.5894046,-86.0848552
PAST SALE,March-2-2018,Single Family Residential,148 Snowflake Cir,Greenwood,IN,46143,109900,2,2,Pleasant,1072,5227,2000,15,103,12,Sold,,,http://www.redfin.com/IN/Greenwood/148-Snowflake-Cir-46143/home/67034211,MIBOR,21540084,N,Y,39.5859996,-86.1083355
PAST SALE,March-5-2018,Single Family Residential,1405 Bluestem Dr,Greenwood,IN,46143,160000,4,2.5,Pleasant,2008,5096,2008,12,80,17,Sold,,,http://www.redfin.com/IN/Greenwood/1405-Bluestem-Dr-46143/home/82534605,MIBOR,21530212,N,Y,39.5973891,-86.083243
PAST SALE,February-23-2018,Single Family Residential,1286 Bobwhite Ct,Greenwood,IN,46143,245995,4,2.5,Pleasant,2516,9147,2017,22,98,35,Sold,,,http://www.redfin.com/IN/Greenwood/1286-Bobwhite-Ct-46143/home/143318367,MIBOR,21506870,N,Y,39.586979,-86.074759
PAST SALE,March-5-2018,Single Family Residential,663 Scotch Pine Dr,Greenwood,IN,46143,114000,2,2.5,Pleasant,1374,1001,2006,12,83,60,Sold,,,http://www.redfin.com/IN/Greenwood/663-Scotch-Pine-Dr-46143/home/60162262,MIBOR,21542115,N,Y,39.578913,-86.1186929
PAST SALE,March-8-2018,Single Family Residential,1295 Townsend Dr,Greenwood,IN,46143,180000,3,2.5,Pleasant,1680,7535,2006,9,107,21,Sold,,,http://www.redfin.com/IN/Greenwood/1295-Townsend-Dr-46143/home/60136666,MIBOR,21512127,N,Y,39.5999966,-86.0722908
PAST SALE,January-22-2018,Single Family Residential,1486 Derbyshire Dr,Greenwood,IN,46143,214900,4,2.5,White River,2099,7840,1996,54,102,32,Sold,,,http://www.redfin.com/IN/Greenwood/1486-Derbyshire-Dr-46143/home/60109460,MIBOR,21523922,N,Y,39.5943727,-86.1645453
PAST SALE,November-17-2017,Single Family Residential,1577 Windborne Ln,Greenwood,IN,46143,231000,5,3,White River,2817,9016,2015,120,82,33,Sold,,,http://www.redfin.com/IN/Greenwood/1577-Windborne-Ln-46143/home/107915873,MIBOR,21517375,N,Y,39.5939205,-86.1464918
PAST SALE,December-15-2017,Single Family Residential,1115 Richmond Ln,Greenwood,IN,46143,328500,4,3,White River,4501,14810,2013,92,73,33,Sold,,,http://www.redfin.com/IN/Greenwood/1115-Richmond-Ln-46143/home/60127049,MIBOR,21519515,N,Y,39.587478,-86.141363
PAST SALE,December-4-2017,Single Family Residential,958 Crystal Lake Ct,Greenwood,IN,46143,195600,3,2.5,Pleasant,2047,13503,1987,103,96,28,Sold,,,http://www.redfin.com/IN/Greenwood/958-Crystal-Lake-Ct-46143/home/59996738,MIBOR,21514884,N,Y,39.6053125,-86.1308963
PAST SALE,December-8-2017,Single Family Residential,4686 Shady Ridge Row,Greenwood,IN,46143,286500,3,2,White River,2341,11979,2012,99,122,38,Sold,,,http://www.redfin.com/IN/Greenwood/4686-Shady-Ridge-Row-46143/home/82535065,MIBOR,21518048,N,Y,39.5621128,-86.1930938
PAST SALE,November-22-2017,Single Family Residential,1477 Woodfield Dr,Greenwood,IN,46143,245000,4,2.5,White River,2933,9016,2005,115,84,33,Sold,,,http://www.redfin.com/IN/Greenwood/1477-Woodfield-Dr-46143/home/60040744,MIBOR,21514192,N,Y,39.5954363,-86.1442716
PAST SALE,December-7-2017,Single Family Residential,3460 Streamside Dr,Greenwood,IN,46143,300000,4,3,White River,3386,18164,2007,100,89,34,Sold,,,http://www.redfin.com/IN/Greenwood/3460-Streamside-Dr-46143/home/60061457,MIBOR,21510245,N,Y,39.5647334,-86.1898355
PAST SALE,November-13-2017,Single Family Residential,3040 Saddle Club Rd,Greenwood,IN,46143,559900,3,3.5,White River,3348,101059,1989,124,167,,Sold,,,http://www.redfin.com/IN/Greenwood/3040-Saddle-Club-Rd-46143/home/60065691,MIBOR,21515086,N,Y,39.5724604,-86.1791097
PAST SALE,December-8-2017,Single Family Residential,1442 Windborne Ln,Greenwood,IN,46143,234000,3,2.5,White River,3538,9147,2014,99,66,33,Sold,,,http://www.redfin.com/IN/Greenwood/1442-Windborne-Ln-46143/home/60134920,MIBOR,21513153,N,Y,39.595566,-86.1469757
PAST SALE,November-20-2017,Single Family Residential,1324 Tuscany Dr,Greenwood,IN,46143,255000,5,3.5,White River,3636,9016,2010,117,70,24,Sold,,,http://www.redfin.com/IN/Greenwood/1324-Tuscany-Dr-46143/home/60173997,MIBOR,21513782,N,Y,39.5962137,-86.1409645
PAST SALE,December-1-2017,Single Family Residential,1438 Woodfield Dr,Greenwood,IN,46143,286000,5,2.5,White River,3632,9147,2006,106,79,33,Sold,,,http://www.redfin.com/IN/Greenwood/1438-Woodfield-Dr-46143/home/66806475,MIBOR,21511021,N,Y,39.5955458,-86.1451463
PAST SALE,November-20-2017,Single Family Residential,3938 Bent Tree Ln,Greenwood,IN,46143,353000,3,3,White River,2985,18295,1991,117,118,30,Sold,,,http://www.redfin.com/IN/Greenwood/3938-Bent-Tree-Ln-46143/home/82514573,MIBOR,21512294,N,Y,39.5952865,-86.1763879
PAST SALE,November-27-2017,Single Family Residential,876 Bayside Dr,Greenwood,IN,46143,191500,3,2,Pleasant,1685,12196,1991,110,114,30,Sold,,,http://www.redfin.com/IN/Greenwood/876-Bayside-Dr-46143/home/82520442,MIBOR,21521933,N,Y,39.6031241,-86.1312484
PAST SALE,November-28-2017,Single Family Residential,1182 Switchback Dr,Greenwood,IN,46143,245000,5,3,Pleasant,3054,7405,2011,109,80,35,Sold,,,http://www.redfin.com/IN/Greenwood/1182-Switchback-Dr-46143/home/82535287,MIBOR,21513624,N,Y,39.5813202,-86.0769729
PAST SALE,November-29-2017,Single Family Residential,971 South Haven Rd,Greenwood,IN,46143,278200,4,2.5,Pleasant,2660,16117,1976,108,105,,Sold,,,http://www.redfin.com/IN/Greenwood/971-S-Haven-Rd-46143/home/96337801,MIBOR,21509417,N,Y,39.6002138,-86.0842481
PAST SALE,December-8-2017,Single Family Residential,126 Totten Dr,Greenwood,IN,46143,98000,2,1,Pleasant,1256,8176,1962,99,78,,Sold,,,http://www.redfin.com/IN/Greenwood/126-Totten-Dr-46143/home/82507950,MIBOR,21522940,N,Y,39.6299608,-86.1018696
PAST SALE,December-15-2017,Single Family Residential,1233 Old Vines Trl,Greenwood,IN,46143,215000,3,2.5,Pleasant,2512,8973,2013,92,86,35,Sold,,,http://www.redfin.com/IN/Greenwood/1233-Old-Vines-Trl-46143/home/107818117,MIBOR,21514144,N,Y,39.580105,-86.0750021
PAST SALE,September-28-2017,Single Family Residential,178 Early Bird Ln,Greenwood,IN,46143,141900,3,2,Pleasant,1568,10933,1984,170,90,,Sold,,,http://www.redfin.com/IN/Greenwood/178-Early-Bird-Ln-46143/home/82509861,MIBOR,21502148,N,Y,39.6185582,-86.0836642
PAST SALE,November-3-2017,Single Family Residential,1152 Clearwell Dr,Greenwood,IN,46143,365000,4,2.5,Pleasant,4334,14505,2013,134,84,50,Sold,,,http://www.redfin.com/IN/Greenwood/1152-Clearwell-Dr-46143/home/82521059,MIBOR,21513259,N,Y,39.5948757,-86.1376908
PAST SALE,November-9-2017,Single Family Residential,2629 Winter Hawk Rd,Greenwood,IN,46143,219600,2,2,Pleasant,1745,,2017,128,126,93,Sold,,,http://www.redfin.com/IN/Greenwood/2629-Winterhawk-Rd-46143/home/109770480,MIBOR,21493276,N,Y,39.5819254,-86.0773645
PAST SALE,November-17-2017,Single Family Residential,2663 Southward Dr,Greenwood,IN,46143,257880,5,3,Pleasant,3085,9147,2017,120,84,35,Sold,,,http://www.redfin.com/IN/Greenwood/2663-Southward-Dr-46143/home/133483608,MIBOR,21494452,N,Y,39.586979,-86.074759
PAST SALE,November-21-2017,Single Family Residential,1492 Lank Ct,Greenwood,IN,46143,359900,4,3.5,Pleasant,4624,19776,2016,116,78,53,Sold,,,http://www.redfin.com/IN/Greenwood/1492-Lank-Ct-46143/home/109770589,MIBOR,21511555,N,Y,39.5940877,-86.1339589
PAST SALE,November-30-2017,Single Family Residential,1461 Colony Park Dr,Greenwood,IN,46143,176276,2,2,Pleasant,1300,11499,2017,107,136,50,Sold,,,http://www.redfin.com/IN/Greenwood/1461-Colony-Park-Dr-46143/home/144408795,MIBOR,21526982,N,Y,39.5962489,-86.0728679
PAST SALE,December-8-2017,Single Family Residential,2910 Welcome Way,Greenwood,IN,46143,170000,4,2.5,Pleasant,2384,6490,2010,99,71,24,Sold,,,http://www.redfin.com/IN/Greenwood/2910-Welcome-Way-46143/home/82519058,MIBOR,21520158,N,Y,39.606659,-86.0494
PAST SALE,November-28-2017,Single Family Residential,2723 Southward Dr,Greenwood,IN,46143,262245,3,2.5,Pleasant,3723,8712,2017,109,70,35,Sold,,,http://www.redfin.com/IN/Greenwood/2723-Donald-Pass-46143/home/144387759,MIBOR,21526122,N,Y,39.5835194,-86.0693944
PAST SALE,December-21-2017,Single Family Residential,1218 Siena Dr,Greenwood,IN,46143,215000,4,2.5,White River,2820,8712,2009,86,76,24,Sold,,,http://www.redfin.com/IN/Greenwood/1218-Siena-Dr-46143/home/60083925,MIBOR,21522955,N,Y,39.5977117,-86.1424028
PAST SALE,January-24-2018,Single Family Residential,1449 Green Spring Way,Greenwood,IN,46143,140000,3,2.5,Pleasant,1680,5837,1999,52,83,17,Sold,,,http://www.redfin.com/IN/Greenwood/1449-Green-Spring-Way-46143/home/66863439,MIBOR,21530191,N,Y,39.5964109,-86.0888953
PAST SALE,January-12-2018,Single Family Residential,629 Carol Dr,Greenwood,IN,46143,115000,4,1.5,Pleasant,1325,,1962,64,87,,Sold,,,http://www.redfin.com/IN/Greenwood/629-Carol-Dr-46143/home/66882748,MIBOR,21522372,N,Y,39.62778,-86.1050032
PAST SALE,December-19-2017,Single Family Residential,1209 Porchester Ln,Greenwood,IN,46143,100000,3,2.5,Pleasant,1304,4791,1998,88,77,6,Sold,,,http://www.redfin.com/IN/Greenwood/1209-Porchester-Ln-46143/home/66934077,MIBOR,21510446,N,Y,39.5999308,-86.1146018
PAST SALE,January-31-2018,Single Family Residential,690 Green Meadow Dr,Greenwood,IN,46143,195000,4,3,Pleasant,1906,17859,1977,45,102,2,Sold,,,http://www.redfin.com/IN/Greenwood/690-Green-Meadow-Dr-46143/home/66967836,MIBOR,21525774,N,Y,39.6023643,-86.0933929
PAST SALE,December-15-2017,Single Family Residential,1143 Anthony Ct,Greenwood,IN,46143,98900,2,1.5,Pleasant,1136,5227,1990,92,87,,Sold,,,http://www.redfin.com/IN/Greenwood/1143-Anthony-Ct-46143/home/66998634,MIBOR,21524286,N,Y,39.6342896,-86.0988452
PAST SALE,November-29-2017,Single Family Residential,15 Saint Annes Ct,Greenwood,IN,46143,197000,3,2.5,Pleasant,2588,14792,1983,108,76,7,Sold,,,http://www.redfin.com/IN/Greenwood/15-Saint-Annes-Ct-46143/home/67047455,MIBOR,21503056,N,Y,39.6066688,-86.0898271
PAST SALE,December-28-2017,Single Family Residential,884 Breaside Ln,Greenwood,IN,46143,175000,3,2,White River,1601,10454,1996,79,109,21,Sold,,,http://www.redfin.com/IN/Greenwood/884-Breaside-Ln-46143/home/67069630,MIBOR,21518190,N,Y,39.6022914,-86.1420324
PAST SALE,January-25-2018,Single Family Residential,1429 Woodfield Dr,Greenwood,IN,46143,289000,4,3.5,White River,3529,9147,2005,51,82,40,Sold,,,http://www.redfin.com/IN/Greenwood/1429-Woodfield-Dr-46143/home/82514499,MIBOR,21518911,N,Y,39.5958967,-86.1447885
PAST SALE,January-26-2018,Single Family Residential,1142 Barrington Dr,Greenwood,IN,46143,164900,3,2.5,Pleasant,1840,12371,1994,50,90,26,Sold,,,http://www.redfin.com/IN/Greenwood/1142-Barrington-Dr-46143/home/60047600,MIBOR,21527106,N,Y,39.604616,-86.1366182
PAST SALE,January-10-2018,Single Family Residential,1212 Old Vines Trl,Greenwood,IN,46143,223500,4,2.5,Pleasant,2338,7405,2014,66,96,35,Sold,,,http://www.redfin.com/IN/Greenwood/1212-Old-Vines-Trl-46143/home/59992604,MIBOR,21505511,N,Y,39.5805739,-86.0757586
PAST SALE,February-6-2018,Single Family Residential,1245 N Meridian St,Greenwood,IN,46143,140000,4,3,Pleasant,2772,32670,1948,39,51,,Sold,,,http://www.redfin.com/IN/Greenwood/1245-N-Meridian-St-46143/home/82507461,MIBOR,21529492,N,Y,39.6347254,-86.1058487
PAST SALE,January-3-2018,Single Family Residential,566 La Reforma Dr,Greenwood,IN,46143,158000,3,2,Pleasant,1530,14779,1978,73,103,,Sold,,,http://www.redfin.com/IN/Greenwood/566-La-Reforma-Dr-46143/home/82510696,MIBOR,21528231,N,Y,39.6087569,-86.0971936
PAST SALE,February-12-2018,Single Family Residential,1115 Vicksburg South Dr,Greenwood,IN,46143,245000,3,2.5,Pleasant,2718,8973,2008,33,90,28,Sold,,,http://www.redfin.com/IN/Greenwood/1115-S-Vicksburg-Dr-46143/home/82519445,MIBOR,21514795,N,Y,39.6018497,-86.073845
PAST SALE,December-22-2017,Single Family Residential,41 Winterwood Dr,Greenwood,IN,46143,90000,3,2,Pleasant,1204,5314,2001,85,75,11,Sold,,,http://www.redfin.com/IN/Greenwood/41-Winterwood-Dr-46143/home/82520730,MIBOR,21524969,N,Y,39.5849047,-86.1063262
PAST SALE,February-9-2018,Single Family Residential,2596 Ashton Ln,Greenwood,IN,46143,192000,3,2.5,Pleasant,2137,9801,2013,36,90,23,Sold,,,http://www.redfin.com/IN/Greenwood/2596-Ashton-Ln-46143/home/82535434,MIBOR,21525597,N,Y,39.5808567,-86.1299956
PAST SALE,February-7-2018,Single Family Residential,1239 Blakely Dr,Greenwood,IN,46143,176000,2,2,Pleasant,1790,11412,2005,38,98,50,Sold,,,http://www.redfin.com/IN/Greenwood/1239-Blakely-Dr-46143/home/82519382,MIBOR,21520435,N,Y,39.5958022,-86.0756412
PAST SALE,January-26-2018,Single Family Residential,450 Harmony Dr,Greenwood,IN,46143,117000,3,2.5,Pleasant,1460,5052,1997,50,80,7,Sold,,,http://www.redfin.com/IN/Greenwood/450-Harmony-Dr-46143/home/60164709,MIBOR,21526357,N,Y,39.6007167,-86.1140051
PAST SALE,January-29-2018,Single Family Residential,1211 Colinbrook Cir,Greenwood,IN,46143,351900,4,2.5,White River,4164,21344,2011,47,85,38,Sold,,,http://www.redfin.com/IN/Greenwood/1211-Colinbrook-Cir-46143/home/60103194,MIBOR,21528775,N,Y,39.5814343,-86.1439481
PAST SALE,January-31-2018,Single Family Residential,2958 Hearthside Dr,Greenwood,IN,46143,198000,5,3,Pleasant,3606,6490,2005,45,55,24,Sold,,,http://www.redfin.com/IN/Greenwood/2958-Hearthside-Dr-46143/home/59995835,MIBOR,21517378,N,Y,39.6042718,-86.0478219
PAST SALE,December-8-2017,Single Family Residential,2119 Autumnwood Dr,Greenwood,IN,46143,162000,3,2.5,Pleasant,1970,11282,2000,99,82,15,Sold,,,http://www.redfin.com/IN/Greenwood/2119-Autumnwood-Dr-46143/home/60027119,MIBOR,21515268,N,Y,39.5857993,-86.1138061
PAST SALE,November-10-2017,Single Family Residential,2593 Night Hawk Rd,Greenwood,IN,46143,175900,3,2.5,Pleasant,1959,9147,2006,127,90,31,Sold,,,http://www.redfin.com/IN/Greenwood/2593-Night-Hawk-Rd-46143/home/60045426,MIBOR,21509341,N,Y,39.5822576,-86.0737721
PAST SALE,February-12-2018,Single Family Residential,1218 Switchback Ct,Greenwood,IN,46143,225000,3,2.5,Pleasant,2547,7840,2011,33,88,35,Sold,,,http://www.redfin.com/IN/Greenwood/1218-Switchback-Ct-46143/home/60108030,MIBOR,21530332,N,Y,39.5814304,-86.07546
PAST SALE,October-27-2017,Single Family Residential,1450 Vinewood Dr,Greenwood,IN,46143,215900,4,2.5,Pleasant,2539,9452,2003,141,85,16,Sold,,,http://www.redfin.com/IN/Greenwood/1450-Vinewood-Dr-46143/home/82519672,MIBOR,21495670,N,Y,39.5968151,-86.0793417
PAST SALE,November-6-2017,Single Family Residential,834 Sandhill Crane Run,Greenwood,IN,46143,140000,3,2.5,Pleasant,1784,6708,1999,131,78,18,Sold,,,http://www.redfin.com/IN/Greenwood/834-Sandhill-Crane-Run-46143/home/82520120,MIBOR,21516944,N,Y,39.5975869,-86.0885172
PAST SALE,November-27-2017,Single Family Residential,786 Heartland Dr,Greenwood,IN,46143,169000,3,2.5,Pleasant,2417,8886,2006,110,70,25,Sold,,,http://www.redfin.com/IN/Greenwood/786-Heartland-Dr-46143/home/82522340,MIBOR,21514112,N,Y,39.6038583,-86.0457312
PAST SALE,December-15-2017,Single Family Residential,667 Conifer Way,Greenwood,IN,46143,140500,3,2,Pleasant,1264,6664,2000,92,111,19,Sold,,,http://www.redfin.com/IN/Greenwood/667-Conifer-Way-46143/home/67037942,MIBOR,21523509,N,Y,39.584472,-86.1199325
PAST SALE,October-27-2017,Single Family Residential,4124 Hickory Ridge Blvd,Greenwood,IN,46143,343900,4,3,White River,2505,11761,2012,141,137,38,Sold,,,http://www.redfin.com/IN/Greenwood/4124-Hickory-Ridge-Blvd-46143/home/67075782,MIBOR,21514325,N,Y,39.557407,-86.189947
PAST SALE,November-10-2017,Single Family Residential,4326 Raintree Blvd,Greenwood,IN,46143,345000,3,3.5,White River,3776,8276,2013,127,91,38,Sold,,,http://www.redfin.com/IN/Greenwood/4326-Raintree-Blvd-46143/home/60040841,MIBOR,21517339,N,Y,39.554047,-86.193445
PAST SALE,November-17-2017,Single Family Residential,4082 S Morgantown Rd,Greenwood,IN,46143,850000,5,4.5,White River,6160,436122,2001,120,138,,Sold,,,http://www.redfin.com/IN/Greenwood/4082-S-Morgantown-Rd-46143/home/60073946,MIBOR,21451435,N,Y,39.55835,-86.197621
PAST SALE,December-29-2017,Single Family Residential,4280 W Whiteland Rd,Bargersville,IN,46106,421000,3,2,White River,2737,217800,1992,78,154,,Sold,,,http://www.redfin.com/IN/Bargersville/4280-W-Whiteland-Rd-46106/home/60043075,MIBOR,21523696,N,Y,39.548828,-86.181137
PAST SALE,December-14-2017,Single Family Residential,1156 Rita Dr,Greenwood,IN,46143,110000,2,1.5,White River,1234,13939,1954,93,89,,Sold,,,http://www.redfin.com/IN/Greenwood/1156-Rita-Dr-46143/home/59991274,MIBOR,21523150,N,Y,39.5998355,-86.166453
PAST SALE,January-5-2018,Single Family Residential,4637 Walker St,Greenwood,IN,46143,120000,3,2,White River,1255,6969,2000,71,96,18,Sold,,,http://www.redfin.com/IN/Greenwood/4637-Walker-St-46143/home/82515117,MIBOR,21528848,N,Y,39.6041884,-86.1898166
PAST SALE,January-5-2018,Single Family Residential,1414 Berry Rd,Greenwood,IN,46143,105000,3,1.5,White River,1176,33541,1962,71,89,,Sold,,,http://www.redfin.com/IN/Greenwood/1414-Berry-Rd-46143/home/82515574,MIBOR,21523274,N,Y,39.5946621,-86.1782554
PAST SALE,November-8-2017,Single Family Residential,4897 Oakton Way,Greenwood,IN,46143,187000,4,2,White River,1604,8712,1998,129,117,21,Sold,,,http://www.redfin.com/IN/Greenwood/4897-Oakton-Way-46143/home/60049699,MIBOR,21501866,N,Y,39.5657612,-86.195579
PAST SALE,November-2-2017,Single Family Residential,3001 Turkey Pen Dr,Greenwood,IN,46143,176500,3,2,White River,1782,8276,1987,135,99,33,Sold,,,http://www.redfin.com/IN/Greenwood/3001-Turkey-Pen-Dr-46143/home/66996124,MIBOR,21506842,N,Y,39.5969793,-86.1598751
PAST SALE,January-12-2018,Single Family Residential,1273 Eagle Valley Dr,Greenwood,IN,46143,480000,4,4.5,White River,5777,27878,1993,64,83,30,Sold,,,http://www.redfin.com/IN/Greenwood/1273-Eagle-Valley-Dr-46143/home/82514614,MIBOR,21504826,N,Y,39.5974588,-86.171381
PAST SALE,February-12-2018,Single Family Residential,3893 Bent Tree Ln,Greenwood,IN,46143,480000,4,4.5,White River,5224,19602,1994,33,92,30,Sold,,,http://www.redfin.com/IN/Greenwood/3893-Bent-Tree-Ln-46143/home/60054899,MIBOR,21493395,N,Y,39.5948191,-86.1756726
PAST SALE,December-14-2017,Single Family Residential,577 Cross Wind Dr,Greenwood,IN,46143,154400,4,2.5,Pleasant,2128,6098,2012,93,73,10,Sold,,,http://www.redfin.com/IN/Greenwood/577-Cross-Wind-Dr-46143/home/60127933,MIBOR,21524184,N,Y,39.6000361,-86.0960594
PAST SALE,December-8-2017,Single Family Residential,4633 Shelby Cir,Greenwood,IN,46143,268000,4,2.5,White River,3720,13503,2014,99,72,29,Sold,,,http://www.redfin.com/IN/Greenwood/4633-Shelby-Cir-46143/home/60144723,MIBOR,21519092,N,Y,39.5659799,-86.1886646
PAST SALE,January-30-2018,Single Family Residential,492 Carol Dr,Greenwood,IN,46143,89900,3,1.5,Pleasant,1002,8712,1958,46,90,,Sold,,,http://www.redfin.com/IN/Greenwood/492-Carol-Dr-46143/home/67004844,MIBOR,21522189,N,Y,39.6223097,-86.1055304
PAST SALE,December-21-2017,Single Family Residential,1104 S Central Park Blvd,Greenwood,IN,46143,150000,3,2.5,Pleasant,1985,5662,2004,86,76,17,Sold,,,http://www.redfin.com/IN/Greenwood/1104-Central-Park-Blvd-S-46143/home/67005747,MIBOR,21527861,N,Y,39.5879411,-86.0802971
PAST SALE,January-29-2018,Single Family Residential,1353 Wood Thrush Ct,Greenwood,IN,46143,270000,5,3.5,Pleasant,3131,9583,2017,47,86,35,Sold,,,http://www.redfin.com/IN/GREENWOOD/1353-WOOD-THRUSH-CT-46143/home/113684161,MIBOR,21494459,N,Y,39.586979,-86.074759
PAST SALE,January-25-2018,Single Family Residential,2488 Baywood Ct,Greenwood,IN,46143,333500,5,3.5,White River,3584,14810,1997,51,93,25,Sold,,,http://www.redfin.com/IN/Greenwood/2488-Baywood-Ct-46143/home/60119009,MIBOR,21505960,N,Y,39.5802045,-86.1694138
PAST SALE,December-29-2017,Single Family Residential,1772 Harvest Meadow Dr,Greenwood,IN,46143,129000,3,2,Pleasant,1248,11543,2004,78,103,15,Sold,,,http://www.redfin.com/IN/Greenwood/1772-Harvest-Meadow-Dr-46143/home/82520845,MIBOR,21525673,N,Y,39.5911782,-86.1204098
PAST SALE,December-29-2017,Single Family Residential,1945 Liberty Way Dr,Greenwood,IN,46143,141000,3,2,Pleasant,1252,8450,2001,78,113,18,Sold,,,http://www.redfin.com/IN/Greenwood/1945-Liberty-Way-Dr-46143/home/82522060,MIBOR,21526947,N,Y,39.5892603,-86.0811729
PAST SALE,December-15-2017,Single Family Residential,3421 Enclave,Greenwood,IN,46143,179000,3,2,White River,1692,7492,2010,92,106,33,Sold,,,http://www.redfin.com/IN/Greenwood/3421-Enclave-Xing-46143/home/82534252,MIBOR,21518828,N,Y,39.5715836,-86.1665325
PAST SALE,December-8-2017,Single Family Residential,2914 Heirloom Ln,Greenwood,IN,46143,225000,4,2.5,Pleasant,3974,10018,2005,99,57,24,Sold,,,http://www.redfin.com/IN/Greenwood/2914-Heirloom-Ln-46143/home/66842601,MIBOR,21519572,N,Y,39.6113796,-86.0482109
PAST SALE,October-21-2017,Single Family Residential,2157 Running Brook Ln,Greenwood,IN,46143,449900,4,4.5,White River,5076,27007,1989,147,89,29,Sold,,,http://www.redfin.com/IN/Greenwood/2157-Running-Brook-Ln-46143/home/67102560,MIBOR,21492395,N,Y,39.584397,-86.1895
PAST SALE,November-17-2017,Single Family Residential,640 Rocky Meadow Dr,Greenwood,IN,46143,135000,3,2,Pleasant,1408,9452,2005,120,96,15,Sold,,,http://www.redfin.com/IN/Greenwood/640-Rocky-Meadow-Dr-46143/home/82520646,MIBOR,21515233,N,Y,39.5930428,-86.1189181
PAST SALE,December-7-2017,Single Family Residential,1515 Trevor Ct,Greenwood,IN,46143,439000,4,3,Pleasant,4038,14026,2008,100,109,54,Sold,,,http://www.redfin.com/IN/Greenwood/1515-Trevor-Ct-46143/home/82521049,MIBOR,21478288,N,Y,39.5936351,-86.1367365
PAST SALE,October-30-2017,Single Family Residential,740 Wheatgrass Dr,Greenwood,IN,46143,130000,3,2,Pleasant,1274,6098,2004,138,102,15,Sold,,,http://www.redfin.com/IN/Greenwood/740-Wheatgrass-Dr-46143/home/82521266,MIBOR,21513395,N,Y,39.5877197,-86.0904884
PAST SALE,October-16-2017,Single Family Residential,1017 Monitor Ct,Greenwood,IN,46143,175500,4,2.5,Pleasant,2318,8712,1993,152,76,6,Sold,,,http://www.redfin.com/IN/Greenwood/1017-Monitor-Ct-46143/home/60068332,MIBOR,21513799,N,Y,39.6034396,-86.075042
PAST SALE,October-10-2017,Single Family Residential,799 E Forest,Greenwood,IN,46143,150000,3,1,Pleasant,1938,21780,1800,158,77,,Sold,,,http://www.redfin.com/IN/Greenwood/799-Forest-Ave-46143/home/60076325,MIBOR,21507962,N,Y,39.6127977,-86.0945471
PAST SALE,September-29-2017,Single Family Residential,199 Suncrest Dr,Greenwood,IN,46143,150000,3,2,Pleasant,1448,11761,1990,169,104,,Sold,,,http://www.redfin.com/IN/Greenwood/199-Suncrest-Dr-46143/home/82507301,MIBOR,21504156,N,Y,39.6324045,-86.1002778
PAST SALE,September-29-2017,Single Family Residential,1106 Palo Vista Rd,Greenwood,IN,46143,309900,4,3,Pleasant,2575,33541,1978,169,120,4,Sold,,,http://www.redfin.com/IN/Greenwood/1106-Palo-Vista-Rd-46143/home/82510192,MIBOR,21510883,N,Y,39.6087144,-86.0917213
PAST SALE,September-29-2017,Single Family Residential,2692 Winter Hawk Rd,Greenwood,IN,46143,238910,2,2,Pleasant,2282,7274,2017,169,105,93,Sold,,,http://www.redfin.com/IN/Greenwood/2692-Winterhawk-Rd-46143/home/109770405,MIBOR,21516719,N,Y,39.5812955,-86.0776607
PAST SALE,October-9-2017,Single Family Residential,1412 Egret Ln,Greenwood,IN,46143,137000,3,2.5,Pleasant,1688,,2002,159,81,10,Sold,,,http://www.redfin.com/IN/Greenwood/1412-Egret-Ln-46143/home/60014362,MIBOR,21510508,N,Y,39.5966504,-86.0864275
PAST SALE,October-19-2017,Single Family Residential,2944 Treehouse Pass,Greenwood,IN,46143,190000,3,2.5,Pleasant,2852,9234,2006,149,67,24,Sold,,,http://www.redfin.com/IN/Greenwood/2944-Treehouse-Pass-46143/home/60049598,MIBOR,21501134,N,Y,39.6073935,-86.047802
PAST SALE,October-13-2017,Single Family Residential,731 Rosea Ct,Greenwood,IN,46143,155000,3,2.5,Pleasant,2328,7361,2004,155,67,18,Sold,,,http://www.redfin.com/IN/Greenwood/731-Rosea-Ct-46143/home/60162148,MIBOR,21510282,N,Y,39.5936721,-86.0913631
PAST SALE,October-10-2017,Single Family Residential,4886 Oakton Way,Greenwood,IN,46143,134900,3,2,White River,1324,7405,1999,158,102,10,Sold,,,http://www.redfin.com/IN/Greenwood/4886-Oakton-Way-46143/home/66937938,MIBOR,21497630,N,Y,39.5659828,-86.1950508
PAST SALE,October-20-2017,Single Family Residential,1456 Stormhaven Way,Greenwood,IN,46143,253000,4,2.5,White River,3536,9496,2008,148,72,30,Sold,,,http://www.redfin.com/IN/Greenwood/1456-Stormhaven-Way-46143/home/82515740,MIBOR,21505503,N,Y,39.5949549,-86.2057041
PAST SALE,September-25-2017,Single Family Residential,816 Snowberry,Greenwood,IN,46143,198623,3,2.5,Pleasant,2343,7840,2017,173,85,,Sold,,,http://www.redfin.com/IN/Greenwood/816-Snowberry-Run-46143/home/142735628,MIBOR,21514821,N,Y,39.5816814,-86.0855139
PAST SALE,November-17-2017,Single Family Residential,4516 Marigold Ct,Greenwood,IN,46143,295000,3,2,White River,1863,4791,2016,120,158,240,Sold,,,http://www.redfin.com/IN/Greenwood/4516-Marigold-Ct-46143/unit-4/home/142735492,MIBOR,21448739,N,Y,39.5620238,-86.1879025
PAST SALE,October-6-2017,Single Family Residential,4101 Dartmoor Dr,Greenwood,IN,46143,445000,4,4.5,White River,5775,27878,1998,162,77,26,Sold,,,http://www.redfin.com/IN/Greenwood/4101-Dartmoor-Dr-46143/home/60025035,MIBOR,21481146,N,Y,39.5953344,-86.1809374
PAST SALE,September-29-2017,Single Family Residential,728 Silverleaf Dr,Greenwood,IN,46143,328000,4,2.5,White River,4797,43560,2002,169,68,29,Sold,,,http://www.redfin.com/IN/Greenwood/728-Silverleaf-Dr-46143/home/60168840,MIBOR,21492426,N,Y,39.6051407,-86.1697119
PAST SALE,October-19-2017,Single Family Residential,3388 Eaton Mews Ct,Greenwood,IN,46143,184000,2,2,White River,1716,,2003,149,107,60,Sold,,,http://www.redfin.com/IN/Greenwood/3388-Eaton-Mews-Ct-46143/home/67108251,MIBOR,21509940,N,Y,39.5743133,-86.1667909
PAST SALE,October-20-2017,Single Family Residential,6434 Deerwood Ct,Greenwood,IN,46143,295000,4,2.5,White River,3911,23958,1987,148,75,40,Sold,,,http://www.redfin.com/IN/Greenwood/6434-Deerwood-Ct-46143/home/82515819,MIBOR,21501757,N,Y,39.583401,-86.2234923
PAST SALE,October-10-2017,Single Family Residential,3480 Enclave Xing,Greenwood,IN,46143,215000,3,2,White River,2003,9583,2010,158,107,33,Sold,,,http://www.redfin.com/IN/Greenwood/3480-Enclave-Xing-46143/home/82534596,MIBOR,21509645,N,Y,39.5720688,-86.1671883
PAST SALE,October-20-2017,Single Family Residential,1393 N Franklin Rd,Greenwood,IN,46143,594900,5,3.5,Clark,4844,435600,1996,148,123,,Sold,,,http://www.redfin.com/IN/Greenwood/1393-N-Franklin-Rd-46143/home/66961081,MIBOR,21513606,N,Y,39.632633,-86.017143
PAST SALE,October-20-2017,Single Family Residential,1643 Long Lake Dr,Greenwood,IN,46143,119900,3,2,Pleasant,1335,4791,1999,148,90,15,Sold,,,http://www.redfin.com/IN/Greenwood/1643-Long-Lake-Dr-46143/home/60086078,MIBOR,21505282,N,Y,39.5925744,-86.1163522
PAST SALE,October-13-2017,Single Family Residential,946 Shenandoah Way,Greenwood,IN,46143,127900,3,2,Pleasant,1239,6969,2005,155,103,14,Sold,,,http://www.redfin.com/IN/Greenwood/946-Shenandoah-Way-46143/home/60091551,MIBOR,21510838,N,Y,39.5878029,-86.0851736
PAST SALE,October-17-2017,Single Family Residential,104 Winterwood Dr,Greenwood,IN,46143,120000,3,2.5,Pleasant,1325,4356,1999,151,91,10,Sold,,,http://www.redfin.com/IN/Greenwood/104-Winterwood-Dr-46143/home/66995099,MIBOR,21497055,N,Y,39.5853073,-86.1075199
PAST SALE,September-21-2017,Single Family Residential,393 Polk Manor Dr,Greenwood,IN,46143,139000,3,2,Pleasant,1340,7840,1996,177,104,,Sold,,,http://www.redfin.com/IN/Greenwood/393-Polk-Manor-Dr-46143/home/82509833,MIBOR,21500334,N,Y,39.6101843,-86.1007155
PAST SALE,October-10-2017,Single Family Residential,752 Legacy Blvd,Greenwood,IN,46143,268000,5,4,Clark,4375,8886,2014,158,61,24,Sold,,,http://www.redfin.com/IN/Greenwood/752-Legacy-Blvd-46143/home/60034229,MIBOR,21482211,N,Y,39.604489,-86.0447049
PAST SALE,October-12-2017,Single Family Residential,71 E Main St,Greenwood,IN,46142,66000,2,1,Pleasant,842,4356,1900,156,78,,Sold,,,http://www.redfin.com/IN/Greenwood/71-E-Main-St-46143/home/59982737,MIBOR,21511011,N,Y,39.613625,-86.105181
PAST SALE,December-21-2017,Single Family Residential,605 E Main St,Greenwood,IN,46143,92000,2,1,Pleasant,1002,8276,1800,86,92,,Sold,,,http://www.redfin.com/IN/Greenwood/605-E-Main-St-46143/home/67073491,MIBOR,21522091,N,Y,39.61372,-86.096212
PAST SALE,February-1-2018,Single Family Residential,1064 Mikes Way,Greenwood,IN,46143,55000,2,1.5,Pleasant,1080,7196,1994,44,51,,Sold,,,http://www.redfin.com/IN/Greenwood/1064-Mikes-Way-46143/home/82507273,MIBOR,21525670,N,Y,39.632471,-86.096599
PAST SALE,January-30-2018,Single Family Residential,820 S Nay Rd,Greenwood,IN,46143,751000,6,4.5,Clark,7552,435600,2007,46,99,,Sold,,,http://www.redfin.com/IN/Greenwood/820-S-Nay-Rd-46143/home/66938526,MIBOR,21502616,N,Y,39.603757,-86.032691
PAST SALE,November-29-2017,Single Family Residential,2949 Holiday Way,Greenwood,IN,46143,203000,5,3,Pleasant,3608,9147,2005,108,56,19,Sold,,,http://www.redfin.com/IN/Greenwood/2949-Holiday-Way-46143/home/60071683,MIBOR,21514908,N,Y,39.6029909,-86.0480609
PAST SALE,December-11-2017,Single Family Residential,635 Park Dr,Greenwood,IN,46143,130000,4,2,Pleasant,1430,8712,1958,96,91,,Sold,,,http://www.redfin.com/IN/Greenwood/635-Park-Dr-46143/home/60088225,MIBOR,21522796,N,Y,39.6282826,-86.1022675
PAST SALE,December-20-2017,Single Family Residential,986 Vicksburg North Dr,Greenwood,IN,46143,167500,3,2.5,Pleasant,1850,9147,1993,87,91,6,Sold,,,http://www.redfin.com/IN/Greenwood/986-N-Vicksburg-Dr-46143/home/60125724,MIBOR,21523599,N,Y,39.603821,-86.0743566
PAST SALE,February-16-2018,Single Family Residential,825 Ashton Park Dr,Greenwood,IN,46143,125000,2,2,Pleasant,1197,5837,1998,29,104,9,Sold,,,http://www.redfin.com/IN/Greenwood/825-Ashton-Park-Dr-46143/home/67021937,MIBOR,21528044,N,Y,39.6025459,-86.122618
PAST SALE,February-27-2018,Single Family Residential,986 Maple Grove Dr,Greenwood,IN,46143,117500,3,2,Pleasant,1270,6098,1986,18,93,,Sold,,,http://www.redfin.com/IN/Greenwood/986-Maple-Grove-Dr-46143/home/66831188,MIBOR,21522756,N,Y,39.6224752,-86.0840391
PAST SALE,November-6-2017,Single Family Residential,885 Waveland Ln,Greenwood,IN,46143,192000,4,2.5,Pleasant,2104,11238,1994,131,91,21,Sold,,,http://www.redfin.com/IN/Greenwood/885-Waveland-Ln-46143/home/66952136,MIBOR,21516397,N,Y,39.6029444,-86.1355435
PAST SALE,December-30-2017,Single Family Residential,101 Kinnick Dr,Greenwood,IN,46143,335560,4,2.5,Pleasant,3395,10890,2017,77,99,33,Sold,,,http://www.redfin.com/IN/Greenwood/101-Kinnick-Dr-46143/home/144592990,MIBOR,21530030,N,Y,39.6161719,-86.0520123
PAST SALE,January-12-2018,Single Family Residential,1244 Burr Oak Cir,Greenwood,IN,46143,205000,3,2.5,White River,2410,13068,1996,64,85,21,Sold,,,http://www.redfin.com/IN/Greenwood/1244-Burr-Oak-Cir-46143/home/82514028,MIBOR,21525749,N,Y,39.6056498,-86.1424028
PAST SALE,December-14-2017,Single Family Residential,758 Peppermill Run,Greenwood,IN,46143,110000,2,2,Pleasant,1091,6882,1991,93,101,10,Sold,,,http://www.redfin.com/IN/Greenwood/758-Peppermill-Run-46143/home/82520197,MIBOR,21525548,N,Y,39.6046204,-86.1205093
PAST SALE,March-8-2018,Single Family Residential,701 E Pearl St,Greenwood,IN,46143,175000,4,4,Pleasant,3422,19514,1965,9,51,,Sold,,,http://www.redfin.com/IN/Greenwood/701-E-Pearl-St-46143/home/82509692,MIBOR,21541408,N,Y,39.6164635,-86.0915422
PAST SALE,March-9-2018,Single Family Residential,248 N Meridian St,Greenwood,IN,46143,90000,2,1,Pleasant,1604,6534,1800,8,56,,Sold,,,http://www.redfin.com/IN/Greenwood/248-N-Meridian-St-46143/home/60143777,MIBOR,21545006,N,Y,39.6193316,-86.1065152
PAST SALE,March-12-2018,Single Family Residential,854 S Nay Rd,Greenwood,IN,46143,828378,3,4.5,Clark,6392,737035,2005,5,130,,Sold,,,http://www.redfin.com/IN/Greenwood/854-S-Nay-Rd-46143/home/60040210,MIBOR,21449435,N,Y,39.602732,-86.033184
PAST SALE,September-29-2017,Single Family Residential,4664 Rainmaker Row,Greenwood,IN,46143,295000,3,3,White River,2578,7405,2000,169,114,38,Sold,,,http://www.redfin.com/IN/Greenwood/4664-Rainmaker-Row-46143/home/60025693,MIBOR,21500938,N,Y,39.5555809,-86.192824
PAST SALE,February-5-2018,Single Family Residential,4355 Thompson Row,Greenwood,IN,46143,380000,4,3,White River,4220,1028,2015,40,90,38,Sold,,,http://www.redfin.com/IN/Greenwood/4355-Thompson-Row-46143/home/64222854,MIBOR,21523507,N,Y,39.554335,-86.1905309
PAST SALE,October-4-2017,Single Family Residential,7109 W County Road 144,Greenwood,IN,46143,215000,3,2,White River,1601,24999,1959,164,134,,Sold,,,http://www.redfin.com/IN/Greenwood/7109-W-Co-Road-144-46143/home/82534178,MIBOR,21512601,N,Y,39.562561,-86.239382
PAST SALE,December-29-2017,Single Family Residential,6372 Deerfield Dr,Greenwood,IN,46143,360000,4,3,White River,3443,28314,1987,78,105,40,Sold,,,http://www.redfin.com/IN/Greenwood/6372-Deerfield-Ct-46143/home/82515800,MIBOR,21500053,N,Y,39.581894,-86.222444
PAST SALE,January-31-2018,Single Family Residential,5818 Oakmont Blvd,Bargersville,IN,46106,650000,3,2.5,White River,6746,18295,2017,45,96,47,Sold,,,http://www.redfin.com/IN/BARGERSVILLE/5818-OAKMONT-BLVD-46106/home/142735500,MIBOR,21527455,N,Y,39.561676,-86.239847
PAST SALE,February-21-2018,Single Family Residential,2819 Silverwood Ln,Greenwood,IN,46143,450000,3,3.5,White River,5890,40293,1995,24,76,31,Sold,,,http://www.redfin.com/IN/Greenwood/2819-Silverwood-Ln-46143/home/82519592,MIBOR,21520852,N,Y,39.5751292,-86.2307169
PAST SALE,September-20-2017,Single Family Residential,2966 Weald St,Whiteland,IN,46184,175000,4,2.5,Pleasant,2384,6490,2010,178,73,19,Sold,,,http://www.redfin.com/IN/Whiteland/2966-Weald-St-46184/home/82522078,MIBOR,21506060,N,Y,39.576692,-86.123906
PAST SALE,October-3-2017,Single Family Residential,1312 Vicksburg South Dr,Greenwood,IN,46143,160000,2,2,Pleasant,1524,7405,2001,165,105,50,Sold,,,http://www.redfin.com/IN/Greenwood/1312-S-Vicksburg-Dr-46143/home/82519453,MIBOR,21510756,N,Y,39.599765,-86.077849
PAST SALE,October-27-2017,Single Family Residential,2986 Underwood Ct,Whiteland,IN,46184,181000,4,3,Pleasant,2457,13285,2008,141,74,19,Sold,,,http://www.redfin.com/IN/Whiteland/2986-Underwood-Ct-46184/home/66886022,MIBOR,21500514,N,Y,39.576641,-86.1249969
PAST SALE,November-1-2017,Single Family Residential,1300 Townsend Dr,Greenwood,IN,46143,230000,4,2.5,Pleasant,2500,6838,2015,136,92,21,Sold,,,http://www.redfin.com/IN/Greenwood/1300-Townsend-Dr-46143/home/68336813,MIBOR,21500388,N,Y,39.600473,-86.072405
PAST SALE,November-3-2017,Single Family Residential,2596 Grand Fir Dr,Greenwood,IN,46143,96000,2,2.5,Pleasant,1362,1001,2004,134,70,60,Sold,,,http://www.redfin.com/IN/Greenwood/2596-Grand-Fir-Dr-46143/home/60073017,MIBOR,21512419,N,Y,39.580853,-86.117042
PAST SALE,November-3-2017,Single Family Residential,1522 Windborne Ln,Greenwood,IN,46143,180000,3,2,White River,1568,9016,2011,134,115,33,Sold,,,http://www.redfin.com/IN/Greenwood/1522-Windborne-Ln-46143/home/82514685,MIBOR,21514708,N,Y,39.5943956,-86.146954
PAST SALE,November-3-2017,Single Family Residential,2728 Ashton Ln,Greenwood,IN,46143,173500,3,2,Pleasant,1582,9801,2014,134,110,23,Sold,,,http://www.redfin.com/IN/Greenwood/2728-Ashton-Ln-46143/home/60140451,MIBOR,21511491,N,Y,39.5794201,-86.1300284
PAST SALE,November-29-2017,Single Family Residential,1283 Greenwood Station Blvd,Greenwood,IN,46143,234000,4,2.5,Pleasant,2485,7100,2016,108,94,21,Sold,,,http://www.redfin.com/IN/Greenwood/1283-Greenwood-Station-Blvd-46143/home/82519489,MIBOR,21512124,N,Y,39.600047,-86.073384
PAST SALE,December-29-2017,Single Family Residential,1355 Bobwhite Ct,Greenwood,IN,46143,272195,5,3.5,Pleasant,3285,9583,2017,78,83,35,Sold,,,http://www.redfin.com/IN/Greenwood/1355-Bobwhite-Ct-46143/home/131407361,MIBOR,21505222,N,Y,39.586979,-86.074759
PAST SALE,December-29-2017,Single Family Residential,1364 Trailside Dr,Greenwood,IN,46143,287000,4,2.5,Pleasant,3155,9583,2017,78,91,42,Sold,,,http://www.redfin.com/IN/GREENWOOD/1364-TRAILSIDE-DR-46143/home/142265236,MIBOR,21506490,N,Y,39.601774,-86.076194
PAST SALE,November-17-2017,Single Family Residential,1595 Woodfield Dr,Greenwood,IN,46143,195000,3,2,White River,1980,8712,2005,120,98,33,Sold,,,http://www.redfin.com/IN/Greenwood/1595-Woodfield-Dr-46143/home/59991101,MIBOR,21512437,N,Y,39.5940477,-86.1437149
PAST SALE,December-20-2017,Single Family Residential,2202 Summer Breeze Way,Greenwood,IN,46143,117000,3,2,Pleasant,1204,5227,2000,87,97,12,Sold,,,http://www.redfin.com/IN/Greenwood/2202-Summer-Breeze-Way-46143/home/60082651,MIBOR,21525346,N,Y,39.5841389,-86.1099469
PAST SALE,December-15-2017,Single Family Residential,622 Findlay Ln,Greenwood,IN,46143,147500,3,2,Pleasant,1611,6098,2012,92,92,9,Sold,,,http://www.redfin.com/IN/Greenwood/622-Findlay-Ln-46143/home/60145850,MIBOR,21523054,N,Y,39.5982116,-86.0951242
PAST SALE,January-29-2018,Single Family Residential,2174 Forrester Ct,Greenwood,IN,46143,157000,4,2.5,Pleasant,2495,13939,2000,47,63,19,Sold,,,http://www.redfin.com/IN/Greenwood/2174-Forrester-Ct-46143/home/60009000,MIBOR,21502082,N,Y,39.5849596,-86.1200518
PAST SALE,January-22-2018,Single Family Residential,1143 Fairfax Ct,Greenwood,IN,46143,147000,3,2,Pleasant,1388,8624,2000,54,106,17,Sold,,,http://www.redfin.com/IN/Greenwood/1143-Fairfax-Ct-46143/home/82522055,MIBOR,21522490,N,Y,39.5901605,-86.0791824
PAST SALE,January-19-2018,Single Family Residential,601 Cross Wind Dr,Greenwood,IN,46143,131000,3,2,Pleasant,1355,6098,2012,57,97,17,Sold,,,http://www.redfin.com/IN/Greenwood/601-Cross-Wind-Dr-46143/home/60127297,MIBOR,21528946,N,Y,39.6000563,-86.0954625
PAST SALE,December-5-2017,Single Family Residential,865 Granada Dr,Greenwood,IN,46143,135000,4,2,Pleasant,2018,23958,1977,102,67,,Sold,,,http://www.redfin.com/IN/Greenwood/865-Granada-Dr-46143/home/60038491,MIBOR,21514900,N,Y,39.601354,-86.087456
PAST SALE,January-31-2018,Single Family Residential,1352 Wood Thrush Ct,Greenwood,IN,46143,250000,4,2.5,Pleasant,2263,10890,2017,45,110,35,Sold,,,http://www.redfin.com/IN/GREENWOOD/1352-WOOD-THRUSH-CT-46143/home/134995695,MIBOR,21494869,N,Y,39.586979,-86.074759
PAST SALE,February-27-2018,Single Family Residential,944 Breaside Ln,Greenwood,IN,46142,221000,4,2.5,White River,2948,11325,1999,18,75,21,Sold,,,http://www.redfin.com/IN/Greenwood/944-Breaside-Ln-46143/home/82514334,MIBOR,21526674,N,Y,39.6011721,-86.1420566
PAST SALE,February-15-2018,Single Family Residential,1745 Feather Reed Ln,Greenwood,IN,46143,135750,3,2.5,Pleasant,1494,5052,2005,30,91,14,Sold,,,http://www.redfin.com/IN/Greenwood/1745-Feather-Reed-Ln-46143/home/60014678,MIBOR,21528753,N,Y,39.5896307,-86.0921989
PAST SALE,November-30-2017,Single Family Residential,2511 Summerwood Ln,Greenwood,IN,46143,119000,3,2,Pleasant,1204,4356,2001,107,99,10,Sold,,,http://www.redfin.com/IN/Greenwood/2511-Summerwood-Ln-46143/home/60126696,MIBOR,21522527,N,Y,39.5806269,-86.106167
PAST SALE,January-16-2018,Single Family Residential,1816 Feather Reed Ln,Greenwood,IN,46143,129500,3,2.5,Pleasant,1494,7405,2004,60,87,14,Sold,,,http://www.redfin.com/IN/Greenwood/1816-Feather-Reed-Ln-46143/home/60168845,MIBOR,21528059,N,Y,39.5873631,-86.0918805
PAST SALE,November-28-2017,Single Family Residential,2372 Blossom Dr,Greenwood,IN,46143,125000,3,2,Pleasant,1505,8276,1999,109,83,15,Sold,,,http://www.redfin.com/IN/Greenwood/2372-Blossom-Dr-46143/home/67033743,MIBOR,21510693,N,Y,39.5830195,-86.1156561
PAST SALE,November-30-2017,Single Family Residential,751 Mountain Pine Dr,Greenwood,IN,46143,109000,3,2.5,Pleasant,1684,696,1999,107,65,60,Sold,,,http://www.redfin.com/IN/Greenwood/751-Mountain-Pine-Dr-46143/home/67090578,MIBOR,21522936,N,Y,39.5835391,-86.1197094
PAST SALE,October-25-2017,Single Family Residential,1952 Central Park Blvd W,Greenwood,IN,46143,146500,4,2,Pleasant,1665,6708,2001,143,88,17,Sold,,,http://www.redfin.com/IN/Greenwood/1952-Central-Park-Blvd-W-46143/home/67106624,MIBOR,21512628,N,Y,39.5892319,-86.0827255
PAST SALE,March-2-2018,Single Family Residential,1183 Old Vines Ct,Greenwood,IN,46143,242000,3,2.5,Pleasant,2512,9278,2012,15,96,35,Sold,,,http://www.redfin.com/IN/Greenwood/1183-Old-Vines-Trl-46143/home/82535645,MIBOR,21540533,N,Y,39.5803272,-86.0759158
PAST SALE,February-9-2018,Single Family Residential,2022 Woodfield Dr,Greenwood,IN,46143,299900,3,2.5,White River,2650,9583,2008,36,113,33,Sold,,,http://www.redfin.com/IN/Greenwood/2022-Woodfield-Dr-46143/home/60148013,MIBOR,21511718,N,Y,39.5871794,-86.1438143
PAST SALE,February-28-2018,Single Family Residential,1404 Pencross Ln,Greenwood,IN,46143,112000,3,1,Pleasant,996,4791,2011,17,112,,Sold,,,http://www.redfin.com/IN/Greenwood/1404-Pencross-Ln-46143/home/60161877,MIBOR,21542431,N,Y,39.5974055,-86.0849149
PAST SALE,December-22-2017,Single Family Residential,597 Alton Dr,Greenwood,IN,46143,188000,4,2.5,Pleasant,2854,15812,1995,85,66,10,Sold,,,http://www.redfin.com/IN/Greenwood/597-Alton-Dr-46143/home/82520517,MIBOR,21525856,N,Y,39.5970794,-86.1173077
PAST SALE,March-6-2018,Single Family Residential,498 Conifer Way,Greenwood,IN,46143,139900,3,2,Pleasant,1538,12196,2000,11,91,38,Sold,,,http://www.redfin.com/IN/Greenwood/498-Conifer-Way-46143/home/60141265,MIBOR,21541431,N,Y,39.5856247,-86.1170285
PAST SALE,March-6-2018,Single Family Residential,1175 Switchback Dr,Greenwood,IN,46143,219000,4,2.5,Pleasant,2446,7187,2011,11,90,35,Sold,,,http://www.redfin.com/IN/Greenwood/1175-Switchback-Dr-46143/home/60102862,MIBOR,21522371,N,Y,39.5809016,-86.0771364
PAST SALE,March-7-2018,Single Family Residential,1256 Odell Ln,Greenwood,IN,46143,117000,3,2.5,Pleasant,1549,3920,1998,10,76,,Sold,,,http://www.redfin.com/IN/Greenwood/1256-Odell-Ln-46143/home/60125681,MIBOR,21539967,N,Y,39.5993051,-86.11125
PAST SALE,March-6-2018,Single Family Residential,1436 Pencross Ln,Greenwood,IN,46143,115000,2,1,Pleasant,1036,4965,2010,11,111,17,Sold,,,http://www.redfin.com/IN/Greenwood/1436-Pencross-Ln-46143/home/82534192,MIBOR,21541582,N,Y,39.596921,-86.0849149
PAST SALE,September-29-2017,Single Family Residential,4746 W Olive Branch Rd,Greenwood,IN,46142,202900,3,2,White River,1404,21780,1960,169,145,,Sold,,,http://www.redfin.com/IN/Greenwood/4746-W-Olive-Branch-Rd-46143/home/128258108,MIBOR,21493258,N,Y,39.5918106,-86.1970192
PAST SALE,October-11-2017,Single Family Residential,1346 Windborne Ln,Greenwood,IN,46143,235000,4,2.5,White River,3022,8712,2013,157,78,33,Sold,,,http://www.redfin.com/IN/Greenwood/1346-Windborne-Ln-46143/home/60134042,MIBOR,21494842,N,Y,39.5967152,-86.1469951
PAST SALE,October-13-2017,Single Family Residential,1197 Barrington Dr,Greenwood,IN,46143,222000,4,2.5,Pleasant,2953,13068,1995,155,75,21,Sold,,,http://www.redfin.com/IN/Greenwood/1197-Barrington-Dr-46143/home/60152073,MIBOR,21512962,N,Y,39.6038534,-86.1392615
PAST SALE,October-6-2017,Single Family Residential,4030 Brockton Manor North Dr,Greenwood,IN,46143,350000,4,3.5,White River,3722,13503,1996,162,94,30,Sold,,,http://www.redfin.com/IN/Greenwood/4030-N-Brockton-Manor-Dr-46143/home/82516261,MIBOR,21490836,N,Y,39.5905604,-86.1785335
PAST SALE,September-27-2017,Single Family Residential,1072 S Runyon Rd,Greenwood,IN,46143,157000,4,2,White River,1924,21780,1961,171,82,,Sold,,,http://www.redfin.com/IN/Greenwood/1072-S-Runyon-Rd-46143/home/82515384,MIBOR,21496961,N,Y,39.6007399,-86.18788
PAST SALE,October-20-2017,Single Family Residential,4663 W Smith Valley Rd,Greenwood,IN,46142,124000,4,1.5,White River,1512,16160,1964,148,82,,Sold,,,http://www.redfin.com/IN/Greenwood/4663-Smith-Valley-Rd-46142/home/66923135,MIBOR,21494258,N,Y,39.605078,-86.190603
PAST SALE,October-20-2017,Single Family Residential,1732 Calvert Farms Dr,Greenwood,IN,46143,442400,4,3,White River,4788,13939,2016,148,92,34,Sold,,,http://www.redfin.com/IN/Greenwood/1732-Calvert-Farms-Dr-46143/home/60178476,MIBOR,21417351,N,Y,39.590018,-86.20971
PAST SALE,January-11-2018,Single Family Residential,2967 Beckenham Way,Greenwood,IN,46143,190000,3,2.5,White River,1549,10018,2014,65,123,67,Sold,,,http://www.redfin.com/IN/Greenwood/2967-Beckenham-Way-46143/home/60142466,MIBOR,21525137,N,Y,39.5745341,-86.1641129
PAST SALE,December-20-2017,Single Family Residential,1258 Soaring Eagle Dr,Greenwood,IN,46143,420000,6,5,White River,5101,29185,1994,87,82,23,Sold,,,http://www.redfin.com/IN/Greenwood/1258-Soaring-Eagle-Dr-46143/home/60072857,MIBOR,21424516,N,Y,39.5976524,-86.1705266
PAST SALE,January-31-2018,Single Family Residential,1943 Fox Moor Ter,Greenwood,IN,46143,416000,4,5,White River,4671,21780,1989,45,89,29,Sold,,,http://www.redfin.com/IN/Greenwood/1943-Fox-Moor-Ter-46143/home/66923268,MIBOR,21492391,N,Y,39.5874977,-86.1877708
PAST SALE,January-29-2018,Single Family Residential,4315 Sequoia Ct,Greenwood,IN,46143,193500,4,2.5,White River,3108,9583,1997,47,62,19,Sold,,,http://www.redfin.com/IN/Greenwood/4315-Sequoia-Ct-46143/home/82514927,MIBOR,21526956,N,Y,39.6029521,-86.1840562
PAST SALE,January-29-2018,Single Family Residential,2660 Waldon Ct,Greenwood,IN,46143,565000,5,4.5,White River,6358,25264,2000,47,89,25,Sold,,,http://www.redfin.com/IN/Greenwood/2660-Waldon-Ct-46143/home/60165865,MIBOR,21512730,N,Y,39.5780547,-86.1882782
PAST SALE,January-25-2018,Single Family Residential,4744 Oakleigh Ct,Greenwood,IN,46143,223000,3,2.5,White River,2859,19602,1996,51,78,19,Sold,,,http://www.redfin.com/IN/Greenwood/4744-Oakleigh-Ct-46143/home/60015521,MIBOR,21524114,N,Y,39.5675243,-86.1916347
PAST SALE,January-11-2018,Single Family Residential,5307 Misthaven Ln,Greenwood,IN,46143,185000,4,2.5,White River,2840,8276,2009,65,65,25,Sold,,,http://www.redfin.com/IN/Greenwood/5307-Misthaven-Ln-46143/home/82534547,MIBOR,21511979,N,Y,39.597142,-86.2023285
PAST SALE,December-8-2017,Single Family Residential,5256 Birch Ln,Greenwood,IN,46143,173000,3,2,White River,2550,22498,1978,99,68,,Sold,,,http://www.redfin.com/IN/Greenwood/5256-Birch-Ln-46143/home/82515599,MIBOR,21520859,N,Y,39.5881858,-86.2020505
PAST SALE,December-22-2017,Single Family Residential,3094 Coventry Ln,Greenwood,IN,46143,530000,4,4,White River,5040,23522,2004,85,105,42,Sold,,,http://www.redfin.com/IN/Greenwood/3094-Coventry-Ln-46143/home/59985864,MIBOR,21484404,N,Y,39.5697529,-86.2097745
PAST SALE,December-7-2017,Single Family Residential,1328 Millstone Ct,Greenwood,IN,46143,335000,5,2.5,White River,4704,18295,2014,100,71,33,Sold,,,http://www.redfin.com/IN/Greenwood/1328-Millstone-Ct-46143/home/59991533,MIBOR,21521952,N,Y,39.5894703,-86.1491221
PAST SALE,November-15-2017,Single Family Residential,5224 Chancery Blvd,Greenwood,IN,46143,570000,4,5,White River,5348,19602,2006,122,107,38,Sold,,,http://www.redfin.com/IN/Greenwood/5224-Chancery-Blvd-46143/home/59996072,MIBOR,21486190,N,Y,39.5725039,-86.2001639
PAST SALE,January-18-2018,Single Family Residential,3645 N Morningside Dr,Greenwood,IN,46143,322900,4,3,White River,3868,13503,2005,58,83,22,Sold,,,http://www.redfin.com/IN/Greenwood/3645-Morningside-Dr-46143/home/60011644,MIBOR,21509294,N,Y,39.5640581,-86.1983369
PAST SALE,November-15-2017,Single Family Residential,6501 Clary Circle Dr,Greenwood,IN,46143,220700,5,4,White River,4680,10890,2012,122,47,33,Sold,,,http://www.redfin.com/IN/Greenwood/6501-Clary-Circle-Dr-46143/home/60118551,MIBOR,21437322,N,Y,39.5704744,-86.1671287
PAST SALE,November-30-2017,Single Family Residential,4564 Brentridge Pkwy,Greenwood,IN,46143,436000,4,3.5,White River,5694,20908,1997,107,77,22,Sold,,,http://www.redfin.com/IN/Greenwood/4564-Brentridge-Pkwy-46143/home/60125458,MIBOR,21496428,N,Y,39.5840469,-86.1857844
PAST SALE,November-17-2017,Single Family Residential,5433 Ashby Ct,Greenwood,IN,46143,400000,5,4,White River,4646,18295,2005,120,86,42,Sold,,,http://www.redfin.com/IN/Greenwood/5433-Ashby-Ct-46143/home/67017084,MIBOR,21513664,N,Y,39.5717717,-86.2080074
PAST SALE,November-20-2017,Single Family Residential,5105 Old Smith Valley Rd,Greenwood,IN,46143,105900,3,1,White River,1792,21344,1940,117,59,,Sold,,,http://www.redfin.com/IN/Greenwood/5105-Old-Smith-Valley-Rd-46143/home/82515765,MIBOR,21518379,N,Y,39.6007728,-86.1986598
PAST SALE,October-31-2017,Single Family Residential,4696 Waters Edge Way,Greenwood,IN,46143,617000,5,4.5,White River,7112,33105,1998,137,87,56,Sold,,,http://www.redfin.com/IN/Greenwood/4696-Waters-Edge-Way-46143/home/82518017,MIBOR,21478547,N,Y,39.5698641,-86.1909184
PAST SALE,December-22-2017,Single Family Residential,3391 Grace St,Greenwood,IN,46143,106000,4,1,White River,1199,12196,1953,85,88,,Sold,,,http://www.redfin.com/IN/Greenwood/3391-Grace-St-46143/home/67109616,MIBOR,21526537,N,Y,39.6003436,-86.1659761
PAST SALE,March-14-2018,Single Family Residential,2437 Dry Ridge Ct,Greenwood,IN,46143,344500,3,3.5,White River,3424,20473,1999,3,101,22,Sold,,,http://www.redfin.com/IN/Greenwood/2437-Dry-Ridge-Ct-46143/home/60113463,MIBOR,21545177,N,Y,39.5810589,-86.1887043
PAST SALE,March-15-2018,Single Family Residential,4651 Brentridge Pkwy,Greenwood,IN,46143,400000,4,3.5,White River,3745,17424,1987,2,107,29,Sold,,,http://www.redfin.com/IN/Greenwood/4651-Brentridge-Pkwy-46143/home/82516311,MIBOR,21530402,N,Y,39.5833916,-86.1879297
PAST SALE,January-19-2018,Single Family Residential,1441 Dowell St,Greenwood,IN,46143,155000,3,2,Pleasant,1792,7405,2007,57,86,13,Sold,,,http://www.redfin.com/IN/Greenwood/1441-Dowell-St-46143/home/82519812,MIBOR,21527945,N,Y,39.5986345,-86.0927163
PAST SALE,February-27-2018,Single Family Residential,122 Mercator Dr,Greenwood,IN,46143,114900,3,1,Pleasant,1192,12641,1954,18,96,,Sold,,,http://www.redfin.com/IN/Greenwood/122-Mercator-Dr-46143/home/82519746,MIBOR,21540860,N,Y,39.605188,-86.1019094
PAST SALE,February-12-2018,Single Family Residential,1233 Tampico Rd,Greenwood,IN,46143,206500,4,2.5,Pleasant,1854,17424,1978,33,111,4,Sold,,,http://www.redfin.com/IN/Greenwood/1233-Tampico-Rd-46143/home/60103764,MIBOR,21510249,N,Y,39.6078018,-86.0885371
PAST SALE,March-16-2018,Single Family Residential,721 Clyde Dr,Greenwood,IN,46143,155000,3,2,White River,1480,22002,1968,1,105,,Sold,,,http://www.redfin.com/IN/Greenwood/721-Clyde-Dr-46143/home/60022092,MIBOR,21523699,N,Y,39.6000001,-86.2177158
PAST SALE,March-9-2018,Single Family Residential,1177 Tampico Rd,Greenwood,IN,46143,207000,3,2,Pleasant,1775,16552,1978,8,117,4,Sold,,,http://www.redfin.com/IN/Greenwood/1177-Tampico-Rd-46143/home/60087371,MIBOR,21542182,N,Y,39.6082085,-86.0898506
PAST SALE,March-12-2018,Single Family Residential,889 Queensgate Dr,Greenwood,IN,46143,185000,4,2.5,White River,2222,8712,1994,5,83,14,Sold,,,http://www.redfin.com/IN/Greenwood/889-Queensgate-Dr-46143/home/60053797,MIBOR,21528143,N,Y,39.6027331,-86.1761494
PAST SALE,March-14-2018,Single Family Residential,982 Ramsgate Rd,Greenwood,IN,46143,154500,4,3,White River,1848,6969,1997,3,84,15,Sold,,,http://www.redfin.com/IN/Greenwood/982-Ramsgate-Rd-46143/home/66942883,MIBOR,21528777,N,Y,39.6013489,-86.1769441
PAST SALE,March-9-2018,Single Family Residential,2842 Barnes Ct,Greenwood,IN,46142,148500,3,2,Pleasant,1773,5662,2005,8,84,19,Sold,,,http://www.redfin.com/IN/Greenwood/2842-Barnes-Ct-46143/home/60008037,MIBOR,21526920,N,Y,39.6135685,-86.0534782
PAST SALE,March-15-2018,Single Family Residential,2948 Treehouse Pass,Greenwood,IN,46143,160000,3,2,Pleasant,1777,7840,2008,2,90,25,Sold,,,http://www.redfin.com/IN/Greenwood/2948-Treehouse-Pass-46143/home/66879306,MIBOR,21547387,N,Y,39.6070712,-86.047802
PAST SALE,March-15-2018,Single Family Residential,2332 Providence Ct,Greenwood,IN,46143,125900,3,2.5,Pleasant,1421,4356,2001,2,89,12,Sold,,,http://www.redfin.com/IN/Greenwood/2332-Providence-Ct-46143/home/60063035,MIBOR,21546540,N,Y,39.5823052,-86.1057294
PAST SALE,March-16-2018,Single Family Residential,3997 Keyway Dr,Greenwood,IN,46143,298500,4,2.5,White River,3170,21780,1988,1,94,11,Sold,,,http://www.redfin.com/IN/Greenwood/3997-Way-Dr-46143/home/60057234,MIBOR,21529740,N,Y,39.583803,-86.176711
PAST SALE,September-18-2017,Single Family Residential,3422 Lukes Way,Greenwood,IN,46143,234900,2,2,White River,2000,16117,2017,180,117,190,Sold,,,http://www.redfin.com/IN/Greenwood/3422-Lukes-Way-46143/home/60169989,MIBOR,21483730,N,Y,39.60328,-86.166011
PAST SALE,November-10-2017,Single Family Residential,2148 Dockside,Greenwood,IN,46143,585000,5,5,White River,5680,19166,2002,127,103,31,Sold,,,http://www.redfin.com/IN/Greenwood/2148-Dockside-Dr-46143/home/60068301,MIBOR,21514959,N,Y,39.5851706,-86.1727321
PAST SALE,December-8-2017,Single Family Residential,4545 Lexington Row,Greenwood,IN,46143,340000,4,2,White River,2634,8712,2017,99,129,38,Sold,,,http://www.redfin.com/IN/Greenwood/4545-Lexington-Row-46143/home/82517733,MIBOR,21496206,N,Y,39.554819,-86.190459
PAST SALE,December-13-2017,Single Family Residential,2708 Winter Hawk Rd,Greenwood,IN,46143,203400,2,2,Pleasant,1596,8755,2017,94,127,93,Sold,,,http://www.redfin.com/IN/Greenwood/2708-Winterhawk-Rd-46143/home/109770344,MIBOR,21510074,N,Y,39.5811195,-86.0776555
PAST SALE,December-7-2017,Single Family Residential,4618 Fox Moor Pl,Greenwood,IN,46143,475000,5,5.5,White River,5387,16988,1990,100,88,29,Sold,,,http://www.redfin.com/IN/Greenwood/4618-Fox-Moor-Pl-46143/home/59987291,MIBOR,21482543,N,Y,39.5869802,-86.1892009
PAST SALE,December-11-2017,Single Family Residential,1760 Lanarkshire Dr,Greenwood,IN,46143,595000,4,4.5,White River,6957,28314,1999,96,86,31,Sold,,,http://www.redfin.com/IN/Greenwood/1760-Lanarkshire-Dr-46143/home/67009336,MIBOR,21482602,N,Y,39.5910979,-86.1721956
PAST SALE,December-8-2017,Single Family Residential,1785 S Franklin Rd,Greenwood,IN,46143,285000,3,3,Clark,2976,68650,1984,99,96,,Sold,,,http://www.redfin.com/IN/Greenwood/1785-S-Franklin-Rd-46143/home/82524568,MIBOR,21501803,N,Y,39.5890773,-86.0181316
PAST SALE,November-1-2017,Single Family Residential,4975 Pearcrest Cir,Greenwood,IN,46143,149900,4,2,White River,1604,10454,1998,136,93,,Sold,,,http://www.redfin.com/IN/Greenwood/4975-Pearcrest-Cir-46143/home/59994043,MIBOR,21514167,N,Y,39.5667585,-86.1964503
PAST SALE,October-30-2017,Single Family Residential,5031 Johnson St,Greenwood,IN,46143,151700,3,2,White River,2088,16988,1961,138,73,,Sold,,,http://www.redfin.com/IN/Greenwood/5031-Johnson-St-46143/home/60021882,MIBOR,21510597,N,Y,39.6021251,-86.1981979
PAST SALE,October-31-2017,Single Family Residential,2900 Cadogan Dr,Greenwood,IN,46143,170000,2,2,White River,1484,4356,2003,137,115,,Sold,,,http://www.redfin.com/IN/Greenwood/2900-Cadogan-Dr-46143/home/60142811,MIBOR,21522720,N,Y,39.5751531,-86.1653601
PAST SALE,November-1-2017,Single Family Residential,1870 N Franklin Rd,Greenwood,IN,46143,140000,1,1,Clark,1364,87120,1939,136,103,,Sold,,,http://www.redfin.com/IN/Greenwood/1870-N-Franklin-Rd-46143/home/82507736,MIBOR,21505438,N,Y,39.6372815,-86.0194716
PAST SALE,October-27-2017,Single Family Residential,1272 Townsend Dr,Greenwood,IN,46143,205000,3,2.5,Pleasant,2036,6838,2005,141,101,21,Sold,,,http://www.redfin.com/IN/Greenwood/1272-Townsend-Dr-46143/home/60048410,MIBOR,21509720,N,Y,39.6003009,-86.0727756
PAST SALE,November-3-2017,Single Family Residential,1710 Vidalia Ct,Greenwood,IN,46143,164900,2,1.5,Pleasant,1653,6795,2005,134,100,60,Sold,,,http://www.redfin.com/IN/Greenwood/1710-Vidalia-Ct-46143/home/82520873,MIBOR,21503691,N,Y,39.5916282,-86.0886764
PAST SALE,November-2-2017,Single Family Residential,1261 N Meridian St,Greenwood,IN,46143,90000,3,1.5,Pleasant,1248,15921,1958,135,72,,Sold,,,http://www.redfin.com/IN/Greenwood/1261-N-Meridian-St-46143/home/59984881,MIBOR,21517769,N,Y,39.6349697,-86.1059283
PAST SALE,November-8-2017,Single Family Residential,4215 W Hunters Ridge Ln,Greenwood,IN,46143,290000,4,3.5,White River,3531,24101,1983,129,82,8,Sold,,,http://www.redfin.com/IN/Greenwood/4215-W-Hunters-Ridge-Ln-46143/home/60056585,MIBOR,21508174,N,Y,39.5908571,-86.1820498
PAST SALE,October-20-2017,Single Family Residential,3032 Buckmoor Pkwy,Greenwood,IN,46143,178900,2,2,White River,2224,,1987,148,80,33,Sold,,,http://www.redfin.com/IN/Greenwood/3032-Buckmoor-Pkwy-46143/home/60118592,MIBOR,21512349,N,Y,39.596679,-86.1599348
PAST SALE,November-6-2017,Single Family Residential,442 Park Dr,Greenwood,IN,46143,104000,3,1,Pleasant,960,7801,1960,131,108,,Sold,,,http://www.redfin.com/IN/Greenwood/442-Park-Dr-46143/home/82509148,MIBOR,21505699,N,Y,39.6183415,-86.1025062
PAST SALE,October-27-2017,Single Family Residential,994 Harvest Ct,Greenwood,IN,46143,189900,4,3.5,Pleasant,2614,12079,1985,141,73,,Sold,,,http://www.redfin.com/IN/Greenwood/994-Harvest-Ct-46143/home/82509848,MIBOR,21511386,N,Y,39.620444,-86.0844504
PAST SALE,September-20-2017,Single Family Residential,955 Marguerita Way,Greenwood,IN,46143,220000,3,2.5,Pleasant,2082,21780,1975,178,106,,Sold,,,http://www.redfin.com/IN/Greenwood/955-Marguerita-Way-46143/home/82519578,MIBOR,21503451,N,Y,39.603731,-86.094579
PAST SALE,September-19-2017,Single Family Residential,3363 Enclave Ln,Greenwood,IN,46143,169000,3,2,White River,1785,7405,2012,179,95,33,Sold,,,http://www.redfin.com/IN/Greenwood/3363-Enclave-Ln-46143/home/60111823,MIBOR,21484743,N,Y,39.5707954,-86.1658569
PAST SALE,December-15-2017,Single Family Residential,620 Downing Dr,Greenwood,IN,46143,180000,4,2.5,Pleasant,2028,9452,1996,92,89,10,Sold,,,http://www.redfin.com/IN/Greenwood/620-Downing-Dr-46143/home/60082976,MIBOR,21523691,N,Y,39.597016,-86.1178242
PAST SALE,December-15-2017,Single Family Residential,1339 Osprey Way,Greenwood,IN,46143,150000,3,2,Pleasant,1431,9147,2001,92,105,17,Sold,,,http://www.redfin.com/IN/Greenwood/1339-Osprey-Way-46143/home/60144167,MIBOR,21524027,N,Y,39.5975919,-86.0868646
PAST SALE,December-8-2017,Single Family Residential,949 Yellowwood Dr,Greenwood,IN,46143,152000,3,2.5,White River,1604,10018,2000,99,95,21,Sold,,,http://www.redfin.com/IN/Greenwood/949-Yellowwood-Dr-46143/home/67003842,MIBOR,21516864,N,Y,39.6022556,-86.1854915
PAST SALE,December-21-2017,Single Family Residential,1128 Sweetbriar Dr,Greenwood,IN,46143,172000,3,2,Pleasant,1618,,2005,86,106,,Sold,,,http://www.redfin.com/IN/Greenwood/1128-Sweetbriar-Dr-46143/home/82519933,MIBOR,21529273,N,Y,39.6017987,-86.0802367
PAST SALE,October-31-2017,Single Family Residential,2834 Grandview Ln,Greenwood,IN,46143,303100,3,2,White River,2000,8712,2017,137,152,200,Sold,,,http://www.redfin.com/IN/Greenwood/2834-Grandview-Ln-46143/home/82517111,MIBOR,21502344,N,Y,39.5743109,-86.160399
PAST SALE,November-29-2017,Single Family Residential,4820 Oakleigh Pkwy,Greenwood,IN,46143,185000,3,2,White River,1683,9583,1998,108,110,17,Sold,,,http://www.redfin.com/IN/Greenwood/4820-Oakleigh-Pkwy-46143/home/60103908,MIBOR,21517698,N,Y,39.5674976,-86.1932035
PAST SALE,October-30-2017,Single Family Residential,5633 W Stones Crossing Rd,Greenwood,IN,46143,425000,4,3,White River,3650,64163,2014,138,116,42,Sold,,,http://www.redfin.com/IN/Greenwood/5633-Stones-Crossing-Rd-W-46143/home/82517635,MIBOR,21454700,N,Y,39.5763047,-86.2104099
PAST SALE,November-17-2017,Single Family Residential,1339 Windswept Dr,Greenwood,IN,46143,228500,3,2.5,White River,3616,9147,2010,120,63,26,Sold,,,http://www.redfin.com/IN/Greenwood/1339-Windswept-Dr-46143/home/60094202,MIBOR,21489273,N,Y,39.5969144,-86.2027653
PAST SALE,November-16-2017,Single Family Residential,727 Burr Oak Dr,Greenwood,IN,46143,213000,4,2.5,White River,2524,11325,1995,121,84,19,Sold,,,http://www.redfin.com/IN/Greenwood/727-Burr-Oak-Dr-46143/home/60136100,MIBOR,21517979,N,Y,39.6043367,-86.1416871
PAST SALE,October-20-2017,Single Family Residential,1222 Mount Brook Ct,Greenwood,IN,46143,170000,3,2,White River,1816,7405,1995,148,94,33,Sold,,,http://www.redfin.com/IN/Greenwood/1222-Mount-Brook-Ct-46143/home/66952427,MIBOR,21513714,N,Y,39.5992253,-86.1638299
PAST SALE,October-12-2017,Single Family Residential,5200 Summerfield,Greenwood,IN,46143,265000,3,2,White River,1877,13503,2006,156,141,22,Sold,,,http://www.redfin.com/IN/Greenwood/5200-Summerfield-Xing-46143/home/67086522,MIBOR,21487153,N,Y,39.5658249,-86.1999852
PAST SALE,November-17-2017,Single Family Residential,880 Heatherwood Dr,Greenwood,IN,46143,139000,3,2,Pleasant,1284,9104,2007,120,108,15,Sold,,,http://www.redfin.com/IN/Greenwood/880-Heatherwood-Dr-46143/home/67100365,MIBOR,21522545,N,Y,39.6003372,-86.1293294
PAST SALE,November-8-2017,Single Family Residential,1751 Windward Dr,Greenwood,IN,46143,359900,3,3.5,White River,4720,16552,1994,129,76,30,Sold,,,http://www.redfin.com/IN/Greenwood/1751-Windward-Dr-46143/home/82516006,MIBOR,21517533,N,Y,39.5901704,-86.1789309
