SALE TYPE,SOLD DATE,PROPERTY TYPE,ADDRESS,CITY,STATE,ZIP,PRICE,BEDS,BATHS,LOCATION,SQUARE FEET,LOT SIZE,YEAR BUILT,DAYS ON MARKET,$/SQUARE FEET,HOA/MONTH,STATUS,NEXT OPEN HOUSE START TIME,NEXT OPEN HOUSE END TIME,URL (SEE http://www.redfin.com/buy-a-home/comparative-market-analysis FOR INFO ON PRICING),SOURCE,MLS#,FAVORITE,INTERESTED,LATITUDE,LONGITUDE
PAST SALE,September-20-2017,Single Family Residential,69 E County Line Rd,Mooresville,IN,46158,131900,3,1.5,Brown,1574,37897,1950,178,84,,Sold,,,http://www.redfin.com/IN/Mooresville/69-E-County-Line-Rd-46158/home/60117147,MIBOR,21513930,N,Y,39.630464,-86.373567
PAST SALE,September-27-2017,Single Family Residential,101 Paul Revere Dr,Mooresville,IN,46158,253650,3,2.5,Brown,2191,9801,2015,171,116,,Sold,,,http://www.redfin.com/IN/Mooresville/101-Paul-Revere-Dr-46158/home/60176275,MIBOR,21451749,N,Y,39.6154719,-86.346549
PAST SALE,October-18-2017,Single Family Residential,9460 N Kitchen Rd,Mooresville,IN,46158,340000,3,3.0,Madison,2560,463478,1977,150,133,,Sold,,,http://www.redfin.com/IN/Mooresville/9460-N-Kitchen-Rd-46158/home/101391090,MIBOR,21504290,N,Y,39.569167,-86.319722
PAST SALE,November-13-2017,Single Family Residential,11751 N Oldfield Ln,Mooresville,IN,46158,218000,4,2.5,Brown,2448,136778,1940,124,89,50,Sold,,,http://www.redfin.com/IN/Mooresville/11751-Oldfield-Ln-46158/home/60071229,MIBOR,21516530,N,Y,39.597938,-86.3915279
PAST SALE,November-17-2017,Single Family Residential,10278 N West Union Rd,Mooresville,IN,46158,109900,3,2.0,Monroe,1310,43560,1983,120,84,,Sold,,,http://www.redfin.com/IN/Mooresville/10278-N-West-Union-Rd-46158/home/82388584,MIBOR,21510744,N,Y,39.57541,-86.4658649
PAST SALE,November-21-2017,Single Family Residential,9301 N Viola Way,Mooresville,IN,46158,275000,3,2.5,Brown,2948,138520,2001,116,93,6,Sold,,,http://www.redfin.com/IN/Mooresville/9301-N-Viola-Way-46158/home/60130132,MIBOR,21491029,N,Y,39.562725,-86.336257
PAST SALE,December-14-2017,Single Family Residential,12761 N West Commons Ct,Mooresville,IN,46158,313298,2,2.0,Madison,1692,8581,2017,93,185,100,Sold,,,http://www.redfin.com/IN/Mooresville/12761-N-West-Commons-Ct-46158/home/82392713,MIBOR,21528707,N,Y,39.613354,-86.32939
PAST SALE,September-25-2017,Single Family Residential,62 Crestwood Dr,Mooresville,IN,46158,123000,3,1.0,Brown,999,9901,1961,173,123,,Sold,,,http://www.redfin.com/IN/Mooresville/62-Crestwood-Dr-46158/home/60085114,MIBOR,21506411,N,Y,39.6205196,-86.3680671
PAST SALE,February-2-2018,Single Family Residential,4401 E Rinker Rd,Mooresville,IN,46158,130000,3,2.5,Clay,2448,90169,1995,43,53,,Sold,,,http://www.redfin.com/IN/Mooresville/4401-Rinker-Rd-46158/home/60104023,MIBOR,21530071,N,Y,39.5276878,-86.3468844
PAST SALE,February-16-2018,Single Family Residential,106 Camelia Ct,Mooresville,IN,46158,160000,4,2.5,Brown,1888,12144,1999,29,85,,Sold,,,http://www.redfin.com/IN/Mooresville/106-Camelia-Ct-46158/home/59999994,MIBOR,21529868,N,Y,39.6149719,-86.3439934
PAST SALE,January-31-2018,Single Family Residential,101 W Arcadia Way,Mooresville,IN,46158,234900,3,2.0,Monroe,1844,37897,2004,45,127,,Sold,,,http://www.redfin.com/IN/Mooresville/101-Arcadia-Way-46158/home/66990887,MIBOR,21529454,N,Y,39.6063982,-86.431364
PAST SALE,November-30-2017,Single Family Residential,,Mooresville,IN,46158,165000,4,2.5,,3414,43560,2000,107,48,,Sold,,,http://www.redfin.com/IN/Mooresville/Undisclosed-address-46158/home/60025416,MIBOR,21520188,N,Y,39.5724281,-86.312617
PAST SALE,December-11-2017,Single Family Residential,12040 Callie Dr,Mooresville,IN,46158,264900,4,2.0,Monroe,2751,60983,1998,96,96,,Sold,,,http://www.redfin.com/IN/Mooresville/12040-Callie-Dr-46158/home/66966461,MIBOR,21503401,N,Y,39.6018791,-86.4219932
PAST SALE,December-18-2017,Single Family Residential,206 Pineview Dr,Mooresville,IN,46158,163900,3,2.0,Brown,1633,9626,1996,89,100,17,Sold,,,http://www.redfin.com/IN/Mooresville/206-Pineview-Dr-46158/home/67017812,MIBOR,21520576,N,Y,39.6039792,-86.3526066
PAST SALE,February-15-2018,Single Family Residential,340 Cottonwood Dr,Mooresville,IN,46158,289900,3,2.5,Brown,3258,42958,1989,30,89,,Sold,,,http://www.redfin.com/IN/Mooresville/340-Cottonwood-Dr-46158/home/82386093,MIBOR,21515148,N,Y,39.6261416,-86.3817222
PAST SALE,January-25-2018,Single Family Residential,157 N Indiana St,Mooresville,IN,46158,185000,4,2.0,Brown,1924,9408,1929,51,96,,Sold,,,http://www.redfin.com/IN/Mooresville/157-N-Indiana-St-46158/home/82386161,MIBOR,21522663,N,Y,39.6154059,-86.3746379
PAST SALE,January-22-2018,Single Family Residential,103 Buckthorne Ln,Mooresville,IN,46158,138000,3,2.0,Brown,1168,14832,1998,54,118,,Sold,,,http://www.redfin.com/IN/Mooresville/103-Buckthorne-Ln-46158/home/82387696,MIBOR,21520732,N,Y,39.611592,-86.3415775
PAST SALE,December-8-2017,Single Family Residential,10156 N Carver Dr E,Mooresville,IN,46158,56050,1,1.0,Madison,960,23653,1986,99,58,,Sold,,,http://www.redfin.com/IN/Mooresville/10156-N-Carver-Dr-E-46158/home/82389614,MIBOR,21524606,N,Y,39.5760942,-86.3192247
PAST SALE,February-23-2018,Single Family Residential,4935 E Daisy Ln,Mooresville,IN,46158,252000,4,2.0,Brown,2055,12196,2017,22,123,8,Sold,,,http://www.redfin.com/IN/Mooresville/4935-E-Daisy-Ln-46158/home/60174736,MIBOR,21515185,N,Y,39.581413,-86.338022
PAST SALE,January-18-2018,Single Family Residential,220 E Knox St,Mooresville,IN,46158,96000,3,1.5,Clay,1294,11878,1973,58,74,,Sold,,,http://www.redfin.com/IN/Mooresville/220-E-Knox-St-46158/home/82390725,MIBOR,21529991,N,Y,39.5468633,-86.366642
PAST SALE,January-22-2018,Single Family Residential,919 Moonlight Ct,Mooresville,IN,46158,145000,3,2.0,Brown,1376,10471,2000,54,105,,Sold,,,http://www.redfin.com/IN/Mooresville/919-Moonlight-Ct-46158/home/60085890,MIBOR,21528256,N,Y,39.5984212,-86.3624169
PAST SALE,December-27-2017,Single Family Residential,461 Maple Ln,Mooresville,IN,46158,63000,2,1.0,Brown,1008,9147,1957,80,63,,Sold,,,http://www.redfin.com/IN/Mooresville/461-Maple-Ln-46158/home/82385272,MIBOR,21526491,N,Y,39.6183191,-86.3705016
PAST SALE,November-27-2017,Single Family Residential,116 W South St,Mooresville,IN,46158,123000,3,1.0,Brown,2041,10890,1910,110,60,,Sold,,,http://www.redfin.com/IN/Mooresville/116-West-South-St-46158/home/60041415,MIBOR,21503244,N,Y,39.6087576,-86.3779356
PAST SALE,November-10-2017,Single Family Residential,213 St Clair St,Mooresville,IN,46158,50000,1,1.0,Brown,576,23435,1947,127,87,,Sold,,,http://www.redfin.com/IN/Mooresville/213-Saint-Clair-St-46158/home/60171863,MIBOR,21477061,N,Y,39.6184603,-86.3692151
PAST SALE,November-20-2017,Single Family Residential,55 Crestwood Dr,Mooresville,IN,46158,135000,3,2.0,Brown,1566,7405,1961,117,86,,Sold,,,http://www.redfin.com/IN/Mooresville/55-Crestwood-Dr-46158/home/82385119,MIBOR,21519159,N,Y,39.6202795,-86.369413
PAST SALE,December-26-2017,Single Family Residential,51 Endsley Dr,Mooresville,IN,46158,79905,3,2.0,Clay,1381,15263,1988,81,58,,Sold,,,http://www.redfin.com/IN/Mooresville/51-Endsley-Dr-46158/home/82391870,MIBOR,21519090,N,Y,39.5350903,-86.3733317
PAST SALE,March-2-2018,Single Family Residential,135 Merriman Rd,Mooresville,IN,46158,184900,3,2.0,Brown,1550,21780,2018,15,119,,Sold,,,http://www.redfin.com/IN/Mooresville/135-Merriman-Rd-46158/home/60174297,MIBOR,21542154,N,Y,39.5651579,-86.375092
PAST SALE,February-23-2018,Single Family Residential,112 S Monroe St,Mooresville,IN,46158,229000,4,3.0,Brown,3528,12401,1920,22,65,,Sold,,,http://www.redfin.com/IN/Mooresville/112-S-Monroe-St-46158/home/60010293,MIBOR,21517806,N,Y,39.6113399,-86.3799413
PAST SALE,March-2-2018,Single Family Residential,6090 E Smokey View Ln W,Mooresville,IN,46158,187000,3,2.5,Madison,1465,41207,2004,15,128,,Sold,,,http://www.redfin.com/IN/Mooresville/6090-E-Smokey-View-Ln-W-46158/home/67001791,MIBOR,21519210,N,Y,39.5363787,-86.3128151
PAST SALE,March-16-2018,Single Family Residential,134 Merriman Rd,Mooresville,IN,46158,98500,3,1.0,Brown,888,12375,1956,1,111,,Sold,,,http://www.redfin.com/IN/Mooresville/134-Merriman-Rd-46158/home/66952724,MIBOR,21528386,N,Y,39.5657173,-86.3750337
PAST SALE,October-18-2017,Single Family Residential,9057 N Watson Meadows Ln,Mooresville,IN,46158,367500,4,4.5,Madison,4377,87120,2005,150,84,8,Sold,,,http://www.redfin.com/IN/Mooresville/9057-N-Watson-Meadows-Ln-46158/home/60152208,MIBOR,21503615,N,Y,39.561243,-86.3242467
PAST SALE,October-16-2017,Single Family Residential,61 Crestwood Dr,Mooresville,IN,46158,109900,3,1.0,Brown,1107,7801,1961,152,99,,Sold,,,http://www.redfin.com/IN/Mooresville/61-Crestwood-Dr-46158/home/67059903,MIBOR,21509625,N,Y,39.6201179,-86.3681067
PAST SALE,October-19-2017,Single Family Residential,680 Red Oak Way,Mooresville,IN,46158,160000,3,2.0,Brown,1610,11761,1993,149,99,,Sold,,,http://www.redfin.com/IN/Mooresville/680-Red-Oak-Way-46158/home/59993487,MIBOR,21511925,N,Y,39.5970348,-86.3573581
PAST SALE,November-30-2017,Single Family Residential,47 W Harrison St,Mooresville,IN,46158,179900,3,2.0,Brown,3012,6534,1920,107,60,,Sold,,,http://www.redfin.com/IN/Mooresville/47-W-Harrison-St-46158/home/60065620,MIBOR,21515155,N,Y,39.6114771,-86.3765773
PAST SALE,November-20-2017,Single Family Residential,216 E Carlisle St,Mooresville,IN,46158,106000,2,1.0,Brown,884,6730,1948,117,120,,Sold,,,http://www.redfin.com/IN/Mooresville/216-E-Carlisle-St-46158/home/60157536,MIBOR,21520049,N,Y,39.6179632,-86.3687796
PAST SALE,November-21-2017,Single Family Residential,7 Victor Dr,Mooresville,IN,46158,164000,3,2.0,Brown,2854,26571,1956,116,57,,Sold,,,http://www.redfin.com/IN/Mooresville/7-Victor-Dr-46158/home/67061989,MIBOR,21513947,N,Y,39.6268606,-86.3763398
PAST SALE,November-17-2017,Single Family Residential,5363 E Lakeside Ln,Mooresville,IN,46158,260900,3,2.0,Madison,2115,13155,2006,120,123,125,Sold,,,http://www.redfin.com/IN/Mooresville/5363-E-Lakeside-Ln-46158/home/67092933,MIBOR,21513264,N,Y,39.610851,-86.3301894
PAST SALE,November-16-2017,Single Family Residential,6280 E State Road 144,Mooresville,IN,46158,298000,4,2.5,Madison,2242,293441,1974,121,133,,Sold,,,http://www.redfin.com/IN/Mooresville/6280-E-State-Rd-46158/home/82390455,MIBOR,21481697,N,Y,39.581152,-86.308384
PAST SALE,January-23-2018,Single Family Residential,10659 N Smokey Row Rd,Mooresville,IN,46158,230000,4,2.5,Madison,2708,59677,1920,53,85,,Sold,,,http://www.redfin.com/IN/Mooresville/10659-N-Smokey-Row-Rd-46158/home/60121695,MIBOR,21496424,N,Y,39.5849065,-86.2689666
PAST SALE,January-11-2018,Single Family Residential,7806 E Old State Road 144,Mooresville,IN,46158,177500,2,2.0,Madison,2868,113430,1940,65,62,,Sold,,,http://www.redfin.com/IN/Mooresville/7806-E-State-Rd-46158/home/82392444,MIBOR,21500167,N,Y,39.5670546,-86.2843536
PAST SALE,October-6-2017,Single Family Residential,10155 N Cooney Rd,Mooresville,IN,46158,184000,3,2.5,Monroe,2510,34848,1978,162,73,,Sold,,,http://www.redfin.com/IN/Mooresville/10155-N-Cooney-Rd-46158/home/59996679,MIBOR,21507713,N,Y,39.5735888,-86.420965
PAST SALE,September-29-2017,Single Family Residential,121 W Harrison St,Mooresville,IN,46158,138500,2,2.0,Brown,2112,6098,1927,169,66,,Sold,,,http://www.redfin.com/IN/Mooresville/121-W-Harrison-St-46158/home/60091621,MIBOR,21511640,N,Y,39.6114836,-86.3780812
PAST SALE,October-18-2017,Single Family Residential,7798 N Gray Rd,Mooresville,IN,46158,114900,3,1.0,Clay,2362,40001,1963,150,49,,Sold,,,http://www.redfin.com/IN/Mooresville/7798-N-Gray-Rd-46158/home/67001090,MIBOR,21512704,N,Y,39.5417716,-86.3362307
PAST SALE,October-2-2017,Single Family Residential,904 Moonlight Ct,Mooresville,IN,46158,150000,3,2.0,Brown,1787,10018,1999,166,84,,Sold,,,http://www.redfin.com/IN/Mooresville/904-Moonlight-Ct-46158/home/82389414,MIBOR,21506371,N,Y,39.5979694,-86.3615388
PAST SALE,,Single Family Residential,656 Sugar Maple Ln,Mooresville,IN,46158,,3,2.0,,1256,12040,1993,,,,Sold,,,http://www.redfin.com/IN/Mooresville/656-Sugar-Maple-Ln-46158/home/82391892,MIBOR,,N,Y,39.5982873,-86.3588022
PAST SALE,February-16-2018,Single Family Residential,20 Hemlock Ct,Mooresville,IN,46158,264900,4,3.0,Brown,3061,48970,1989,29,87,,Sold,,,http://www.redfin.com/IN/Mooresville/20-Hemlock-Ct-46158/home/59998305,MIBOR,21539523,N,Y,39.6261058,-86.3799216
PAST SALE,February-7-2018,Single Family Residential,450 Tulip Dr,Mooresville,IN,46158,145500,3,1.5,Brown,1395,19013,1964,38,104,,Sold,,,http://www.redfin.com/IN/Mooresville/450-Tulip-Dr-46158/home/67035236,MIBOR,21527660,N,Y,39.6212708,-86.3566454
PAST SALE,February-16-2018,Single Family Residential,1234 Northpointe Dr,Mooresville,IN,46158,125900,3,2.0,Brown,1063,10219,1987,29,118,,Sold,,,http://www.redfin.com/IN/Mooresville/1234-Northpoint-Dr-46158/home/82385699,MIBOR,21539976,N,Y,39.6302479,-86.3712734
PAST SALE,November-27-2017,Single Family Residential,30 Commerce Dr,Mooresville,IN,46158,129000,2,1.5,Brown,1293,5201,1940,110,100,,Sold,,,http://www.redfin.com/IN/Mooresville/30-Commerce-Dr-46158/home/82386080,MIBOR,21505819,N,Y,39.6137861,-86.3821576
PAST SALE,November-30-2017,Single Family Residential,116 Karrington Blvd,Mooresville,IN,46158,137000,3,2.0,Brown,1458,12458,2000,107,94,,Sold,,,http://www.redfin.com/IN/Mooresville/116-Karrington-Blvd-46158/home/82392709,MIBOR,21518856,N,Y,39.6124128,-86.3420527
PAST SALE,February-20-2018,Single Family Residential,323 Mcclure Blvd,Mooresville,IN,46158,130000,3,2.0,Clay,1947,23217,2002,25,67,,Sold,,,http://www.redfin.com/IN/Mooresville/323-McClure-Blvd-46158/home/82392454,MIBOR,21528969,N,Y,39.5402118,-86.3745587
PAST SALE,February-23-2018,Single Family Residential,530 Denny Dr,Mooresville,IN,46158,220000,4,3.5,Brown,2815,30139,1987,22,78,,Sold,,,http://www.redfin.com/IN/Mooresville/530-Denny-Dr-46158/home/82385784,MIBOR,21438805,N,Y,39.6210482,-86.3811682
PAST SALE,February-23-2018,Single Family Residential,11308 N Kitchen Rd,Mooresville,IN,46158,189000,3,2.0,Madison,2358,113256,1981,22,80,,Sold,,,http://www.redfin.com/IN/Mooresville/11308-N-Kitchen-Rd-46158/home/82389803,MIBOR,21525800,N,Y,39.5936727,-86.3189968
PAST SALE,February-23-2018,Single Family Residential,5966 E Kitchen Ln,Mooresville,IN,46158,300000,4,3.0,Madison,4500,49614,1998,22,67,,Sold,,,http://www.redfin.com/IN/Mooresville/5966-N-Kitchen-Rd-46158/home/60111799,MIBOR,21511804,N,Y,39.5932644,-86.3201063
PAST SALE,February-26-2018,Single Family Residential,8764 N Pennington Rd,Mooresville,IN,46158,213000,3,2.0,Madison,2255,51836,1993,19,94,,Sold,,,http://www.redfin.com/IN/Mooresville/8764-Pennington-Rd-46158/home/60016478,MIBOR,21541558,N,Y,39.5558463,-86.3315165
PAST SALE,February-28-2018,Single Family Residential,861 E State Road 42,Mooresville,IN,46158,149900,3,1.0,Brown,2140,53578,1930,17,70,,Sold,,,http://www.redfin.com/IN/Mooresville/861-Indiana-42-46158/home/60010514,MIBOR,21528239,N,Y,39.592963,-86.410594
PAST SALE,March-1-2018,Single Family Residential,1305 Autumn Dr,Mooresville,IN,46158,160000,3,2.0,Brown,1452,10454,1995,16,110,,Sold,,,http://www.redfin.com/IN/Mooresville/1305-Autumn-Dr-46158/home/67000402,MIBOR,21539650,N,Y,39.6155298,-86.343796
PAST SALE,February-16-2018,Single Family Residential,107 Winterberry Ln,Mooresville,IN,46158,134000,3,2.0,Brown,1366,11621,2000,29,98,,Sold,,,http://www.redfin.com/IN/Mooresville/107-Winterberry-Ln-46158/home/82388050,MIBOR,21512324,N,Y,39.6123342,-86.3433993
PAST SALE,March-6-2018,Single Family Residential,20 Crestwood Dr,Mooresville,IN,46158,159900,4,2.0,Brown,1722,7840,1959,11,93,,Sold,,,http://www.redfin.com/IN/Mooresville/20-Crestwood-Dr-46158/home/60132910,MIBOR,21543037,N,Y,39.6215725,-86.3695317
PAST SALE,March-9-2018,Single Family Residential,5808 E Orchard Rd,Mooresville,IN,46158,115000,3,1.0,Madison,984,32670,1967,8,117,,Sold,,,http://www.redfin.com/IN/Mooresville/5808-County-Road-1050-N-46158/home/82403254,MIBOR,21542240,N,Y,39.5818266,-86.3204233
PAST SALE,November-30-2017,Single Family Residential,304 Mcclure Blvd,Mooresville,IN,46158,205000,4,2.5,Clay,2346,27878,2004,107,87,,Sold,,,http://www.redfin.com/IN/Mooresville/304-McClure-Blvd-46158/home/66995220,MIBOR,21518551,N,Y,39.5408249,-86.3722234
PAST SALE,November-17-2017,Single Family Residential,8075 N Poplar Dr,Mooresville,IN,46158,165000,3,2.0,Madison,2821,65340,1962,120,58,,Sold,,,http://www.redfin.com/IN/Mooresville/8075-N-Poplar-Rd-46158/home/82392875,MIBOR,21517306,N,Y,39.5455204,-86.3347053
PAST SALE,November-16-2017,Single Family Residential,606 Meadows Dr,Mooresville,IN,46158,125000,3,1.5,Clay,1131,9491,1981,121,111,,Sold,,,http://www.redfin.com/IN/Mooresville/606-Meadows-Dr-46158/home/82403105,MIBOR,21519605,N,Y,39.545843,-86.372738
PAST SALE,October-18-2017,Single Family Residential,115 W State Road 42,Mooresville,IN,46158,203500,4,2.0,Monroe,1988,96703,1976,150,102,,Sold,,,http://www.redfin.com/IN/Mooresville/115-Indiana-42-46158/home/60135813,MIBOR,21519529,N,Y,39.5925771,-86.4291639
PAST SALE,March-14-2018,Single Family Residential,5148 E County Road 700,Mooresville,IN,46158,455000,4,3.5,Guilford,5076,117176,2004,3,90,,Sold,,,http://www.redfin.com/IN/Mooresville/5148-E-County-Road-700-S-46158/home/60058441,MIBOR,21514333,N,Y,39.6594311,-86.434637
PAST SALE,March-14-2018,Single Family Residential,57 Hadley St,Mooresville,IN,46158,124000,3,1.0,Brown,1075,13068,1952,3,115,,Sold,,,http://www.redfin.com/IN/Mooresville/57-Hadley-St-46158/home/59982480,MIBOR,21542560,N,Y,39.6165777,-86.3734504
PAST SALE,December-21-2017,Single Family Residential,21 Dunn Dr,Mooresville,IN,46158,119900,4,1.0,Brown,1152,8276,1960,86,104,,Sold,,,http://www.redfin.com/IN/Mooresville/21-Dunn-Dr-46158/home/82384800,MIBOR,21523701,N,Y,39.6249887,-86.3715208
PAST SALE,October-31-2017,Single Family Residential,9846 NW Union Rd,Mooresville,IN,46158,175000,3,2.0,Monroe,1379,20799,1976,137,127,,Sold,,,http://www.redfin.com/IN/Mooresville/9846-N-West-Union-Rd-46158/home/82389722,MIBOR,21514557,N,Y,39.56846,-86.466275
PAST SALE,November-30-2017,Single Family Residential,6221 E Spring Lake Rd,Mooresville,IN,46158,212000,3,2.5,Madison,2900,217800,1979,107,73,,Sold,,,http://www.redfin.com/IN/Mooresville/6221-County-Road-1100-N-46158/home/82390441,MIBOR,21514664,N,Y,39.587616,-86.312716
PAST SALE,December-18-2017,Single Family Residential,10445 N Ridgeview Dr,Mooresville,IN,46158,284000,4,2.5,Madison,2901,14374,2012,89,98,15,Sold,,,http://www.redfin.com/IN/Mooresville/10445-Ridgeview-Dr-46158/home/82400068,MIBOR,21503792,N,Y,39.58111,-86.3051638
PAST SALE,December-21-2017,Single Family Residential,12778 N Commons West Dr,Mooresville,IN,46158,244278,2,2.0,Madison,1568,19950,2017,86,156,100,Sold,,,http://www.redfin.com/IN/Mooresville/12778-N-Commons-West-Dr-46158/home/82387616,MIBOR,21529354,N,Y,39.6139889,-86.330751
PAST SALE,November-29-2017,Single Family Residential,387 E County Line Rd,Mooresville,IN,46158,98000,3,1.0,Brown,900,7840,1965,108,109,,Sold,,,http://www.redfin.com/IN/Mooresville/387-E-County-Line-Rd-46158/home/59983339,MIBOR,21501188,N,Y,39.6307341,-86.3687796
PAST SALE,January-9-2018,Single Family Residential,8642 Hickory Hill Trl,Mooresville,IN,46158,335000,4,3.5,Guilford,3121,14374,2004,67,107,10,Sold,,,http://www.redfin.com/IN/Mooresville/8642-Hickory-Hill-Trl-46158/home/60089858,MIBOR,21520282,N,Y,39.6358996,-86.3807329
PAST SALE,December-12-2017,Single Family Residential,363 Northeast St,Mooresville,IN,46158,139900,3,2.0,Brown,2710,10890,1928,95,52,,Sold,,,http://www.redfin.com/IN/Mooresville/363-Northeast-St-46158/home/60151361,MIBOR,21520758,N,Y,39.6147167,-86.3661376
PAST SALE,January-22-2018,Single Family Residential,101 Pioneer Ct,Mooresville,IN,46158,278000,4,2.0,Brown,2080,14788,1998,54,134,8,Sold,,,http://www.redfin.com/IN/Mooresville/101-Pioneer-Ct-46158/home/82385441,MIBOR,21529903,N,Y,39.6277481,-86.3815639
PAST SALE,February-1-2018,Single Family Residential,638 Tulip Poplar Ct,Mooresville,IN,46158,199900,4,4.0,Brown,2928,13120,2007,44,68,,Sold,,,http://www.redfin.com/IN/Mooresville/638-Tulip-Poplar-Ct-46158/home/82399756,MIBOR,21525618,N,Y,39.5991245,-86.3600246
PAST SALE,,Single Family Residential,204 Locust Ln,Mooresville,IN,46158,,3,1.5,,1308,7500,1999,,,,Sold,,,http://www.redfin.com/IN/Mooresville/204-Locust-Ln-46158/home/60001691,MIBOR,,N,Y,39.6245449,-86.3686015
PAST SALE,November-21-2017,Single Family Residential,928 S Johnson Rd,Mooresville,IN,46158,162500,3,1.5,Brown,1568,39639,1986,116,104,,Sold,,,http://www.redfin.com/IN/Mooresville/928-Johnson-Rd-46158/home/82399769,MIBOR,21505650,N,Y,39.5981765,-86.3543121
PAST SALE,January-26-2018,Single Family Residential,4840 E Marcia Dr,Mooresville,IN,46158,110000,3,1.5,Brown,1454,19602,1964,50,76,,Sold,,,http://www.redfin.com/IN/Mooresville/4840-Marcia-Dr-46158/home/67001531,MIBOR,21475623,N,Y,39.6114659,-86.3388446
PAST SALE,September-22-2017,Single Family Residential,1242 Autumn Dr,Mooresville,IN,46158,173500,3,2.0,Brown,1701,16687,2001,176,102,,Sold,,,http://www.redfin.com/IN/Mooresville/1242-Autumn-Dr-46158/home/82392341,MIBOR,21503491,N,Y,39.6157623,-86.3447855
PAST SALE,November-14-2017,Single Family Residential,6548 E Watson Rd,Mooresville,IN,46158,399900,4,3.0,Madison,4379,130680,1991,123,91,,Sold,,,http://www.redfin.com/IN/Mooresville/6548-E-Watson-Rd-46158/home/59998991,MIBOR,21503561,N,Y,39.5638519,-86.309823
PAST SALE,November-9-2017,Single Family Residential,9091 N Gold Creek Ln,Mooresville,IN,46158,240000,3,1.5,Monroe,1456,246549,1975,128,165,,Sold,,,http://www.redfin.com/IN/Mooresville/9091-Gold-Creek-Ln-46158/home/60066103,MIBOR,21514268,N,Y,39.559345,-86.435868
PAST SALE,November-10-2017,Single Family Residential,9533 N Oak Hill Ln,Mooresville,IN,46158,460000,4,3.5,Brown,6264,217800,1996,127,73,25,Sold,,,http://www.redfin.com/IN/Mooresville/9533-Oak-Hill-Ln-46158/home/67015117,MIBOR,21515200,N,Y,39.564545,-86.4048509
PAST SALE,November-17-2017,Single Family Residential,317 Wheeler St,Mooresville,IN,46158,144900,3,2.0,Brown,1288,6969,2017,120,113,,Sold,,,http://www.redfin.com/IN/Mooresville/317-Wheeler-St-46158/home/82385030,MIBOR,21500451,N,Y,39.617353,-86.367231
PAST SALE,February-1-2018,Single Family Residential,6695 E Ridgeway Dr,Mooresville,IN,46158,354900,4,3.5,Madison,3053,26136,1995,44,116,24,Sold,,,http://www.redfin.com/IN/Mooresville/6695-Ridgeway-Dr-46158/home/60158677,MIBOR,21515161,N,Y,39.5811542,-86.3036402
PAST SALE,December-21-2017,Single Family Residential,316 W Crestview Dr,Mooresville,IN,46158,140000,3,1.5,Monroe,1501,24498,1964,86,93,25,Sold,,,http://www.redfin.com/IN/Mooresville/316-Crestview-Dr-46158/home/82385560,MIBOR,21495698,N,Y,39.6082013,-86.433657
PAST SALE,February-9-2018,Single Family Residential,100 Buckthorne Ln,Mooresville,IN,46158,160000,4,2.5,Brown,1582,11099,1998,36,101,,Sold,,,http://www.redfin.com/IN/Mooresville/100-Buckthorne-Ln-46158/home/82392711,MIBOR,21520050,N,Y,39.6110391,-86.3419339
PAST SALE,November-10-2017,Single Family Residential,6189 E Roselyn Dr,Mooresville,IN,46158,119900,3,2.0,Madison,1765,41721,1961,127,68,,Sold,,,http://www.redfin.com/IN/Mooresville/6189-Rosalyn-Dr-46158/home/82398421,MIBOR,21518246,N,Y,39.5834001,-86.3128151
PAST SALE,November-21-2017,Single Family Residential,617 Tulip Poplar Ct,Mooresville,IN,46158,172000,4,2.0,Brown,2316,11761,1992,116,74,,Sold,,,http://www.redfin.com/IN/Mooresville/617-Tulip-Poplar-Ct-46158/home/60076049,MIBOR,21518082,N,Y,39.600241,-86.359441
PAST SALE,December-15-2017,Single Family Residential,4950 E Daisy Ln,Mooresville,IN,46158,248500,3,2.0,Brown,1917,12196,2017,92,130,17,Sold,,,http://www.redfin.com/IN/Mooresville/4950-E-Daisy-Ln-46158/home/60174735,MIBOR,21499955,N,Y,39.581981,-86.337459
PAST SALE,December-7-2017,Single Family Residential,1170 E Goat Hollow Ln,Mooresville,IN,46158,225000,3,2.0,Clay,1487,115869,1969,100,151,,Sold,,,http://www.redfin.com/IN/Mooresville/1170-Goat-Hollow-Ln-46158/home/82390792,MIBOR,21494369,N,Y,39.55322,-86.406847
PAST SALE,October-13-2017,Single Family Residential,9494 N Kitchen Rd,Mooresville,IN,46158,170000,2,1.5,Madison,1528,43560,1968,155,111,,Sold,,,http://www.redfin.com/IN/Mooresville/9494-N-Kitchen-Rd-46158/home/66804886,MIBOR,21495956,N,Y,39.5671379,-86.3161834
PAST SALE,November-10-2017,Single Family Residential,1186 Tiverton Dr,Mooresville,IN,46158,175000,3,2.5,Brown,2172,12100,1991,127,81,,Sold,,,http://www.redfin.com/IN/Mooresville/1186-Tiverton-Dr-46158/home/60066927,MIBOR,21486903,N,Y,39.6178563,-86.3493033
PAST SALE,November-7-2017,Single Family Residential,122 Wagon Trl,Mooresville,IN,46158,304000,4,2.5,Brown,3092,22341,2007,130,98,8,Sold,,,http://www.redfin.com/IN/Mooresville/122-Wagon-Trl-46158/home/60147745,MIBOR,21512133,N,Y,39.6284449,-86.3793477
PAST SALE,October-20-2017,Single Family Residential,6560 E Rolling Valley Ct,Mooresville,IN,46158,350000,3,3.5,Madison,3950,74705,2001,148,89,11,Sold,,,http://www.redfin.com/IN/Mooresville/6560-E-Rolling-Valley-Ct-46158/home/79085103,MIBOR,21507676,N,Y,39.5848098,-86.3070488
PAST SALE,October-27-2017,Single Family Residential,97 Lake Hart,Mooresville,IN,46158,45000,1,1.0,Monroe,1894,12301,1952,141,24,,Sold,,,http://www.redfin.com/IN/Mooresville/97-Northshore-Dr-46158/home/82389594,MIBOR,21506930,N,Y,39.5676758,-86.429654
PAST SALE,October-23-2017,Single Family Residential,1075 W Upland Ct,Mooresville,IN,46158,220000,3,2.5,Monroe,2008,44692,1995,145,110,6,Sold,,,http://www.redfin.com/IN/Mooresville/1075-W-Upland-Ct-46158/home/60084816,MIBOR,21509481,N,Y,39.598783,-86.4472548
PAST SALE,October-16-2017,Single Family Residential,25 Raesta Dr,Mooresville,IN,46158,253000,3,3.0,Brown,2034,43054,1985,152,124,,Sold,,,http://www.redfin.com/IN/Mooresville/25-Raesta-Dr-46158/home/82384964,MIBOR,21509808,N,Y,39.6240726,-86.3773688
PAST SALE,October-4-2017,Single Family Residential,11003 N Dake Ln,Mooresville,IN,46158,135000,3,1.0,Madison,2640,290109,1930,164,51,,Sold,,,http://www.redfin.com/IN/Mooresville/11003-N-Dake-Ln-46158/home/82391190,MIBOR,21514523,N,Y,39.588106,-86.325321
PAST SALE,October-5-2017,Single Family Residential,5401 E Commons Dr,Mooresville,IN,46158,292368,3,2.0,Madison,1741,7405,2017,163,168,125,Sold,,,http://www.redfin.com/IN/Mooresville/5401-E-Commons-Dr-46158/home/82387744,MIBOR,21517606,N,Y,39.613608,-86.32914
PAST SALE,October-27-2017,Single Family Residential,216 Oakview Dr,Mooresville,IN,46158,200000,4,2.5,Brown,2740,12671,1999,141,73,17,Sold,,,http://www.redfin.com/IN/Mooresville/216-Oakview-Dr-46158/home/82388679,MIBOR,21510216,N,Y,39.6069044,-86.3462904
PAST SALE,September-29-2017,Single Family Residential,9810 N Misty Ct,Mooresville,IN,46158,417000,5,3.5,Madison,4812,43124,1999,169,87,,Sold,,,http://www.redfin.com/IN/Mooresville/9810-Misty-Ct-46158/home/66924599,MIBOR,21501517,N,Y,39.5758203,-86.2956331
PAST SALE,February-1-2018,Single Family Residential,308 E Washington St,Mooresville,IN,46158,70119,2,2.0,Brown,1560,9422,1900,44,45,,Sold,,,http://www.redfin.com/IN/Mooresville/308-E-Washington-St-46158/home/82386227,MIBOR,21529930,N,Y,39.6140413,-86.3674142
PAST SALE,,Single Family Residential,9301 N Oak Creek Dr,Mooresville,IN,46158,,4,5.0,,3954,224334,1991,,,,Sold,,,http://www.redfin.com/IN/Mooresville/9301-Oak-Creek-Dr-46158/home/82390700,MIBOR,,N,Y,39.558242,-86.461858
PAST SALE,March-15-2018,Single Family Residential,8684 N Kitchen Rd,Mooresville,IN,46158,225000,2,2.0,Madison,3808,261360,1980,2,59,,Sold,,,http://www.redfin.com/IN/Mooresville/8684-N-Kitchen-Rd-46158/home/67077871,MIBOR,21495535,N,Y,39.553587,-86.318681
PAST SALE,October-5-2017,Single Family Residential,2838 E Woodside Dr,Mooresville,IN,46158,147000,4,1.5,Brown,1630,17201,1979,163,90,,Sold,,,http://www.redfin.com/IN/Mooresville/2838-Woodside-Dr-46158/home/60034190,MIBOR,21475706,N,Y,39.584773,-86.3732525
PAST SALE,October-31-2017,Single Family Residential,,Mooresville,IN,46158,132000,3,2.0,,1152,,1959,137,115,,Sold,,,http://www.redfin.com/IN/Mooresville/Undisclosed-address-46158/home/82385128,MIBOR,21514323,N,Y,39.6242302,-86.3733713
PAST SALE,October-26-2017,Single Family Residential,137 E Washington St,Mooresville,IN,46158,92000,2,1.0,Brown,1533,13068,1900,142,60,,Sold,,,http://www.redfin.com/IN/Mooresville/137-E-Washington-St-46158/home/82384916,MIBOR,21510077,N,Y,39.61368,-86.3708552
PAST SALE,January-19-2018,Single Family Residential,555 W Gold Creek Rd,Mooresville,IN,46158,170000,3,2.0,Monroe,1545,103672,1965,57,110,,Sold,,,http://www.redfin.com/IN/Mooresville/555-W-Gold-Creek-Rd-46158/home/60049007,MIBOR,21522668,N,Y,39.557478,-86.440697
PAST SALE,January-16-2018,Single Family Residential,136 Lake Hart Dr,Mooresville,IN,46158,25000,1,1.0,Monroe,744,13068,1952,60,34,,Sold,,,http://www.redfin.com/IN/Mooresville/136-Northshore-Dr-46158/home/67052666,MIBOR,21528615,N,Y,39.5677358,-86.4312849
PAST SALE,March-7-2018,Single Family Residential,4467 E Watson Rd,Mooresville,IN,46158,165000,4,1.0,Clay,1872,30143,1940,10,88,,Sold,,,http://www.redfin.com/IN/Mooresville/4467-E-Watson-Rd-46158/home/67081639,MIBOR,21518258,N,Y,39.5585463,-86.3469476
PAST SALE,January-5-2018,Single Family Residential,156 E Carlisle St,Mooresville,IN,46158,110000,3,1.5,Brown,1017,9583,1954,71,108,,Sold,,,http://www.redfin.com/IN/Mooresville/156-E-Carlisle-St-46158/home/60111300,MIBOR,21526226,N,Y,39.6178029,-86.3713922
PAST SALE,December-22-2017,Single Family Residential,11 Sunbury Dr,Mooresville,IN,46158,105000,3,1.0,Brown,864,8276,1957,85,122,,Sold,,,http://www.redfin.com/IN/Mooresville/11-Sunbury-Dr-46158/home/60140583,MIBOR,21529458,N,Y,39.6201359,-86.3728864
PAST SALE,December-28-2017,Single Family Residential,55 E Carlisle St,Mooresville,IN,46158,94000,3,1.0,Brown,1552,7788,1956,79,61,,Sold,,,http://www.redfin.com/IN/Mooresville/55-E-Carlisle-St-46158/home/82386259,MIBOR,21527337,N,Y,39.6173946,-86.3738067
PAST SALE,January-26-2018,Single Family Residential,268 E Harrison St,Mooresville,IN,46158,85000,3,2.0,Brown,1050,7840,1910,50,81,,Sold,,,http://www.redfin.com/IN/Mooresville/268-E-Harrison-St-46158/home/82386474,MIBOR,21492892,N,Y,39.6118556,-86.3680275
PAST SALE,March-8-2018,Single Family Residential,11557 N Bethesda Rd,Mooresville,IN,46158,125000,4,3.0,Gregg,2970,23261,1978,9,42,,Sold,,,http://www.redfin.com/IN/Mooresville/11557-N-Bethesda-Rd-46158/home/82390884,MIBOR,21540328,N,Y,39.5938938,-86.421835
PAST SALE,March-15-2018,Single Family Residential,375 E County Line Rd,Mooresville,IN,46158,126500,3,1.5,Brown,1255,7919,1965,2,101,,Sold,,,http://www.redfin.com/IN/Mooresville/375-E-County-Line-Rd-46158/home/60140659,MIBOR,21539836,N,Y,39.6307012,-86.3690171
PAST SALE,September-21-2017,Single Family Residential,11625 N Oldfield Ln,Mooresville,IN,46158,195000,4,2.5,Brown,4536,44431,1969,177,43,50,Sold,,,http://www.redfin.com/IN/Mooresville/11625-Oldfield-Ln-46158/home/82389924,MIBOR,21491543,N,Y,39.5951482,-86.3925843
PAST SALE,September-18-2017,Single Family Residential,60 Lincoln Ln,Mooresville,IN,46158,154000,3,2.5,Brown,1782,12458,1991,180,86,,Sold,,,http://www.redfin.com/IN/Mooresville/60-Lincoln-Ln-46158/home/60109530,MIBOR,21497337,N,Y,39.6146358,-86.3728228
PAST SALE,September-18-2017,Single Family Residential,9435 N Bishop Ln,Mooresville,IN,46158,135000,3,1.0,Madison,1689,40510,1958,180,80,,Sold,,,http://www.redfin.com/IN/Mooresville/9435-Bishop-Ln-46158/home/60051914,MIBOR,21491743,N,Y,39.5672898,-86.2803487
PAST SALE,September-28-2017,Single Family Residential,862 Meadow Ct,Mooresville,IN,46158,112000,3,2.0,Brown,1226,8929,1991,170,91,,Sold,,,http://www.redfin.com/IN/Mooresville/862-Meadow-Ct-46158/home/60112797,MIBOR,21510244,N,Y,39.6031514,-86.3615618
PAST SALE,January-10-2018,Single Family Residential,109 W Greencastle Rd,Mooresville,IN,46158,415000,4,3.5,Monroe,3845,76230,1996,66,108,,Sold,,,http://www.redfin.com/IN/Mooresville/109-W-Greencastle-Rd-46158/home/60136254,MIBOR,21496427,N,Y,39.61526,-86.429574
PAST SALE,January-17-2018,Single Family Residential,110 Broad Leaf Pl,Mooresville,IN,46158,139900,3,2.0,Brown,1494,14161,1996,59,94,,Sold,,,http://www.redfin.com/IN/Mooresville/110-Broadleaf-Pl-46158/home/82388305,MIBOR,21528931,N,Y,39.6107486,-86.344231
PAST SALE,February-16-2018,Single Family Residential,306 Sundown Mnr,Mooresville,IN,46158,124900,3,1.0,Brown,1000,13068,1959,29,125,,Sold,,,http://www.redfin.com/IN/Mooresville/306-E-Sundown-Mnr-46158/home/82389887,MIBOR,21528923,N,Y,39.5831824,-86.3778438
PAST SALE,February-23-2018,Single Family Residential,1275 N Indiana St,Mooresville,IN,46158,84000,3,2.0,Brown,1178,33105,1935,22,71,,Sold,,,http://www.redfin.com/IN/Mooresville/1275-N-Indiana-St-46158/home/82385619,MIBOR,21541445,N,Y,39.6305968,-86.374717
PAST SALE,,Single Family Residential,65 Holiday Ln,Mooresville,IN,46158,,3,1.0,,1200,7131,1959,,,,Sold,,,http://www.redfin.com/IN/Mooresville/65-Holiday-Ln-46158/home/59984524,MIBOR,,N,Y,39.6241529,-86.3721838
PAST SALE,December-29-2017,Single Family Residential,318 Maple Ln,Mooresville,IN,46158,60000,3,1.0,Brown,2470,7200,1948,78,24,,Sold,,,http://www.redfin.com/IN/Mooresville/318-Maple-Ln-46158/home/82385879,MIBOR,21504017,N,Y,39.6172898,-86.3709955
PAST SALE,February-26-2018,Single Family Residential,4758 E Hadley Rd,Mooresville,IN,46158,139350,3,1.5,Brown,1392,19602,1956,19,100,,Sold,,,http://www.redfin.com/IN/Mooresville/4758-E-Hadley-Rd-46158/home/67097125,MIBOR,21540585,N,Y,39.6102237,-86.3403497
PAST SALE,December-28-2017,Single Family Residential,117 Lewis Dr,Mooresville,IN,46158,143500,4,2.0,Brown,1176,12196,1957,79,122,,Sold,,,http://www.redfin.com/IN/Mooresville/117-Lewis-Dr-46158/home/60116392,MIBOR,21522426,N,Y,39.5663231,-86.3737671
PAST SALE,December-28-2017,Single Family Residential,166 Allen Dr,Mooresville,IN,46158,121036,3,1.0,Brown,1064,16552,1990,79,114,,Sold,,,http://www.redfin.com/IN/Mooresville/166-Allen-Dr-46158/home/82390505,MIBOR,21524251,N,Y,39.5687979,-86.3755482
PAST SALE,January-25-2018,Single Family Residential,5754 E Orchard Rd,Mooresville,IN,46158,141000,3,1.5,Madison,1136,34804,1963,51,124,,Sold,,,http://www.redfin.com/IN/Mooresville/5754-County-Rd-1050-N-46158/home/59985355,MIBOR,21523710,N,Y,39.5818175,-86.3214138
PAST SALE,March-7-2018,Single Family Residential,205 Lake Hart,Mooresville,IN,46158,11500,1,1.0,Monroe,320,20473,1952,10,36,,Sold,,,http://www.redfin.com/IN/Mooresville/205-Northshore-Dr-46158/home/66953291,MIBOR,21544994,N,Y,39.5674071,-86.4341446
PAST SALE,September-29-2017,Single Family Residential,811 Westbrook Dr,Mooresville,IN,46158,136900,3,3.0,Brown,1920,7840,1959,169,71,,Sold,,,http://www.redfin.com/IN/Mooresville/811-Westbrook-Dr-46158/home/60086417,MIBOR,21505759,N,Y,39.624371,-86.3728066
PAST SALE,September-28-2017,Single Family Residential,781 Springmill Dr,Mooresville,IN,46158,147000,3,2.0,Brown,1267,7501,1991,170,116,,Sold,,,http://www.redfin.com/IN/Mooresville/781-Springmill-Dr-46158/home/67029281,MIBOR,21507533,N,Y,39.6018897,-86.3611788
PAST SALE,September-22-2017,Single Family Residential,1073 Westwood Dr,Mooresville,IN,46158,80000,3,1.0,Brown,1225,7801,1965,176,65,,Sold,,,http://www.redfin.com/IN/Mooresville/1073-Westwood-Dr-46158/home/82385914,MIBOR,21503731,N,Y,39.6286262,-86.3696505
PAST SALE,September-29-2017,Single Family Residential,10020 N Jeffery Dr,Mooresville,IN,46158,150000,3,2.0,Madison,1203,26179,1995,169,125,,Sold,,,http://www.redfin.com/IN/Mooresville/10020-N-Jeffery-Dr-46158/home/60163550,MIBOR,21505545,N,Y,39.5743851,-86.3235138
PAST SALE,September-29-2017,Single Family Residential,9711 N Summer Ridge Ln,Mooresville,IN,46158,390000,4,4.0,Madison,3652,66211,2002,169,107,,Sold,,,http://www.redfin.com/IN/Mooresville/9711-Summer-Ridge-Ln-46158/home/60000692,MIBOR,21505134,N,Y,39.5731694,-86.2934131
PAST SALE,September-22-2017,Single Family Residential,609 Meadows Dr,Mooresville,IN,46158,118000,3,1.5,Clay,1242,10454,1985,176,95,,Sold,,,http://www.redfin.com/IN/Mooresville/609-Meadows-Dr-46158/home/60038584,MIBOR,21510900,N,Y,39.5454166,-86.3732921
PAST SALE,October-3-2017,Single Family Residential,113 Fountain Dr,Mooresville,IN,46158,125000,3,2.0,Brown,1098,10018,1996,165,114,17,Sold,,,http://www.redfin.com/IN/Mooresville/113-Fountain-Dr-46158/home/79713986,MIBOR,21497392,N,Y,39.6035121,-86.3512009
PAST SALE,September-22-2017,Single Family Residential,512 Village Blvd,Mooresville,IN,46158,186000,4,2.5,Brown,2312,8398,1992,176,80,2,Sold,,,http://www.redfin.com/IN/Mooresville/512-Village-Blvd-46158/home/82386881,MIBOR,21503467,N,Y,39.6199543,-86.3506267
PAST SALE,September-21-2017,Single Family Residential,102 Kings,Mooresville,IN,46158,125000,3,2.0,Clay,1092,21780,1990,177,114,,Sold,,,http://www.redfin.com/IN/Mooresville/102-Kings-Xing-46158/home/66984832,MIBOR,21489228,N,Y,39.5443113,-86.3752363
PAST SALE,December-6-2017,Single Family Residential,160 Hadley Woodland St,Mooresville,IN,46158,240000,4,2.5,Brown,2677,68040,1968,101,90,,Sold,,,http://www.redfin.com/IN/Mooresville/160-Hadley-Woodland-St-46158/home/82385034,MIBOR,21519532,N,Y,39.6232053,-86.3805746
PAST SALE,November-22-2017,Single Family Residential,1279 Blackwood Ct,Mooresville,IN,46158,295000,4,2.5,Brown,4296,12196,1991,115,69,6,Sold,,,http://www.redfin.com/IN/Mooresville/1279-Blackwood-Ct-46158/home/60063602,MIBOR,21497039,N,Y,39.6175208,-86.3454572
PAST SALE,December-8-2017,Single Family Residential,5738 E Orchard Rd,Mooresville,IN,46158,157500,3,2.0,Madison,1311,55756,1996,99,120,,Sold,,,http://www.redfin.com/IN/Mooresville/5738-County-Road-1050-N-46158/home/67029547,MIBOR,21523740,N,Y,39.5823837,-86.3221072
PAST SALE,,Single Family Residential,70 Sunset Mnr,Mooresville,IN,46158,,3,1.0,,925,15009,1958,,,,Sold,,,http://www.redfin.com/IN/Mooresville/70-Sunset-Mnr-46158/home/60111841,MIBOR,,N,Y,39.6215039,-86.3713257
PAST SALE,September-29-2017,Single Family Residential,146 Rohn Rd,Mooresville,IN,46158,145000,3,2.0,Clay,2460,16870,2002,169,59,,Sold,,,http://www.redfin.com/IN/Mooresville/146-Rohn-Rd-46158/home/82402755,MIBOR,21505434,N,Y,39.5429215,-86.3786749
PAST SALE,December-18-2017,Single Family Residential,579 E State Road 42,Mooresville,IN,46158,30500,3,2.0,Brown,2140,96136,1960,89,14,,Sold,,,http://www.redfin.com/IN/Mooresville/579-Indiana-42-46158/home/82389211,MIBOR,21510795,N,Y,39.59259,-86.415787
PAST SALE,October-11-2017,Single Family Residential,10355 N Vista View Pkwy,Mooresville,IN,46158,245000,3,2.5,Madison,2162,14810,1997,157,113,11,Sold,,,http://www.redfin.com/IN/Mooresville/10355-Vista-View-Pkwy-46158/home/82391843,MIBOR,21504903,N,Y,39.5797298,-86.3063948
PAST SALE,September-21-2017,Single Family Residential,621 Sugar Maple Ln,Mooresville,IN,46158,139900,3,2.0,Brown,1285,11926,2002,177,109,,Sold,,,http://www.redfin.com/IN/Mooresville/621-Sugar-Maple-Ln-46158/home/60070169,MIBOR,21504726,N,Y,39.5999391,-86.3581523
PAST SALE,January-12-2018,Single Family Residential,10903 N Smokey Row Rd,Mooresville,IN,46158,142000,3,1.5,Madison,1160,22498,1968,64,122,,Sold,,,http://www.redfin.com/IN/Mooresville/10903-N-Smokey-Row-Rd-46158/home/60159603,MIBOR,21526209,N,Y,39.5888266,-86.2692839
PAST SALE,February-9-2018,Single Family Residential,8380 Whispering Mist Ln,Mooresville,IN,46158,303000,4,3.5,Madison,2412,42645,2003,36,126,,Sold,,,http://www.redfin.com/IN/Mooresville/8380-Whispering-Mist-Ln-46158/home/67094727,MIBOR,21519960,N,Y,39.5880931,-86.2728138
