SALE TYPE,SOLD DATE,PROPERTY TYPE,ADDRESS,CITY,STATE,ZIP,PRICE,BEDS,BATHS,LOCATION,SQUARE FEET,LOT SIZE,YEAR BUILT,DAYS ON MARKET,$/SQUARE FEET,HOA/MONTH,STATUS,NEXT OPEN HOUSE START TIME,NEXT OPEN HOUSE END TIME,URL (SEE http://www.redfin.com/buy-a-home/comparative-market-analysis FOR INFO ON PRICING),SOURCE,MLS#,FAVORITE,INTERESTED,LATITUDE,LONGITUDE
PAST SALE,September-19-2017,Single Family Residential,6195 Andrews Way,Whitestown,IN,46075,214760,3,2.5,Eagle,1719,3484,2017,177,125,58,Sold,,,http://www.redfin.com/IN/Whitestown/6195-Andrews-Way-46075/home/82491448,MIBOR,21491096,N,Y,39.9541525,-86.3521415
PAST SALE,October-2-2017,Single Family Residential,5780 Open Fields Dr,Whitestown,IN,46075,223000,3,2.5,Worth,2486,5662,2014,164,90,27,Sold,,,http://www.redfin.com/IN/Whitestown/5780-Open-Fields-Dr-46075/home/82498130,MIBOR,21505909,N,Y,39.9775777,-86.3526726
PAST SALE,September-22-2017,Single Family Residential,6143 Indigo Blue Blvd,Whitestown,IN,46075,210427,3,2.5,Worth,2140,7405,2017,174,98,25,Sold,,,http://www.redfin.com/IN/Whitestown/6143-Indigo-Blue-Blvd-46075/home/82498167,MIBOR,21520911,N,Y,39.9765786,-86.3474324
PAST SALE,September-29-2017,Single Family Residential,6126 Pebblebrooke Rd,Whitestown,IN,46075,239990,4,2.5,Worth,2517,7840,2012,167,95,27,Sold,,,http://www.redfin.com/IN/Whitestown/6126-Pebblebrooke-Rd-46075/home/82498567,MIBOR,21506373,N,Y,39.976409,-86.34842
PAST SALE,October-17-2017,Single Family Residential,307 W Pierce St,Whitestown,IN,46075,155000,3,2,Worth,2604,39813,1918,149,60,,Sold,,,http://www.redfin.com/IN/Whitestown/307-W-Pierce-St-46075/home/60017094,MIBOR,21488286,N,Y,39.9965822,-86.3498373
PAST SALE,December-8-2017,Single Family Residential,3484 Limelight Ln,Whitestown,IN,46075,216000,3,2.5,Worth,2752,7405,2011,97,78,27,Sold,,,http://www.redfin.com/IN/Whitestown/3484-Limelight-Ln-46075/home/60144464,MIBOR,21507626,N,Y,39.9902462,-86.3522357
PAST SALE,December-12-2017,Single Family Residential,6805 Shooting Star Dr,Whitestown,IN,46075,321000,5,3.5,Boone,5746,6969,2017,93,56,,Sold,,,http://www.redfin.com/IN/Whitestown/6805-Shooting-Star-Dr-46075/home/125658292,MIBOR,21528331,N,Y,39.9695571,-86.3447357
PAST SALE,December-18-2017,Single Family Residential,3779 Limelight Ln,Whitestown,IN,46075,177000,4,2.5,Worth,2112,5662,2005,87,84,30,Sold,,,http://www.redfin.com/IN/Whitestown/3779-Limelight-Ln-46075/home/82490342,MIBOR,21522900,N,Y,39.9857711,-86.3477348
PAST SALE,December-27-2017,Single Family Residential,5726 N Gateway East Dr,Whitestown,IN,46075,312390,5,3,Worth,3019,8712,2017,78,103,58,Sold,,,http://www.redfin.com/IN/Whitestown/5726-E-Gateway-Dr-46075/home/125658928,MIBOR,21529672,N,Y,39.9584784,-86.3536755
PAST SALE,December-29-2017,Single Family Residential,5787 Waterstone Way,Whitestown,IN,46075,245000,4,2.5,Worth,3034,5662,2015,76,81,27,Sold,,,http://www.redfin.com/IN/Whitestown/5787-Waterstone-Way-46075/home/82498991,MIBOR,21524515,N,Y,39.9763677,-86.3521367
PAST SALE,December-29-2017,Single Family Residential,6260 Colonial Dr,Whitestown,IN,46075,218990,3,2.5,Worth,2002,4791,2017,76,109,27,Sold,,,http://www.redfin.com/IN/Whitestown/6260-Colonial-Dr-46075/home/113062557,MIBOR,21518758,N,Y,39.980335,-86.351085
PAST SALE,December-30-2017,Single Family Residential,6927 Park Grove Blvd,Whitestown,IN,46074,265105,4,2.5,Worth,2580,9583,2017,75,103,,Sold,,,http://www.redfin.com/IN/Whitestown/6927-Park-Grove-Blvd-46075/home/125658398,MIBOR,21529549,N,Y,39.9696237,-86.3416332
PAST SALE,November-30-2017,Single Family Residential,3528 Firethorn Dr,Whitestown,IN,46075,159000,3,2,Worth,1560,6969,2005,105,102,27,Sold,,,http://www.redfin.com/IN/Whitestown/3528-Firethorn-Dr-46075/home/82490344,MIBOR,21520263,N,Y,39.9848426,-86.3510425
PAST SALE,February-13-2018,Single Family Residential,5767 White Pine Rd,Whitestown,IN,46075,202000,3,2.5,Worth,2121,5662,2014,30,95,25,Sold,,,http://www.redfin.com/IN/Whitestown/5767-White-Pine-Rd-46075/home/82499001,MIBOR,21540417,N,Y,39.9796498,-86.3540123
PAST SALE,February-27-2018,Single Family Residential,3776 White Cliff Way,Whitestown,IN,46075,257000,4,2.5,Worth,3078,5662,2004,16,83,29,Sold,,,http://www.redfin.com/IN/Whitestown/3776-White-Cliff-Way-46075/home/82490356,MIBOR,21544766,N,Y,39.9858587,-86.3468247
PAST SALE,February-28-2018,Single Family Residential,4678 Indigo Blue Blvd,Whitestown,IN,46075,249900,3,2.5,Worth,3252,5662,2013,15,77,29,Sold,,,http://www.redfin.com/IN/Whitestown/4678-Indigo-Blue-Blvd-46075/home/60127717,MIBOR,21540037,N,Y,39.9769029,-86.3497489
PAST SALE,February-28-2018,Single Family Residential,3783 Indigo Blue Blvd,Whitestown,IN,46075,175000,3,2,Worth,1500,7840,2005,15,117,56,Sold,,,http://www.redfin.com/IN/Whitestown/3783-Indigo-Blue-Blvd-46075/home/60110503,MIBOR,21542242,N,Y,39.9846508,-86.3525868
PAST SALE,December-27-2017,Single Family Residential,6123 N Adler Ct,Whitestown,IN,46075,288995,5,2.5,Worth,2522,7840,2017,78,115,58,Sold,,,http://www.redfin.com/IN/Whitestown/6123-Adler-Ct-46075/home/109742787,MIBOR,21529691,N,Y,39.963032,-86.3527978
PAST SALE,December-18-2017,Single Family Residential,6176 Brighton Dr,Whitestown,IN,46075,384190,4,3.5,Eagle,4588,13503,2017,87,84,58,Sold,,,http://www.redfin.com/IN/Whitestown/6176-Brighton-Dr-46075/home/109742906,MIBOR,21527981,N,Y,39.9649047,-86.3508407
PAST SALE,March-8-2018,Single Family Residential,3741 White Cliff Way,Whitestown,IN,46075,181000,3,2,Worth,1616,5662,2009,7,112,27,Sold,,,http://www.redfin.com/IN/Whitestown/3741-White-Cliff-Way-46075/home/82490358,MIBOR,21546596,N,Y,39.9863863,-86.3466966
PAST SALE,March-9-2018,Single Family Residential,6658 Shooting Star Dr,Whitestown,IN,46075,285740,4,2.5,Eagle,3004,,2017,6,95,,Sold,,,http://www.redfin.com/IN/Whitestown/6658-Shooting-Star-Dr-46075/home/125658047,MIBOR,21550385,N,Y,39.9695571,-86.3447357
PAST SALE,September-28-2017,Single Family Residential,4260 Trillium Way,Whitestown,IN,46075,245000,4,2.5,Worth,3007,6534,2017,168,81,27,Sold,,,http://www.redfin.com/IN/Whitestown/4260-Trillium-Way-46075/home/120612383,MIBOR,21491496,N,Y,39.9762476,-86.3543589
PAST SALE,September-27-2017,Single Family Residential,6179 Meadowview Dr,Whitestown,IN,46075,346600,4,2.5,Eagle,3085,8276,2017,169,112,,Sold,,,http://www.redfin.com/IN/Whitestown/6179-Meadowview-Dr-46075/home/125658778,MIBOR,21506023,N,Y,39.9608307,-86.3497391
PAST SALE,October-11-2017,Single Family Residential,3370 Firethorn Dr,Whitestown,IN,46075,147500,3,2,Worth,1456,10018,2011,155,101,27,Sold,,,http://www.redfin.com/IN/Whitestown/3370-Firethorn-Dr-46075/home/82497923,MIBOR,21494839,N,Y,39.99069,-86.3555683
PAST SALE,October-23-2017,Single Family Residential,6280 Colonial Dr,Whitestown,IN,46075,190240,2,2,Worth,1563,4791,2017,143,122,27,Sold,,,http://www.redfin.com/IN/Whitestown/6280-Colonial-Dr-46075/home/113787479,MIBOR,21500741,N,Y,39.980335,-86.351085
PAST SALE,October-20-2017,Single Family Residential,6292 Burgin Dr,Whitestown,IN,46075,363405,3,2,Eagle,4116,10018,2017,146,88,33,Sold,,,http://www.redfin.com/IN/WHITESTOWN/6292-BURGIN-DR-46075/home/113385953,MIBOR,21470689,N,Y,39.9972626,-86.3458296
PAST SALE,October-26-2017,Single Family Residential,7473 E 200 North,Whitestown,IN,46075,252500,3,2,Union,3113,130680,1937,140,81,,Sold,,,http://www.redfin.com/IN/Whitestown/7473-E-200-N-46075/home/67023910,MIBOR,21493468,N,Y,40.0688996,-86.327893
PAST SALE,November-17-2017,Single Family Residential,6687 Shooting Star Dr,Whitestown,IN,46075,219550,3,2,Worth,1870,6969,2017,118,117,47,Sold,,,http://www.redfin.com/IN/Whitestown/6687-Shooting-Star-Dr-46075/home/125658200,MIBOR,21525438,N,Y,39.9695571,-86.3447357
PAST SALE,January-18-2018,Single Family Residential,5062 Hardwick Dr,Whitestown,IN,46075,425521,4,2.5,Eagle,4928,12196,2017,56,86,58,Sold,,,http://www.redfin.com/IN/Whitestown/5062-Hardwick-Dr-46075/home/144721028,MIBOR,21540975,N,Y,39.9666325,-86.353676
PAST SALE,January-18-2018,Single Family Residential,3859 Gray Heather Ln,Whitestown,IN,46075,172000,3,2,Worth,1495,6534,2009,56,115,27,Sold,,,http://www.redfin.com/IN/Whitestown/3859-Gray-Heather-Ln-46075/home/82490297,MIBOR,21526286,N,Y,39.981887,-86.3535617
PAST SALE,January-23-2018,Single Family Residential,5708 N Gateway Dr E,Whitestown,IN,46075,320129,5,3,Worth,3307,8712,2018,51,97,58,Sold,,,http://www.redfin.com/IN/Whitestown/5708-E-Gateway-Dr-46075/home/125658910,MIBOR,21541866,N,Y,39.9584784,-86.3536755
PAST SALE,January-26-2018,Single Family Residential,6861 Park Grove Blvd,Whitestown,IN,46075,278805,4,2.5,Worth,2662,6969,2017,48,105,47,Sold,,,http://www.redfin.com/IN/Whitestown/6861-Park-Grove-Blvd-46075/home/125657861,MIBOR,21523965,N,Y,39.966168,-86.344385
PAST SALE,February-9-2018,Single Family Residential,5721 Juniper Ct,Whitestown,IN,46075,309343,4,2.5,Eagle,1760,9147,2018,34,176,,Sold,,,http://www.redfin.com/IN/Whitestown/5721-Juniper-Ct-46075/home/144836515,MIBOR,21545473,N,Y,39.9972626,-86.3458296
PAST SALE,November-9-2017,Single Family Residential,5657 Primrose Dr,Whitestown,IN,46075,310000,4,2.5,Eagle,3022,8276,2013,126,103,58,Sold,,,http://www.redfin.com/IN/Whitestown/5657-Primrose-Dr-46075/home/60123161,MIBOR,21505514,N,Y,39.9597927,-86.3480329
PAST SALE,December-15-2017,Single Family Residential,7036 E 300 S,Whitestown,IN,46075,55000,3,2,Worth,2395,28314,1949,90,23,,Sold,,,http://www.redfin.com/IN/Whitestown/7036-E-300-S-46075/home/66865198,MIBOR,21525282,N,Y,39.9975394,-86.3360172
PAST SALE,December-15-2017,Single Family Residential,5 Lucas St,Whitestown,IN,46075,145500,2,2,Worth,2688,7579,1925,90,54,,Sold,,,http://www.redfin.com/IN/Whitestown/5-Lucas-St-46075/home/82490267,MIBOR,21513510,N,Y,39.9966944,-86.3446271
PAST SALE,February-23-2018,Single Family Residential,2838 S 700 E,Whitestown,IN,46075,147000,4,2,Worth,1620,35283,1976,20,91,,Sold,,,http://www.redfin.com/IN/Whitestown/2838-S-700-E-46075/home/82490007,MIBOR,21524840,N,Y,39.9996118,-86.3368245
PAST SALE,February-26-2018,Single Family Residential,6095 Crabapple Dr,Whitestown,IN,46075,322000,5,3,Worth,3019,8712,2017,17,107,58,Sold,,,http://www.redfin.com/IN/Whitestown/6095-Crabapple-Dr-46075/home/144927566,MIBOR,21548142,N,Y,39.9617272,-86.3519906
PAST SALE,February-27-2018,Single Family Residential,6924 Park Grove Blvd,Whitestown,IN,46234,249016,4,3,Worth,2539,,2018,16,98,47,Sold,,,http://www.redfin.com/IN/Whitestown/6924-Park-Grove-Blvd-46075/home/125657799,MIBOR,21548376,N,Y,39.9696237,-86.3415849
PAST SALE,March-1-2018,Single Family Residential,6311 Burgin Dr,Whitestown,IN,46075,364900,4,2.5,Eagle,3395,10890,2017,14,107,33,Sold,,,http://www.redfin.com/IN/WHITESTOWN/6311-BURGIN-DR-46075/home/125655584,MIBOR,21515066,N,Y,39.9972626,-86.3458296
PAST SALE,February-26-2018,Single Family Residential,6238 Colonial Dr,Whitestown,IN,46075,210000,3,2.5,Worth,1960,4791,2017,17,107,27,Sold,,,http://www.redfin.com/IN/Whitestown/6238-Colonial-Dr-46075/home/109742843,MIBOR,21514377,N,Y,39.980165,-86.350815
PAST SALE,December-29-2017,Single Family Residential,5096 Brighton Dr,Whitestown,IN,46075,372710,4,2.5,Worth,4577,12196,2017,76,81,58,Sold,,,http://www.redfin.com/IN/Whitestown/5096-Brighton-Dr-46075/home/109742926,MIBOR,21530024,N,Y,39.9648905,-86.3517768
PAST SALE,March-12-2018,Single Family Residential,6320 Colonial Dr,Whitestown,IN,46075,188100,2,2,Eagle,1563,4791,2018,3,120,27,Sold,,,http://www.redfin.com/IN/Whitestown/6320-Colonial-Dr-46075/home/125656881,MIBOR,21549286,N,Y,39.980335,-86.351085
PAST SALE,December-11-2017,Single Family Residential,3476 Limelight Ln,Whitestown,IN,46075,195000,4,2.5,Worth,2130,6969,2013,94,92,27,Sold,,,http://www.redfin.com/IN/Whitestown/3476-Limelight-Ln-46075/home/82490623,MIBOR,21520424,N,Y,39.9907128,-86.353062
PAST SALE,October-13-2017,Single Family Residential,5789 Open Fields Dr,Whitestown,IN,46075,223000,3,2.5,Worth,2912,6098,2014,153,77,27,Sold,,,http://www.redfin.com/IN/Whitestown/5789-Open-Fields-Dr-46075/home/96395084,MIBOR,21499923,N,Y,39.9771216,-86.3519369
PAST SALE,December-20-2017,Single Family Residential,5168 Hardwick Dr,Whitestown,IN,46075,447230,4,2.5,Eagle,3242,11325,2017,85,138,58,Sold,,,http://www.redfin.com/IN/Whitestown/5168-Hardwick-Dr-46075/home/143504749,MIBOR,21510086,N,Y,39.9972626,-86.3458296
PAST SALE,December-18-2017,Single Family Residential,6098 Green Glade Dr,Whitestown,IN,46075,175000,3,2.5,Worth,2333,8712,2005,87,75,27,Sold,,,http://www.redfin.com/IN/Whitestown/6098-Green-Glade-Dr-46075/home/60058189,MIBOR,21514439,N,Y,39.9840389,-86.3522304
PAST SALE,December-11-2017,Single Family Residential,6215 Colonial Dr,Whitestown,IN,46075,235000,3,3,Worth,1946,6969,2015,94,121,27,Sold,,,http://www.redfin.com/IN/Whitestown/6215-Colonial-Dr-46075/home/109742865,MIBOR,21500051,N,Y,39.9802987,-86.3510493
PAST SALE,October-13-2017,Single Family Residential,3542 Limelight Ln,Whitestown,IN,46075,189000,3,2.5,Worth,2291,8276,2004,153,82,27,Sold,,,http://www.redfin.com/IN/Whitestown/3542-Limelight-Ln-46075/home/82490390,MIBOR,21493046,N,Y,39.9891072,-86.3509568
PAST SALE,November-2-2017,Single Family Residential,6453 Doyal Dr,Whitestown,IN,46075,335000,5,3,Eagle,3281,10454,2017,133,102,33,Sold,,,http://www.redfin.com/IN/WHITESTOWN/6453-DOYAL-DR-46075/home/113067198,MIBOR,21464348,N,Y,39.9972626,-86.3458296
PAST SALE,October-31-2017,Single Family Residential,3716 White Cliff Way,Whitestown,IN,46075,177500,3,2.5,Worth,1880,5662,2005,135,94,27,Sold,,,http://www.redfin.com/IN/Whitestown/3716-White-Cliff-Way-46075/home/66848782,MIBOR,21509508,N,Y,39.9867135,-86.3468166
PAST SALE,November-3-2017,Single Family Residential,5786 Blue Sky Dr,Whitestown,IN,46075,218750,4,2.5,Worth,2460,6098,2013,132,89,27,Sold,,,http://www.redfin.com/IN/Whitestown/5786-Blue-Sky-Dr-46075/home/82498224,MIBOR,21511866,N,Y,39.9783148,-86.352042
PAST SALE,December-7-2017,Single Family Residential,3529 White Cliff Way,Whitestown,IN,46075,180000,4,2.5,Worth,1925,9147,2013,98,94,27,Sold,,,http://www.redfin.com/IN/Whitestown/3529-White-Cliff-Way-46075/home/60134807,MIBOR,21522579,N,Y,39.9893636,-86.3466763
PAST SALE,December-11-2017,Single Family Residential,6336 Burgin Dr,Whitestown,IN,46075,285825,3,2,Eagle,2200,8712,2016,94,130,33,Sold,,,http://www.redfin.com/IN/WHITESTOWN/6336-BURGIN-DR-46075/home/125655508,MIBOR,21524367,N,Y,39.9972626,-86.3458296
PAST SALE,December-21-2017,Single Family Residential,5085 Hardwick,Whitestown,IN,46075,444210,4,4.5,Eagle,3080,14200,2017,84,144,58,Sold,,,http://www.redfin.com/IN/Whitestown/5085-Hardwick-46075/home/144572282,MIBOR,21529630,N,Y,39.9972626,-86.3458296
PAST SALE,January-12-2018,Single Family Residential,6037 Meadowview Dr,Whitestown,IN,46075,324145,5,3,Eagle,3166,12196,2018,62,102,58,Sold,,,http://www.redfin.com/IN/Whitestown/6037-Meadowview-Dr-46075/home/144768953,MIBOR,21542181,N,Y,39.9608299,-86.349766
PAST SALE,November-13-2017,Single Family Residential,3851 Tartan Trl,Whitestown,IN,46075,229500,5,2.5,Worth,3050,8712,2007,122,75,28,Sold,,,http://www.redfin.com/IN/Whitestown/3851-Tartan-Trl-46075/home/60027648,MIBOR,21514457,N,Y,39.9841068,-86.3473795
PAST SALE,December-15-2017,Single Family Residential,3374 Paisley Pointe,Whitestown,IN,46075,234000,5,3,Worth,3030,11325,2007,90,77,25,Sold,,,http://www.redfin.com/IN/Whitestown/3374-Paisley-Pointe-46075/home/79107026,MIBOR,21519133,N,Y,39.9927938,-86.3518983
PAST SALE,December-11-2017,Single Family Residential,5780 Bluff View Ln,Whitestown,IN,46075,195900,3,2.5,Worth,2130,5662,2014,94,92,27,Sold,,,http://www.redfin.com/IN/Whitestown/5780-Bluff-View-Ln-46075/home/82497871,MIBOR,21522883,N,Y,39.9790462,-86.352666
PAST SALE,November-3-2017,Single Family Residential,5775 White Pine Rd,Whitestown,IN,46075,170000,3,2,Worth,1475,6534,2012,132,115,27,Sold,,,http://www.redfin.com/IN/Whitestown/5775-White-Pine-Rd-46075/home/82498237,MIBOR,21511493,N,Y,39.979645,-86.3532402
PAST SALE,January-16-2018,Single Family Residential,5776 Bluff View Ln,Whitestown,IN,46075,190000,3,2.5,Worth,2191,6534,2016,58,87,,Sold,,,http://www.redfin.com/IN/Whitestown/5776-Bluff-View-Ln-46075/home/102566073,MIBOR,21475165,N,Y,39.979063,-86.35309
PAST SALE,November-20-2017,Single Family Residential,6174 New Hope Blvd,Whitestown,IN,46075,336420,4,2.5,Eagle,2900,8276,2017,115,116,,Sold,,,http://www.redfin.com/IN/Whitestown/6174-New-Hope-Blvd-46075/home/125658588,MIBOR,21525082,N,Y,39.9584588,-86.350174
PAST SALE,December-8-2017,Single Family Residential,6316 Dusty Laurel Dr,Whitestown,IN,46075,158500,3,2,Worth,1404,8712,2003,97,113,27,Sold,,,http://www.redfin.com/IN/Whitestown/6316-Dusty-Laurel-Dr-46075/home/60081640,MIBOR,21520401,N,Y,39.9894102,-86.3494882
PAST SALE,October-12-2017,Single Family Residential,5928 Solomon Harmon Way,Whitestown,IN,46075,369500,5,3.5,Eagle,4239,10454,2010,154,87,58,Sold,,,http://www.redfin.com/IN/Whitestown/5928-Solomon-Harmon-Way-46075/home/82491667,MIBOR,21472614,N,Y,39.9546386,-86.3530199
PAST SALE,November-3-2017,Single Family Residential,5765 Weeping Willow Pl,Whitestown,IN,46075,199900,3,2.5,Worth,2130,7405,2014,132,94,27,Sold,,,http://www.redfin.com/IN/Whitestown/5765-Weeping-Willow-Pl-46075/home/59993657,MIBOR,21501073,N,Y,39.9803801,-86.3543291
PAST SALE,November-10-2017,Single Family Residential,3364 Roundlake Ln,Whitestown,IN,46075,203900,3,2.5,Worth,2424,8712,2010,125,84,27,Sold,,,http://www.redfin.com/IN/Whitestown/3364-Roundlake-Ln-46075/home/60042617,MIBOR,21517675,N,Y,39.9901944,-86.3544083
PAST SALE,November-8-2017,Single Family Residential,5957 Aldridge Dr,Whitestown,IN,46075,273000,3,2.5,Eagle,2769,3920,2014,127,99,58,Sold,,,http://www.redfin.com/IN/Whitestown/5957-Aldridge-Dr-46075/home/60143359,MIBOR,21513823,N,Y,39.9550759,-86.3515771
PAST SALE,October-30-2017,Single Family Residential,3322 Paisley Pointe,Whitestown,IN,46075,226900,3,2.5,Worth,2820,8276,2007,136,80,27,Sold,,,http://www.redfin.com/IN/Whitestown/3322-Paisley-Pointe-46075/home/60144647,MIBOR,21512117,N,Y,39.9938606,-86.3520757
PAST SALE,September-28-2017,Single Family Residential,6117 Marigold Ct,Whitestown,IN,46075,317000,4,2.5,Eagle,3307,9147,2016,168,96,58,Sold,,,http://www.redfin.com/IN/Whitestown/6117-Marigold-Ct-46075/home/109742499,MIBOR,21501671,N,Y,39.962125,-86.352827
PAST SALE,October-3-2017,Single Family Residential,702 W Pierce St,Whitestown,IN,46075,124900,3,1.5,Worth,1050,21780,2000,163,119,,Sold,,,http://www.redfin.com/IN/Whitestown/702-W-Pierce-St-46075/home/67065360,MIBOR,21481404,N,Y,39.9971524,-86.3529997
PAST SALE,December-18-2017,Single Family Residential,5188 Brighton,Whitestown,IN,46075,389552,4,2.5,Eagle,4927,13503,2017,87,79,58,Sold,,,http://www.redfin.com/IN/Whitestown/5188-Brighton-Dr-46075/home/109742929,MIBOR,21527990,N,Y,39.9648905,-86.3517768
PAST SALE,September-29-2017,Single Family Residential,6217 Colonial Dr,Whitestown,IN,46075,205990,3,3,Worth,1946,6969,2015,167,106,27,Sold,,,http://www.redfin.com/IN/Whitestown/6217-Colonial-Dr-46075/home/109742605,MIBOR,21500108,N,Y,39.9803151,-86.3510971
PAST SALE,December-21-2017,Single Family Residential,6142 Meadowview Dr,Whitestown,IN,46075,311125,4,2.5,Eagle,2614,8276,2017,84,119,58,Sold,,,http://www.redfin.com/IN/Whitestown/6142-Meadowview-Dr-46075/home/125658813,MIBOR,21527225,N,Y,39.9608295,-86.3497815
PAST SALE,January-31-2018,Single Family Residential,3702 Limelight Ln,Whitestown,IN,46075,179900,3,2.5,Worth,2034,5662,2004,43,88,27,Sold,,,http://www.redfin.com/IN/Whitestown/3702-Limelight-Ln-46075/home/60007494,MIBOR,21529143,N,Y,39.9866084,-86.3484905
PAST SALE,February-27-2018,Single Family Residential,6740 Shooting Star Dr,Whitestown,IN,46075,258000,4,2.5,Worth,2662,6969,2017,16,97,47,Sold,,,http://www.redfin.com/IN/Whitestown/6740-Shooting-Star-Dr-46075/home/113277999,MIBOR,21482249,N,Y,39.966168,-86.344385
PAST SALE,December-29-2017,Single Family Residential,6240 Colonial Dr,Whitestown,IN,46075,218500,3,2.5,Worth,1960,4791,2017,76,111,27,Sold,,,http://www.redfin.com/IN/Whitestown/6240-Colonial-Dr-46075/home/125656836,MIBOR,21524986,N,Y,39.980335,-86.351085
PAST SALE,September-29-2017,Single Family Residential,6338 Colonial Dr,Whitestown,IN,46075,210990,3,3,Worth,1963,4791,2017,167,107,27,Sold,,,http://www.redfin.com/IN/Whitestown/6338-Colonial-Dr-46075/home/109742801,MIBOR,21492274,N,Y,39.980169,-86.349166
PAST SALE,September-20-2017,Single Family Residential,6206 Bliss Pt E,Whitestown,IN,46075,260265,3,2.5,Eagle,2340,3920,2017,176,111,50,Sold,,,http://www.redfin.com/IN/Whitestown/6206-Bliss-Pt-E-46075/home/82492076,MIBOR,21514184,N,Y,39.9566591,-86.3510617
PAST SALE,September-20-2017,Single Family Residential,5774 Pebblebrooke Rd,Whitestown,IN,46075,185115,3,2,Eagle,1447,6534,2017,176,128,,Sold,,,http://www.redfin.com/IN/Whitestown/5774-Pebblebrooke-Rd-46075/home/125657299,MIBOR,21514385,N,Y,39.9758211,-86.3522923
PAST SALE,September-25-2017,Single Family Residential,6309 Wonder Ln,Whitestown,IN,46075,218392,3,3,Worth,1963,4791,2017,171,111,27,Sold,,,http://www.redfin.com/IN/Whitestown/6309-Wonder-Ln-46075/home/113707946,MIBOR,21495435,N,Y,39.980335,-86.351085
PAST SALE,October-12-2017,Single Family Residential,6914 Park Grove Blvd,Whitestown,IN,46075,265699,4,3,Worth,2469,9583,2017,154,108,47,Sold,,,http://www.redfin.com/IN/Whitestown/6914-Park-Grove-Blvd-46075/home/125657809,MIBOR,21518778,N,Y,39.9696237,-86.3415849
PAST SALE,October-16-2017,Single Family Residential,7445 Doyal Dr,Whitestown,IN,46075,314100,3,2.5,Eagle,2375,11325,2017,150,132,33,Sold,,,http://www.redfin.com/IN/WHITESTOWN/7445-DOYAL-DR-46075/home/113114261,MIBOR,21465724,N,Y,39.9972626,-86.3458296
PAST SALE,November-10-2017,Single Family Residential,6349 Dusty Laurel Dr,Whitestown,IN,46075,161000,3,2,Worth,1482,6969,2005,125,109,27,Sold,,,http://www.redfin.com/IN/Whitestown/6349-Dusty-Laurel-Dr-46075/home/67021782,MIBOR,21513779,N,Y,39.9893667,-86.3488476
PAST SALE,November-16-2017,Single Family Residential,6720 E 225 S,Whitestown,IN,46075,173000,3,2,Worth,1520,19166,1956,119,114,,Sold,,,http://www.redfin.com/IN/Whitestown/6720-225-S-46075/home/82490249,MIBOR,21500469,N,Y,40.0077536,-86.3423696
PAST SALE,November-29-2017,Single Family Residential,6251 Wonder Ln,Whitestown,IN,46075,213990,3,3,Worth,1962,5227,2017,106,109,27,Sold,,,http://www.redfin.com/IN/Whitestown/6251-Wonder-Ln-46075/home/109742593,MIBOR,21510769,N,Y,39.980471,-86.350656
PAST SALE,October-30-2017,Single Family Residential,326 E Pierce St,Whitestown,IN,46075,45000,1,2,Worth,1156,7187,1940,136,39,,Sold,,,http://www.redfin.com/IN/Whitestown/326-E-Pierce-St-46075/home/67104537,MIBOR,21517416,N,Y,39.9973852,-86.3412111
PAST SALE,September-27-2017,Single Family Residential,5461 E Crowley Pkwy,Whitestown,IN,46075,292000,4,2.5,Eagle,2535,9147,2015,169,115,58,Sold,,,http://www.redfin.com/IN/Whitestown/5461-Crowley-Pkwy-46075/home/109742744,MIBOR,21485111,N,Y,39.961498,-86.351187
PAST SALE,December-1-2017,Single Family Residential,6119 Green Glade Dr,Whitestown,IN,46075,159400,3,2,Worth,1516,6969,2005,104,105,27,Sold,,,http://www.redfin.com/IN/Whitestown/6119-Green-Glade-Dr-46075/home/82490325,MIBOR,21519608,N,Y,39.9843678,-86.350615
PAST SALE,December-6-2017,Single Family Residential,5565 E 300 S,Whitestown,IN,46075,265000,4,1,Worth,2220,153331,1925,99,119,,Sold,,,http://www.redfin.com/IN/Whitestown/5565-E-300-S-46075/home/60093406,MIBOR,21503246,N,Y,39.996176,-86.3642455
PAST SALE,January-11-2018,Single Family Residential,3301 Paisley Pointe,Whitestown,IN,46075,215000,3,2.5,Worth,2492,7405,2006,63,86,27,Sold,,,http://www.redfin.com/IN/Whitestown/3301-Paisley-Pointe-46075/home/60018322,MIBOR,21518779,N,Y,39.994213,-86.351264
PAST SALE,February-7-2018,Single Family Residential,5718 Gateway Dr E,Whitestown,IN,46075,342006,4,3,Worth,4186,8712,2018,36,82,58,Sold,,,http://www.redfin.com/IN/Whitestown/5718-E-Gateway-Dr-46075/home/144831451,MIBOR,21545107,N,Y,39.9583287,-86.3538206
PAST SALE,January-2-2018,Single Family Residential,5777 Bluff View Ln,Whitestown,IN,46075,179900,3,2,Worth,1447,6098,2014,72,124,54,Sold,,,http://www.redfin.com/IN/Whitestown/5777-Bluff-View-Ln-46075/home/59994115,MIBOR,21526395,N,Y,39.9785912,-86.3528442
PAST SALE,January-20-2018,Single Family Residential,5883 Aldridge Dr,Whitestown,IN,46075,240000,4,2.5,Worth,2336,6534,2011,54,103,58,Sold,,,http://www.redfin.com/IN/Whitestown/5883-Aldridge-Dr-46075/home/82491793,MIBOR,21530166,N,Y,39.9572177,-86.3515177
PAST SALE,February-22-2018,Single Family Residential,504 S Main St,Whitestown,IN,46075,62500,4,1,Worth,1660,6969,1908,21,38,,Sold,,,http://www.redfin.com/IN/Whitestown/504-S-Main-St-46075/home/59995242,MIBOR,21540633,N,Y,39.9924672,-86.345967
PAST SALE,February-22-2018,Single Family Residential,5866 Solomon Harmon Way,Whitestown,IN,46075,290000,4,2.5,Eagle,3133,5227,2013,21,93,,Sold,,,http://www.redfin.com/IN/Whitestown/5866-Solomon-Harmon-Way-46075/home/82491970,MIBOR,21519692,N,Y,39.9583032,-86.3529432
PAST SALE,February-26-2018,Single Family Residential,3500 Limelight Ln,Whitestown,IN,46075,184900,3,2,Worth,1669,7840,2004,17,111,27,Sold,,,http://www.redfin.com/IN/Whitestown/3500-Limelight-Ln-46075/home/60070885,MIBOR,21542700,N,Y,39.9897206,-86.3516528
PAST SALE,February-27-2018,Single Family Residential,4826 S 700 East,Whitestown,IN,46075,343000,3,3,Worth,2400,132422,1972,16,143,,Sold,,,http://www.redfin.com/IN/Whitestown/4826-S-700-E-46075/home/60037839,MIBOR,21530144,N,Y,39.9709707,-86.3372404
PAST SALE,February-26-2018,Single Family Residential,6408 Green Grass Ln,Whitestown,IN,46075,150500,3,2,Worth,1288,6969,2004,17,117,26,Sold,,,http://www.redfin.com/IN/Whitestown/6408-Green-Grass-Ln-46075/home/82490603,MIBOR,21542436,N,Y,39.9887834,-86.3477801
PAST SALE,March-2-2018,Single Family Residential,5718 Juniper Ct,Whitestown,IN,46075,341558,3,2,Eagle,2323,12632,2018,13,147,58,Sold,,,http://www.redfin.com/IN/Whitestown/5718-Juniper-Ct-46075/home/145010294,MIBOR,21549022,N,Y,39.9972626,-86.3458296
PAST SALE,February-26-2018,Single Family Residential,6783 Shooting Star Dr,Whitestown,IN,46075,269560,4,2.5,Worth,2662,6969,2018,17,101,94,Sold,,,http://www.redfin.com/IN/Whitestown/6783-Shooting-Star-Dr-46075/home/125658272,MIBOR,21527232,N,Y,39.966168,-86.344385
PAST SALE,February-21-2018,Single Family Residential,6258 Colonial Dr,Whitestown,IN,46075,200000,3,2.5,Worth,2002,4791,2017,22,100,27,Sold,,,http://www.redfin.com/IN/Whitestown/6258-Colonial-Dr-46075/home/109742514,MIBOR,21472436,N,Y,39.980169,-86.350458
PAST SALE,March-12-2018,Single Family Residential,4672 Indigo Blue Blvd,Whitestown,IN,46075,207000,3,2,Worth,1575,6534,2013,3,131,25,Sold,,,http://www.redfin.com/IN/Whitestown/4672-Indigo-Blue-Blvd-46075/home/82498166,MIBOR,21544874,N,Y,39.9770491,-86.3502901
