SALE TYPE,SOLD DATE,PROPERTY TYPE,ADDRESS,CITY,STATE,ZIP,PRICE,BEDS,BATHS,LOCATION,SQUARE FEET,LOT SIZE,YEAR BUILT,DAYS ON MARKET,$/SQUARE FEET,HOA/MONTH,STATUS,NEXT OPEN HOUSE START TIME,NEXT OPEN HOUSE END TIME,URL (SEE http://www.redfin.com/buy-a-home/comparative-market-analysis FOR INFO ON PRICING),SOURCE,MLS#,FAVORITE,INTERESTED,LATITUDE,LONGITUDE
PAST SALE,September-27-2017,Single Family Residential,7573 Basswood Dr,Avon,IN,46123,312000,4,2.5,Washington,4356,12196,2013,171,72,25,Sold,,,http://www.redfin.com/IN/Avon/7573-Basswood-Dr-46123/home/60051205,MIBOR,21499991,N,Y,39.7673883,-86.3890232
PAST SALE,September-29-2017,Single Family Residential,776 Bracknell,Avon,IN,46123,297000,4,2.5,Washington,4261,1045,2017,169,70,42,Sold,,,http://www.redfin.com/IN/Avon/776-Bracknell-Dr-46123/home/109822720,MIBOR,21478424,N,Y,39.747079,-86.435265
PAST SALE,September-22-2017,Single Family Residential,2312 River Birch Dr,Avon,IN,46123,429000,4,4,Washington,4464,80150,1999,176,96,13,Sold,,,http://www.redfin.com/IN/Avon/2312-River-Birch-Dr-46123/home/66974543,MIBOR,21505382,N,Y,39.728934,-86.4223293
PAST SALE,September-25-2017,Single Family Residential,205 Plainview Dr,Avon,IN,46123,151000,3,2,Washington,1456,20037,1969,173,104,,Sold,,,http://www.redfin.com/IN/Avon/205-Plainview-Dr-46123/home/60140125,MIBOR,21510433,N,Y,39.7591883,-86.4412271
PAST SALE,September-27-2017,Single Family Residential,2086 Whitetail Ct,Avon,IN,46123,276000,4,3.5,Washington,4653,13939,2002,171,59,32,Sold,,,http://www.redfin.com/IN/Avon/2086-Whitetail-Ct-46123/home/66981692,MIBOR,21497737,N,Y,39.7321648,-86.4025342
PAST SALE,September-26-2017,Single Family Residential,692 Weeping Way Ln,Avon,IN,46123,201900,4,2.5,Washington,2998,12632,2001,172,67,14,Sold,,,http://www.redfin.com/IN/Avon/692-Weeping-Way-Ln-46123/home/67024391,MIBOR,21472016,N,Y,39.7531027,-86.3924261
PAST SALE,September-21-2017,Single Family Residential,1960 Woodcock Dr,Avon,IN,46123,208500,3,2,Washington,3352,11700,1999,177,62,32,Sold,,,http://www.redfin.com/IN/Avon/1960-Woodcock-Dr-46123/home/82470944,MIBOR,21510079,N,Y,39.733992,-86.4083094
PAST SALE,September-28-2017,Single Family Residential,1909 Acorn Ct,Avon,IN,46123,220000,5,2.5,Washington,2191,10284,2003,170,100,20,Sold,,,http://www.redfin.com/IN/Avon/1909-Acorn-Ct-46123/home/60145641,MIBOR,21507539,N,Y,39.7349173,-86.3952069
PAST SALE,September-18-2017,Single Family Residential,558 Woodfield Cir,Avon,IN,46123,135000,3,2,Washington,1208,11761,1999,180,112,16,Sold,,,http://www.redfin.com/IN/Avon/558-Woodfield-Cir-46123/home/60013555,MIBOR,21505168,N,Y,39.7548221,-86.394068
PAST SALE,September-29-2017,Single Family Residential,2141 Banburry Pl,Avon,IN,46123,393500,4,3.5,Washington,6263,19998,2007,169,63,55,Sold,,,http://www.redfin.com/IN/Avon/2141-Banburry-Pl-46123/home/62241999,MIBOR,21502279,N,Y,39.7943021,-86.3887067
PAST SALE,September-22-2017,Single Family Residential,1911 Sweet Gum Dr,Avon,IN,46123,490000,5,4,Washington,4810,33123,2004,176,102,21,Sold,,,http://www.redfin.com/IN/Avon/1911-Sweet-Gum-Dr-46123/home/66922556,MIBOR,21492835,N,Y,39.7342588,-86.419581
PAST SALE,September-27-2017,Single Family Residential,287 Nicole Blvd,Avon,IN,46123,179900,3,2.5,Washington,2050,10890,1992,171,88,12,Sold,,,http://www.redfin.com/IN/Avon/287-Nicole-Blvd-46123/home/66980437,MIBOR,21502211,N,Y,39.7673837,-86.3778833
PAST SALE,September-26-2017,Single Family Residential,6696 Buhrstone Ln,Avon,IN,46123,247000,4,2.5,Washington,3278,13068,2010,172,75,28,Sold,,,http://www.redfin.com/IN/Avon/6696-Buhrstone-Ln-46123/home/82470116,MIBOR,21494160,N,Y,39.7501223,-86.4052439
PAST SALE,September-29-2017,Single Family Residential,8170 Crumwell Dr,Avon,IN,46123,153500,3,2,Washington,1461,7405,2006,169,105,24,Sold,,,http://www.redfin.com/IN/Avon/8170-Crumwell-Dr-46123/home/60051621,MIBOR,21509446,N,Y,39.7364894,-86.3779427
PAST SALE,September-28-2017,Single Family Residential,1651 Kilkenny Dr,Avon,IN,46123,262219,3,3,Washington,2717,11199,2017,170,97,42,Sold,,,http://www.redfin.com/IN/Avon/1651-Kilkenny-Dr-46123/home/82483814,MIBOR,21516883,N,Y,39.7874529,-86.380477
PAST SALE,September-28-2017,Single Family Residential,364 Dylan Dr,Avon,IN,46123,152800,2,2,Washington,1238,6655,2017,170,123,95,Sold,,,http://www.redfin.com/IN/Avon/364-Dylan-Dr-46123/home/109821969,MIBOR,21490353,N,Y,39.769488,-86.3591624
PAST SALE,September-29-2017,Single Family Residential,1867 Trillium Ct,Avon,IN,46123,220000,4,2.5,Washington,3186,13969,2002,169,69,25,Sold,,,http://www.redfin.com/IN/Avon/1867-Trillium-Ct-46123/home/59983075,MIBOR,21489858,N,Y,39.7890789,-86.3880538
PAST SALE,September-29-2017,Single Family Residential,1724 Ballyganner Dr,Avon,IN,46123,285000,6,4,Washington,5039,12196,2007,169,57,42,Sold,,,http://www.redfin.com/IN/Avon/1724-Ballyganner-Dr-46123/home/60076289,MIBOR,21481476,N,Y,39.7884233,-86.3785957
PAST SALE,September-25-2017,Single Family Residential,9702 Centennial Ct,Avon,IN,46123,157500,3,2.5,Washington,1688,7405,2006,173,93,25,Sold,,,http://www.redfin.com/IN/Avon/9702-Centennial-Ct-46123/home/60076346,MIBOR,21506178,N,Y,39.7746946,-86.350832
PAST SALE,September-18-2017,Single Family Residential,8701 THATCHER Lane,Avon,IN,46123,230185,3,2.5,Washington,2641,7840,2017,180,87,33,Sold,,,http://www.redfin.com/IN/Avon/8701-THATCHER-Thatcher-Ln-46123/home/143841364,MIBOR,21513527,N,Y,39.7347957,-86.3681637
PAST SALE,September-18-2017,Single Family Residential,7065 Bridgemont Ct,Avon,IN,46123,218000,4,2.5,Washington,2658,11325,1996,180,82,,Sold,,,http://www.redfin.com/IN/Avon/7065-Bridgemont-Ct-46123/home/67083040,MIBOR,21503014,N,Y,39.7757816,-86.3985387
PAST SALE,September-29-2017,Single Family Residential,7313 Woodside Dr,Avon,IN,46123,125000,3,2,Washington,1086,11499,1997,169,115,,Sold,,,http://www.redfin.com/IN/Avon/7313-Woodside-Dr-46123/home/82468589,MIBOR,21506094,N,Y,39.7691921,-86.3947011
PAST SALE,September-29-2017,Single Family Residential,9691 Jackson Way,Avon,IN,46123,140000,3,2,Washington,1248,5667,2005,169,112,25,Sold,,,http://www.redfin.com/IN/Avon/9691-Jackson-Way-46123/home/82466879,MIBOR,21505311,N,Y,39.7736562,-86.3509306
PAST SALE,September-25-2017,Single Family Residential,9761 Jackson Way,Avon,IN,46123,144000,3,2,Washington,1408,6181,2001,173,102,25,Sold,,,http://www.redfin.com/IN/Avon/9761-Jackson-Way-46123/home/67095407,MIBOR,21504053,N,Y,39.7735533,-86.3495971
PAST SALE,October-10-2017,Single Family Residential,6620 Fieldstream Dr,Avon,IN,46123,249900,3,2,Washington,2124,16988,2003,158,118,,Sold,,,http://www.redfin.com/IN/Avon/6620-Fieldstream-Dr-46123/home/66949574,MIBOR,21511240,N,Y,39.731847,-86.4072217
PAST SALE,September-22-2017,Single Family Residential,8069 Dublin Dr,Avon,IN,46123,301156,5,3,Washington,3478,11199,2017,176,87,42,Sold,,,http://www.redfin.com/IN/Avon/8069-Dublin-Dr-46123/home/108286507,MIBOR,21484899,N,Y,39.7864054,-86.3803819
PAST SALE,September-20-2017,Single Family Residential,7589 Foxtail Cir,Avon,IN,46123,227000,3,2.5,Washington,3352,9583,1994,178,68,17,Sold,,,http://www.redfin.com/IN/Avon/7589-Fox-Tail-Cir-46123/home/60139684,MIBOR,21479243,N,Y,39.750909,-86.388732
PAST SALE,September-29-2017,Single Family Residential,8503 Charleston Ct,Avon,IN,46123,279900,4,2.5,Washington,3471,13068,2007,169,81,21,Sold,,,http://www.redfin.com/IN/Avon/8503-Charleston-Ct-46123/home/67100004,MIBOR,21500503,N,Y,39.7764587,-86.3668032
PAST SALE,October-20-2017,Single Family Residential,2135 Longford Ln,Avon,IN,46123,320000,4,2.5,Washington,2962,11325,2017,148,108,73,Sold,,,http://www.redfin.com/IN/Avon/2135-Longford-Dr-46123/home/143848264,MIBOR,21514048,N,Y,39.7476475,-86.3426155
PAST SALE,October-17-2017,Single Family Residential,4321 Bexley Ct,Avon,IN,46123,313548,5,3.5,Washington,3340,9317,2017,151,94,,Sold,,,http://www.redfin.com/IN/Avon/4312-Bexley-Ct-46123/home/109822529,MIBOR,21519626,N,Y,39.7496049,-86.4503753
PAST SALE,September-20-2017,Single Family Residential,7953 Cobblesprings Dr,Avon,IN,46123,200000,4,2.5,Washington,2744,16552,1994,178,73,38,Sold,,,http://www.redfin.com/IN/Avon/7953-Cobblesprings-Dr-46123/home/60099011,MIBOR,21497832,N,Y,39.7669831,-86.3818014
PAST SALE,September-26-2017,Single Family Residential,6395 Thornridge Dr,Avon,IN,46123,173000,3,2.5,Washington,2060,12196,1996,172,84,,Sold,,,http://www.redfin.com/IN/Avon/6395-Thornridge-Dr-46123/home/67033574,MIBOR,21497141,N,Y,39.7557702,-86.4117109
PAST SALE,September-29-2017,Single Family Residential,776 Seabreeze Dr,Avon,IN,46123,215000,4,2.5,Washington,3100,10890,2003,169,69,12,Sold,,,http://www.redfin.com/IN/Avon/776-Seabreeze-Dr-46123/home/60147730,MIBOR,21509904,N,Y,39.7746883,-86.3736879
PAST SALE,October-18-2017,Single Family Residential,307 Angelina Way,Avon,IN,46123,196900,3,2,Washington,1726,6307,2017,150,114,95,Sold,,,http://www.redfin.com/IN/Avon/307-Angelina-Way-46123/home/109822510,MIBOR,21510612,N,Y,39.7650863,-86.3606672
PAST SALE,September-28-2017,Single Family Residential,4200 Cairo Way,Avon,IN,46123,182000,2,2,Washington,1470,6481,2017,170,124,137,Sold,,,http://www.redfin.com/IN/Avon/4200-Cairo-Way-46123/home/82484593,MIBOR,21488117,N,Y,39.7553555,-86.4539098
PAST SALE,October-4-2017,Single Family Residential,4202 Cairo Way,Avon,IN,46123,173225,2,2,Washington,1438,6433,2017,164,120,137,Sold,,,http://www.redfin.com/IN/Avon/4202-Cairo-Way-46123/home/82484592,MIBOR,21505615,N,Y,39.755357,-86.4537391
PAST SALE,October-30-2017,Single Family Residential,428 Dylan Dr,Avon,IN,46123,144000,2,2,Washington,1248,5580,2015,138,115,95,Sold,,,http://www.redfin.com/IN/Avon/428-Dylan-Dr-46123/home/101838616,MIBOR,21505525,N,Y,39.7694834,-86.3594819
PAST SALE,November-9-2017,Single Family Residential,2450 Stonehaven Dr,Avon,IN,46123,375000,4,3.5,Washington,4727,13068,2017,128,79,50,Sold,,,http://www.redfin.com/IN/Avon/2450-Stonehaven-Dr-46123/home/109822679,MIBOR,21487154,N,Y,39.799486,-86.387644
PAST SALE,November-10-2017,Single Family Residential,10279 Blue Sky Dr,Avon,IN,46123,145000,3,2.5,Washington,1848,4356,2004,127,78,18,Sold,,,http://www.redfin.com/IN/Avon/10279-Blue-Sky-Dr-46123/home/82466902,MIBOR,21512688,N,Y,39.7542253,-86.3402083
PAST SALE,November-13-2017,Single Family Residential,1783 Devonshire Ave,Avon,IN,46123,264900,4,2.5,Washington,3135,7200,2017,124,84,33,Sold,,,http://www.redfin.com/IN/AVON/1783-DEVONSHIRE-AVE-46123/home/109821582,MIBOR,21483849,N,Y,39.7628227,-86.3997167
PAST SALE,November-15-2017,Single Family Residential,6686 Woodcrest Dr,Avon,IN,46123,280000,5,3.5,Washington,3816,13068,2006,122,73,,Sold,,,http://www.redfin.com/IN/Avon/6686-Woodcrest-Dr-46123/home/60070094,MIBOR,21506570,N,Y,39.7328871,-86.4063951
PAST SALE,November-27-2017,Single Family Residential,8126 Kilborn Way,Avon,IN,46123,289990,4,2.5,Washington,2765,13939,2017,110,105,42,Sold,,,http://www.redfin.com/IN/Avon/8126-Kilborn-Way-46123/home/109822153,MIBOR,21479623,N,Y,39.78547,-86.380067
PAST SALE,November-30-2017,Single Family Residential,1072 N County Road 425 E,Avon,IN,46123,187500,4,2,Washington,1472,37918,1977,107,127,,Sold,,,http://www.redfin.com/IN/Avon/1072-N-County-Road-425-E-46123/home/60098953,MIBOR,21522214,N,Y,39.77744,-86.452578
PAST SALE,January-28-2018,Single Family Residential,4296 Bexley Ct,Avon,IN,46123,351120,3,2.5,Washington,3086,8712,2017,48,114,42,Sold,,,http://www.redfin.com/IN/Avon/4312-Bexley-Ct-46123/home/109822279,MIBOR,21513745,N,Y,39.7496049,-86.4503753
PAST SALE,January-26-2018,Single Family Residential,6768 E County Road 200 N,Avon,IN,46123,140000,4,1.5,Washington,1232,21780,1960,50,114,,Sold,,,http://www.redfin.com/IN/Avon/6768-E-County-Rd-200-N-46123/home/82462481,MIBOR,21525195,N,Y,39.7921117,-86.4055167
PAST SALE,January-26-2018,Single Family Residential,740 Hohlier Ln,Avon,IN,46123,205500,3,2,Washington,1805,14810,2001,50,114,17,Sold,,,http://www.redfin.com/IN/Avon/740-Hohlier-Ln-46123/home/60081199,MIBOR,21527381,N,Y,39.7738531,-86.3945904
PAST SALE,January-26-2018,Single Family Residential,7302 Lockford Walk North,Avon,IN,46123,349900,5,3.5,Washington,4161,8276,2004,50,84,56,Sold,,,http://www.redfin.com/IN/Avon/7302-Lockford-Walk-N-46123/home/59984522,MIBOR,21378639,N,Y,39.7422937,-86.3939296
PAST SALE,December-20-2017,Single Family Residential,5573 Royal Troon Way,Avon,IN,46123,236500,4,2.5,Washington,2680,12632,1991,87,88,22,Sold,,,http://www.redfin.com/IN/Avon/5573-Royal-Troon-Way-46123/home/59998094,MIBOR,21513052,N,Y,39.7512003,-86.4265404
PAST SALE,February-15-2018,Single Family Residential,4018 Victoria Ln,Avon,IN,46123,333900,4,3.5,Washington,4478,19432,2004,30,75,,Sold,,,http://www.redfin.com/IN/Avon/4018-Victoria-Ln-46123/home/60086881,MIBOR,21540523,N,Y,39.7588618,-86.4568777
PAST SALE,February-2-2018,Single Family Residential,5518 Muirfield Way,Avon,IN,46123,223500,3,2,Washington,1896,13939,1996,43,118,24,Sold,,,http://www.redfin.com/IN/Avon/5518-Muirfield-Way-46123/home/60122992,MIBOR,21522194,N,Y,39.7512074,-86.4280824
PAST SALE,November-14-2017,Single Family Residential,1289 Red Dunes Run,Avon,IN,46123,211900,3,2.5,Washington,2188,11761,2003,123,97,35,Sold,,,http://www.redfin.com/IN/Avon/1289-Red-Dunes-Run-46123/home/60133120,MIBOR,21516529,N,Y,39.7822603,-86.3708853
PAST SALE,November-17-2017,Single Family Residential,7896 Red Sunset Way,Avon,IN,46123,156000,3,2.5,Washington,2257,9365,1997,120,69,38,Sold,,,http://www.redfin.com/IN/Avon/7896-Red-Sunset-Way-46123/home/66056766,MIBOR,21525237,N,Y,39.7651893,-86.3829293
PAST SALE,February-17-2018,Single Family Residential,1834 Spring Beauty Dr,Avon,IN,46123,235900,4,2.5,Washington,3088,16117,2003,28,76,31,Sold,,,http://www.redfin.com/IN/Avon/1834-Spring-Beauty-Dr-46123/home/60105276,MIBOR,21516712,N,Y,39.7887681,-86.3871041
PAST SALE,February-16-2018,Single Family Residential,7806 Red Sunset Way,Avon,IN,46123,169000,3,2,Washington,1600,7453,1999,29,106,38,Sold,,,http://www.redfin.com/IN/Avon/7806-Red-Sunset-Way-46123/home/82468731,MIBOR,21523159,N,Y,39.7651021,-86.3846507
PAST SALE,February-21-2018,Single Family Residential,9239 Thames Dr,Avon,IN,46123,259550,3,2,Washington,2200,10018,2017,24,118,33,Sold,,,http://www.redfin.com/IN/Avon/9239-Thames-Dr-46123/home/144038490,MIBOR,21518545,N,Y,39.7628227,-86.3997167
PAST SALE,February-20-2018,Single Family Residential,8530 Baypointe Dr,Avon,IN,46123,210000,4,2.5,Washington,3404,11325,2001,25,62,12,Sold,,,http://www.redfin.com/IN/Avon/8530-Baypointe-Dr-46123/home/60120974,MIBOR,21525507,N,Y,39.774273,-86.3732519
PAST SALE,February-20-2018,Single Family Residential,1938 Devonshire Ave,Avon,IN,46123,299190,5,3.5,Washington,3028,7801,2018,25,99,,Sold,,,http://www.redfin.com/IN/AVON/1938-DEVONSHIRE-AVE-46123/home/82484768,MIBOR,21547426,N,Y,39.7628227,-86.3997167
PAST SALE,February-9-2018,Single Family Residential,8072 Kilborn Way,Avon,IN,46123,320921,3,3,Washington,2765,16321,2017,36,116,42,Sold,,,http://www.redfin.com/IN/Avon/8072-Kilborn-Way-46123/home/82484084,MIBOR,21546243,N,Y,39.7859433,-86.3798303
PAST SALE,February-26-2018,Single Family Residential,6579 English Dr,Avon,IN,46123,210000,3,2,Washington,1962,23522,1973,19,107,,Sold,,,http://www.redfin.com/IN/Avon/6579-English-Dr-46123/home/67094680,MIBOR,21541938,N,Y,39.7862193,-86.4082798
PAST SALE,February-27-2018,Single Family Residential,8757 Ingram Ln,Avon,IN,46123,225000,4,2.5,Washington,2343,10441,2015,18,96,22,Sold,,,http://www.redfin.com/IN/Avon/8757-Ingram-Ln-46123/home/101838602,MIBOR,21540769,N,Y,39.7889125,-86.3689944
PAST SALE,February-28-2018,Single Family Residential,1983 Collingwood Dr,Avon,IN,46123,195000,4,2.5,Washington,2186,11761,2007,17,89,24,Sold,,,http://www.redfin.com/IN/Avon/1983-Collingwood-Dr-46123/home/60006524,MIBOR,21529407,N,Y,39.7340319,-86.3766174
PAST SALE,December-28-2017,Single Family Residential,1769 Archbury Dr,Avon,IN,46123,198000,3,2,Washington,2086,12632,2014,79,95,21,Sold,,,http://www.redfin.com/IN/Avon/1769-Archbury-Dr-46123/home/60140770,MIBOR,21513940,N,Y,39.7894634,-86.3674931
PAST SALE,February-28-2018,Single Family Residential,4285 Nottinghill Drive Dr,Avon,IN,46123,312500,4,2.5,Washington,4282,10454,2017,17,73,42,Sold,,,http://www.redfin.com/IN/Avon/4285-Nottinghill-Dr-46123/home/109822489,MIBOR,21513888,N,Y,39.747079,-86.435265
PAST SALE,February-28-2018,Single Family Residential,233 Plainview Dr,Avon,IN,46123,170000,5,2.5,Washington,2124,19602,1978,17,80,,Sold,,,http://www.redfin.com/IN/Avon/233-Plainview-Dr-46123/home/60012900,MIBOR,21528119,N,Y,39.75887,-86.4412952
PAST SALE,December-8-2017,Single Family Residential,9712 Centennial Ct,Avon,IN,46123,159000,3,2.5,Washington,1788,7344,2006,99,89,25,Sold,,,http://www.redfin.com/IN/Avon/9712-Centennial-Ct-46123/home/66872318,MIBOR,21518798,N,Y,39.7747273,-86.3505944
PAST SALE,December-7-2017,Single Family Residential,534 Austrian Way,Avon,IN,46123,190000,3,2.5,Washington,2572,12601,1999,100,74,17,Sold,,,http://www.redfin.com/IN/Avon/534-Austrian-Way-46123/home/82469655,MIBOR,21519252,N,Y,39.7539682,-86.3885682
PAST SALE,December-8-2017,Single Family Residential,7599 Corsican Cir,Avon,IN,46123,163000,3,2,Washington,3336,10903,1999,99,49,18,Sold,,,http://www.redfin.com/IN/Avon/7599-Corsican-Cir-46123/home/82470224,MIBOR,21519580,N,Y,39.7548928,-86.3885682
PAST SALE,February-23-2018,Single Family Residential,7867 E County Road 150 S,Avon,IN,46123,214000,3,2,Washington,2008,28749,1987,22,107,,Sold,,,http://www.redfin.com/IN/Avon/7867-E-County-Road-150-S-46123/home/60145525,MIBOR,21525409,N,Y,39.7406244,-86.3835426
PAST SALE,,Single Family Residential,824 Daybreak Dr,Avon,IN,46123,135000,3,2.5,,1416,5502,2004,,95,,,,,http://www.redfin.com/IN/Avon/824-Daybreak-Dr-46123/home/59994892,,,N,Y,39.7515526,-86.3428538
PAST SALE,March-2-2018,Single Family Residential,1690 Limerick Ln,Avon,IN,46123,279990,4,2.5,Washington,2614,11325,2017,15,107,42,Sold,,,http://www.redfin.com/IN/Avon/1690-Limerick-Ln-46123/home/109822339,MIBOR,21517178,N,Y,39.78547,-86.380067
PAST SALE,March-2-2018,Single Family Residential,10245 New Dawn Pl,Avon,IN,46123,150000,4,2,Washington,1358,6098,2007,15,110,19,Sold,,,http://www.redfin.com/IN/Avon/10245-New-Dawn-Pl-46123/home/60078972,MIBOR,21542702,N,Y,39.7530068,-86.3408403
PAST SALE,March-2-2018,Single Family Residential,8099 David Ct,Avon,IN,46123,295500,3,4,Washington,2940,18730,1999,15,101,16,Sold,,,http://www.redfin.com/IN/Avon/8099-David-Ct-46123/home/67100427,MIBOR,21519847,N,Y,39.7431259,-86.3792883
PAST SALE,March-2-2018,Single Family Residential,612 Terrace Ct,Avon,IN,46123,159900,3,2,Washington,1516,8712,1983,15,105,19,Sold,,,http://www.redfin.com/IN/Avon/612-Terrace-Ct-46123/home/66828422,MIBOR,21528721,N,Y,39.7534896,-86.4251565
PAST SALE,March-7-2018,Single Family Residential,5170 Braemar St,Avon,IN,46123,251000,3,2,Washington,2916,11761,1998,10,86,,Sold,,,http://www.redfin.com/IN/Avon/5170-Braemar-St-46123/home/66978104,MIBOR,21510536,N,Y,39.7644787,-86.4354558
PAST SALE,March-8-2018,Single Family Residential,733 Darlington,Avon,IN,46123,283855,5,2.5,Washington,4000,12588,2018,9,71,13,Sold,,,http://www.redfin.com/IN/Avon/733-Darlington-Dr-46123/home/82483079,MIBOR,21550224,N,Y,39.7731801,-86.3645737
PAST SALE,February-23-2018,Single Family Residential,8414 Denver Dr,Avon,IN,46123,255000,3,2,Washington,1981,13068,2015,22,129,33,Sold,,,http://www.redfin.com/IN/Avon/8414-Denver-Dr-46123/home/82484613,MIBOR,21542515,N,Y,39.7857458,-86.3746244
PAST SALE,March-8-2018,Single Family Residential,678 Bracknell Dr,Avon,IN,46123,258000,3,2.5,Washington,2244,14183,2015,9,115,42,Sold,,,http://www.redfin.com/IN/Avon/678-Bracknell-Dr-46123/home/101336753,MIBOR,21505392,N,Y,39.7524464,-86.4506153
PAST SALE,March-9-2018,Single Family Residential,8120 Crumwell Dr,Avon,IN,46123,172000,4,2,Washington,1633,6969,2004,8,105,24,Sold,,,http://www.redfin.com/IN/Avon/8120-Crumwell-Dr-46123/home/60028165,MIBOR,21527985,N,Y,39.736483,-86.3788513
PAST SALE,March-9-2018,Single Family Residential,2416 River Birch Dr,Avon,IN,46123,544150,5,3.5,Washington,4392,102366,2000,8,124,,Sold,,,http://www.redfin.com/IN/Avon/2416-River-Birch-Dr-46123/home/60093051,MIBOR,21509774,N,Y,39.7274175,-86.4192413
PAST SALE,March-9-2018,Single Family Residential,9359 Foudray Cir N,Avon,IN,46123,289650,3,2,Washington,2500,9583,2018,8,116,,Sold,,,http://www.redfin.com/IN/Avon/9359-Foudray-Cir-N-46123/home/145106236,MIBOR,21542835,N,Y,39.7716518,-86.4086061
PAST SALE,March-9-2018,Single Family Residential,1641 Rosewood Dr,Avon,IN,46123,230000,5,3,Washington,2748,12632,2011,8,84,18,Sold,,,http://www.redfin.com/IN/Avon/1641-Rosewood-Dr-46123/home/60109410,MIBOR,21541705,N,Y,39.7389397,-86.3766705
PAST SALE,March-5-2018,Single Family Residential,4696 E County Road 100 S,Avon,IN,46123,420000,4,3.5,Washington,3676,23400,2005,12,114,42,Sold,,,http://www.redfin.com/IN/Avon/4696-E-County-Road-100-S-46123/home/82469577,MIBOR,21523372,N,Y,39.751549,-86.444524
PAST SALE,March-12-2018,Single Family Residential,780 Crossbridge Ct,Avon,IN,46123,155000,3,2.5,Washington,1626,5662,1979,5,95,46,Sold,,,http://www.redfin.com/IN/Avon/780-Crossbridge-Ct-46123/home/66966025,MIBOR,21541187,N,Y,39.7509349,-86.4244448
PAST SALE,March-13-2018,Single Family Residential,1385 Balsam Fir Pass,Avon,IN,46123,319000,4,3,Washington,3913,12632,2009,4,82,42,Sold,,,http://www.redfin.com/IN/Avon/1385-Balsam-Fir-Pass-46123/home/60085986,MIBOR,21528702,N,Y,39.7420881,-86.421143
PAST SALE,March-13-2018,Single Family Residential,1777 Osman Dr,Avon,IN,46123,195000,3,2,Washington,1801,13068,2016,4,108,21,Sold,,,http://www.redfin.com/IN/Avon/1777-Osman-Dr-46123/home/107941794,MIBOR,21527840,N,Y,39.7901591,-86.363852
PAST SALE,March-15-2018,Single Family Residential,7926 White Pine Dr,Avon,IN,46123,255000,4,2.5,Washington,2418,18730,2000,2,105,10,Sold,,,http://www.redfin.com/IN/Avon/7926-White-Pine-Dr-46123/home/60016821,MIBOR,21504485,N,Y,39.7475421,-86.3816629
PAST SALE,March-16-2018,Single Family Residential,1612 Ballyganner Dr,Avon,IN,46123,274500,4,2.5,Washington,2646,13721,2016,1,104,42,Sold,,,http://www.redfin.com/IN/Avon/1612-Ballyganner-Dr-46123/home/104211209,MIBOR,21525514,N,Y,39.78547,-86.380067
PAST SALE,September-29-2017,Single Family Residential,8218 Elsen Rdg,Avon,IN,46123,231900,4,2.5,Washington,2922,14810,2006,169,79,17,Sold,,,http://www.redfin.com/IN/Avon/8218-Elsen-Rdg-46123/home/82470766,MIBOR,21485519,N,Y,39.7425174,-86.3769483
PAST SALE,October-6-2017,Single Family Residential,5477 E County Road 150,Avon,IN,46123,380000,4,2,Washington,3365,871200,1977,162,113,,Sold,,,http://www.redfin.com/IN/Avon/5477-E-County-Road-150-N-46123/home/60154479,MIBOR,21518251,N,Y,39.7823495,-86.4297471
PAST SALE,October-12-2017,Single Family Residential,8196 Oakley Ln,Avon,IN,46123,174000,3,2,Washington,1598,12196,2007,156,109,19,Sold,,,http://www.redfin.com/IN/Avon/8196-Oakley-Ln-46123/home/142343259,MIBOR,21497344,N,Y,39.7405824,-86.3774517
PAST SALE,October-27-2017,Single Family Residential,7254 Cambridge Pl,Avon,IN,46123,295500,3,3.5,Washington,3063,6969,2015,141,96,56,Sold,,,http://www.redfin.com/IN/Avon/7254-Cambridge-Pl-46123/home/64338947,MIBOR,21501638,N,Y,39.7447901,-86.394671
PAST SALE,October-16-2017,Single Family Residential,6289 Red Alder Dr,Avon,IN,46123,368750,4,3,Washington,4380,28958,1993,152,84,8,Sold,,,http://www.redfin.com/IN/Avon/6289-Red-Alder-Dr-46123/home/67009103,MIBOR,21503855,N,Y,39.7301321,-86.4130639
PAST SALE,November-10-2017,Single Family Residential,7603 Monterey Cir,Avon,IN,46123,200000,4,2.5,Washington,2320,13068,1996,127,86,16,Sold,,,http://www.redfin.com/IN/Avon/7603-Monterey-Cir-46123/home/66994821,MIBOR,21514139,N,Y,39.752711,-86.3883392
PAST SALE,November-21-2017,Single Family Residential,1862 N County Road 425 E,Avon,IN,46123,349900,3,2.5,Washington,2944,217800,1969,116,119,,Sold,,,http://www.redfin.com/IN/Avon/1862-N-County-Road-425-E-46123/home/82462094,MIBOR,21513791,N,Y,39.78881,-86.453406
PAST SALE,November-22-2017,Single Family Residential,2359 Sandi Dr,Avon,IN,46123,280000,5,3,Washington,4102,15385,2014,115,68,36,Sold,,,http://www.redfin.com/IN/Avon/2359-Sandi-Dr-46123/home/82484059,MIBOR,21512079,N,Y,39.7979367,-86.3676158
PAST SALE,November-28-2017,Single Family Residential,1783 N Avon Ave,Avon,IN,46123,157000,3,2,Washington,1235,37897,1962,109,127,,Sold,,,http://www.redfin.com/IN/Avon/1783-N-Avon-Ave-46123/home/82462737,MIBOR,21518093,N,Y,39.788616,-86.399862
PAST SALE,November-29-2017,Single Family Residential,856 Flying Sun Dr,Avon,IN,46123,150000,3,2,Washington,1718,6969,2004,108,87,19,Sold,,,http://www.redfin.com/IN/Avon/856-Flying-Sun-Dr-46123/home/60141602,MIBOR,21519800,N,Y,39.7510263,-86.344998
PAST SALE,December-1-2017,Single Family Residential,4564 E County Road 200 S,Avon,IN,46123,173000,4,1.5,Washington,1560,39996,1964,106,111,,Sold,,,http://www.redfin.com/IN/Avon/4564-E-County-Road-200-S-46123/home/82472083,MIBOR,21522486,N,Y,39.733114,-86.446332
PAST SALE,November-27-2017,Single Family Residential,8181 Oakley Ln,Avon,IN,46123,220000,4,3,Washington,2731,12632,2007,110,81,17,Sold,,,http://www.redfin.com/IN/Avon/8181-Oakley-Ln-46123/home/67108476,MIBOR,21512990,N,Y,39.7405009,-86.3774656
PAST SALE,December-4-2017,Single Family Residential,9719 Porter Dr,Avon,IN,46123,95500,3,1,Washington,1100,10890,1983,103,87,,Sold,,,http://www.redfin.com/IN/Avon/9719-Porter-Dr-46123/home/67013696,MIBOR,21509463,N,Y,39.7603973,-86.3513227
PAST SALE,December-13-2017,Single Family Residential,879 Nottinghill Ct,Avon,IN,46123,455000,3,3,Washington,4676,12632,2004,94,97,42,Sold,,,http://www.redfin.com/IN/Avon/879-Nottinghill-Ct-46123/home/82469311,MIBOR,21514594,N,Y,39.7491959,-86.4474336
PAST SALE,December-21-2017,Single Family Residential,1859 Wedgewood Pl,Avon,IN,46123,236400,3,3,Washington,2468,9744,2017,86,96,33,Sold,,,http://www.redfin.com/IN/Avon/1859-Wedgewood-Pl-46123/home/123709088,MIBOR,21492356,N,Y,39.7350413,-86.3673294
PAST SALE,December-28-2017,Single Family Residential,9690 Jackson Way,Avon,IN,46123,150000,4,2,Washington,1445,5227,2005,79,104,25,Sold,,,http://www.redfin.com/IN/Avon/9690-Jackson-Way-46123/home/60153768,MIBOR,21524743,N,Y,39.7737048,-86.3508939
PAST SALE,December-15-2017,Single Family Residential,8178 Kilborn Way,Avon,IN,46123,250035,4,2.5,Washington,2893,11325,2017,92,86,42,Sold,,,http://www.redfin.com/IN/Avon/8178-Kilborn-Way-46123/home/109822642,MIBOR,21528413,N,Y,39.7856047,-86.3795198
PAST SALE,January-3-2018,Single Family Residential,1177 N County Road 900 E,Avon,IN,46123,230000,3,2,Washington,1360,87120,1978,73,169,,Sold,,,http://www.redfin.com/IN/Avon/1177-N-County-Road-900-E-46123/home/67062459,MIBOR,21525762,N,Y,39.780747,-86.361335
PAST SALE,December-20-2017,Single Family Residential,9420 Thames Dr,Avon,IN,46123,291900,4,3.5,Washington,3082,11325,2017,87,95,33,Sold,,,http://www.redfin.com/IN/AVON/9420-THAMES-DR-46123/home/144051241,MIBOR,21518908,N,Y,39.7628227,-86.3997167
PAST SALE,January-12-2018,Single Family Residential,1794 Devonshire Ave,Avon,IN,46123,228515,3,2.5,Washington,2234,7797,2017,64,102,,Sold,,,http://www.redfin.com/IN/AVON/1794-DEVONSHIRE-AVE-46123/home/109821903,MIBOR,21540584,N,Y,39.7628227,-86.3997167
PAST SALE,January-11-2018,Single Family Residential,2498 Stonehaven Way,Avon,IN,46123,386875,5,3.5,Washington,4026,21780,2017,65,96,49,Sold,,,http://www.redfin.com/IN/Avon/2498-Stonehaven-Way-46123/home/109822265,MIBOR,21526384,N,Y,39.7983238,-86.3902133
PAST SALE,January-31-2018,Single Family Residential,6714 Royal Ln,Avon,IN,46123,230000,4,2.5,Washington,2352,17859,1992,45,98,,Sold,,,http://www.redfin.com/IN/Avon/6714-Royal-Ln-46123/home/67004464,MIBOR,21495881,N,Y,39.7678683,-86.4049117
PAST SALE,February-12-2018,Single Family Residential,1514 Cherry Tree Rd,Avon,IN,46123,365000,4,3.5,Washington,3043,23522,2000,33,120,17,Sold,,,http://www.redfin.com/IN/Avon/1514-Cherry-Tree-Rd-46123/home/60013760,MIBOR,21522119,N,Y,39.7851475,-86.3940878
PAST SALE,December-15-2017,Single Family Residential,10186 Morning Sun Ct,Avon,IN,46123,133500,3,2,Washington,1408,5662,2002,92,95,18,Sold,,,http://www.redfin.com/IN/Avon/10186-Morning-Sun-Ct-46123/home/60021757,MIBOR,21517851,N,Y,39.7499363,-86.3418757
PAST SALE,October-26-2017,Single Family Residential,560 Keeler Dr,Avon,IN,46123,229000,4,2.5,Washington,2504,15398,1990,142,91,6,Sold,,,http://www.redfin.com/IN/Avon/560-Keeler-Dr-46123/home/60054660,MIBOR,21500145,N,Y,39.7707043,-86.40202
PAST SALE,December-15-2017,Single Family Residential,437 Cobblestone Rd,Avon,IN,46123,285900,3,2.5,Washington,2396,28749,1987,92,119,23,Sold,,,http://www.redfin.com/IN/Avon/437-Cobblestone-Rd-46123/home/60066170,MIBOR,21522644,N,Y,39.7551648,-86.4338942
PAST SALE,November-10-2017,Single Family Residential,8387 Captain Dr,Avon,IN,46123,162900,4,2.5,Washington,1704,15245,1999,127,96,12,Sold,,,http://www.redfin.com/IN/Avon/8387-Captain-Dr-46123/home/60095953,MIBOR,21517162,N,Y,39.7725862,-86.3732921
PAST SALE,October-19-2017,Single Family Residential,1118 Northcliffe Dr,Avon,IN,46123,181000,4,2,Washington,2400,10890,2007,149,75,22,Sold,,,http://www.redfin.com/IN/Avon/1118-Northcliffe-Dr-46123/home/66843363,MIBOR,21514754,N,Y,39.7796067,-86.3761224
PAST SALE,December-18-2017,Single Family Residential,5645 Ridge Hill Way,Avon,IN,46123,183000,3,2,Washington,1478,9147,1987,89,124,22,Sold,,,http://www.redfin.com/IN/Avon/5645-RidgeHill-Way-46123/home/66885674,MIBOR,21523461,N,Y,39.7531618,-86.4262636
PAST SALE,February-1-2018,Single Family Residential,1361 N County Road 900 E,Avon,IN,46123,96000,4,2,Washington,1720,43560,1993,44,56,,Sold,,,http://www.redfin.com/IN/Avon/1361-N-County-Rd-900-E-46123/home/67055293,MIBOR,21486730,N,Y,39.783531,-86.361679
PAST SALE,,Single Family Residential,7433 Tassel Ct,Avon,IN,46123,125100,3,2,,1106,7993,1997,,113,,,,,http://www.redfin.com/IN/Avon/7433-Tassel-Ct-46123/home/82468639,,,N,Y,39.7656398,-86.3916149
PAST SALE,February-16-2018,Single Family Residential,1818 Archbury Dr,Avon,IN,46123,176000,3,2,Washington,1618,12580,2014,29,109,22,Sold,,,http://www.redfin.com/IN/Avon/1818-Archbury-Dr-46123/home/82455483,MIBOR,21527683,N,Y,39.7901041,-86.3680671
PAST SALE,December-29-2017,Single Family Residential,2142 N County Road 600 E,Avon,IN,46123,246999,4,3,Washington,2363,41033,1994,78,105,,Sold,,,http://www.redfin.com/IN/Avon/2142-N-County-Road-600-E-46123/home/82462430,MIBOR,21488622,N,Y,39.793354,-86.4197787
PAST SALE,December-22-2017,Single Family Residential,1436 Concordia Dr,Avon,IN,46123,240000,3,2.5,Washington,1837,25831,1979,85,131,,Sold,,,http://www.redfin.com/IN/Avon/1436-Concordia-Dr-46123/home/82463052,MIBOR,21485582,N,Y,39.7834874,-86.3982222
PAST SALE,January-5-2018,Single Family Residential,591 Hollowood Ln,Avon,IN,46123,141000,3,2.5,Washington,2064,9038,2003,71,68,24,Sold,,,http://www.redfin.com/IN/Avon/591-Hollowood-Ln-46123/home/82466604,MIBOR,21524885,N,Y,39.7722574,-86.3473596
PAST SALE,,Single Family Residential,7436 Glensford Dr,Avon,IN,46123,134000,3,2,,1276,7802,1994,,105,,,,,http://www.redfin.com/IN/Avon/7436-Glensford-Dr-46123/home/82468413,,,N,Y,39.7675277,-86.3915754
PAST SALE,February-6-2018,Single Family Residential,1985 Oakbrooke Ct,Avon,IN,46123,226000,4,2.5,Washington,3556,12632,2000,39,64,21,Sold,,,http://www.redfin.com/IN/Avon/1985-Oakbrooke-Ct-46123/home/82471621,MIBOR,21529049,N,Y,39.7331234,-86.39842
PAST SALE,February-15-2018,Single Family Residential,2043 Longford Ln,Avon,IN,46123,289500,4,2.5,Washington,3019,11325,2017,30,96,73,Sold,,,http://www.redfin.com/IN/Avon/2043-Longford-Ln-46123/home/144591825,MIBOR,21545600,N,Y,39.793204,-86.375971
PAST SALE,February-23-2018,Single Family Residential,1185 Ridgeview Ct,Avon,IN,46123,140000,3,2.5,Washington,2382,13939,1978,22,59,17,Sold,,,http://www.redfin.com/IN/Avon/1185-Ridgeview-Ct-46123/home/66980736,MIBOR,21523999,N,Y,39.7456993,-86.4261252
PAST SALE,February-23-2018,Single Family Residential,1958 Greenlawn Cir,Avon,IN,46123,245000,4,2.5,Washington,3429,9548,2002,22,71,32,Sold,,,http://www.redfin.com/IN/Avon/1958-Greenlawn-Cir-46123/home/60161126,MIBOR,21524947,N,Y,39.7340767,-86.4006354
PAST SALE,February-23-2018,Single Family Residential,10099 Cornith Way,Avon,IN,46123,175000,3,2,Washington,1764,11761,1999,22,99,17,Sold,,,http://www.redfin.com/IN/Avon/10099-Cornith-Way-46123/home/60083109,MIBOR,21540339,N,Y,39.7694225,-86.3441122
PAST SALE,February-9-2018,Single Family Residential,1644 Galway Cir,Avon,IN,46123,250330,4,2.5,Washington,2936,10480,2017,36,85,42,Sold,,,http://www.redfin.com/IN/Avon/1644-Galway-Cir-46123/home/144929876,MIBOR,21547410,N,Y,39.7876668,-86.3796656
PAST SALE,February-27-2018,Single Family Residential,169 Springwood Dr,Avon,IN,46123,184000,3,2.5,Washington,1694,12632,1994,18,109,38,Sold,,,http://www.redfin.com/IN/Avon/169-Springwood-Dr-46123/home/59982338,MIBOR,21542946,N,Y,39.7654184,-86.3831865
PAST SALE,December-13-2017,Single Family Residential,5875 Annanhill Ct,Avon,IN,46123,335000,4,3.5,Washington,3219,22694,1991,94,104,31,Sold,,,http://www.redfin.com/IN/Avon/5875-Annanhill-Ct-46123/home/60046410,MIBOR,21516381,N,Y,39.7487362,-86.4217513
PAST SALE,September-26-2017,Single Family Residential,1793 Ballyganner Dr,Avon,IN,46123,265000,4,2,Washington,3460,11325,2005,172,77,42,Sold,,,http://www.redfin.com/IN/Avon/1793-Ballyganner-Dr-46123/home/60074172,MIBOR,21490207,N,Y,39.7894702,-86.3780224
PAST SALE,February-28-2018,Single Family Residential,383 N County Road 450 E,Avon,IN,46123,228500,3,2.5,Washington,1831,110642,1988,17,125,,Sold,,,http://www.redfin.com/IN/Avon/383-N-County-Road-450-E-46123/home/82469282,MIBOR,21539716,N,Y,39.767834,-86.4472548
PAST SALE,January-11-2018,Single Family Residential,1901 Spring Beauty Dr,Avon,IN,46123,223000,4,2.5,Washington,2727,10001,2003,65,82,,Sold,,,http://www.redfin.com/IN/Avon/1901-Spring-Beauty-Dr-46123/home/66851586,MIBOR,21526161,N,Y,39.7897493,-86.3863523
PAST SALE,December-1-2017,Single Family Residential,4221 Victoria Ln,Avon,IN,46123,319900,5,3.5,Washington,4115,19697,2008,106,78,,Sold,,,http://www.redfin.com/IN/Avon/4221-Victoria-Ln-46123/home/66946814,MIBOR,21475733,N,Y,39.7583579,-86.4530248
PAST SALE,December-4-2017,Single Family Residential,128 Meadow Glen Dr,Avon,IN,46123,130000,3,2,Washington,1271,11325,1999,103,102,,Sold,,,http://www.redfin.com/IN/Avon/128-Meadow-Glen-Dr-46123/home/66999737,MIBOR,21516394,N,Y,39.7653414,-86.3935702
PAST SALE,December-1-2017,Single Family Residential,509 Balfour Ct,Avon,IN,46123,174900,3,2.5,Washington,3277,15681,1997,106,53,17,Sold,,,http://www.redfin.com/IN/Avon/509-Balfour-Ct-46123/home/67023343,MIBOR,21513082,N,Y,39.7553353,-86.389874
PAST SALE,December-1-2017,Single Family Residential,1362 Longleaf St,Avon,IN,46123,300000,5,3.5,Washington,3842,12632,2005,106,78,40,Sold,,,http://www.redfin.com/IN/Avon/1362-Longleaf-St-46123/home/67050046,MIBOR,21512513,N,Y,39.7425762,-86.4152795
PAST SALE,November-13-2017,Single Family Residential,713 Hollowood Ln,Avon,IN,46123,150000,5,2.5,Washington,2858,6599,2001,124,52,25,Sold,,,http://www.redfin.com/IN/Avon/713-Hollowood-Ln-46123/home/67057697,MIBOR,21464764,N,Y,39.7741218,-86.347221
PAST SALE,December-8-2017,Single Family Residential,7202 Village Oaks Dr,Avon,IN,46123,197000,3,2.5,Washington,2330,13068,2002,99,85,20,Sold,,,http://www.redfin.com/IN/Avon/7202-Village-Oaks-Dr-46123/home/67058939,MIBOR,21518583,N,Y,39.7348348,-86.3970379
PAST SALE,January-18-2018,Single Family Residential,6820 Loretta Ct,Avon,IN,46123,261000,4,2.5,Washington,4057,15002,1999,58,64,,Sold,,,http://www.redfin.com/IN/Avon/6820-Loretta-Ct-46123/home/67089360,MIBOR,21514428,N,Y,39.7676709,-86.4026925
PAST SALE,February-27-2018,Single Family Residential,1111 Red Dunes Run,Avon,IN,46123,263000,4,2.5,Washington,3865,12196,2004,18,68,22,Sold,,,http://www.redfin.com/IN/Avon/1111-Red-Dunes-Run-46123/home/60099554,MIBOR,21523690,N,Y,39.7796281,-86.3697527
PAST SALE,February-2-2018,Single Family Residential,7228 Village Oaks Dr,Avon,IN,46123,172500,3,2.5,Washington,1965,14374,2002,43,88,20,Sold,,,http://www.redfin.com/IN/Avon/7228-Village-Oaks-Dr-46123/home/67059383,MIBOR,21530262,N,Y,39.7348457,-86.3967412
PAST SALE,March-6-2018,Single Family Residential,1850 Devonshire Ave,Avon,IN,46123,239900,4,3,Washington,2301,9247,2014,11,104,33,Sold,,,http://www.redfin.com/IN/AVON/1850-DEVONSHIRE-AVE-46123/home/107310500,MIBOR,21542001,N,Y,39.7628227,-86.3997167
PAST SALE,March-7-2018,Single Family Residential,1917 Collingwood Dr,Avon,IN,46123,210000,3,2.5,Washington,2909,9147,2010,10,72,24,Sold,,,http://www.redfin.com/IN/Avon/1917-Collingwood-Dr-46123/home/60125565,MIBOR,21511436,N,Y,39.7349339,-86.3764189
PAST SALE,March-7-2018,Single Family Residential,1570 Stanford Dr,Avon,IN,46123,226000,4,2.5,Washington,2746,12510,2005,10,82,17,Sold,,,http://www.redfin.com/IN/Avon/1570-Stanford-Dr-46123/home/82470251,MIBOR,21540999,N,Y,39.73988,-86.3795181
PAST SALE,March-15-2018,Single Family Residential,798 Daybreak Dr,Avon,IN,46123,178000,3,2.5,Washington,2126,5501,2007,2,84,19,Sold,,,http://www.redfin.com/IN/Avon/798-Daybreak-Dr-46123/home/82466967,MIBOR,21530013,N,Y,39.7515238,-86.3422114
PAST SALE,March-16-2018,Single Family Residential,10273 Sunvista Ct,Avon,IN,46123,210000,4,2.5,Washington,2442,11600,2009,1,86,18,Sold,,,http://www.redfin.com/IN/Avon/10273-Sunvista-Ct-46123/home/82483260,MIBOR,21525136,N,Y,39.7499598,-86.3407638
PAST SALE,March-13-2018,Single Family Residential,1853 Archbury Dr,Avon,IN,46123,210000,3,2,Washington,1886,11560,2014,4,111,22,Sold,,,http://www.redfin.com/IN/Avon/1853-Archbury-Dr-46123/home/82455454,MIBOR,21545432,N,Y,39.7905884,-86.3674931
PAST SALE,March-16-2018,Single Family Residential,416 Dylan Dr,Avon,IN,46123,163900,2,2,Washington,1238,6655,2017,1,132,95,Sold,,,http://www.redfin.com/IN/Avon/416-Dylan-Dr-46123/home/109822148,MIBOR,21522172,N,Y,39.769488,-86.3591624
PAST SALE,October-20-2017,Single Family Residential,699 Colin Dr,Avon,IN,46123,310000,4,3.5,Washington,4008,14810,2013,148,77,25,Sold,,,http://www.redfin.com/IN/Avon/699-Colin-Dr-46123/home/60126859,MIBOR,21497012,N,Y,39.7693323,-86.3894981
PAST SALE,October-19-2017,Single Family Residential,588 Harvest Ridge Dr,Avon,IN,46123,237900,3,2,Washington,1731,10018,2001,149,137,23,Sold,,,http://www.redfin.com/IN/Avon/588-Harvest-Ridge-Dr-46123/home/66919242,MIBOR,21505517,N,Y,39.7713909,-86.3936922
PAST SALE,October-6-2017,Single Family Residential,1198 N County Road 600 E,Avon,IN,46123,230500,3,3,Washington,2300,38768,1992,162,100,,Sold,,,http://www.redfin.com/IN/Avon/1198-N-County-Road-600-E-46123/home/82461849,MIBOR,21507685,N,Y,39.7799357,-86.4211628
PAST SALE,September-28-2017,Single Family Residential,1690 Ballyganner Dr,Avon,IN,46123,296500,4,3,Washington,4351,12196,2006,170,68,42,Sold,,,http://www.redfin.com/IN/Avon/1690-Ballyganner-Dr-46123/home/60017194,MIBOR,21482171,N,Y,39.7880203,-86.3785571
PAST SALE,September-29-2017,Single Family Residential,7753 Rock Crk,Avon,IN,46123,306000,4,2.5,Washington,4003,13499,2005,169,76,55,Sold,,,http://www.redfin.com/IN/Avon/7753-Rock-Crk-46123/home/60115966,MIBOR,21495417,N,Y,39.7944116,-86.3864314
PAST SALE,October-5-2017,Single Family Residential,6935 Trailside Dr,Avon,IN,46123,249900,4,2.5,Washington,3104,12706,2004,163,81,32,Sold,,,http://www.redfin.com/IN/Avon/6935-Trailside-Dr-46123/home/59988676,MIBOR,21505946,N,Y,39.7331213,-86.4009519
PAST SALE,October-6-2017,Single Family Residential,7078 Village Oaks Dr,Avon,IN,46123,174900,3,2,Washington,1641,13068,2001,162,107,20,Sold,,,http://www.redfin.com/IN/Avon/7078-Village-Oaks-Dr-46123/home/60088924,MIBOR,21507430,N,Y,39.7348149,-86.3984991
PAST SALE,October-6-2017,Single Family Residential,1433 Macintosh Ct,Avon,IN,46123,265000,3,2.5,Washington,3508,12196,1997,162,76,13,Sold,,,http://www.redfin.com/IN/Avon/1433-Macintosh-Ct-46123/home/60107796,MIBOR,21505733,N,Y,39.7413319,-86.4114981
PAST SALE,October-6-2017,Single Family Residential,1888 Sweet Gum Dr,Avon,IN,46123,280000,4,2.5,Washington,2720,26136,1997,162,103,8,Sold,,,http://www.redfin.com/IN/Avon/1888-Sweet-Gum-Dr-46123/home/60158230,MIBOR,21448094,N,Y,39.7347548,-86.418711
PAST SALE,October-19-2017,Single Family Residential,10265 Stillwell Dr,Avon,IN,46123,142500,3,2,Washington,1468,9583,1999,149,97,18,Sold,,,http://www.redfin.com/IN/Avon/10265-Stillwell-Dr-46123/home/67105959,MIBOR,21512672,N,Y,39.7696751,-86.3412804
PAST SALE,October-12-2017,Single Family Residential,4220 Cairo Way,Avon,IN,46123,187635,3,2,Washington,1739,7100,2017,156,108,42,Sold,,,http://www.redfin.com/IN/Avon/4220-Cairo-Way-46123/home/82484220,MIBOR,21519162,N,Y,39.7553586,-86.453559
PAST SALE,October-10-2017,Single Family Residential,272 Canterbury Dr,Avon,IN,46123,177000,5,3,Washington,2520,43921,1972,158,70,,Sold,,,http://www.redfin.com/IN/Avon/272-Canterbury-Dr-46123/home/82469214,MIBOR,21497394,N,Y,39.7589309,-86.449482
PAST SALE,October-16-2017,Single Family Residential,1589 Rosewood Dr,Avon,IN,46123,203000,3,2.5,Washington,2366,12588,2009,152,86,18,Sold,,,http://www.redfin.com/IN/Avon/1589-Rosewood-Dr-46123/home/60147508,MIBOR,21506319,N,Y,39.7396966,-86.3766919
PAST SALE,November-13-2017,Single Family Residential,8144 Crumwell Dr,Avon,IN,46123,158000,3,2,Washington,1674,7405,2007,124,94,24,Sold,,,http://www.redfin.com/IN/Avon/8144-Crumwell-Dr-46123/home/60158681,MIBOR,21516399,N,Y,39.7363138,-86.378408
PAST SALE,November-21-2017,Single Family Residential,4353 E County Road 200 S,Avon,IN,46123,195000,3,2,Washington,1445,79714,1978,116,135,,Sold,,,http://www.redfin.com/IN/Avon/4353-E-County-Road-200-S-46123/home/82471964,MIBOR,21518674,N,Y,39.7326663,-86.4503496
PAST SALE,December-21-2017,Single Family Residential,8100 Melbourne Ln,Avon,IN,46123,163400,3,2,Washington,1450,8437,2004,86,113,24,Sold,,,http://www.redfin.com/IN/Avon/8100-Melbourne-Ln-46123/home/82470310,MIBOR,21506244,N,Y,39.7342893,-86.3792085
PAST SALE,December-15-2017,Single Family Residential,936 N County Road 500 E,Avon,IN,46123,212000,3,2,Washington,2524,29054,1994,92,84,,Sold,,,http://www.redfin.com/IN/Avon/936-N-County-Road-500-E-46123/home/69375415,MIBOR,21514334,N,Y,39.7758557,-86.4383527
PAST SALE,January-19-2018,Single Family Residential,1933 Jeto Lake West Dr,Avon,IN,46123,185000,4,2.5,Washington,2370,30927,1962,57,78,20,Sold,,,http://www.redfin.com/IN/Avon/1933-Je-to-Lake-Dr-46123/home/67026909,MIBOR,21510326,N,Y,39.7902571,-86.4234685
PAST SALE,January-31-2018,Single Family Residential,1365 Turner Trace Place South,Avon,IN,46123,310000,4,3.5,Washington,3830,9147,2006,45,81,56,Sold,,,http://www.redfin.com/IN/Avon/1365-Turner-Trace-Pl-N-46123/home/141451299,MIBOR,21497007,N,Y,39.7431499,-86.3929686
PAST SALE,December-29-2017,Single Family Residential,1792 N Co Rd 900 E,Avon,IN,46123,142500,3,2,Washington,1315,21780,1982,78,108,,Sold,,,http://www.redfin.com/IN/Avon/1792-N-County-Road-900-E-46123/home/60103505,MIBOR,21527056,N,Y,39.7896319,-86.3627308
PAST SALE,January-5-2018,Single Family Residential,6701 Wilmot Ln,Avon,IN,46123,275000,4,2.5,Washington,4598,12196,2011,71,60,25,Sold,,,http://www.redfin.com/IN/Avon/6701-Wilmot-Ln-46123/home/60115971,MIBOR,21524866,N,Y,39.7508631,-86.4051449
PAST SALE,January-2-2018,Single Family Residential,708 Royal Troon Ct,Avon,IN,46123,228500,3,2,Washington,2052,18295,1989,74,111,27,Sold,,,http://www.redfin.com/IN/Avon/708-Royal-Troon-Ct-46123/home/60138959,MIBOR,21525722,N,Y,39.7521896,-86.4326345
PAST SALE,December-27-2017,Single Family Residential,705 Port Dr,Avon,IN,46123,190000,3,3,Washington,2764,16988,2000,80,69,12,Sold,,,http://www.redfin.com/IN/Avon/705-Port-Dr-46123/home/67050300,MIBOR,21520130,N,Y,39.7735213,-86.3671962
PAST SALE,February-1-2018,Single Family Residential,677 Woodfield Cir,Avon,IN,46123,152000,3,2,Washington,1402,10018,1999,44,108,16,Sold,,,http://www.redfin.com/IN/Avon/677-Woodfield-Cir-46123/home/82470044,MIBOR,21528157,N,Y,39.7533261,-86.3937911
PAST SALE,January-8-2018,Single Family Residential,2237 Woodcreek Dr,Avon,IN,46123,360000,4,3,Washington,2809,44866,1994,68,128,23,Sold,,,http://www.redfin.com/IN/Avon/2237-Woodcreek-Dr-46123/home/67091120,MIBOR,21494608,N,Y,39.795606,-86.3938306
PAST SALE,January-28-2018,Single Family Residential,8811 Benjamin Ln,Avon,IN,46123,238990,5,2.5,Washington,3131,7405,2017,48,76,21,Sold,,,http://www.redfin.com/IN/Avon/8811-Benjamin-Ln-46123/home/143318007,MIBOR,21506859,N,Y,39.7914868,-86.3685611
PAST SALE,February-9-2018,Single Family Residential,1033 Sheffield Dr,Avon,IN,46123,175000,3,2,Washington,1420,67082,1973,36,123,2,Sold,,,http://www.redfin.com/IN/Avon/1033-Sheffield-Dr-46123/home/60147195,MIBOR,21530069,N,Y,39.777814,-86.3979848
PAST SALE,December-8-2017,Single Family Residential,8096 Sydney Ln,Avon,IN,46123,142500,3,2,Washington,1421,6969,2004,99,100,25,Sold,,,http://www.redfin.com/IN/Avon/8096-Sydney-Ln-46123/home/60159382,MIBOR,21514844,N,Y,39.7372247,-86.3792565
PAST SALE,December-5-2017,Single Family Residential,549 Woodfield Cir,Avon,IN,46123,152500,3,2.5,Washington,1808,11282,1999,102,84,17,Sold,,,http://www.redfin.com/IN/Avon/549-Woodfield-Cir-46123/home/66953963,MIBOR,21519349,N,Y,39.7552766,-86.3944637
PAST SALE,November-28-2017,Single Family Residential,589 Shortleaf Dr,Avon,IN,46123,172500,3,2,Washington,1686,11325,2001,109,102,13,Sold,,,http://www.redfin.com/IN/Avon/589-Shortleaf-Dr-46123/home/66980464,MIBOR,21522509,N,Y,39.7545571,-86.3907049
PAST SALE,January-18-2018,Single Family Residential,6575 Kings Ct,Avon,IN,46123,234900,4,2.5,Washington,3408,22215,1981,58,69,,Sold,,,http://www.redfin.com/IN/Avon/6575-Kings-Ct-46123/home/82469678,MIBOR,21514854,N,Y,39.7597755,-86.4080293
PAST SALE,January-23-2018,Single Family Residential,1867 Tawney Ln,Avon,IN,46123,260000,4,2.5,Washington,3136,12632,2003,53,83,25,Sold,,,http://www.redfin.com/IN/Avon/1867-Tawney-Ln-46123/home/60026889,MIBOR,21528486,N,Y,39.7354489,-86.3962243
PAST SALE,December-11-2017,Single Family Residential,2474 Stonehaven Way,Avon,IN,46123,433890,4,3.5,Washington,5509,12632,2017,96,79,50,Sold,,,http://www.redfin.com/IN/Avon/2474-Stonehaven-Way-46123/home/144851999,MIBOR,21526460,N,Y,39.7983238,-86.3902133
PAST SALE,December-1-2017,Single Family Residential,361 Angelina Way,Avon,IN,46123,176900,3,2,Washington,1582,6534,2017,106,112,95,Sold,,,http://www.redfin.com/IN/Avon/361-Angelina-Way-46123/home/109822020,MIBOR,21512538,N,Y,39.7650733,-86.3606764
PAST SALE,November-23-2017,Single Family Residential,7940 Village Green Dr,Avon,IN,46123,365970,3,3,Washington,5288,13068,2017,114,69,55,Sold,,,http://www.redfin.com/IN/Avon/7940-Village-Green-Dr-46123/home/109822105,MIBOR,21525919,N,Y,39.7986051,-86.3848298
PAST SALE,November-17-2017,Single Family Residential,10178 Cornith Way,Avon,IN,46123,140000,3,2,Washington,1400,8751,2001,120,100,18,Sold,,,http://www.redfin.com/IN/Avon/10178-Cornith-Way-46123/home/60109078,MIBOR,21514014,N,Y,39.7692911,-86.3424884
PAST SALE,December-15-2017,Single Family Residential,10072 Evening Sun Ct,Avon,IN,46123,175000,4,2.5,Washington,2560,6695,2004,92,68,18,Sold,,,http://www.redfin.com/IN/Avon/10072-Evening-Sun-Ct-46123/home/66864321,MIBOR,21511542,N,Y,39.7507686,-86.344033
PAST SALE,September-19-2017,Single Family Residential,4392 Gibbs Rd,Danville,IN,46122,258000,4,3,Washington,1870,218671,1975,179,138,,Sold,,,http://www.redfin.com/IN/Danville/4392-Gibbs-Rd-46122/home/109822433,MIBOR,21504103,N,Y,39.727203,-86.449704
PAST SALE,February-26-2018,Single Family Residential,2132 N County Road 425 E,Avon,IN,46123,196500,5,3,Washington,1948,73616,1966,19,101,,Sold,,,http://www.redfin.com/IN/Avon/2132-N-County-Road-425-E-46123/home/82461992,MIBOR,21539549,N,Y,39.7930299,-86.4522955
PAST SALE,December-11-2017,Single Family Residential,,Avon,IN,46123,246850,5,3,,3028,8276,2017,96,82,,Sold,,,http://www.redfin.com/IN/Avon/Undisclosed-address-46123/home/144290958,MIBOR,21528063,N,Y,39.7354831,-86.3673398
PAST SALE,December-11-2017,Single Family Residential,1595 Ballyganner Dr,Avon,IN,46123,273000,4,2.5,Washington,2898,13751,2017,96,94,42,Sold,,,http://www.redfin.com/IN/Avon/1595-Ballyganner-Dr-46123/home/109821464,MIBOR,21474934,N,Y,39.78547,-86.380067
PAST SALE,December-14-2017,Single Family Residential,8961 Ingram Ln,Avon,IN,46123,189070,3,2.5,Washington,2456,10890,2017,93,77,21,Sold,,,http://www.redfin.com/IN/Avon/8961-Ingram-Ln-46123/home/109822530,MIBOR,21528655,N,Y,39.7889125,-86.3689944
PAST SALE,December-19-2017,Single Family Residential,8133 Crumwell Dr,Avon,IN,46123,170000,4,2,Washington,1638,7405,2004,88,104,24,Sold,,,http://www.redfin.com/IN/Avon/8133-Crumwell-Dr-46123/home/60113161,MIBOR,21522468,N,Y,39.7360439,-86.378611
PAST SALE,December-19-2017,Single Family Residential,8166 Eskerban Dr,Avon,IN,46123,253000,4,2.5,Washington,3164,12632,2011,88,80,42,Sold,,,http://www.redfin.com/IN/Avon/8166-Eskerban-Dr-46123/home/60050561,MIBOR,21506328,N,Y,39.7902419,-86.3781082
PAST SALE,December-18-2017,Single Family Residential,694 Crystal Farms Dr,Avon,IN,46123,142900,3,2,Washington,1294,13503,1999,89,110,25,Sold,,,http://www.redfin.com/IN/Avon/694-Crystal-Farms-Dr-46123/home/67092679,MIBOR,21520206,N,Y,39.7749006,-86.3445082
PAST SALE,December-21-2017,Single Family Residential,1073 Kingsway Dr,Avon,IN,46123,192000,3,2,Washington,1800,34848,1989,86,107,,Sold,,,http://www.redfin.com/IN/Avon/1073-Kingsway-Dr-46123/home/82462771,MIBOR,21511551,N,Y,39.7782304,-86.4069052
PAST SALE,January-29-2018,Single Family Residential,6950 Trailside Dr,Avon,IN,46123,225000,4,2.5,Washington,3000,11804,2003,47,75,32,Sold,,,http://www.redfin.com/IN/Avon/6950-Trailside-Dr-46123/home/66971000,MIBOR,21488245,N,Y,39.7333992,-86.4006381
PAST SALE,January-30-2018,Single Family Residential,232 Watercrest Way,Avon,IN,46123,155000,3,2,Washington,1400,12196,1992,46,111,11,Sold,,,http://www.redfin.com/IN/Avon/232-Watercrest-Way-46123/home/60050818,MIBOR,21529127,N,Y,39.766298,-86.3765773
PAST SALE,January-3-2018,Single Family Residential,7284 Oakview Dr,Avon,IN,46123,194000,3,2.5,Washington,2708,15681,2003,73,72,19,Sold,,,http://www.redfin.com/IN/Avon/7284-Oakview-Dr-46123/home/60072065,MIBOR,21488364,N,Y,39.7330911,-86.3947802
PAST SALE,January-12-2018,Single Family Residential,10288 New Dawn Pl,Avon,IN,46123,179600,3,2.5,Washington,1848,10763,2007,64,97,18,Sold,,,http://www.redfin.com/IN/Avon/10288-New-Dawn-Pl-46123/home/82466644,MIBOR,21516914,N,Y,39.7530475,-86.3397951
PAST SALE,February-26-2018,Single Family Residential,393 Angelina Way,Avon,IN,46123,179900,2,2,Washington,1783,6721,2017,19,101,95,Sold,,,http://www.redfin.com/IN/Avon/393-Angelina-Way-46123/home/109822172,MIBOR,21485196,N,Y,39.7650661,-86.3606815
PAST SALE,February-21-2018,Single Family Residential,7142 Millet Ln,Avon,IN,46123,215000,4,2.5,Washington,2890,11199,2003,24,74,25,Sold,,,http://www.redfin.com/IN/Avon/7142-Millet-Ln-46123/home/66965406,MIBOR,21483922,N,Y,39.7390066,-86.3968573
PAST SALE,November-30-2017,Single Family Residential,342 Dylan Dr,Avon,IN,46123,180000,3,2,Washington,1582,6777,2017,107,114,95,Sold,,,http://www.redfin.com/IN/Avon/342-Dylan-Dr-46123/home/109822694,MIBOR,21517853,N,Y,39.769488,-86.3591624
PAST SALE,November-16-2017,Single Family Residential,8532 Charlotte Ct,Avon,IN,46123,239000,3,2,Washington,2277,21344,2001,121,105,21,Sold,,,http://www.redfin.com/IN/Avon/8532-Charlotte-Ct-46123/home/60167894,MIBOR,21516582,N,Y,39.7776774,-86.3664441
PAST SALE,November-16-2017,Single Family Residential,540 Raintree Dr,Avon,IN,46123,239900,3,2,Washington,2364,12501,2013,121,101,15,Sold,,,http://www.redfin.com/IN/Avon/540-Raintree-Dr-46123/home/60172778,MIBOR,21491531,N,Y,39.7708358,-86.3919711
PAST SALE,October-13-2017,Single Family Residential,706 Millbrook Dr,Avon,IN,46123,144900,3,2,Washington,1402,9408,1999,155,103,16,Sold,,,http://www.redfin.com/IN/Avon/706-Millbrook-Dr-46123/home/62663957,MIBOR,21505706,N,Y,39.7527719,-86.3947209
PAST SALE,November-10-2017,Single Family Residential,759 Taney Ct,Avon,IN,46123,165000,3,2,Washington,1628,,2003,127,101,24,Sold,,,http://www.redfin.com/IN/Avon/759-Taney-Ct-46123/home/66842535,MIBOR,21517480,N,Y,39.774686,-86.3517553
PAST SALE,October-18-2017,Single Family Residential,792 Daybreak Dr,Avon,IN,46123,148000,4,2.5,Washington,2064,5227,2008,150,72,17,Sold,,,http://www.redfin.com/IN/Avon/792-Daybreak-Dr-46123/home/66864900,MIBOR,21500649,N,Y,39.7517152,-86.3421716
PAST SALE,October-27-2017,Single Family Residential,7152 Sandalwood Dr,Avon,IN,46122,164900,3,2,Washington,1600,27442,1985,141,103,2,Sold,,,http://www.redfin.com/IN/Avon/7152-Sandalwood-Dr-46123/home/66939355,MIBOR,21516433,N,Y,39.7850472,-86.3979848
PAST SALE,October-27-2017,Single Family Residential,7452 Lace Bark Ct,Avon,IN,46123,195000,4,2.5,Washington,2414,13503,1999,141,81,14,Sold,,,http://www.redfin.com/IN/Avon/7452-Lace-Bark-Ct-46123/home/67013840,MIBOR,21497662,N,Y,39.7502516,-86.3905862
PAST SALE,November-3-2017,Single Family Residential,8310 Shattuck Dr,Avon,IN,46123,146400,3,2,Washington,1402,10890,1999,134,104,12,Sold,,,http://www.redfin.com/IN/Avon/8310-Shattuck-Dr-46123/home/60080859,MIBOR,21516578,N,Y,39.7711154,-86.3744598
PAST SALE,November-10-2017,Single Family Residential,773 Daybreak Dr,Avon,IN,46123,176900,3,2.5,Washington,1880,9861,2007,127,94,18,Sold,,,http://www.redfin.com/IN/Avon/773-Daybreak-Dr-46123/home/82466929,MIBOR,21518552,N,Y,39.7517292,-86.3413398
PAST SALE,September-29-2017,Single Family Residential,176 Meadow Glen Dr,Avon,IN,46123,130000,3,2,Washington,1270,8559,1999,169,102,,Sold,,,http://www.redfin.com/IN/Avon/176-Meadow-Glen-Dr-46123/home/82468927,MIBOR,21511669,N,Y,39.765345,-86.3911797
PAST SALE,October-27-2017,Single Family Residential,1544 Rosewood Dr,Avon,IN,46123,170000,3,2,Washington,1661,,2010,141,102,34,Sold,,,http://www.redfin.com/IN/Avon/1544-Rosewood-Dr-46123/home/82483075,MIBOR,21495640,N,Y,39.7403226,-86.377072
PAST SALE,November-17-2017,Single Family Residential,1944 Andrews Dr,Avon,IN,46123,134900,2,1.5,Washington,1447,24393,1962,120,93,,Sold,,,http://www.redfin.com/IN/Avon/1944-Andrews-Dr-46123/home/60009983,MIBOR,21510511,N,Y,39.7345017,-86.3741629
PAST SALE,November-27-2017,Single Family Residential,8589 Black Stone,Avon,IN,46123,210000,4,2.5,Washington,2808,11761,1999,110,75,38,Sold,,,http://www.redfin.com/IN/Avon/8589-Black-Stone-Xing-46123/home/60021440,MIBOR,21501318,N,Y,39.7827251,-86.3698088
PAST SALE,November-28-2017,Single Family Residential,1175 Kinross Dr,Avon,IN,46123,139900,3,2,Washington,1132,10149,2000,109,124,22,Sold,,,http://www.redfin.com/IN/Avon/1175-Kinross-Dr-46123/home/60058668,MIBOR,21516689,N,Y,39.7804611,-86.3719463
PAST SALE,October-30-2017,Single Family Residential,7920 Village Green Dr,Avon,IN,46123,351500,4,2.5,Washington,4025,13068,2017,138,87,55,Sold,,,http://www.redfin.com/IN/Avon/7920-Village-Green-Dr-46123/home/109821675,MIBOR,21518958,N,Y,39.7986053,-86.3848298
PAST SALE,November-27-2017,Single Family Residential,4219 Parliament Way,Avon,IN,46123,293490,3,2.5,Washington,3421,10890,2017,110,86,42,Sold,,,http://www.redfin.com/IN/Avon/4219-Parliament-Way-46123/home/109821434,MIBOR,21497865,N,Y,39.747079,-86.435265
PAST SALE,November-27-2017,Single Family Residential,6802 E County Road 151,Avon,IN,46123,326000,4,3.5,Washington,3438,96267,1993,110,95,,Sold,,,http://www.redfin.com/IN/Avon/6802-E-County-Road-151-N-46123/home/66950565,MIBOR,21496604,N,Y,39.7899818,-86.4042352
PAST SALE,November-3-2017,Single Family Residential,1241 Timber Climb Dr,Avon,IN,46123,388000,5,4.5,Washington,5218,26998,1989,134,74,4,Sold,,,http://www.redfin.com/IN/Avon/1241-Timber-Climb-Dr-46123/home/82463091,MIBOR,21495473,N,Y,39.7816994,-86.4133855
PAST SALE,,Single Family Residential,912 N County Road 600 E,Avon,IN,46123,16000,3,2.5,,1887,144619,1963,,8,,,,,http://www.redfin.com/IN/Avon/912-N-County-Road-600-E-46123/home/82468835,,,N,Y,39.7755783,-86.4219141
PAST SALE,November-16-2017,Single Family Residential,1117 Timber Climb Dr,Avon,IN,46123,275000,4,2.5,Washington,2600,37461,1989,121,106,4,Sold,,,http://www.redfin.com/IN/Avon/1117-Timber-Climb-Dr-46123/home/60049141,MIBOR,21510039,N,Y,39.778998,-86.4128975
PAST SALE,September-28-2017,Single Family Residential,2140 Silver Rose Dr,Avon,IN,46123,205000,3,2.5,Washington,2157,12632,2004,170,95,36,Sold,,,http://www.redfin.com/IN/Avon/2140-Silver-Rose-Dr-46123/home/67021448,MIBOR,21510290,N,Y,39.7946096,-86.3723497
PAST SALE,December-28-2017,Single Family Residential,829 Crossbridge Ct,Avon,IN,46123,142000,4,2.5,Washington,1622,5662,1979,79,88,20,Sold,,,http://www.redfin.com/IN/Avon/829-Crossbridge-Ct-46123/home/60052370,MIBOR,21522240,N,Y,39.7503539,-86.4237066
PAST SALE,January-30-2018,Single Family Residential,91 Avon Pkwy,Avon,IN,46123,124500,3,1.5,Washington,1056,16552,1964,46,118,,Sold,,,http://www.redfin.com/IN/Avon/91-Avon-Pkwy-46123/home/60168859,MIBOR,21504051,N,Y,39.7641436,-86.3952154
PAST SALE,October-16-2017,Single Family Residential,1376 Red Dunes Run,Avon,IN,46123,203000,3,2.5,Washington,2111,12196,2002,152,96,35,Sold,,,http://www.redfin.com/IN/Avon/1376-Red-Dunes-Run-46123/home/82463637,MIBOR,21500903,N,Y,39.7836183,-86.3713922
PAST SALE,November-20-2017,Single Family Residential,294 Austin Dr,Avon,IN,46123,139000,3,2,Washington,1486,10441,1991,117,94,25,Sold,,,http://www.redfin.com/IN/Avon/294-Austin-Dr-46123/home/82468026,MIBOR,21509608,N,Y,39.7673571,-86.375093
PAST SALE,December-27-2017,Single Family Residential,820 Crossbridge Ct,Avon,IN,46123,139900,3,2,Washington,1514,4499,1979,80,92,46,Sold,,,http://www.redfin.com/IN/Avon/820-Crossbridge-Ct-46123/home/82469470,MIBOR,21524494,N,Y,39.7506961,-86.4245239
PAST SALE,November-17-2017,Single Family Residential,8139 Elsen Rdg,Avon,IN,46123,206000,3,2.5,Washington,2295,12510,2006,120,90,18,Sold,,,http://www.redfin.com/IN/Avon/8139-Elsen-Rdg-46123/home/67105802,MIBOR,21515076,N,Y,39.7420478,-86.3784548
PAST SALE,November-28-2017,Single Family Residential,9694 Thomas Ln,Avon,IN,46123,135000,3,2,Washington,1240,5227,2006,109,109,25,Sold,,,http://www.redfin.com/IN/Avon/9694-Thomas-Ln-46123/home/82466612,MIBOR,21520111,N,Y,39.7732119,-86.3508841
PAST SALE,October-16-2017,Single Family Residential,1871 Wedgewood Pl,Avon,IN,46123,239000,3,3,Washington,2199,7679,2015,152,109,42,Sold,,,http://www.redfin.com/IN/Avon/1871-Wedgewood-Pl-46123/home/82484733,MIBOR,21503958,N,Y,39.7354831,-86.3673398
PAST SALE,October-20-2017,Single Family Residential,4829 Beechwood Rd,Avon,IN,46123,460000,5,5,Washington,4926,35283,2011,148,93,25,Sold,,,http://www.redfin.com/IN/Avon/4829-Beechwood-Rd-46123/home/60052725,MIBOR,21492252,N,Y,39.7563777,-86.4421365
PAST SALE,October-18-2017,Single Family Residential,4481 E County Road 200 S,Avon,IN,46123,317500,3,3,Washington,2184,260053,1978,150,145,,Sold,,,http://www.redfin.com/IN/Avon/4481-E-County-Road-200-S-46123/home/60007830,MIBOR,21510703,N,Y,39.7309025,-86.4479136
PAST SALE,October-16-2017,Single Family Residential,1108 Ridgeview Ct,Avon,IN,46123,185000,3,3,Washington,2054,14374,1980,152,90,22,Sold,,,http://www.redfin.com/IN/Avon/1108-Ridgeview-Ct-46123/home/60090856,MIBOR,21505979,N,Y,39.7460646,-86.428201
PAST SALE,September-29-2017,Single Family Residential,5853 Hopi Rd,Avon,IN,46123,160000,3,2,Washington,2144,26571,1960,169,75,,Sold,,,http://www.redfin.com/IN/Avon/5853-Hopi-Rd-46123/home/67090249,MIBOR,21507939,N,Y,39.7857831,-86.421835
PAST SALE,October-5-2017,Single Family Residential,7083 Millet Ln,Avon,IN,46123,223900,3,2.5,Washington,2952,11199,2003,163,76,,Sold,,,http://www.redfin.com/IN/Avon/7083-Millet-Ln-46123/home/82470674,MIBOR,21517243,N,Y,39.7386211,-86.3980065
PAST SALE,October-2-2017,Single Family Residential,10218 New Dawn Pl,Avon,IN,46123,135000,3,2,Washington,1240,5884,2009,166,109,18,Sold,,,http://www.redfin.com/IN/Avon/10218-New-Dawn-Pl-46123/home/82466649,MIBOR,21491881,N,Y,39.7532569,-86.3413398
PAST SALE,October-13-2017,Single Family Residential,962 Port Cir,Avon,IN,46123,171000,3,2.5,Washington,1988,10018,2000,155,86,12,Sold,,,http://www.redfin.com/IN/Avon/962-Port-Cir-46123/home/66927549,MIBOR,21505412,N,Y,39.7775128,-86.3688984
PAST SALE,October-16-2017,Single Family Residential,1246 Springfield Dr,Avon,IN,46123,147500,3,2,Washington,1634,23522,1993,152,90,,Sold,,,http://www.redfin.com/IN/Avon/1246-Springfield-Dr-46123/home/66988469,MIBOR,21505091,N,Y,39.7444519,-86.405857
PAST SALE,October-20-2017,Single Family Residential,7640 Cross Crk,Avon,IN,46123,365000,4,3.5,Washington,4014,14810,2007,148,91,55,Sold,,,http://www.redfin.com/IN/Avon/7640-Cross-Crk-46123/home/67109955,MIBOR,21505295,N,Y,39.7951956,-86.3883704
PAST SALE,October-20-2017,Single Family Residential,633 Green Ridge Dr,Avon,IN,46123,170000,3,2,Washington,1543,11761,1988,148,110,20,Sold,,,http://www.redfin.com/IN/Avon/633-Green-Ridge-Dr-46123/home/82469457,MIBOR,21508088,N,Y,39.7530702,-86.4246268
PAST SALE,September-27-2017,Single Family Residential,2478 Mcgregor Dr,Avon,IN,46123,185600,3,2,Washington,1822,12632,2008,171,102,36,Sold,,,http://www.redfin.com/IN/Avon/2478-McGregor-Dr-46123/home/60007328,MIBOR,21508049,N,Y,39.7996622,-86.3695382
PAST SALE,October-27-2017,Single Family Residential,2293 N State Rd 267,Avon,IN,46123,140000,3,1,Washington,1581,135036,1947,141,89,,Sold,,,http://www.redfin.com/IN/Avon/2293-Indiana-267-46123/home/101335024,MIBOR,21507243,N,Y,39.796401,-86.400042
PAST SALE,October-13-2017,Single Family Residential,401 Angelina Way,Avon,IN,46123,182000,3,2,Washington,1726,6307,2017,155,105,95,Sold,,,http://www.redfin.com/IN/Avon/401-Angelina-Way-46123/home/109822650,MIBOR,21488142,N,Y,39.7650661,-86.3606815
PAST SALE,October-20-2017,Single Family Residential,5595 Ridge Hill Way,Avon,IN,46123,179900,4,2,Washington,1828,10802,1983,148,98,21,Sold,,,http://www.redfin.com/IN/Avon/5595-RidgeHill-Way-46123/home/60078806,MIBOR,21492148,N,Y,39.7534955,-86.4268342
PAST SALE,October-12-2017,Single Family Residential,7913 E County Road 200n,Avon,IN,46123,155000,3,2,Washington,1290,20037,1966,156,120,,Sold,,,http://www.redfin.com/IN/Avon/7913-E-County-Road-200-N-46123/home/66983531,MIBOR,21490969,N,Y,39.7920981,-86.3830678
PAST SALE,October-16-2017,Single Family Residential,7784 Corsican,Avon,IN,46123,187000,4,2.5,Washington,2970,10890,1997,152,63,16,Sold,,,http://www.redfin.com/IN/Avon/7784-Corsican-Cir-46123/home/67056787,MIBOR,21491954,N,Y,39.7535409,-86.3851651
PAST SALE,October-16-2017,Single Family Residential,632 Green Ridge Dr,Avon,IN,46123,126000,3,2,Washington,1475,5662,1987,152,85,20,Sold,,,http://www.redfin.com/IN/Avon/632-Green-Ridge-Dr-46123/home/82469743,MIBOR,21512488,N,Y,39.7532472,-86.425117
PAST SALE,September-29-2017,Single Family Residential,1929 Collingwood Dr,Avon,IN,46123,158000,3,2,Washington,1402,9147,2010,169,113,25,Sold,,,http://www.redfin.com/IN/Avon/1929-Collingwood-Dr-46123/home/82470544,MIBOR,21506589,N,Y,39.7347536,-86.3764387
PAST SALE,October-6-2017,Single Family Residential,230 N County Road 450 E,Avon,IN,46123,262500,3,2,Washington,1896,143748,1989,162,138,,Sold,,,http://www.redfin.com/IN/Avon/230-N-County-Road-450-E-46123/home/82469272,MIBOR,21505387,N,Y,39.7653869,-86.449419
PAST SALE,October-4-2017,Single Family Residential,4249 Parliament Way,Avon,IN,46123,300000,3,2.5,Washington,3812,11325,2017,164,79,42,Sold,,,http://www.redfin.com/IN/Avon/4249-Parliament-Way-46123/home/82484289,MIBOR,21492451,N,Y,39.7523614,-86.4515648
PAST SALE,September-25-2017,Single Family Residential,740 Colin Dr,Avon,IN,46123,325500,4,3.5,Washington,4612,13503,2012,173,71,25,Sold,,,http://www.redfin.com/IN/Avon/740-Colin-Dr-46123/home/60132099,MIBOR,21503841,N,Y,39.7699285,-86.3900843
PAST SALE,October-27-2017,Single Family Residential,766 Sunvista Dr,Avon,IN,46123,147500,4,2,Washington,1362,,2010,141,108,18,Sold,,,http://www.redfin.com/IN/Avon/766-Sunvista-Dr-46123/home/60089347,MIBOR,21512356,N,Y,39.7522408,-86.3403606
PAST SALE,October-12-2017,Single Family Residential,1847 Wedgewood Pl,Avon,IN,46123,269900,5,3,Washington,3033,10297,2017,156,89,33,Sold,,,http://www.redfin.com/IN/Avon/1847-Wedgewood-Pl-46123/home/123600847,MIBOR,21486942,N,Y,39.7350413,-86.3673294
PAST SALE,October-31-2017,Single Family Residential,4900 E County Road 100 S,Avon,IN,46123,492500,5,4.5,Washington,5788,31363,2003,137,85,42,Sold,,,http://www.redfin.com/IN/Avon/4900-E-County-Road-100-S-46123/home/59989264,MIBOR,21395032,N,Y,39.748824,-86.439594
PAST SALE,December-27-2017,Single Family Residential,4293 Nottinghill Dr,Avon,IN,46112,309990,4,2.5,Washington,4261,8712,2017,80,73,42,Sold,,,http://www.redfin.com/IN/Avon/4293-Nottinghill-Dr-46123/home/109821987,MIBOR,21513552,N,Y,39.747079,-86.435265
PAST SALE,January-30-2018,Single Family Residential,1408 S Avon Ave,Avon,IN,46123,164000,3,2,Washington,1554,19998,1956,46,106,,Sold,,,http://www.redfin.com/IN/Avon/1408-S-Avon-Ave-46123/home/67037985,MIBOR,21526655,N,Y,39.741757,-86.399996
PAST SALE,January-19-2018,Single Family Residential,7323 Thornmill Ct,Avon,IN,46123,146000,3,2,Washington,1402,9535,1998,57,104,16,Sold,,,http://www.redfin.com/IN/Avon/7323-Thornmill-Ct-46123/home/82470213,MIBOR,21527055,N,Y,39.7484457,-86.3934378
PAST SALE,February-9-2018,Single Family Residential,6072 Cedar Bend Way,Avon,IN,46123,419500,5,3.5,Washington,5142,28510,2005,36,82,13,Sold,,,http://www.redfin.com/IN/Avon/6072-Cedar-Bend-Way-46123/home/66974215,MIBOR,21462261,N,Y,39.7278388,-86.4153293
PAST SALE,February-26-2018,Single Family Residential,7025 Village Oaks Dr,Avon,IN,46123,194000,4,2.5,Washington,2853,12632,2003,19,68,19,Sold,,,http://www.redfin.com/IN/Avon/7025-Village-Oaks-Dr-46123/home/60048629,MIBOR,21527421,N,Y,39.7343117,-86.3991321
PAST SALE,February-27-2018,Single Family Residential,597 Terrace Ct,Avon,IN,46123,247000,4,3.5,Washington,4211,11761,1987,18,59,20,Sold,,,http://www.redfin.com/IN/Avon/597-Terrace-Ct-46123/home/60012229,MIBOR,21541871,N,Y,39.7539157,-86.4246206
PAST SALE,February-27-2018,Single Family Residential,8407 Charleston Way,Avon,IN,46123,252500,4,2.5,Washington,3642,12632,2004,18,69,38,Sold,,,http://www.redfin.com/IN/Avon/8407-Charleston-Way-46123/home/60152905,MIBOR,21527832,N,Y,39.7421551,-86.3732696
PAST SALE,March-2-2018,Single Family Residential,2051 Woodcock Dr,Avon,IN,46123,240000,3,2,Washington,1987,14374,1999,15,121,,Sold,,,http://www.redfin.com/IN/Avon/2051-Woodcock-Dr-46123/home/67002473,MIBOR,21530198,N,Y,39.7326246,-86.4089621
PAST SALE,January-19-2018,Single Family Residential,8186 Melbourne Ln,Avon,IN,46123,233000,3,2.5,Washington,3708,6969,2006,57,63,25,Sold,,,http://www.redfin.com/IN/Avon/8186-Melbourne-Ln-46123/home/82471088,MIBOR,21512016,N,Y,39.7344863,-86.3775074
PAST SALE,January-22-2018,Single Family Residential,1107 Preakness Dr,Avon,IN,46123,291050,4,3.5,Washington,5108,12601,2007,54,57,40,Sold,,,http://www.redfin.com/IN/Avon/1107-Preakness-Dr-46123/home/67109316,MIBOR,21522831,N,Y,39.7468577,-86.3751722
PAST SALE,March-16-2018,Single Family Residential,10280 E County Road 100 S,Avon,IN,46123,159000,3,2,Washington,1370,19000,1972,1,116,,Sold,,,http://www.redfin.com/IN/Avon/10280-E-County-Road-100-S-46123/home/60016940,MIBOR,21522738,N,Y,39.749301,-86.3403528
PAST SALE,September-19-2017,Single Family Residential,2366 Mcgregor Dr,Avon,IN,46123,233000,4,2.5,Washington,2822,13068,2011,179,83,36,Sold,,,http://www.redfin.com/IN/Avon/2366-McGregor-Dr-46123/home/60109445,MIBOR,21504601,N,Y,39.7979867,-86.3693649
PAST SALE,October-30-2017,Single Family Residential,8301 Terryglass Ct,Avon,IN,46123,294369,3,2.5,Washington,2485,10018,2017,138,118,73,Sold,,,http://www.redfin.com/IN/AVON/8301-TERRYGLASS-CT-46123/home/143821747,MIBOR,21513158,N,Y,39.7628227,-86.3997167
PAST SALE,December-15-2017,Single Family Residential,8445 Heathermor Ct,Avon,IN,46123,175000,3,2,Washington,1622,12196,2004,92,108,36,Sold,,,http://www.redfin.com/IN/Avon/8445-Heathermor-Ct-46123/home/60084616,MIBOR,21524298,N,Y,39.7940735,-86.3732555
PAST SALE,December-28-2017,Single Family Residential,988 N County Road 500 E,Avon,IN,46123,175000,4,2,Washington,1782,43560,1960,79,98,,Sold,,,http://www.redfin.com/IN/Avon/988-N-County-Road-500-E-46123/home/82469182,MIBOR,21513936,N,Y,39.776317,-86.438684
PAST SALE,December-27-2017,Single Family Residential,8309 Denver Dr,Avon,IN,46123,259900,3,2.5,Washington,2257,13939,2015,80,115,27,Sold,,,http://www.redfin.com/IN/Avon/8309-Denver-Dr-46123/home/62650246,MIBOR,21524026,N,Y,39.7857458,-86.3746244
PAST SALE,December-15-2017,Single Family Residential,1708 Limerick Ln,Avon,IN,46123,252930,4,3.5,Washington,2327,11761,2017,92,109,42,Sold,,,http://www.redfin.com/IN/Avon/1708-Limerick-Ln-46123/home/109822635,MIBOR,21528565,N,Y,39.7884895,-86.3771256
PAST SALE,January-31-2018,Single Family Residential,1703 Limerick Ln,Avon,IN,46123,277155,3,2,Washington,2389,11761,2017,45,116,42,Sold,,,http://www.redfin.com/IN/Avon/1703-Limerick-Ln-46123/home/109822023,MIBOR,21541908,N,Y,39.7884059,-86.3771236
PAST SALE,February-12-2018,Single Family Residential,2082 Cassia Dr,Avon,IN,46123,250000,4,2.5,Washington,3336,19602,2005,33,75,57,Sold,,,http://www.redfin.com/IN/Avon/2082-Cassia-Dr-46123/home/144662461,MIBOR,21539917,N,Y,39.7628227,-86.3997167
PAST SALE,December-15-2017,Single Family Residential,9928 Comb Run Ct,Avon,IN,46123,144000,3,2,Washington,1300,8276,2001,92,111,25,Sold,,,http://www.redfin.com/IN/Avon/9928-Comb-Run-Ct-46123/home/66995499,MIBOR,21523459,N,Y,39.7777551,-86.3458548
PAST SALE,February-15-2018,Single Family Residential,6812 Black Oak East Ct,Avon,IN,46123,284900,3,2.5,Washington,2535,20812,1992,30,112,5,Sold,,,http://www.redfin.com/IN/Avon/6812-E-Black-Oak-Ct-46123/home/82462746,MIBOR,21511735,N,Y,39.7823009,-86.402732
PAST SALE,February-23-2018,Single Family Residential,8413 Braid Ct,Avon,IN,46123,184000,4,2.5,Washington,2232,14387,2001,22,82,25,Sold,,,http://www.redfin.com/IN/Avon/8413-Braid-Cir-46123/home/66843820,MIBOR,21529864,N,Y,39.7789006,-86.3734504
PAST SALE,February-27-2018,Single Family Residential,1147 Chestnut Riv,Avon,IN,46123,249900,4,2.5,Washington,3071,16988,1999,18,81,36,Sold,,,http://www.redfin.com/IN/Avon/1147-Chestnut-River-Xing-46123/home/82463529,MIBOR,21530074,N,Y,39.780199,-86.3673941
PAST SALE,February-28-2018,Single Family Residential,9909 Lakefield Ln,Avon,IN,46123,160000,4,2,Washington,1607,6599,2003,17,100,25,Sold,,,http://www.redfin.com/IN/Avon/9909-Lakefield-Ln-46123/home/82466595,MIBOR,21526153,N,Y,39.7724305,-86.346816
PAST SALE,February-9-2018,Single Family Residential,8651 Benjamin Ln,Avon,IN,46123,220000,4,2.5,Washington,3307,12580,2014,36,67,21,Sold,,,http://www.redfin.com/IN/Avon/8651-Benjamin-Ln-46123/home/60138871,MIBOR,21507511,N,Y,39.7912636,-86.3691755
PAST SALE,February-20-2018,Single Family Residential,445 Austin Dr,Avon,IN,46123,147500,3,2,Washington,1419,10454,1994,25,104,13,Sold,,,http://www.redfin.com/IN/Avon/445-Austin-Dr-46123/home/60108204,MIBOR,21529316,N,Y,39.7697679,-86.3731338
PAST SALE,March-1-2018,Single Family Residential,2465 Stonehaven Dr,Avon,IN,46123,370000,4,3.5,Washington,4824,13939,2017,16,77,49,Sold,,,http://www.redfin.com/IN/Avon/2465-Stonehaven-Dr-46123/home/109821587,MIBOR,21487151,N,Y,39.799486,-86.387644
PAST SALE,,Single Family Residential,8440 E County Rd 200 N,Avon,IN,46123,37950,3,3,,2420,101495,1960,,16,,,,,http://www.redfin.com/IN/Avon/8440-E-County-Rd-200-N-46123/home/60048480,,,N,Y,39.7933035,-86.3733911
PAST SALE,January-19-2018,Single Family Residential,9730 Trail Dr,Avon,IN,46123,140000,3,2,Washington,1240,5662,2003,57,113,25,Sold,,,http://www.redfin.com/IN/Avon/9730-Trail-Dr-46123/home/60139911,MIBOR,21526265,N,Y,39.7718269,-86.3502901
PAST SALE,March-8-2018,Single Family Residential,8627 Claverdon Ln,Avon,IN,46123,225000,4,2.5,Washington,3840,13155,2013,9,59,22,Sold,,,http://www.redfin.com/IN/Avon/8627-Claverdon-Ln-46123/home/82463172,MIBOR,21528293,N,Y,39.7877415,-86.3696109
PAST SALE,December-27-2017,Single Family Residential,2486 Stonehaven Way,Avon,IN,46123,419080,4,4.5,Washington,5101,21780,2017,80,82,,Sold,,,http://www.redfin.com/IN/Avon/2486-Stonehaven-Way-46123/home/109822337,MIBOR,21541999,N,Y,39.798351,-86.3905385
PAST SALE,March-7-2018,Single Family Residential,764 Taney Ct,Avon,IN,46123,182000,4,2.5,Washington,2416,7840,2003,10,75,26,Sold,,,http://www.redfin.com/IN/Avon/764-Taney-Ct-46123/home/66804254,MIBOR,21541969,N,Y,39.7747862,-86.3523888
PAST SALE,March-15-2018,Single Family Residential,7269 Walnut Crk,Avon,IN,46123,580000,5,3.5,Washington,7531,56758,2011,2,77,23,Sold,,,http://www.redfin.com/IN/Avon/7269-Walnut-Creek-Xing-46123/home/60174952,MIBOR,21522724,N,Y,39.7941089,-86.395433
PAST SALE,January-31-2018,Single Family Residential,8819 Ingram Ln,Avon,IN,46123,213500,4,2.5,Washington,2488,7200,2016,45,86,,Sold,,,http://www.redfin.com/IN/Avon/8819-Ingram-Ln-46123/home/109821869,MIBOR,21517013,N,Y,39.7889125,-86.3689944
PAST SALE,January-30-2018,Single Family Residential,1837 Cumbria Dr,Avon,IN,46123,190000,4,2.5,Washington,2120,12553,2012,46,90,31,Sold,,,http://www.redfin.com/IN/Avon/1837-Cumbria-Dr-46123/home/82484089,MIBOR,21518394,N,Y,39.7890404,-86.3754365
PAST SALE,January-31-2018,Single Family Residential,1645 Bridgewater Dr,Avon,IN,46123,219000,4,2.5,Washington,3227,10715,1999,45,68,32,Sold,,,http://www.redfin.com/IN/Avon/1645-Bridgewater-Dr-46123/home/82470728,MIBOR,21513378,N,Y,39.7386484,-86.410643
PAST SALE,February-1-2018,Single Family Residential,8429 Inland Dr,Avon,IN,46123,161500,3,2,Washington,1424,10497,1994,44,113,13,Sold,,,http://www.redfin.com/IN/Avon/8429-Inland-Dr-46123/home/61555996,MIBOR,21528040,N,Y,39.7670519,-86.3730348
PAST SALE,February-12-2018,Single Family Residential,9731 Jackson Way,Avon,IN,46123,159999,4,2.5,Washington,1992,5253,2005,33,80,26,Sold,,,http://www.redfin.com/IN/Avon/9731-Jackson-Way-46123/home/82466890,MIBOR,21540300,N,Y,39.77355,-86.3501317
PAST SALE,February-8-2018,Single Family Residential,6790 Woodland Heights Dr,Avon,IN,46123,166000,3,2.5,Washington,2017,5000,2003,37,82,20,Sold,,,http://www.redfin.com/IN/Avon/6790-Woodland-Heights-Dr-46123/home/67096776,MIBOR,21525738,N,Y,39.7522987,-86.4034992
PAST SALE,February-21-2018,Single Family Residential,1698 Salina Dr,Avon,IN,46123,205000,4,2.5,Washington,2890,11325,2003,24,71,25,Sold,,,http://www.redfin.com/IN/Avon/1698-Salina-Dr-46123/home/60055902,MIBOR,21540303,N,Y,39.7378404,-86.395767
PAST SALE,January-19-2018,Single Family Residential,1067 Red Dunes Run,Avon,IN,46123,219000,3,2.5,Washington,2857,13068,2003,57,77,35,Sold,,,http://www.redfin.com/IN/Avon/1067-Red-Dunes-Run-46123/home/82463887,MIBOR,21510558,N,Y,39.7789793,-86.3695317
PAST SALE,January-19-2018,Single Family Residential,1144 Foxford Dr,Avon,IN,46123,247500,4,2.5,Washington,2982,27721,1994,57,83,,Sold,,,http://www.redfin.com/IN/Avon/1144-Foxford-Dr-46123/home/60087897,MIBOR,21524995,N,Y,39.7467465,-86.3433399
PAST SALE,March-7-2018,Single Family Residential,9391 Foudray Cir N,Avon,IN,46123,333615,4,2.5,Washington,3432,9583,2018,10,97,33,Sold,,,http://www.redfin.com/IN/Avon/9391-Foudray-Cir-N-46123/home/145086409,MIBOR,21549884,N,Y,39.7716518,-86.4086061
PAST SALE,March-9-2018,Single Family Residential,553 Austrian Way,Avon,IN,46123,181000,4,2.5,Washington,2002,11325,1999,8,90,33,Sold,,,http://www.redfin.com/IN/Avon/553-Austrian-Way-46123/home/66924044,MIBOR,21546513,N,Y,39.7544396,-86.3882121
PAST SALE,March-9-2018,Single Family Residential,1780 Spring Beauty Dr,Avon,IN,46123,249900,4,2.5,Washington,3764,10018,2003,8,66,31,Sold,,,http://www.redfin.com/IN/Avon/1780-Spring-Beauty-Dr-46123/home/60164741,MIBOR,21544153,N,Y,39.7886931,-86.3885682
PAST SALE,March-12-2018,Single Family Residential,2480 Stonehaven Dr,Avon,IN,46123,355000,5,3.5,Washington,4212,13499,2016,5,84,49,Sold,,,http://www.redfin.com/IN/Avon/2480-Stonehaven-Dr-46123/home/108307859,MIBOR,21545065,N,Y,39.7978827,-86.3876519
PAST SALE,March-15-2018,Single Family Residential,2467 Stonehaven Way,Avon,IN,46123,375000,4,3.5,Washington,5158,19602,2017,2,73,49,Sold,,,http://www.redfin.com/IN/Avon/2467-Stonehaven-Dr-46123/home/109822043,MIBOR,21490162,N,Y,39.799486,-86.387644
PAST SALE,March-16-2018,Single Family Residential,1754 Archbury Dr,Avon,IN,46123,245000,3,2,Washington,4192,13939,2011,1,58,21,Sold,,,http://www.redfin.com/IN/Avon/1754-Archbury-Dr-46123/home/60036924,MIBOR,21545775,N,Y,39.7891919,-86.3677211
PAST SALE,March-15-2018,Single Family Residential,8396 Braid Cir,Avon,IN,46123,139900,3,2,Washington,1070,11983,1999,2,131,22,Sold,,,http://www.redfin.com/IN/Avon/8396-Braid-Cir-46123/home/60034751,MIBOR,21545612,N,Y,39.7793927,-86.3737671
PAST SALE,November-16-2017,Single Family Residential,2277 Mossy Crk,Avon,IN,46123,230000,3,2.5,Washington,3206,9583,2006,121,72,47,Sold,,,http://www.redfin.com/IN/Avon/2277-Mossy-Crk-46123/home/60009033,MIBOR,21513776,N,Y,39.7964069,-86.3853007
PAST SALE,November-16-2017,Single Family Residential,2471 Stonehaven Way,Avon,IN,46123,375000,4,3.5,Washington,4669,13503,2017,121,80,49,Sold,,,http://www.redfin.com/IN/Avon/2471-Stonehaven-Dr-46123/home/109822125,MIBOR,21494654,N,Y,39.799486,-86.387644
PAST SALE,November-17-2017,Single Family Residential,1895 Jeto Lake Dr,Avon,IN,46123,169000,4,2.5,Washington,3315,56192,1968,120,51,1,Sold,,,http://www.redfin.com/IN/Avon/1895-Je-to-Lake-Dr-46123/home/66811295,MIBOR,21487141,N,Y,39.7892469,-86.4230248
PAST SALE,October-25-2017,Single Family Residential,8699 Holm Mountain Cir,Avon,IN,46123,283500,4,3.5,Washington,3966,14113,2001,143,71,35,Sold,,,http://www.redfin.com/IN/Avon/8699-Holm-Mountain-Cir-46123/home/65621532,MIBOR,21513233,N,Y,39.7837924,-86.3686015
PAST SALE,December-7-2017,Single Family Residential,282 Watercrest Way,Avon,IN,46123,135000,3,2,Washington,1400,12196,1992,100,96,13,Sold,,,http://www.redfin.com/IN/Avon/282-Watercrest-Way-46123/home/60048190,MIBOR,21519741,N,Y,39.7670425,-86.3772501
PAST SALE,November-16-2017,Single Family Residential,598 Woodfield Cir,Avon,IN,46123,139000,3,2,Washington,1124,11761,1999,121,124,15,Sold,,,http://www.redfin.com/IN/Avon/598-Woodfield-Cir-46123/home/66879286,MIBOR,21520165,N,Y,39.7548489,-86.3936328
PAST SALE,October-30-2017,Single Family Residential,7525 Fox Tail Cir,Avon,IN,46123,150000,4,2,Washington,1612,12353,1996,138,93,17,Sold,,,http://www.redfin.com/IN/Avon/7525-Fox-Tail-Cir-46123/home/66974848,MIBOR,21518053,N,Y,39.7527259,-86.3899927
PAST SALE,October-20-2017,Single Family Residential,1143 Turfway Dr,Avon,IN,46123,237800,4,2.5,Washington,2965,12196,2004,148,80,36,Sold,,,http://www.redfin.com/IN/Avon/1143-Turfway-Dr-46123/home/60021485,MIBOR,21507774,N,Y,39.7464068,-86.3716693
PAST SALE,September-29-2017,Single Family Residential,266 Avon Pkwy,Avon,IN,46123,140000,3,1.5,Washington,1282,17511,1969,169,109,,Sold,,,http://www.redfin.com/IN/Avon/266-Avon-Pkwy-46123/home/82468394,MIBOR,21503977,N,Y,39.7668758,-86.3958287
PAST SALE,October-27-2017,Single Family Residential,190 Poplar Grove Dr,Avon,IN,46123,188200,3,2.5,Washington,1786,20638,1996,141,105,,Sold,,,http://www.redfin.com/IN/Avon/190-Poplar-Grove-Dr-46123/home/82468909,MIBOR,21507051,N,Y,39.7650284,-86.433064
PAST SALE,December-11-2017,Single Family Residential,10418 Cornith Way,Avon,IN,46123,164900,4,3,Washington,1936,,1997,96,85,18,Sold,,,http://www.redfin.com/IN/Avon/10418-Cornith-Way-46123/home/60138348,MIBOR,21517143,N,Y,39.7693488,-86.3379336
PAST SALE,December-13-2017,Single Family Residential,1300 Charleston Ct,Avon,IN,46123,200000,3,2,Washington,2175,12601,2014,94,92,36,Sold,,,http://www.redfin.com/IN/Avon/1300-Charleston-Ct-46123/home/60141127,MIBOR,21513642,N,Y,39.7442397,-86.3740622
PAST SALE,December-15-2017,Single Family Residential,778 Bracknell Dr,Avon,IN,46123,306000,3,2.5,Washington,3280,15245,2017,92,93,42,Sold,,,http://www.redfin.com/IN/Avon/778-Bracknell-Dr-46123/home/113146957,MIBOR,21467348,N,Y,39.747079,-86.435265
PAST SALE,December-15-2017,Single Family Residential,1691 Rosewood Dr,Avon,IN,46123,180000,3,2,Washington,1642,12196,2009,92,110,17,Sold,,,http://www.redfin.com/IN/Avon/1691-Rosewood-Dr-46123/home/60061943,MIBOR,21515124,N,Y,39.7382119,-86.3764387
PAST SALE,December-19-2017,Single Family Residential,7276 Woodside Dr,Avon,IN,46234,140000,4,2.5,Washington,1656,9583,1997,88,85,,Sold,,,http://www.redfin.com/IN/Avon/7276-Woodside-Dr-46123/home/66926453,MIBOR,21523771,N,Y,39.7695159,-86.393474
PAST SALE,November-17-2017,Single Family Residential,7646 Gold Coin Dr,Avon,IN,46123,178000,3,2,Washington,1823,12192,1997,120,98,17,Sold,,,http://www.redfin.com/IN/Avon/7646-Gold-Coin-Dr-46123/home/60051519,MIBOR,21520066,N,Y,39.7514035,-86.3875394
PAST SALE,,Single Family Residential,905 Inland Dr,Avon,IN,46123,151000,4,2.5,,1682,10210,2000,,90,,,,,http://www.redfin.com/IN/Avon/905-Inland-Dr-46123/home/82468142,,,N,Y,39.7766374,-86.3691755
PAST SALE,October-23-2017,Single Family Residential,1923 Tawney Ln,Avon,IN,46123,164900,3,2.5,Washington,2297,10018,2002,145,72,20,Sold,,,http://www.redfin.com/IN/Avon/1923-Tawney-Ln-46123/home/60047690,MIBOR,21510933,N,Y,39.7344648,-86.3962836
PAST SALE,October-25-2017,Single Family Residential,1963 Mayapple Dr,Avon,IN,46123,223900,4,2.5,Washington,2396,11325,2003,143,93,31,Sold,,,http://www.redfin.com/IN/Avon/1963-Mayapple-Dr-46123/home/60056068,MIBOR,21510289,N,Y,39.7917719,-86.3874405
PAST SALE,November-3-2017,Single Family Residential,1282 Normandie Dr,Avon,IN,46123,173500,3,2,Washington,1560,25700,1975,134,111,2,Sold,,,http://www.redfin.com/IN/Avon/1282-Normandie-Dr-46123/home/60115495,MIBOR,21506549,N,Y,39.7814503,-86.3986187
PAST SALE,October-27-2017,Single Family Residential,543 Harvest Ridge Dr,Avon,IN,46123,206500,3,2,Washington,1613,10454,2001,141,128,17,Sold,,,http://www.redfin.com/IN/Avon/543-Harvest-Ridge-Dr-46123/home/66919234,MIBOR,21514690,N,Y,39.7708117,-86.3931383
PAST SALE,October-26-2017,Single Family Residential,8644 Cyprus Hill Passing,Avon,IN,46123,245000,4,2.5,Washington,3343,12449,2002,142,73,36,Sold,,,http://www.redfin.com/IN/Avon/8644-Cyprus-Hill-Passing-46123/home/82463634,MIBOR,21511722,N,Y,39.7850834,-86.369413
PAST SALE,October-17-2017,Single Family Residential,6331 Thornridge Dr,Avon,IN,46123,239900,3,3,Washington,3134,13298,1998,151,77,,Sold,,,http://www.redfin.com/IN/Avon/6331-Thornridge-Dr-46123/home/82469641,MIBOR,21511611,N,Y,39.7558803,-86.4126997
PAST SALE,November-8-2017,Single Family Residential,10224 Stillwell Dr,Avon,IN,46123,138000,3,2,Washington,1468,9469,1999,129,94,18,Sold,,,http://www.redfin.com/IN/Avon/10224-Stillwell-Dr-46123/home/82466287,MIBOR,21519039,N,Y,39.7706513,-86.3422897
PAST SALE,September-20-2017,Single Family Residential,1586 Red Dunes Run,Avon,IN,46123,260000,4,3.5,Washington,3997,13939,2012,178,65,21,Sold,,,http://www.redfin.com/IN/Avon/1586-Red-Dunes-Run-46123/home/59990810,MIBOR,21501998,N,Y,39.7866161,-86.3715307
PAST SALE,October-6-2017,Single Family Residential,810 Colin Dr,Avon,IN,46123,333000,5,3.5,Washington,4020,12601,2011,162,83,25,Sold,,,http://www.redfin.com/IN/Avon/810-Colin-Dr-46123/home/60102150,MIBOR,21494321,N,Y,39.7708974,-86.3900718
PAST SALE,October-20-2017,Single Family Residential,1845 Osman Dr,Avon,IN,46123,196125,4,2.5,Washington,2128,9618,2017,148,92,,Sold,,,http://www.redfin.com/IN/Avon/1845-Osman-Dr-46123/home/109822018,MIBOR,21520131,N,Y,39.7901591,-86.363852
PAST SALE,October-27-2017,Single Family Residential,6361 Crystal Springs Dr,Avon,IN,46123,185000,3,2,Washington,1681,17859,1990,141,110,,Sold,,,http://www.redfin.com/IN/Avon/6361-Crystal-Springs-Dr-46123/home/66984865,MIBOR,21513967,N,Y,39.7447493,-86.4113486
PAST SALE,November-3-2017,Single Family Residential,846 Sunvista Dr,Avon,IN,46123,168000,4,2.5,Washington,2152,5227,2010,134,78,17,Sold,,,http://www.redfin.com/IN/Avon/846-Sunvista-Dr-46123/home/60164670,MIBOR,21508018,N,Y,39.7512119,-86.3407264
PAST SALE,September-22-2017,Single Family Residential,8425 Charleston Way,Avon,IN,46123,285000,4,2.5,Washington,5254,12632,2005,176,54,40,Sold,,,http://www.redfin.com/IN/Avon/8425-Charleston-Way-46123/home/82470593,MIBOR,21502087,N,Y,39.7421784,-86.3726562
PAST SALE,November-3-2017,Single Family Residential,8560 Eagles Nest Dr,Avon,IN,46123,169900,3,2.5,Washington,2474,11761,1998,134,69,12,Sold,,,http://www.redfin.com/IN/Avon/8560-Eagles-Nest-Dr-46123/home/82467937,MIBOR,21488446,N,Y,39.7720296,-86.3702641
PAST SALE,October-5-2017,Single Family Residential,6955 Trailside Dr,Avon,IN,46123,267000,4,2.5,Washington,4152,12689,2003,163,64,32,Sold,,,http://www.redfin.com/IN/Avon/6955-Trailside-Dr-46123/home/67037447,MIBOR,21497388,N,Y,39.7333158,-86.4005366
PAST SALE,September-29-2017,Single Family Residential,4232 Parliament Way,Avon,IN,46123,294500,4,2.5,Washington,2701,8712,2013,169,109,42,Sold,,,http://www.redfin.com/IN/Avon/4232-Parliament-Way-46123/home/82483945,MIBOR,21487678,N,Y,39.7519639,-86.4521966
PAST SALE,October-12-2017,Single Family Residential,2483 Stonehaven Way,Avon,IN,46123,372970,4,0.5,Washington,4008,16552,2017,156,93,49,Sold,,,http://www.redfin.com/IN/Avon/2483-Stonehaven-Way-46123/home/109822245,MIBOR,21524380,N,Y,39.7983238,-86.3902133
PAST SALE,September-29-2017,Single Family Residential,1080 Kelsneland Dr,Avon,IN,46123,245000,5,3,Washington,2942,12632,2011,169,83,36,Sold,,,http://www.redfin.com/IN/Avon/1080-Kelsneland-Dr-46123/home/60106845,MIBOR,21504120,N,Y,39.74724,-86.3745389
PAST SALE,November-1-2017,Single Family Residential,8406 Vyners Ln,Avon,IN,46123,235000,3,2.5,Washington,2477,15594,2014,136,95,30,Sold,,,http://www.redfin.com/IN/Avon/8406-Vyners-Ln-46123/home/62362090,MIBOR,21516666,N,Y,39.7886759,-86.3738067
PAST SALE,October-23-2017,Single Family Residential,785 Rockview Cir,Avon,IN,46123,158000,2,2,Washington,1608,10794,2003,145,98,150,Sold,,,http://www.redfin.com/IN/Avon/785-Rockview-Cir-46123/home/82469958,MIBOR,21514435,N,Y,39.7515963,-86.380159
PAST SALE,November-6-2017,Single Family Residential,1337 Turner Trace Pl N,Avon,IN,46123,261000,4,3,Washington,3028,7657,2006,131,86,58,Sold,,,http://www.redfin.com/IN/Avon/1337-Turner-Trace-Pl-N-46123/home/82470731,MIBOR,21506971,N,Y,39.7431391,-86.3926635
PAST SALE,October-23-2017,Single Family Residential,725 Beechwood Centre Rd,Avon,IN,46123,318500,5,3.5,Washington,3926,15198,2010,145,81,25,Sold,,,http://www.redfin.com/IN/Avon/725-Beechwood-Center-Rd-46123/home/82483469,MIBOR,21506003,N,Y,39.7698103,-86.3861145
PAST SALE,October-31-2017,Single Family Residential,1950 Acorn Ct,Avon,IN,46123,199900,4,2.5,Washington,2554,13068,2003,137,78,20,Sold,,,http://www.redfin.com/IN/Avon/1950-Acorn-Ct-46123/home/60097238,MIBOR,21505024,N,Y,39.7341259,-86.3957297
PAST SALE,October-27-2017,Single Family Residential,1091 Northcliffe Dr,Avon,IN,46123,189900,3,2,Washington,2124,12196,2006,141,89,22,Sold,,,http://www.redfin.com/IN/Avon/1091-Northcliffe-Dr-46123/home/67101646,MIBOR,21509477,N,Y,39.7791876,-86.375568
PAST SALE,November-10-2017,Single Family Residential,2220 Mcgregor Ct,Avon,IN,46123,238000,4,2.5,Washington,3031,13416,2015,127,79,39,Sold,,,http://www.redfin.com/IN/Avon/2220-McGregor-Ct-46123/home/82484071,MIBOR,21491532,N,Y,39.7958968,-86.3683046
PAST SALE,September-19-2017,Single Family Residential,1259 E Ledgewood Ln,Avon,IN,46123,160000,3,2,Washington,1647,21780,1974,179,97,,Sold,,,http://www.redfin.com/IN/Avon/1259-Ledgewood-Ln-46123/home/67058620,MIBOR,21501410,N,Y,39.7800914,-86.440654
PAST SALE,September-19-2017,Single Family Residential,851 Kitner Ave,Avon,IN,46123,189900,3,2.5,Washington,2581,10454,2003,179,74,12,Sold,,,http://www.redfin.com/IN/Avon/851-Kitner-Ave-46123/home/67102803,MIBOR,21503674,N,Y,39.7757614,-86.3719859
PAST SALE,September-22-2017,Single Family Residential,556 Hamlet Dr,Avon,IN,46123,223000,3,2,Washington,2620,15180,1992,176,85,6,Sold,,,http://www.redfin.com/IN/Avon/556-Hamlet-Dr-46123/home/82469008,MIBOR,21489844,N,Y,39.7706893,-86.4047692
