SALE TYPE,SOLD DATE,PROPERTY TYPE,ADDRESS,CITY,STATE,ZIP,PRICE,BEDS,BATHS,LOCATION,SQUARE FEET,LOT SIZE,YEAR BUILT,DAYS ON MARKET,$/SQUARE FEET,HOA/MONTH,STATUS,NEXT OPEN HOUSE START TIME,NEXT OPEN HOUSE END TIME,URL (SEE http://www.redfin.com/buy-a-home/comparative-market-analysis FOR INFO ON PRICING),SOURCE,MLS#,FAVORITE,INTERESTED,LATITUDE,LONGITUDE
PAST SALE,September-21-2017,Single Family Residential,,Noblesville,IN,46060,425000,4,2,,2595,497455,1930,175,164,,Sold,,,http://www.redfin.com/IN/Noblesville/Undisclosed-address-46060/home/142522503,MIBOR,21497206,N,Y,40.062441,-85.9494519
PAST SALE,September-28-2017,Single Family Residential,10896 Matherly Way,Noblesville,IN,46060,229100,2,2,Noblesville,1597,,2017,168,143,200,Sold,,,http://www.redfin.com/IN/Noblesville/10896-Matherly-Way-46060/home/142906353,MIBOR,21500590,N,Y,40.0165775,-85.9744759
PAST SALE,September-28-2017,Single Family Residential,12641 Castle Pine Dr,Noblesville,IN,46060,309466,3,2.5,Noblesville,2420,16727,2017,168,128,33,Sold,,,http://www.redfin.com/IN/NOBLESVILLE/12641-CASTLE-PINE-DR-46060/home/143935900,MIBOR,21514340,N,Y,40.0542448,-85.9508923
PAST SALE,September-28-2017,Single Family Residential,14985 Deer Trail Dr,Noblesville,IN,46060,177400,3,2.5,Wayne,2160,5662,2005,168,82,25,Sold,,,http://www.redfin.com/IN/Noblesville/14985-Deer-Trail-Dr-46060/home/60019922,MIBOR,21488087,N,Y,40.0068248,-85.9453646
PAST SALE,September-20-2017,Single Family Residential,15144 Dry Creek Rd,Noblesville,IN,46060,214000,3,2.5,Wayne,2287,6969,2010,176,94,25,Sold,,,http://www.redfin.com/IN/Noblesville/15144-Dry-Creek-Rd-46060/home/60088857,MIBOR,21503200,N,Y,40.0093067,-85.9430894
PAST SALE,September-29-2017,Single Family Residential,15510 Wandering Way,Noblesville,IN,46060,159000,4,2.5,Wayne,2128,10890,2002,167,75,25,Sold,,,http://www.redfin.com/IN/Noblesville/15510-Wandering-Way-46060/home/82368906,MIBOR,21504814,N,Y,40.0153584,-85.9556616
PAST SALE,September-28-2017,Single Family Residential,272 Stony Ln,Noblesville,IN,46060,550000,4,3.5,Noblesville,4179,135036,2000,168,132,,Sold,,,http://www.redfin.com/IN/Noblesville/272-Stony-Ln-46060/home/60117407,MIBOR,21502069,N,Y,40.0374457,-85.9652379
PAST SALE,September-28-2017,Single Family Residential,15504 Wandering Way,Noblesville,IN,46060,151000,3,2.5,Wayne,1440,6969,2002,168,105,25,Sold,,,http://www.redfin.com/IN/Noblesville/15504-Wandering-Way-46060/home/60126393,MIBOR,21507693,N,Y,40.0151862,-85.9556214
PAST SALE,September-21-2017,Single Family Residential,9904 Waterside Dr,Noblesville,IN,46060,134500,3,2,Noblesville,1277,6969,1995,175,105,27,Sold,,,http://www.redfin.com/IN/Noblesville/9904-Waterside-Dr-46060/home/66984785,MIBOR,21511297,N,Y,40.0580751,-85.9932989
PAST SALE,September-29-2017,Single Family Residential,800 N 15th St,Noblesville,IN,46060,176000,3,2,Noblesville,1765,10454,1960,167,100,,Sold,,,http://www.redfin.com/IN/Noblesville/800-N-15th-St-46060/home/107034824,MIBOR,21506418,N,Y,40.0532413,-86.0062175
PAST SALE,September-22-2017,Single Family Residential,11144 Dark Star Ln,Noblesville,IN,46060,169000,3,2.5,Noblesville,1721,6534,2011,174,98,25,Sold,,,http://www.redfin.com/IN/Noblesville/11144-Dark-Star-Ln-46060/home/107146508,MIBOR,21505022,N,Y,40.0112566,-85.9691784
PAST SALE,September-26-2017,Single Family Residential,9829 W 400 N,Noblesville,IN,46060,34000,2,2,Jackson,1512,138869,1989,170,22,,Sold,,,http://www.redfin.com/IN/Noblesville/9829-W-400-N-46060/home/82144458,MIBOR,21507048,N,Y,40.162444,-85.859511
PAST SALE,September-20-2017,Single Family Residential,11808 Buck Creek Cir,Noblesville,IN,46060,147500,4,2.5,Wayne,1912,7405,1999,176,77,19,Sold,,,http://www.redfin.com/IN/Noblesville/11808-Buck-Creek-Cir-46060/home/66975878,MIBOR,21505260,N,Y,40.005808,-85.9563796
PAST SALE,November-3-2017,Single Family Residential,12302 Inside Trl,Noblesville,IN,46060,161000,3,2,Wayne,1300,6098,2006,132,124,25,Sold,,,http://www.redfin.com/IN/Noblesville/12302-Inside-Trl-46060/home/82368992,MIBOR,21510665,N,Y,40.0141626,-85.9469212
PAST SALE,October-31-2017,Single Family Residential,19193 Atlantic Rd,Noblesville,IN,46060,102000,3,2,Wayne,1352,43560,1998,135,75,,Sold,,,http://www.redfin.com/IN/Noblesville/19193-Atlantic-Rd-46060/home/60020269,MIBOR,21509458,N,Y,40.0702994,-85.8631281
PAST SALE,February-14-2018,Single Family Residential,1306 Monument St,Noblesville,IN,46060,148500,4,2,Noblesville,2024,4356,1900,29,73,,Sold,,,http://www.redfin.com/IN/Noblesville/1306-Monument-St-46060/home/60059341,MIBOR,21525610,N,Y,40.0513679,-86.008573
PAST SALE,January-16-2018,Single Family Residential,18917 Fairfield Blvd,Noblesville,IN,46060,180000,3,2.5,Noblesville,2197,12632,1993,58,82,8,Sold,,,http://www.redfin.com/IN/Noblesville/18917-Fairfield-Blvd-46060/home/67017212,MIBOR,21524459,N,Y,40.0629418,-86.0004962
PAST SALE,January-26-2018,Single Family Residential,10215 Carmine Dr,Noblesville,IN,46060,169000,3,2,Noblesville,1503,6969,1996,48,112,30,Sold,,,http://www.redfin.com/IN/Noblesville/10215-Carmine-Dr-46060/home/82352999,MIBOR,21517939,N,Y,40.0685019,-85.9872373
PAST SALE,January-12-2018,Single Family Residential,18888 Auburn Ln,Noblesville,IN,46060,231000,4,2.5,Noblesville,3357,13503,1997,62,69,8,Sold,,,http://www.redfin.com/IN/Noblesville/18888-Auburn-Ln-46060/home/82353148,MIBOR,21524190,N,Y,40.0633893,-86.0042041
PAST SALE,January-18-2018,Single Family Residential,9116 Capstone Ct,Noblesville,IN,46060,168000,3,2.5,Noblesville,1808,6098,1999,56,93,10,Sold,,,http://www.redfin.com/IN/Noblesville/9116-Capstone-Ct-46060/home/82353175,MIBOR,21518370,N,Y,40.0664163,-86.0085098
PAST SALE,December-29-2017,Single Family Residential,1610 N 10th St,Noblesville,IN,46060,199500,4,2,Noblesville,2064,13503,1967,76,97,,Sold,,,http://www.redfin.com/IN/Noblesville/1610-N-10th-St-46060/home/82353377,MIBOR,21526756,N,Y,40.0634342,-86.007254
PAST SALE,January-24-2018,Single Family Residential,18865 Wimbley Way,Noblesville,IN,46060,164000,3,2,Noblesville,1354,11325,1995,50,121,8,Sold,,,http://www.redfin.com/IN/Noblesville/18865-Wimbley-Way-46060/home/60084653,MIBOR,21526758,N,Y,40.0619847,-86.0017322
PAST SALE,December-28-2017,Single Family Residential,286 N 11th St,Noblesville,IN,46060,196000,3,2,Noblesville,2144,5227,1890,77,91,,Sold,,,http://www.redfin.com/IN/Noblesville/286-N-11th-St-46060/home/60156259,MIBOR,21526613,N,Y,40.0482588,-86.010782
PAST SALE,February-28-2018,Single Family Residential,16505 Audubon Ct,Noblesville,IN,46060,260000,4,2.5,Noblesville,2868,31798,1988,15,91,12,Sold,,,http://www.redfin.com/IN/Noblesville/16505-Audubon-Ct-46060/home/82368256,MIBOR,21528114,N,Y,40.0271428,-86.0055475
PAST SALE,December-29-2017,Single Family Residential,20215 Wagon Trail Dr,Noblesville,IN,46060,320000,5,3.5,Noblesville,4094,51836,1995,76,78,,Sold,,,http://www.redfin.com/IN/Noblesville/20215-Wagon-Trail-Dr-46060/home/60111835,MIBOR,21477523,N,Y,40.0773467,-85.9794192
PAST SALE,February-28-2018,Single Family Residential,18891 Round Lake Rd,Noblesville,IN,46060,182000,3,2,Noblesville,1631,10890,2001,15,112,22,Sold,,,http://www.redfin.com/IN/Noblesville/18891-Round-Lake-Rd-46060/home/66995748,MIBOR,21540745,N,Y,40.062718,-86.0277611
PAST SALE,December-5-2017,Single Family Residential,10961 Gossamer Ln,Noblesville,IN,46060,221500,3,2,Noblesville,2654,10454,2006,100,83,33,Sold,,,http://www.redfin.com/IN/Noblesville/10961-Gossamer-Ln-46060/home/82353394,MIBOR,21518397,N,Y,40.0643706,-85.973576
PAST SALE,November-22-2017,Single Family Residential,19950 Wagon Trail Dr,Noblesville,IN,46060,199000,4,3,Noblesville,3212,28749,1966,113,62,,Sold,,,http://www.redfin.com/IN/Noblesville/19950-Wagon-Trail-Dr-46060/home/59981145,MIBOR,21517184,N,Y,40.075894,-85.9842261
PAST SALE,October-10-2017,Single Family Residential,986 North Dr,Noblesville,IN,46060,127000,4,1.5,Noblesville,3045,8276,1950,156,42,,Sold,,,http://www.redfin.com/IN/Noblesville/986-North-Dr-46060/home/60016237,MIBOR,21507198,N,Y,40.0553169,-86.0125543
PAST SALE,December-1-2017,Single Family Residential,1493 Cherry St,Noblesville,IN,46060,168500,3,2,Noblesville,1833,6534,1900,104,92,,Sold,,,http://www.redfin.com/IN/Noblesville/1493-Cherry-St-46060/home/66836991,MIBOR,21517885,N,Y,40.0436298,-86.0064367
PAST SALE,February-16-2018,Single Family Residential,9635 E 191st St,Noblesville,IN,46060,163000,3,1.5,Noblesville,2304,27007,1955,27,71,,Sold,,,http://www.redfin.com/IN/Noblesville/9635-E-191st-St-46060/home/60066596,MIBOR,21540642,N,Y,40.0653369,-85.9992203
PAST SALE,October-31-2017,Single Family Residential,375 Wellington Pkwy,Noblesville,IN,46060,228500,4,2.5,Noblesville,2507,16117,1989,135,91,12,Sold,,,http://www.redfin.com/IN/Noblesville/375-Wellington-Pkwy-46060/home/60111863,MIBOR,21507143,N,Y,40.0162591,-86.0039649
PAST SALE,October-31-2017,Single Family Residential,9182 Northgate Ct,Noblesville,IN,46060,131900,3,1.5,Noblesville,1244,6969,1993,135,106,,Sold,,,http://www.redfin.com/IN/Noblesville/9182-Northgate-Ct-46060/home/66946936,MIBOR,21509707,N,Y,40.0592269,-86.0074903
PAST SALE,October-31-2017,Single Family Residential,19126 Strand Ct,Noblesville,IN,46060,162000,4,2.5,Noblesville,1776,8276,1999,135,91,8,Sold,,,http://www.redfin.com/IN/Noblesville/19126-Strand-Ct-46060/home/66963672,MIBOR,21506384,N,Y,40.0663158,-86.0079118
PAST SALE,November-8-2017,Single Family Residential,15245 Fawn Meadow Dr,Noblesville,IN,46060,152000,3,2.5,Wayne,1440,4791,2001,127,106,25,Sold,,,http://www.redfin.com/IN/Noblesville/15245-Fawn-Meadow-Dr-46060/home/82369438,MIBOR,21512882,N,Y,40.0108198,-85.9543444
PAST SALE,November-6-2017,Single Family Residential,15315 Radiance Dr,Noblesville,IN,46060,182500,4,2.5,Noblesville,3424,6534,2005,129,53,21,Sold,,,http://www.redfin.com/IN/Noblesville/15315-Radiance-Dr-46060/home/60044436,MIBOR,21512206,N,Y,40.0114545,-85.9828326
PAST SALE,November-6-2017,Single Family Residential,10819 Upland Way,Noblesville,IN,46060,188000,3,2.5,Noblesville,1919,7840,2001,129,98,27,Sold,,,http://www.redfin.com/IN/Noblesville/10819-Upland-Way-46060/home/60090996,MIBOR,21513588,N,Y,40.0701394,-85.9762088
PAST SALE,October-16-2017,Single Family Residential,11892 Pronghorn Cir,Noblesville,IN,46060,140900,3,2.5,Noblesville,1387,4356,2001,150,102,19,Sold,,,http://www.redfin.com/IN/Noblesville/11892-Pronghorn-Cir-46060/home/66961148,MIBOR,21510078,N,Y,40.0052805,-85.9550228
PAST SALE,October-18-2017,Single Family Residential,14299 Cuppola Dr,Noblesville,IN,46060,149900,3,2.5,Fall Creek,2001,3484,2004,148,75,23,Sold,,,http://www.redfin.com/IN/Noblesville/14299-Cuppola-Dr-46060/home/82370919,MIBOR,21512061,N,Y,39.9968373,-85.9481984
PAST SALE,September-27-2017,Single Family Residential,692 Woodview Dr,Noblesville,IN,46060,131900,3,1.5,Noblesville,1248,23086,1959,169,106,,Sold,,,http://www.redfin.com/IN/Noblesville/692-Woodview-Dr-46060/home/96249385,MIBOR,21511053,N,Y,40.0572454,-86.0278651
PAST SALE,October-23-2017,Single Family Residential,706 Pemberly Ct,Noblesville,IN,46060,199900,3,2,Noblesville,1671,14810,1988,143,120,12,Sold,,,http://www.redfin.com/IN/Noblesville/706-Pemberly-Ct-46060/home/60016443,MIBOR,21512222,N,Y,40.0256965,-86.0002969
PAST SALE,October-30-2017,Single Family Residential,10738 Standish Pl,Noblesville,IN,46060,189000,4,2.5,Noblesville,3278,10890,2001,136,58,,Sold,,,http://www.redfin.com/IN/Noblesville/10738-Standish-Pl-46060/home/60041068,MIBOR,21500148,N,Y,40.067279,-85.9778842
PAST SALE,October-25-2017,Single Family Residential,14972 Deer Trail Dr,Noblesville,IN,46060,190000,4,2.5,Noblesville,2520,5227,2005,141,75,25,Sold,,,http://www.redfin.com/IN/Noblesville/14972-Deer-Trail-Dr-46060/home/60087467,MIBOR,21494195,N,Y,40.006728,-85.9448856
PAST SALE,September-29-2017,Single Family Residential,1359 North St,Noblesville,IN,46060,128000,2,1,Noblesville,2290,11325,1940,167,56,,Sold,,,http://www.redfin.com/IN/Noblesville/1359-North-St-46060/home/60096189,MIBOR,21506509,N,Y,40.0547661,-86.0081111
PAST SALE,November-10-2017,Single Family Residential,10387 Echo Way,Noblesville,IN,46060,165000,3,2.5,Noblesville,1955,6969,2005,125,84,21,Sold,,,http://www.redfin.com/IN/Noblesville/10387-Echo-Way-46060/home/60131335,MIBOR,21517694,N,Y,40.0081969,-85.9837076
PAST SALE,November-6-2017,Single Family Residential,12476 Old Pond Rd,Noblesville,IN,46060,200000,4,2.5,Wayne,2520,7405,2009,129,79,25,Sold,,,http://www.redfin.com/IN/Noblesville/12476-Old-Pond-Rd-46060/home/60140823,MIBOR,21511227,N,Y,40.0135323,-85.943768
PAST SALE,October-25-2017,Single Family Residential,1378 Hannibal St,Noblesville,IN,46060,142000,2,1.5,Noblesville,1020,4791,1900,141,139,,Sold,,,http://www.redfin.com/IN/Noblesville/1378-Hannibal-St-46060/home/60151344,MIBOR,21500389,N,Y,40.0432193,-86.0077301
PAST SALE,October-30-2017,Single Family Residential,15126 Roedean Dr,Noblesville,IN,46060,264000,4,2.5,Noblesville,3588,5227,2014,136,74,32,Sold,,,http://www.redfin.com/IN/Noblesville/15126-Roedean-Dr-46060/home/62530485,MIBOR,21506119,N,Y,40.0088041,-85.9769667
PAST SALE,November-3-2017,Single Family Residential,19368 Potters Bridge Rd,Noblesville,IN,46060,281500,4,2.5,Noblesville,3973,10454,2003,132,71,42,Sold,,,http://www.redfin.com/IN/Noblesville/19368-Potters-Bridge-Rd-46060/home/66976272,MIBOR,21514686,N,Y,40.0691845,-86.0023901
PAST SALE,October-27-2017,Single Family Residential,15457 Harmon Pl,Noblesville,IN,46060,141000,3,2,Delaware,1236,7405,2010,139,114,21,Sold,,,http://www.redfin.com/IN/Noblesville/15457-Harmon-Pl-46060/home/107154365,MIBOR,21513322,N,Y,40.0134135,-85.9898893
PAST SALE,September-26-2017,Single Family Residential,12307 Inside Trl,Noblesville,IN,46060,154000,3,2,Wayne,1376,6534,2004,170,112,27,Sold,,,http://www.redfin.com/IN/Noblesville/12307-Inside-Trl-46060/home/66805256,MIBOR,21504829,N,Y,40.0137211,-85.9468813
PAST SALE,September-22-2017,Single Family Residential,13732 E Sr 32,Noblesville,IN,46060,180000,3,2,Wayne,1408,143312,1992,174,128,,Sold,,,http://www.redfin.com/IN/Noblesville/13732-Indiana-32-46060/home/60057091,MIBOR,21489588,N,Y,40.0542532,-85.9208517
PAST SALE,September-29-2017,Single Family Residential,19563 Amber Way,Noblesville,IN,46060,159900,3,2.5,Noblesville,1776,10018,2001,167,90,30,Sold,,,http://www.redfin.com/IN/Noblesville/19563-Amber-Way-46060/home/60010437,MIBOR,21507963,N,Y,40.0738632,-85.9786819
PAST SALE,September-20-2017,Single Family Residential,18759 Northridge Dr,Noblesville,IN,46060,135000,3,2,Noblesville,1208,6098,1993,176,112,,Sold,,,http://www.redfin.com/IN/Noblesville/18759-Northridge-Dr-46060/home/59992594,MIBOR,21504465,N,Y,40.0607512,-86.0059783
PAST SALE,September-20-2017,Single Family Residential,1208 E Washington St,Noblesville,IN,46060,108500,2,1,Noblesville,1474,6534,1962,176,74,,Sold,,,http://www.redfin.com/IN/Noblesville/1208-Washington-St-46060/home/60002803,MIBOR,21505217,N,Y,40.0384234,-86.0097456
PAST SALE,September-28-2017,Single Family Residential,18846 Auburn Ln,Noblesville,IN,46060,185000,4,2.5,Noblesville,2424,11761,1997,168,76,8,Sold,,,http://www.redfin.com/IN/Noblesville/18846-Auburn-Ln-46060/home/82353194,MIBOR,21493027,N,Y,40.0608784,-86.0044433
PAST SALE,September-29-2017,Single Family Residential,10324 Sage Ct,Noblesville,IN,46060,195000,4,2.5,Noblesville,2295,13068,1995,167,85,30,Sold,,,http://www.redfin.com/IN/Noblesville/10324-Sage-Ct-46060/home/66965962,MIBOR,21510211,N,Y,40.0716742,-85.9859012
PAST SALE,September-27-2017,Single Family Residential,609 Pleasant St,Noblesville,IN,46060,117000,3,1.5,Noblesville,1646,7840,1920,169,71,,Sold,,,http://www.redfin.com/IN/Noblesville/609-Pleasant-St-46060/home/67059237,MIBOR,21496821,N,Y,40.0388755,-86.0159242
PAST SALE,September-25-2017,Single Family Residential,66 S 14th St,Noblesville,IN,46060,67000,1,1,Noblesville,900,2443,1920,171,74,,Sold,,,http://www.redfin.com/IN/Noblesville/66-S-14th-St-46060/home/82354393,MIBOR,21509198,N,Y,40.0450731,-86.0068254
PAST SALE,October-13-2017,Single Family Residential,18088 Pennington Rd,Noblesville,IN,46060,74900,4,1,Wayne,2088,40510,1957,153,36,,Sold,,,http://www.redfin.com/IN/Noblesville/18088-Pennington-Rd-46060/home/60149249,MIBOR,21508132,N,Y,40.051912,-85.928706
PAST SALE,October-10-2017,Single Family Residential,10870 Balfour Dr,Noblesville,IN,46060,184500,3,2.5,Noblesville,1919,11325,2000,156,96,,Sold,,,http://www.redfin.com/IN/Noblesville/10870-Balfour-Dr-46060/home/60098319,MIBOR,21510451,N,Y,40.0696553,-85.9749323
PAST SALE,September-18-2017,Single Family Residential,15942 Timpani Way,Noblesville,IN,46060,240000,4,2.5,Noblesville,3430,8712,2005,178,70,29,Sold,,,http://www.redfin.com/IN/Noblesville/15942-Timpani-Way-46060/home/60148605,MIBOR,21506518,N,Y,40.0204879,-85.9821322
PAST SALE,October-23-2017,Single Family Residential,1386 Cherry St,Noblesville,IN,46060,195000,3,2,Noblesville,2784,8712,1915,143,70,,Sold,,,http://www.redfin.com/IN/Noblesville/1386-Cherry-St-46060/home/60152139,MIBOR,21513470,N,Y,40.043984,-86.0074629
PAST SALE,October-23-2017,Single Family Residential,11932 Pronghorn Cir,Noblesville,IN,46060,115000,3,2,Wayne,1266,4356,2000,143,91,19,Sold,,,http://www.redfin.com/IN/Noblesville/11932-Pronghorn-Cir-46060/home/66939747,MIBOR,21516328,N,Y,40.0052969,-85.9543444
PAST SALE,October-20-2017,Single Family Residential,11835 Buck Creek Cir,Noblesville,IN,46060,160000,3,2.5,Wayne,2238,4791,1999,146,71,19,Sold,,,http://www.redfin.com/IN/Noblesville/11835-Buck-Creek-Cir-46060/home/66994071,MIBOR,21513332,N,Y,40.0055733,-85.9559606
PAST SALE,September-28-2017,Single Family Residential,10250 Carmine Dr,Noblesville,IN,46060,140000,3,2,Noblesville,1248,9147,2000,168,112,30,Sold,,,http://www.redfin.com/IN/Noblesville/10250-Carmine-Dr-46060/home/67069452,MIBOR,21503409,N,Y,40.0689169,-85.9859411
PAST SALE,October-23-2017,Single Family Residential,10696 Brighton Knoll Pkwy N,Noblesville,IN,46060,213900,4,2.5,Noblesville,2420,5662,2007,143,88,31,Sold,,,http://www.redfin.com/IN/Noblesville/10696-Brighton-Knoll-Pkwy-N-46060/home/107037357,MIBOR,21494338,N,Y,40.0131207,-85.9779639
PAST SALE,October-6-2017,Single Family Residential,1607 Cherry St,Noblesville,IN,46060,155000,4,3,Noblesville,2924,9583,1900,160,53,,Sold,,,http://www.redfin.com/IN/Noblesville/1607-Cherry-St-46060/home/82368144,MIBOR,21494100,N,Y,40.0436139,-86.0048743
PAST SALE,October-17-2017,Single Family Residential,11830 Wapiti Way,Noblesville,IN,46060,152000,3,2.5,Wayne,1792,4356,2001,149,85,19,Sold,,,http://www.redfin.com/IN/Noblesville/11830-Wapiti-Way-46060/home/82369117,MIBOR,21510452,N,Y,40.0073936,-85.9559407
PAST SALE,September-29-2017,Single Family Residential,10097 Cumberland Pointe Blvd,Noblesville,IN,46060,147000,3,2.5,Noblesville,1781,3920,2010,167,83,23,Sold,,,http://www.redfin.com/IN/Noblesville/10097-Cumberland-Pointe-Blvd-46060/home/60089963,MIBOR,21506998,N,Y,40.0148606,-85.9889322
PAST SALE,September-29-2017,Single Family Residential,16227 Herriman Blvd,Noblesville,IN,46060,292500,4,2.5,Noblesville,3645,18295,1988,167,80,13,Sold,,,http://www.redfin.com/IN/Noblesville/16227-Herriman-Blvd-46060/home/63044292,MIBOR,21489615,N,Y,40.0231898,-86.0047822
PAST SALE,October-18-2017,Single Family Residential,16726 Lowell Dr,Noblesville,IN,46060,115900,3,2.5,Noblesville,1606,3920,1998,148,72,11,Sold,,,http://www.redfin.com/IN/Noblesville/16726-Lowell-Dr-46060/home/66969067,MIBOR,21494964,N,Y,40.0322424,-86.0010145
PAST SALE,October-16-2017,Single Family Residential,15356 Keech Ct,Noblesville,IN,46060,215000,3,2.5,Wayne,1932,10454,2013,150,111,27,Sold,,,http://www.redfin.com/IN/Noblesville/15356-Keech-Ct-46060/home/76494970,MIBOR,21504736,N,Y,40.0125469,-85.9396167
PAST SALE,October-16-2017,Single Family Residential,15613 Simpson Ct,Noblesville,IN,46060,275000,3,3,Noblesville,2191,,2017,150,126,200,Sold,,,http://www.redfin.com/IN/Noblesville/15613-Simpson-Ct-46060/home/112854531,MIBOR,21459100,N,Y,40.0158228,-85.9734868
PAST SALE,November-14-2017,Single Family Residential,12730 Old Pond Rd,Noblesville,IN,46060,175000,3,2,Wayne,1616,6098,2009,121,108,25,Sold,,,http://www.redfin.com/IN/Noblesville/12730-Old-Pond-Rd-46060/home/82383556,MIBOR,21513731,N,Y,40.0156671,-85.9401556
PAST SALE,November-25-2017,Single Family Residential,11877 Highline Ct,Noblesville,IN,46060,341895,4,2.5,Wayne,4719,19602,2017,110,72,42,Sold,,,http://www.redfin.com/IN/Noblesville/11877-Highline-Ct-46060/home/144362301,MIBOR,21526095,N,Y,40.0233225,-85.9580696
PAST SALE,November-27-2017,Single Family Residential,19384 Fox Chase Dr,Noblesville,IN,46062,157900,3,2.5,Noblesville,1934,6534,2006,108,82,20,Sold,,,http://www.redfin.com/IN/Noblesville/19384-Fox-Chase-Dr-46062/home/60012427,MIBOR,21517251,N,Y,40.069203,-86.029099
PAST SALE,November-20-2017,Single Family Residential,11815 Buck Creek Cir,Noblesville,IN,46060,153000,3,2.5,Wayne,2095,10454,1999,115,73,20,Sold,,,http://www.redfin.com/IN/Noblesville/11815-Buck-Creek-Cir-46060/home/82369043,MIBOR,21519491,N,Y,40.0056865,-85.9563397
PAST SALE,September-22-2017,Single Family Residential,15618 Simpson Ct,Noblesville,IN,46062,297050,2,3,Noblesville,2217,,2017,174,134,200,Sold,,,http://www.redfin.com/IN/Noblesville/15618-Simpson-Ct-46060/home/143855394,MIBOR,21510143,N,Y,40.0163307,-85.973095
PAST SALE,September-27-2017,Single Family Residential,11917 Whisper Ridge Dr,Noblesville,IN,46060,345995,5,3.5,Wayne,4138,10890,2017,169,84,42,Sold,,,http://www.redfin.com/IN/Noblesville/11917-Whisper-Ridge-Dr-46060/home/113703050,MIBOR,21477590,N,Y,40.02108,-85.955958
PAST SALE,October-12-2017,Single Family Residential,1270 Pleasant St,Noblesville,IN,46060,160000,3,1,Noblesville,1100,8999,1963,154,145,,Sold,,,http://www.redfin.com/IN/Noblesville/1270-Pleasant-St-46060/home/82368174,MIBOR,21479922,N,Y,40.039374,-86.00914
PAST SALE,November-3-2017,Single Family Residential,10368 Steeplebush Ct,Noblesville,IN,46060,179000,4,2.5,Noblesville,1993,10018,1996,132,90,30,Sold,,,http://www.redfin.com/IN/Noblesville/10368-Steeplebush-Ct-46060/home/82353032,MIBOR,21511351,N,Y,40.0725289,-85.9840267
PAST SALE,November-7-2017,Single Family Residential,10474 Cumberland Pointe Blvd,Noblesville,IN,46060,220000,4,2.5,Noblesville,3438,5662,2004,128,64,21,Sold,,,http://www.redfin.com/IN/Noblesville/10474-Cumberland-Pointe-Blvd-46060/home/60067886,MIBOR,21513785,N,Y,40.0118981,-85.9819527
PAST SALE,October-24-2017,Single Family Residential,16335 La Paloma Ct,Noblesville,IN,46060,380000,3,3.5,Noblesville,3727,11761,2003,142,102,55,Sold,,,http://www.redfin.com/IN/Noblesville/16335-La-Paloma-Ct-46060/home/60070258,MIBOR,21462585,N,Y,40.0262792,-85.9691278
PAST SALE,October-2-2017,Single Family Residential,11308 Seattle Slew Dr,Noblesville,IN,46060,174000,3,2,Noblesville,1611,7405,2008,164,108,25,Sold,,,http://www.redfin.com/IN/Noblesville/11308-Seattle-Slew-Dr-46060/home/66875046,MIBOR,21502767,N,Y,40.0097153,-85.9663151
PAST SALE,September-27-2017,Single Family Residential,15291 Atkinson Dr,Noblesville,IN,46060,155000,3,2,Noblesville,1437,5227,2012,169,108,,Sold,,,http://www.redfin.com/IN/Noblesville/15291-Atkinson-Dr-46060/home/60142080,MIBOR,21506988,N,Y,40.0113061,-85.9775651
PAST SALE,November-2-2017,Single Family Residential,1163 Evans Ave,Noblesville,IN,46060,122000,2,1.5,Noblesville,2750,8350,1940,133,44,,Sold,,,http://www.redfin.com/IN/Noblesville/1163-Evans-Ave-46060/home/59992200,MIBOR,21513881,N,Y,40.0538246,-86.0099197
PAST SALE,September-18-2017,Single Family Residential,23744 Couden Rd,Noblesville,IN,46060,295000,3,3,White River,2991,100187,1975,178,99,,Sold,,,http://www.redfin.com/IN/Noblesville/23744-Couden-Ave-46060/home/82351808,MIBOR,21478123,N,Y,40.1293174,-85.9405348
PAST SALE,September-22-2017,Single Family Residential,171 Wellington Pkwy,Noblesville,IN,46060,235500,4,3,Noblesville,2714,29620,1981,174,87,12,Sold,,,http://www.redfin.com/IN/Noblesville/171-Wellington-Pkwy-46060/home/60156924,MIBOR,21500653,N,Y,40.0217169,-86.0079118
PAST SALE,December-21-2017,Single Family Residential,24373 Brehm Rd,Noblesville,IN,46060,170000,3,2,White River,1497,74923,1998,84,114,,Sold,,,http://www.redfin.com/IN/Noblesville/24373-Brehm-Rd-46060/home/82346357,MIBOR,21520513,N,Y,40.144195,-85.921607
PAST SALE,February-15-2018,Single Family Residential,15067 Middletown Ave,Noblesville,IN,46060,610000,5,3,Wayne,5632,445183,2004,28,108,,Sold,,,http://www.redfin.com/IN/Noblesville/15067-Middletown-Ave-46060/home/144051357,MIBOR,21518905,N,Y,40.053689,-85.895388
PAST SALE,January-5-2018,Single Family Residential,19550 Cumberland Rd,Noblesville,IN,46060,217875,4,2.5,Noblesville,3362,71874,1967,69,65,,Sold,,,http://www.redfin.com/IN/Noblesville/19550-Cumberland-Rd-46060/home/82352918,MIBOR,21502910,N,Y,40.0710217,-85.9953725
PAST SALE,January-12-2018,Single Family Residential,14055 State Road 38 E,Noblesville,IN,46060,87500,2,1,Wayne,1108,13503,1900,62,79,,Sold,,,http://www.redfin.com/IN/Noblesville/14055-Indiana-38-46060/home/82367594,MIBOR,21493924,N,Y,40.03205,-85.9127448
PAST SALE,February-15-2018,Single Family Residential,15853 Concert Way,Noblesville,IN,46060,197500,3,2,Noblesville,1760,10454,2001,28,112,29,Sold,,,http://www.redfin.com/IN/Noblesville/15853-Concert-Way-46060/home/82368789,MIBOR,21542795,N,Y,40.0193826,-85.9866191
PAST SALE,February-21-2018,Single Family Residential,208 Pleasant St,Noblesville,IN,46060,36000,4,1,Noblesville,2054,6599,1900,22,18,,Sold,,,http://www.redfin.com/IN/Noblesville/208-Pleasant-St-46060/home/82360201,MIBOR,21527131,N,Y,40.0392483,-86.0209462
PAST SALE,January-5-2018,Single Family Residential,15140 Fawn Hollow Ln,Noblesville,IN,46060,146000,3,2.5,Wayne,2095,10018,2001,69,70,19,Sold,,,http://www.redfin.com/IN/Noblesville/15140-Fawn-Hollow-Ln-46060/home/60162179,MIBOR,21525665,N,Y,40.0090911,-85.9561302
PAST SALE,February-16-2018,Single Family Residential,12085 Whisper Ridge Dr,Noblesville,IN,46060,400000,4,3.5,Wayne,4715,,2017,27,85,42,Sold,,,http://www.redfin.com/IN/Noblesville/12085-Whisper-Ridge-Dr-46060/home/142254901,MIBOR,21512505,N,Y,40.021133,-85.956857
PAST SALE,February-23-2018,Single Family Residential,10384 Cerulean Dr,Noblesville,IN,46060,193000,4,2.5,Noblesville,1962,7405,1997,20,98,33,Sold,,,http://www.redfin.com/IN/Noblesville/10384-Cerulean-Dr-46060/home/67088136,MIBOR,21513980,N,Y,40.0724559,-85.9836478
PAST SALE,February-28-2018,Single Family Residential,19190 Pacifica Pl,Noblesville,IN,46060,210000,4,2.5,Noblesville,2838,11586,2004,15,74,27,Sold,,,http://www.redfin.com/IN/Noblesville/19190-Pacifica-Pl-46060/home/67001195,MIBOR,21526274,N,Y,40.0668352,-85.9691278
PAST SALE,February-16-2018,Single Family Residential,998 North Dr,Noblesville,IN,46060,150000,4,2,Noblesville,2240,9147,1946,27,67,,Sold,,,http://www.redfin.com/IN/Noblesville/998-North-Dr-46060/home/60064945,MIBOR,21514592,N,Y,40.0553016,-86.0120577
PAST SALE,February-28-2018,Single Family Residential,15459 Outside Trl,Noblesville,IN,46060,157000,3,2,Wayne,1262,6098,2003,15,124,25,Sold,,,http://www.redfin.com/IN/Noblesville/15459-Outside-Trl-46060/home/60097306,MIBOR,21542740,N,Y,40.013925,-85.9504334
PAST SALE,February-28-2018,Single Family Residential,12615 Sunrise Dr,Noblesville,IN,46060,344546,4,3.5,Wayne,4586,11761,2018,15,75,,Sold,,,http://www.redfin.com/IN/Noblesville/12615-Sunrise-Dr-46060/home/144977073,MIBOR,21548964,N,Y,40.0542448,-85.9508923
PAST SALE,March-1-2018,Single Family Residential,9543 Belmar Ct,Noblesville,IN,46060,229900,4,3.5,Noblesville,3202,17859,1996,14,72,8,Sold,,,http://www.redfin.com/IN/Noblesville/9543-Belmar-Ct-46060/home/82353134,MIBOR,21520216,N,Y,40.0619629,-85.999938
PAST SALE,March-5-2018,Single Family Residential,19182 Welkin Ct,Noblesville,IN,46060,153000,3,2,Noblesville,1560,7840,1998,10,98,8,Sold,,,http://www.redfin.com/IN/Noblesville/19182-Welkin-Ct-46060/home/60012126,MIBOR,21539783,N,Y,40.0669848,-86.0064367
PAST SALE,December-28-2017,Single Family Residential,1164 Cherry St,Noblesville,IN,46060,164900,3,1,Noblesville,1166,3484,1890,77,141,,Sold,,,http://www.redfin.com/IN/Noblesville/1164-Cherry-St-46060/home/82353932,MIBOR,21527133,N,Y,40.0439503,-86.0102339
PAST SALE,December-15-2017,Single Family Residential,1209 Pleasant St,Noblesville,IN,46060,103000,2,2,Noblesville,1128,,1930,90,91,,Sold,,,http://www.redfin.com/IN/Noblesville/1209-Pleasant-St-46060/home/60110612,MIBOR,21491920,N,Y,40.0389531,-86.0097356
PAST SALE,November-30-2017,Single Family Residential,11429 Pegasus Dr,Noblesville,IN,46060,159000,3,2,Noblesville,1370,5662,2006,105,116,25,Sold,,,http://www.redfin.com/IN/Noblesville/11429-Pegasus-Dr-46060/home/60132740,MIBOR,21520557,N,Y,40.0058582,-85.9639962
PAST SALE,November-17-2017,Single Family Residential,632 Holly Ct,Noblesville,IN,46060,180000,3,2.5,Noblesville,1834,9147,1972,118,98,,Sold,,,http://www.redfin.com/IN/Noblesville/632-Holly-Ct-46060/home/62285088,MIBOR,21506493,N,Y,40.0589817,-86.0225803
PAST SALE,October-16-2017,Single Family Residential,15423 Wandering Way,Noblesville,IN,46060,136000,3,2,Wayne,1288,6098,2003,150,106,25,Sold,,,http://www.redfin.com/IN/Noblesville/15423-Wandering-Way-46060/home/66811408,MIBOR,21511852,N,Y,40.0135912,-85.9563597
PAST SALE,November-15-2017,Single Family Residential,240 N 14th St,Noblesville,IN,46060,52500,2,1,Noblesville,833,2613,1922,120,63,,Sold,,,http://www.redfin.com/IN/Noblesville/240-N-14th-St-46060/home/66993265,MIBOR,21442739,N,Y,40.0478431,-86.0074135
PAST SALE,November-15-2017,Single Family Residential,15264 Ten Point Dr,Noblesville,IN,46060,174300,3,2.5,Wayne,2003,6534,2001,120,87,25,Sold,,,http://www.redfin.com/IN/Noblesville/15264-Ten-Point-Dr-46060/home/67023880,MIBOR,21517689,N,Y,40.0104749,-85.9547834
PAST SALE,March-6-2018,Single Family Residential,15490 Gallow Ln,Noblesville,IN,46060,189900,3,2.5,Noblesville,2382,3484,2008,9,80,24,Sold,,,http://www.redfin.com/IN/Noblesville/15490-Gallow-Ln-46060/home/82369922,MIBOR,21546218,N,Y,40.0140107,-85.9874965
PAST SALE,March-7-2018,Single Family Residential,16605 Durbin Rd,Noblesville,IN,46060,40000,2,1,Wayne,1032,14810,1900,8,39,,Sold,,,http://www.redfin.com/IN/Noblesville/16605-E-Durbin-Rd-46060/home/82367885,MIBOR,21480818,N,Y,40.0311993,-85.9113069
PAST SALE,March-6-2018,Single Family Residential,11905 Whisper Ridge Dr,Noblesville,IN,46060,302075,3,2.5,Wayne,3782,13503,2018,9,80,42,Sold,,,http://www.redfin.com/IN/Noblesville/11905-Whisper-Ridge-Dr-46060/home/145093169,MIBOR,21550333,N,Y,40.0542448,-85.9508923
PAST SALE,March-8-2018,Single Family Residential,15346 Keech Ct,Noblesville,IN,46060,230000,4,2.5,Wayne,2857,10018,2013,7,81,25,Sold,,,http://www.redfin.com/IN/Noblesville/15346-Keech-Ct-46060/home/60146474,MIBOR,21529104,N,Y,40.0124199,-85.9394171
PAST SALE,March-9-2018,Single Family Residential,13867 E 186th St,Noblesville,IN,46060,492500,4,3.5,Wayne,3811,438649,2003,6,129,,Sold,,,http://www.redfin.com/IN/Noblesville/13867-E-186th-St-46060/home/60030866,MIBOR,21539536,N,Y,40.057237,-85.918175
PAST SALE,September-22-2017,Single Family Residential,12073 Whisper Ridge Dr,Noblesville,IN,46060,408730,4,2.5,Wayne,3960,7840,2017,174,103,,Sold,,,http://www.redfin.com/IN/Noblesville/12073-Whisper-Ridge-Dr-46060/home/143992972,MIBOR,21516611,N,Y,40.0542448,-85.9508923
PAST SALE,October-17-2017,Single Family Residential,19314 Fox Chase Dr,Noblesville,IN,46062,192500,4,2.5,Noblesville,2447,6098,2006,149,79,21,Sold,,,http://www.redfin.com/IN/Noblesville/19314-Fox-Chase-Dr-46062/home/82349721,MIBOR,21511684,N,Y,40.0685,-86.0299579
PAST SALE,December-7-2017,Single Family Residential,12139 Whisper Ridge Dr,Noblesville,IN,46060,385000,5,3.5,Wayne,4202,10890,2017,98,92,42,Sold,,,http://www.redfin.com/IN/Noblesville/12139-Whisper-Ridge-Dr-46060/home/114014842,MIBOR,21488480,N,Y,40.02108,-85.955958
PAST SALE,February-15-2018,Single Family Residential,12599 Wolf Run Rd,Noblesville,IN,46060,209400,4,2.5,Wayne,2440,6534,2008,28,86,25,Sold,,,http://www.redfin.com/IN/Noblesville/12599-Wolf-Run-Rd-46060/home/82369339,MIBOR,21527565,N,Y,40.0140531,-85.9414928
PAST SALE,February-23-2018,Single Family Residential,11409 Pegasus Dr,Noblesville,IN,46060,196500,3,2.5,Noblesville,2088,5662,2006,20,94,25,Sold,,,http://www.redfin.com/IN/Noblesville/11409-Pegasus-Dr-46060/home/82369502,MIBOR,21527763,N,Y,40.0058836,-85.9643366
PAST SALE,January-2-2018,Single Family Residential,10430 Platinum Dr,Noblesville,IN,46060,124200,3,2.5,Noblesville,1645,3484,2004,72,76,50,Sold,,,http://www.redfin.com/IN/Noblesville/10430-Platinum-Dr-46060/home/60104606,MIBOR,21513496,N,Y,40.0138093,-85.9827929
PAST SALE,February-14-2018,Single Family Residential,15238 Radiance Dr,Noblesville,IN,46060,225000,4,2.5,Noblesville,3752,9147,2005,29,60,21,Sold,,,http://www.redfin.com/IN/Noblesville/15238-Radiance-Dr-46060/home/60151082,MIBOR,21530048,N,Y,40.0099358,-85.9819128
PAST SALE,February-23-2018,Single Family Residential,11914 Whisper Ridge Dr,Noblesville,IN,46060,357500,4,2.5,Wayne,4721,,2017,20,76,42,Sold,,,http://www.redfin.com/IN/Noblesville/11914-Whisper-Ridge-Dr-46060/home/114018271,MIBOR,21488481,N,Y,40.02108,-85.955958
PAST SALE,February-16-2018,Single Family Residential,15333 Royal Grove Ct,Noblesville,IN,46060,205900,4,2.5,Wayne,2536,5662,2011,27,81,25,Sold,,,http://www.redfin.com/IN/Noblesville/15333-Royal-Grove-Ct-46060/home/60106005,MIBOR,21536411,N,Y,40.012083,-85.938938
PAST SALE,March-1-2018,Single Family Residential,11228 Funny Cide Dr,Noblesville,IN,46060,187500,3,2,Noblesville,1692,6098,2014,14,111,25,Sold,,,http://www.redfin.com/IN/Noblesville/11228-Funny-Cide-Dr-46060/home/109537551,MIBOR,21541782,N,Y,40.0055241,-85.9678477
PAST SALE,March-1-2018,Single Family Residential,12319 Wolf Run Rd,Noblesville,IN,46060,154000,3,2,Wayne,1248,6098,2004,14,123,27,Sold,,,http://www.redfin.com/IN/Noblesville/12319-Wolf-Run-Rd-46060/home/82369258,MIBOR,21539538,N,Y,40.0129207,-85.9468813
PAST SALE,March-12-2018,Single Family Residential,11135 Funny Cide Dr,Noblesville,IN,46060,181888,3,2.5,Noblesville,2128,5662,2014,3,85,25,Sold,,,http://www.redfin.com/IN/Noblesville/11135-Funny-Cide-Dr-46060/home/109537592,MIBOR,21528113,N,Y,40.0058942,-85.9693022
PAST SALE,March-13-2018,Single Family Residential,12055 Babbling Brook Rd,Noblesville,IN,46060,340000,5,3.5,Wayne,3546,10890,2006,2,96,47,Sold,,,http://www.redfin.com/IN/Noblesville/12055-Babbling-Brook-Rd-46060/home/60078081,MIBOR,21519110,N,Y,40.0360561,-85.9527065
PAST SALE,March-14-2018,Single Family Residential,19653 Wagon Trail Dr,Noblesville,IN,46060,340000,4,3,Noblesville,3090,8276,2012,1,110,23,Sold,,,http://www.redfin.com/IN/Noblesville/19653-Wagon-Trail-Dr-46060/home/60108634,MIBOR,21528124,N,Y,40.0719843,-85.9908265
PAST SALE,March-13-2018,Single Family Residential,13682 State Road 32 E,Noblesville,IN,46060,105000,1,1,Wayne,900,174240,1985,2,117,,Sold,,,http://www.redfin.com/IN/Noblesville/13682-Indiana-32-46060/home/82354129,MIBOR,21549231,N,Y,40.054625,-85.923191
PAST SALE,March-14-2018,Single Family Residential,13464 E 166th St,Noblesville,IN,46060,150100,3,2,Wayne,1312,43124,1987,1,114,,Sold,,,http://www.redfin.com/IN/Noblesville/13464-E-166th-St-46060/home/82367812,MIBOR,21541925,N,Y,40.0311594,-85.9292469
PAST SALE,September-28-2017,Single Family Residential,15208 Brantley Ln,Noblesville,IN,46060,202900,3,2.5,Noblesville,2085,5662,2013,168,97,42,Sold,,,http://www.redfin.com/IN/Noblesville/15208-Brantley-Ln-46060/home/60053605,MIBOR,21497598,N,Y,40.0099197,-85.9760212
PAST SALE,September-22-2017,Single Family Residential,10997 Stoneleigh Dr,Noblesville,IN,46060,270000,3,2.5,Noblesville,2496,11325,2012,174,108,40,Sold,,,http://www.redfin.com/IN/Noblesville/10997-Stoneleigh-Dr-46060/home/88837790,MIBOR,21503477,N,Y,40.0174215,-85.9721598
PAST SALE,November-21-2017,Single Family Residential,15833 Brixton Dr,Noblesville,IN,46060,235000,2,2,Noblesville,1986,6534,2006,114,118,82,Sold,,,http://www.redfin.com/IN/Noblesville/15833-Braxton-Dr-46062/home/82368972,MIBOR,21515059,N,Y,40.019263,-85.97454
PAST SALE,November-17-2017,Single Family Residential,11905 Buck Creek Cir,Noblesville,IN,46060,144900,3,2.5,Wayne,1508,4356,1999,118,96,19,Sold,,,http://www.redfin.com/IN/Noblesville/11905-Buck-Creek-Cir-46060/home/60131378,MIBOR,21510505,N,Y,40.0055551,-85.9548632
PAST SALE,November-7-2017,Single Family Residential,18652 Northridge Dr,Noblesville,IN,46060,161000,4,2,Noblesville,1620,6534,1993,128,99,,Sold,,,http://www.redfin.com/IN/Noblesville/18652-Northridge-Dr-46060/home/82353404,MIBOR,21516657,N,Y,40.0591806,-86.0062374
PAST SALE,October-27-2017,Single Family Residential,18333 Deshane Ave,Noblesville,IN,46060,320000,3,2.5,Wayne,2912,121967,1982,139,110,,Sold,,,http://www.redfin.com/IN/Noblesville/18333-Deshane-Ave-46060/home/82354089,MIBOR,21507508,N,Y,40.0535348,-85.9368622
PAST SALE,November-17-2017,Single Family Residential,11885 Buck Creek Cir,Noblesville,IN,46060,132000,3,2,Wayne,1294,4356,1999,118,102,,Sold,,,http://www.redfin.com/IN/Noblesville/11885-Buck-Creek-Cir-46060/home/82369042,MIBOR,21514307,N,Y,40.0055455,-85.9551625
PAST SALE,October-31-2017,Single Family Residential,10203 Cumberland Pointe Blvd,Noblesville,IN,46060,145000,3,2,Noblesville,1352,3484,2007,135,107,24,Sold,,,http://www.redfin.com/IN/Noblesville/10203-Cumberland-Pointe-Blvd-46060/home/82369662,MIBOR,21507367,N,Y,40.013407,-85.9871076
PAST SALE,December-1-2017,Single Family Residential,10231 Cumberland Pointe Blvd,Noblesville,IN,46060,150000,3,2.5,Noblesville,1580,3484,2007,104,95,24,Sold,,,http://www.redfin.com/IN/Noblesville/10231-Cumberland-Pointe-Blvd-46060/home/82369656,MIBOR,21511571,N,Y,40.0127259,-85.9870877
PAST SALE,December-8-2017,Single Family Residential,15296 Proud Truth Dr,Noblesville,IN,46060,168000,4,2.5,Noblesville,1750,6969,2009,97,96,25,Sold,,,http://www.redfin.com/IN/Noblesville/15296-Proud-Truth-Dr-46060/home/82383390,MIBOR,21517438,N,Y,40.0108621,-85.9659161
PAST SALE,November-17-2017,Single Family Residential,16514 Stonewolf Blvd,Noblesville,IN,46060,374900,4,3.5,Noblesville,4236,13503,2009,118,89,42,Sold,,,http://www.redfin.com/IN/Noblesville/16514-Stonewolf-Blvd-46060/home/60013615,MIBOR,21479826,N,Y,40.029107,-85.9601828
PAST SALE,December-1-2017,Single Family Residential,10200 Cumberland Pointe Blvd,Noblesville,IN,46060,168000,3,2.5,Noblesville,1946,3484,2007,104,86,48,Sold,,,http://www.redfin.com/IN/Noblesville/10200-Cumberland-Pointe-Blvd-46060/home/60032526,MIBOR,21521943,N,Y,40.0134988,-85.9865792
PAST SALE,October-25-2017,Single Family Residential,15195 Smarty Jones Dr,Noblesville,IN,46060,199000,4,2.5,Noblesville,2158,7405,2011,141,92,25,Sold,,,http://www.redfin.com/IN/Noblesville/15195-Smarty-Jones-Dr-46060/home/60110301,MIBOR,21504932,N,Y,40.0098481,-85.9689882
PAST SALE,December-8-2017,Single Family Residential,422 Thurston Dr,Noblesville,IN,46060,178000,3,2,Noblesville,1224,27442,1968,97,145,,Sold,,,http://www.redfin.com/IN/Noblesville/422-Thurston-Dr-46060/home/60139522,MIBOR,21515237,N,Y,40.0576052,-85.9675918
PAST SALE,November-20-2017,Single Family Residential,12181 Belfry Dr,Noblesville,IN,46060,148000,3,2.5,Fall Creek,1772,3920,2005,115,84,18,Sold,,,http://www.redfin.com/IN/Noblesville/12181-Belfry-Dr-46060/home/60168958,MIBOR,21519197,N,Y,39.9961628,-85.9495154
PAST SALE,October-24-2017,Single Family Residential,19229 Lupine Ct,Noblesville,IN,46060,220000,4,2.5,Noblesville,3214,12632,1995,142,68,30,Sold,,,http://www.redfin.com/IN/Noblesville/19229-Lupine-Ct-46060/home/66995925,MIBOR,21493933,N,Y,40.0671735,-85.989002
PAST SALE,October-23-2017,Single Family Residential,11912 Helenite Dr,Noblesville,IN,46060,290502,5,3,Wayne,3171,11325,2017,143,92,29,Sold,,,http://www.redfin.com/IN/Noblesville/11912-Helenite-Dr-46060/home/144183902,MIBOR,21520836,N,Y,40.0263297,-85.9554139
PAST SALE,December-20-2017,Single Family Residential,14351 Banister Dr,Noblesville,IN,46060,145000,3,2.5,Fall Creek,1620,3484,2004,85,90,22,Sold,,,http://www.redfin.com/IN/Noblesville/14351-Banister-Dr-46060/home/60075280,MIBOR,21520602,N,Y,39.9976299,-85.9491163
PAST SALE,January-22-2018,Single Family Residential,14726 Fawn Hollow Ln,Noblesville,IN,46060,152000,3,2.5,Wayne,1809,4791,2000,52,84,19,Sold,,,http://www.redfin.com/IN/Noblesville/14726-Fawn-Hollow-Ln-46060/home/67021136,MIBOR,21524636,N,Y,40.0034833,-85.9539852
PAST SALE,December-11-2017,Single Family Residential,12663 Pinetop Way,Noblesville,IN,46060,169500,4,2,Wayne,1691,5227,2008,94,100,,Sold,,,http://www.redfin.com/IN/Noblesville/12663-Pinetop-Way-46060/home/82383139,MIBOR,21516536,N,Y,40.0080003,-85.9406346
PAST SALE,November-29-2017,Single Family Residential,12208 Rally Ct,Noblesville,IN,46060,213500,4,2.5,Wayne,2727,10018,2005,106,78,25,Sold,,,http://www.redfin.com/IN/Noblesville/12208-Rally-Ct-46060/home/60029304,MIBOR,21518504,N,Y,40.0078292,-85.9489168
PAST SALE,November-14-2017,Single Family Residential,10143 Pepper Tree Ln,Noblesville,IN,46060,269990,4,2.5,Noblesville,2957,7840,2017,121,91,21,Sold,,,http://www.redfin.com/IN/Noblesville/10143-Pepper-Tree-Ln-46060/home/108234818,MIBOR,21456848,N,Y,40.0702698,-85.9891215
PAST SALE,December-20-2017,Single Family Residential,10968 Matherly Way,Noblesville,IN,46060,264785,2,2,Noblesville,2095,5662,2017,85,126,200,Sold,,,http://www.redfin.com/IN/Noblesville/10968-Matherly-Way-46060/home/131407475,MIBOR,21510123,N,Y,40.016767,-85.975278
PAST SALE,January-18-2018,Single Family Residential,281 Lansdowne Dr,Noblesville,IN,46060,229000,3,2.5,Noblesville,2051,18730,1994,56,112,12,Sold,,,http://www.redfin.com/IN/Noblesville/281-Lansdowne-Dr-46060/home/60168015,MIBOR,21510132,N,Y,40.0226631,-86.0007902
PAST SALE,November-9-2017,Single Family Residential,1272 Plum St,Noblesville,IN,46060,149900,3,2,Noblesville,1794,6534,1896,126,84,,Sold,,,http://www.redfin.com/IN/Noblesville/1272-Plum-St-46060/home/82367851,MIBOR,21505654,N,Y,40.0374841,-86.0091875
PAST SALE,January-5-2018,Single Family Residential,371 Wellington Pkwy,Noblesville,IN,46060,322900,4,2.5,Noblesville,4220,13503,1990,69,77,12,Sold,,,http://www.redfin.com/IN/Noblesville/371-Wellington-Pkwy-46060/home/66925197,MIBOR,21511834,N,Y,40.0162481,-86.003646
PAST SALE,January-19-2018,Single Family Residential,1527 Monument St,Noblesville,IN,46060,228000,4,2.5,Noblesville,2684,9108,1920,55,85,,Sold,,,http://www.redfin.com/IN/Noblesville/1527-Monument-St-46060/home/66990018,MIBOR,21490042,N,Y,40.0509168,-86.0060061
PAST SALE,January-18-2018,Single Family Residential,16880 Aulton Dr,Noblesville,IN,46060,115000,3,2.5,Noblesville,1354,6098,1998,56,85,11,Sold,,,http://www.redfin.com/IN/Noblesville/16880-Aulton-Dr-46060/home/66995152,MIBOR,21520217,N,Y,40.0351036,-86.0004563
PAST SALE,December-29-2017,Single Family Residential,601 Little Eagle Dr,Noblesville,IN,46060,140000,3,2,Noblesville,1642,27442,1988,76,85,,Sold,,,http://www.redfin.com/IN/Noblesville/601-Little-Eagle-Dr-46060/home/82368474,MIBOR,21529161,N,Y,40.0232583,-85.9881944
PAST SALE,January-30-2018,Single Family Residential,15340 Atkinson Dr,Noblesville,IN,46060,198500,3,2.5,Noblesville,2227,6969,2011,44,89,31,Sold,,,http://www.redfin.com/IN/Noblesville/15340-Atkinson-Dr-46060/home/107069134,MIBOR,21528789,N,Y,40.0118773,-85.976149
PAST SALE,December-5-2017,Single Family Residential,10184 Cumberland Pointe Blvd,Noblesville,IN,46060,159000,3,2.5,Noblesville,1946,3484,2006,100,82,21,Sold,,,http://www.redfin.com/IN/Noblesville/10184-Cumberland-Pointe-Blvd-46060/home/82369568,MIBOR,21511201,N,Y,40.0139403,-85.9866191
PAST SALE,November-30-2017,Single Family Residential,10380 Magenta Dr,Noblesville,IN,46060,219900,3,2.5,Noblesville,2320,10890,1995,105,95,30,Sold,,,http://www.redfin.com/IN/Noblesville/10380-Magenta-Dr-46060/home/60010874,MIBOR,21520343,N,Y,40.0693236,-85.9849839
PAST SALE,November-28-2017,Single Family Residential,19506 Forsythe Dr,Noblesville,IN,46060,225000,4,2.5,Noblesville,3095,8276,2009,107,73,38,Sold,,,http://www.redfin.com/IN/Noblesville/19506-Forsythe-Dr-46060/home/60082310,MIBOR,21517558,N,Y,40.0718755,-85.9686291
PAST SALE,November-20-2017,Single Family Residential,15257 Reflection Ct,Noblesville,IN,46060,220000,5,2.5,Noblesville,3600,8712,2004,115,61,21,Sold,,,http://www.redfin.com/IN/Noblesville/15257-Reflection-Ct-46060/home/60168398,MIBOR,21512932,N,Y,40.0103277,-85.9816735
PAST SALE,November-17-2017,Single Family Residential,15462 Dry Creek Rd,Noblesville,IN,46060,186000,3,2.5,Wayne,2200,5227,2008,118,85,25,Sold,,,http://www.redfin.com/IN/Noblesville/15462-Dry-Creek-Rd-46060/home/60134114,MIBOR,21515316,N,Y,40.0140585,-85.9450852
PAST SALE,December-21-2017,Single Family Residential,398 S 11th St,Noblesville,IN,46060,169900,2,1,Noblesville,1684,9147,1916,84,101,,Sold,,,http://www.redfin.com/IN/Noblesville/398-S-11th-St-46060/home/82367906,MIBOR,21521998,N,Y,40.0424541,-86.0108434
PAST SALE,December-18-2017,Single Family Residential,1212 Hannibal St,Noblesville,IN,46060,115000,3,1,Noblesville,2372,4421,1900,87,48,,Sold,,,http://www.redfin.com/IN/Noblesville/1212-Hannibal-St-46060/home/82367939,MIBOR,21523626,N,Y,40.0432478,-86.0096224
PAST SALE,December-20-2017,Single Family Residential,15411 Wandering Way,Noblesville,IN,46060,165000,3,2.5,Wayne,1872,6098,2003,85,88,25,Sold,,,http://www.redfin.com/IN/Noblesville/15411-Wandering-Way-46060/home/82369176,MIBOR,21511161,N,Y,40.0133304,-85.9563397
PAST SALE,December-7-2017,Single Family Residential,11501 War Admiral Ct,Noblesville,IN,46060,158000,4,2,Noblesville,1353,7840,2004,98,117,25,Sold,,,http://www.redfin.com/IN/Noblesville/11501-War-Admiral-Ct-46060/home/82369181,MIBOR,21512893,N,Y,40.0099854,-85.9625983
PAST SALE,December-21-2017,Single Family Residential,15306 Reflection Ct,Noblesville,IN,46060,195000,4,2.5,Noblesville,3424,10018,2005,84,57,,Sold,,,http://www.redfin.com/IN/Noblesville/15306-Reflection-Ct-46060/home/82369541,MIBOR,21501286,N,Y,40.0111709,-85.9811749
PAST SALE,December-20-2017,Single Family Residential,276 White Haven Ct,Noblesville,IN,46060,404000,5,3.5,Noblesville,4303,17859,1996,85,94,8,Sold,,,http://www.redfin.com/IN/Noblesville/276-White-Haven-Ct-46060/home/82369705,MIBOR,21511043,N,Y,40.0105899,-86.0107621
PAST SALE,November-17-2017,Single Family Residential,14420 Black Farm Dr,Noblesville,IN,46060,150000,3,2.5,Fall Creek,1964,3484,2004,118,76,23,Sold,,,http://www.redfin.com/IN/Noblesville/14420-Black-Farm-Dr-46060/home/82370526,MIBOR,21516330,N,Y,39.9986445,-85.9495154
PAST SALE,December-11-2017,Single Family Residential,15387 Gallow Ln,Noblesville,IN,46060,206000,4,2.5,Noblesville,3345,6969,2008,94,62,23,Sold,,,http://www.redfin.com/IN/Noblesville/15387-Gallow-Ln-46060/home/82383380,MIBOR,21519543,N,Y,40.0122866,-85.9880313
PAST SALE,November-27-2017,Single Family Residential,18863 Course View Rd,Noblesville,IN,46060,194900,3,2,Noblesville,1570,8712,1999,108,124,22,Sold,,,http://www.redfin.com/IN/Noblesville/18863-Course-View-Rd-46060/home/60020748,MIBOR,21515296,N,Y,40.06194,-86.0283996
PAST SALE,November-3-2017,Single Family Residential,11868 Buck Creek Cir,Noblesville,IN,46060,140750,3,2.5,Wayne,1568,4356,1999,132,90,19,Sold,,,http://www.redfin.com/IN/Noblesville/11868-Buck-Creek-Cir-46060/home/60072876,MIBOR,21522269,N,Y,40.0059282,-85.9555272
PAST SALE,December-20-2017,Single Family Residential,9565 E 192nd St,Noblesville,IN,46060,169900,3,2,Noblesville,1600,18295,1969,85,106,,Sold,,,http://www.redfin.com/IN/Noblesville/9565-E-192nd-St-46060/home/60071850,MIBOR,21519495,N,Y,40.0669334,-86.0002965
PAST SALE,December-21-2017,Single Family Residential,15582 Dry Creek Rd,Noblesville,IN,46060,166000,3,2.5,Wayne,1880,6098,2005,84,88,25,Sold,,,http://www.redfin.com/IN/Noblesville/15582-Dry-Creek-Rd-46060/home/60088998,MIBOR,21522308,N,Y,40.0156206,-85.9451251
PAST SALE,December-15-2017,Single Family Residential,15262 Atkinson Dr,Noblesville,IN,46060,213000,3,2.5,Noblesville,2227,6098,2011,90,96,33,Sold,,,http://www.redfin.com/IN/Noblesville/15262-Atkinson-Dr-46060/home/60108161,MIBOR,21516347,N,Y,40.0106326,-85.9777645
PAST SALE,December-15-2017,Single Family Residential,12164 Rockford Ct,Noblesville,IN,46060,210000,3,2,Wayne,1982,10018,2003,90,106,88,Sold,,,http://www.redfin.com/IN/Noblesville/12164-Rockford-Ct-46060/home/66865479,MIBOR,21520159,N,Y,40.0355475,-85.9509629
PAST SALE,December-21-2017,Single Family Residential,16005 Arbor Grove Blvd,Noblesville,IN,46060,224000,4,2.5,Noblesville,2318,8712,2003,84,97,29,Sold,,,http://www.redfin.com/IN/Noblesville/16005-Arbor-Grove-Blvd-46060/home/66878922,MIBOR,21486525,N,Y,40.0213916,-85.9857018
PAST SALE,December-15-2017,Single Family Residential,1060 N 10th St,Noblesville,IN,46060,350000,3,3.5,Noblesville,3646,26136,1950,90,96,,Sold,,,http://www.redfin.com/IN/Noblesville/1060-N-10th-St-46060/home/67071361,MIBOR,21510498,N,Y,40.0554771,-86.0107621
PAST SALE,October-13-2017,Single Family Residential,796 S 13th St,Noblesville,IN,46060,139900,3,1,Noblesville,1268,6534,1950,153,110,,Sold,,,http://www.redfin.com/IN/Noblesville/796-S-13th-St-46060/home/60098709,MIBOR,21512097,N,Y,40.0393299,-86.0087689
PAST SALE,December-8-2017,Single Family Residential,12145 Maize Dr,Noblesville,IN,46060,143000,3,2.5,Fall Creek,1580,3484,2005,97,91,23,Sold,,,http://www.redfin.com/IN/Noblesville/12145-Maize-Dr-46060/home/60041231,MIBOR,21519989,N,Y,39.9947592,-85.9503037
PAST SALE,November-6-2017,Single Family Residential,16080 Tenor Way,Noblesville,IN,46060,164900,3,2,Noblesville,1520,9583,2003,129,108,29,Sold,,,http://www.redfin.com/IN/Noblesville/16080-Tenor-Way-46060/home/82369055,MIBOR,21517682,N,Y,40.0227383,-85.9829897
PAST SALE,October-26-2017,Single Family Residential,15540 Follow Dr,Noblesville,IN,46060,148000,3,2.5,Wayne,1658,6098,2001,140,89,25,Sold,,,http://www.redfin.com/IN/Noblesville/15540-Follow-Dr-46060/home/82369153,MIBOR,21512900,N,Y,40.0146445,-85.9527082
PAST SALE,November-6-2017,Single Family Residential,15063 Deer Trail Dr,Noblesville,IN,46060,177000,4,2,Wayne,1690,6534,2005,129,105,25,Sold,,,http://www.redfin.com/IN/Noblesville/15063-Deer-Trail-Dr-46060/home/82369322,MIBOR,21511922,N,Y,40.0083442,-85.9453247
PAST SALE,October-31-2017,Single Family Residential,14341 Black Farm Dr,Noblesville,IN,46060,137900,3,2.5,Fall Creek,1377,5227,2005,135,100,23,Sold,,,http://www.redfin.com/IN/Noblesville/14341-Black-Farm-Dr-46060/home/67035251,MIBOR,21513268,N,Y,39.9975018,-85.9500343
PAST SALE,November-10-2017,Single Family Residential,11438 Lucky Dan Dr,Noblesville,IN,46060,167000,3,2.5,Noblesville,1812,6534,2007,125,92,,Sold,,,http://www.redfin.com/IN/Noblesville/11438-Lucky-Dan-Dr-46060/home/82369187,MIBOR,21510474,N,Y,40.0070197,-85.9638325
PAST SALE,November-2-2017,Single Family Residential,22320 Craig Ave #74,Noblesville,IN,46060,98000,2,1.5,White River,1100,42688,1996,133,89,,Sold,,,http://www.redfin.com/IN/Noblesville/22320-Craig-Ave-46060/unit-74/home/82351816,MIBOR,21486946,N,Y,40.118859,-85.934789
PAST SALE,November-20-2017,Single Family Residential,16997 Folly Brook Rd,Noblesville,IN,46060,349900,5,3,Wayne,5829,11325,2007,115,60,24,Sold,,,http://www.redfin.com/IN/Noblesville/16997-Folly-Brook-Rd-46060/home/59999893,MIBOR,21500502,N,Y,40.0354815,-85.9484578
PAST SALE,December-28-2017,Single Family Residential,8188 Long Walk Ct,Noblesville,IN,46060,300000,6,4.5,Noblesville,6028,11761,2006,77,50,23,Sold,,,http://www.redfin.com/IN/Noblesville/8188-Long-Walk-Ct-46060/home/60118055,MIBOR,21523427,N,Y,40.0592921,-86.0258084
PAST SALE,September-29-2017,Single Family Residential,11258 Funny Cide Dr,Noblesville,IN,46060,157500,3,2,Noblesville,1364,6098,2014,167,115,13,Sold,,,http://www.redfin.com/IN/Noblesville/11258-Funny-Cide-Dr-46060/home/109537399,MIBOR,21507295,N,Y,40.0055271,-85.9672766
PAST SALE,October-12-2017,Single Family Residential,15990 Foothill Dr,Noblesville,IN,46060,321995,3,2,Wayne,3236,,2017,154,100,42,Sold,,,http://www.redfin.com/IN/Noblesville/15990-Foothill-Dr-46060/home/113815546,MIBOR,21488474,N,Y,40.02108,-85.955958
PAST SALE,September-29-2017,Single Family Residential,16298 Larimar Dr,Noblesville,IN,46060,260990,4,2.5,Noblesville,2517,13939,2017,167,104,,Sold,,,http://www.redfin.com/IN/Noblesville/16298-Larimar-Dr-46060/home/143971261,MIBOR,21516918,N,Y,40.0542448,-85.9508923
PAST SALE,October-2-2017,Single Family Residential,12140 E 141st St,Noblesville,IN,46060,154000,3,2.5,Fall Creek,2176,5662,2007,164,71,25,Sold,,,http://www.redfin.com/IN/Noblesville/12140-E-141st-St-46060/home/82370849,MIBOR,21500322,N,Y,39.9944251,-85.9501939
PAST SALE,December-4-2017,Single Family Residential,12692 Castle Pine Dr,Noblesville,IN,46060,352635,4,3.5,Noblesville,3109,9147,2017,101,113,33,Sold,,,http://www.redfin.com/IN/Noblesville/12692-Castle-Pine-Dr-46060/home/144441021,MIBOR,21524978,N,Y,40.0542448,-85.9508923
PAST SALE,October-13-2017,Single Family Residential,815 S 5th St,Noblesville,IN,46060,128000,3,2,Noblesville,960,8215,1970,153,133,,Sold,,,http://www.redfin.com/IN/Noblesville/815-S-5th-St-46060/home/60476462,MIBOR,21510649,N,Y,40.0387825,-86.0175883
PAST SALE,September-28-2017,Single Family Residential,1207 E Cherry St,Noblesville,IN,46060,150000,2,1,Noblesville,1220,6098,1895,168,123,,Sold,,,http://www.redfin.com/IN/Noblesville/1207-Cherry-St-46060/home/60040962,MIBOR,21504067,N,Y,40.04358,-86.0097111
PAST SALE,September-29-2017,Single Family Residential,10173 Pepper Tree Ln,Noblesville,IN,46060,371867,4,2.5,Noblesville,4559,8712,2017,167,82,21,Sold,,,http://www.redfin.com/IN/Noblesville/10173-Pepper-Tree-Ln-46060/home/143994486,MIBOR,21516874,N,Y,40.0716836,-85.9882994
PAST SALE,September-29-2017,Single Family Residential,1152 Central Ave,Noblesville,IN,46060,117000,2,1.5,Noblesville,1767,7405,1920,167,66,,Sold,,,http://www.redfin.com/IN/Noblesville/1152-Central-Ave-46060/home/60149737,MIBOR,21495332,N,Y,40.053256,-86.01009
PAST SALE,October-11-2017,Single Family Residential,12092 Sugar Creek Rd,Noblesville,IN,46060,196500,3,2,Wayne,2174,4791,2006,155,90,88,Sold,,,http://www.redfin.com/IN/Noblesville/12092-Sugar-Creek-Rd-46060/home/82368068,MIBOR,21504857,N,Y,40.0341989,-85.9521708
PAST SALE,September-28-2017,Single Family Residential,15150 Fawn Hollow Ln,Noblesville,IN,46060,147500,3,4.5,Wayne,2154,10454,2001,168,68,18,Sold,,,http://www.redfin.com/IN/Noblesville/15150-Fawn-Hollow-Ln-46060/home/60084144,MIBOR,21504777,N,Y,40.0090884,-85.9563397
PAST SALE,October-12-2017,Single Family Residential,16767 Lowell Dr,Noblesville,IN,46060,128300,4,2.5,Noblesville,1757,4356,1998,154,73,12,Sold,,,http://www.redfin.com/IN/Noblesville/16767-Lowell-Dr-46060/home/60097242,MIBOR,21508034,N,Y,40.03301,-86.0015229
PAST SALE,October-12-2017,Single Family Residential,14182 Marilyn Rd,Noblesville,IN,46060,145000,3,2.5,Fall Creek,1620,6534,2008,154,90,25,Sold,,,http://www.redfin.com/IN/Noblesville/14182-Marilyn-Rd-46060/home/107100154,MIBOR,21509585,N,Y,39.9952447,-85.9516007
PAST SALE,October-4-2017,Single Family Residential,11463 Silver Moon Ct,Noblesville,IN,46060,365000,3,2.5,Noblesville,4216,20473,2004,162,87,51,Sold,,,http://www.redfin.com/IN/Noblesville/11463-Silver-Moon-Ct-46060/home/82367698,MIBOR,21504622,N,Y,40.0364922,-85.9631232
PAST SALE,October-2-2017,Single Family Residential,15454 Blair Ln,Noblesville,IN,46060,175000,3,2,Noblesville,1578,5662,2009,164,111,32,Sold,,,http://www.redfin.com/IN/Noblesville/15454-Blair-Ln-46060/home/60136566,MIBOR,21506613,N,Y,40.0134105,-85.9782432
PAST SALE,November-17-2017,Single Family Residential,12151 Maize Dr,Noblesville,IN,46060,151175,3,2.5,Fall Creek,2318,3484,2006,118,65,23,Sold,,,http://www.redfin.com/IN/Noblesville/12151-Maize-Dr-46060/home/82370933,MIBOR,21514517,N,Y,39.994755,-85.9501839
PAST SALE,September-21-2017,Single Family Residential,12088 Whisper Ridge Dr,Noblesville,IN,46060,402995,4,3.5,Wayne,4645,,2016,175,87,42,Sold,,,http://www.redfin.com/IN/Noblesville/12088-Black-Farm-Dr-46060/home/132238999,MIBOR,21444223,N,Y,40.021133,-85.956857
PAST SALE,September-29-2017,Single Family Residential,10912 Matherly Way,Noblesville,IN,46060,279995,2,2,Noblesville,1871,6098,2017,167,150,200,Sold,,,http://www.redfin.com/IN/Noblesville/10912-Matherly-Way-46060/home/142908630,MIBOR,21500605,N,Y,40.0165775,-85.9744759
PAST SALE,October-10-2017,Single Family Residential,15358 Border Dr,Noblesville,IN,46060,158000,3,2.5,Noblesville,1648,7840,2005,156,96,21,Sold,,,http://www.redfin.com/IN/Noblesville/15358-Border-Dr-46060/home/60136489,MIBOR,21478506,N,Y,40.0119897,-85.9855701
PAST SALE,January-5-2018,Single Family Residential,11327 Seabiscuit Dr,Noblesville,IN,46060,212000,4,2.5,Noblesville,2429,5662,2012,69,87,13,Sold,,,http://www.redfin.com/IN/Noblesville/11327-Seabiscuit-Dr-46060/home/60168295,MIBOR,21526290,N,Y,40.0073404,-85.9659695
PAST SALE,February-1-2018,Single Family Residential,12064 Whisper Ridge Dr,Noblesville,IN,46060,372450,4,2.5,Noblesville,2871,20037,2017,42,130,,Sold,,,http://www.redfin.com/IN/Noblesville/12064-Whisper-Ridge-Dr-46060/home/144277451,MIBOR,21523799,N,Y,40.0542448,-85.9508923
PAST SALE,January-19-2018,Single Family Residential,11483 Venetian Ct,Noblesville,IN,46060,152200,3,2,Noblesville,1264,7405,2004,55,120,25,Sold,,,http://www.redfin.com/IN/Noblesville/11483-Venetian-Ct-46060/home/82369163,MIBOR,21524099,N,Y,40.0108298,-85.9626843
PAST SALE,January-26-2018,Single Family Residential,11459 Pegasus Dr,Noblesville,IN,46060,145000,3,2,Noblesville,1148,5662,2005,48,126,25,Sold,,,http://www.redfin.com/IN/Noblesville/11459-Pegasus-Dr-46060/home/82369501,MIBOR,21528977,N,Y,40.0058893,-85.9634613
PAST SALE,December-22-2017,Single Family Residential,12235 Outside Trail Ct,Noblesville,IN,46060,198000,4,2.5,Wayne,2736,6098,2002,83,72,25,Sold,,,http://www.redfin.com/IN/Noblesville/12235-Outside-Trail-Ct-46060/home/67053248,MIBOR,21506833,N,Y,40.0144184,-85.9485177
PAST SALE,January-15-2018,Single Family Residential,15101 Tiki Trl,Noblesville,IN,46060,180000,3,2.5,Wayne,1924,5227,2008,59,94,25,Sold,,,http://www.redfin.com/IN/Noblesville/15101-Tiki-Trl-46060/home/60028937,MIBOR,21511359,N,Y,40.0086883,-85.9425705
PAST SALE,December-20-2017,Single Family Residential,15482 Border Dr,Noblesville,IN,46060,148000,3,2.5,Noblesville,1437,6098,2006,85,103,24,Sold,,,http://www.redfin.com/IN/Noblesville/15482-Border-Dr-46060/home/60116439,MIBOR,21525288,N,Y,40.0138686,-85.9857018
PAST SALE,January-26-2018,Single Family Residential,15210 Gallow Ln,Noblesville,IN,46060,247750,3,2.5,Noblesville,4012,5662,2011,48,62,21,Sold,,,http://www.redfin.com/IN/Noblesville/15210-Gallow-Ln-46060/home/60094536,MIBOR,21540286,N,Y,40.0111389,-85.9874865
PAST SALE,January-9-2018,Single Family Residential,10578 Bali Ct,Noblesville,IN,46060,249900,4,2.5,Noblesville,3270,4791,2016,65,76,32,Sold,,,http://www.redfin.com/IN/Noblesville/10578-Bali-Ct-46060/home/102283259,MIBOR,21500034,N,Y,40.0092859,-85.9798707
PAST SALE,February-23-2018,Single Family Residential,708 Countrywood Dr,Noblesville,IN,46060,290000,3,2.5,Wayne,2311,30491,1990,20,125,,Sold,,,http://www.redfin.com/IN/Noblesville/708-Countrywood-Dr-46060/home/82352253,MIBOR,21516986,N,Y,40.08978,-85.954389
PAST SALE,February-28-2018,Single Family Residential,15283 Follow Dr,Noblesville,IN,46060,160000,3,2,Wayne,1428,6969,1999,15,112,25,Sold,,,http://www.redfin.com/IN/Noblesville/15283-Follow-Dr-46060/home/60003551,MIBOR,21542253,N,Y,40.0108827,-85.9521295
PAST SALE,January-31-2018,Single Family Residential,12646 Wolf Run Rd,Noblesville,IN,46060,205000,4,2.5,Wayne,2442,6534,2008,43,84,25,Sold,,,http://www.redfin.com/IN/Noblesville/12646-Wolf-Run-Rd-46060/home/60036530,MIBOR,21526248,N,Y,40.0140611,-85.9405747
PAST SALE,February-9-2018,Single Family Residential,12615 Cold Stream Rd,Noblesville,IN,46060,224000,4,2.5,Wayne,3224,5662,2013,34,69,25,Sold,,,http://www.redfin.com/IN/Noblesville/12615-Cold-Stream-Rd-46060/home/60146448,MIBOR,21501607,N,Y,40.0112409,-85.9417522
PAST SALE,March-2-2018,Single Family Residential,11050 Westoves Dr,Noblesville,IN,46060,283500,4,2.5,Noblesville,3752,8276,2011,13,76,36,Sold,,,http://www.redfin.com/IN/Noblesville/11050-Westoves-Dr-46060/home/60158477,MIBOR,21528384,N,Y,40.0186743,-85.9713619
PAST SALE,December-12-2017,Single Family Residential,15227 Radiance Dr,Noblesville,IN,46060,144500,3,2,Noblesville,1266,6534,2005,93,114,23,Sold,,,http://www.redfin.com/IN/Noblesville/15227-Radiance-Dr-46060/home/82369902,MIBOR,21520485,N,Y,40.0095894,-85.9823116
PAST SALE,December-4-2017,Single Family Residential,12657 Brady Ln,Noblesville,IN,46060,176000,3,2.5,Wayne,2084,5227,2008,101,84,25,Sold,,,http://www.redfin.com/IN/Noblesville/12657-Brady-Ln-46060/home/82383117,MIBOR,21502160,N,Y,40.0094669,-85.9408142
PAST SALE,October-20-2017,Single Family Residential,11014 Westoves Dr,Noblesville,IN,46060,250000,3,2.5,Noblesville,2499,7405,2006,146,100,36,Sold,,,http://www.redfin.com/IN/Noblesville/11014-Westoves-Dr-46060/home/60024109,MIBOR,21508025,N,Y,40.0186772,-85.9720202
PAST SALE,December-7-2017,Single Family Residential,15182 Smarty Jones Dr,Noblesville,IN,46060,200000,4,2.5,Noblesville,2158,7405,2011,98,93,25,Sold,,,http://www.redfin.com/IN/Noblesville/15182-Smarty-Jones-Dr-46060/home/60111881,MIBOR,21522431,N,Y,40.009685,-85.9683988
PAST SALE,November-13-2017,Single Family Residential,11841 Wapiti Way,Noblesville,IN,46060,131000,3,2,Wayne,1224,11325,2001,122,107,16,Sold,,,http://www.redfin.com/IN/Noblesville/11841-Wapiti-Way-46060/home/60120516,MIBOR,21510460,N,Y,40.0065642,-85.9562599
PAST SALE,December-8-2017,Single Family Residential,15466 Dusty Trl Trl,Noblesville,IN,46060,150000,3,2,Wayne,1248,6534,2005,97,120,25,Sold,,,http://www.redfin.com/IN/Noblesville/15466-Dusty-Trl-46060/home/60159870,MIBOR,21523480,N,Y,40.0138961,-85.9461628
PAST SALE,October-2-2017,Single Family Residential,16001 Tenor Way,Noblesville,IN,46060,262000,4,2.5,Noblesville,3505,8712,2004,164,75,29,Sold,,,http://www.redfin.com/IN/Noblesville/16001-Tenor-Way-46060/home/67019137,MIBOR,21495426,N,Y,40.0210095,-85.9815937
PAST SALE,March-6-2018,Single Family Residential,15857 Millwood Dr,Noblesville,IN,46060,337000,4,2.5,Noblesville,4105,13503,2015,9,82,36,Sold,,,http://www.redfin.com/IN/Noblesville/15857-Millwood-Dr-46060/home/79020513,MIBOR,21510911,N,Y,40.0196151,-85.9684895
PAST SALE,March-1-2018,Single Family Residential,15941 Concert Way,Noblesville,IN,46060,219900,4,2.5,Noblesville,1906,10454,2001,14,115,29,Sold,,,http://www.redfin.com/IN/Noblesville/15941-Concert-Way-46060/home/82368808,MIBOR,21539968,N,Y,40.0205098,-85.9873968
PAST SALE,December-15-2017,Single Family Residential,10966 Matherly Way,Noblesville,IN,46060,309050,2,2,Noblesville,2174,7405,2017,90,142,200,Sold,,,http://www.redfin.com/IN/Noblesville/10966-Matherly-Way-46060/home/144349267,MIBOR,21525455,N,Y,40.0167965,-85.9718791
PAST SALE,February-2-2018,Single Family Residential,15542 Farmland Ct,Noblesville,IN,46060,168175,3,2.5,Wayne,1850,6534,2009,41,91,30,Sold,,,http://www.redfin.com/IN/Noblesville/15542-Farmland-Ct-46060/home/82383567,MIBOR,21541041,N,Y,40.0155513,-85.9405654
PAST SALE,January-24-2018,Single Family Residential,1576 Rolling Ridge Dr,Noblesville,IN,46060,138400,3,1,Noblesville,1276,8276,1960,50,108,,Sold,,,http://www.redfin.com/IN/Noblesville/1576-Rolling-Ridge-Dr-46060/home/60040820,MIBOR,21523248,N,Y,40.0315297,-86.0020423
PAST SALE,January-26-2018,Single Family Residential,123 Waterman Dr E,Noblesville,IN,46060,125000,3,1,Noblesville,1064,14374,1962,48,117,,Sold,,,http://www.redfin.com/IN/Noblesville/123-Waterman-Dr-46060/home/60061982,MIBOR,21526433,N,Y,40.0157327,-85.9886929
PAST SALE,December-8-2017,Single Family Residential,18725 Long Walk Ln,Noblesville,IN,46060,285000,4,2.5,Noblesville,3360,14374,2002,97,85,22,Sold,,,http://www.redfin.com/IN/Noblesville/18725-Long-Walk-Ln-46060/home/66965414,MIBOR,21509449,N,Y,40.0599002,-86.0260475
PAST SALE,November-17-2017,Single Family Residential,12151 Weathervane Dr,Noblesville,IN,46060,120000,2,2,Fall Creek,1092,5662,2003,118,110,19,Sold,,,http://www.redfin.com/IN/Noblesville/12151-Weathervane-Dr-46060/home/60102071,MIBOR,21518359,N,Y,39.9996236,-85.9500461
PAST SALE,December-21-2017,Single Family Residential,15966 Brixton Dr,Noblesville,IN,46060,205000,2,2,Noblesville,1576,8276,2011,84,130,75,Sold,,,http://www.redfin.com/IN/Noblesville/15966-Brixton-Dr-46060/home/107128471,MIBOR,21520885,N,Y,40.021066,-85.974661
PAST SALE,November-27-2017,Single Family Residential,16373 E 186th St,Noblesville,IN,46060,260000,3,3,Wayne,2794,61419,1869,108,93,,Sold,,,http://www.redfin.com/IN/Noblesville/16373-E-186th-St-46060/home/82354275,MIBOR,21517065,N,Y,40.0595601,-85.8705873
PAST SALE,November-30-2017,Single Family Residential,498 S 9th St,Noblesville,IN,46060,110000,4,1,Noblesville,2588,8712,1910,105,43,,Sold,,,http://www.redfin.com/IN/Noblesville/498-S-9th-St-46060/home/66865673,MIBOR,21480333,N,Y,40.041784,-86.0132659
PAST SALE,November-15-2017,Single Family Residential,9425 Lindsey Ct,Noblesville,IN,46060,240000,4,2.5,Noblesville,2584,13068,1999,120,93,8,Sold,,,http://www.redfin.com/IN/Noblesville/9425-Lindsey-Ct-46060/home/82353192,MIBOR,21518022,N,Y,40.0609336,-86.0037257
PAST SALE,November-21-2017,Single Family Residential,1236 Clinton St,Noblesville,IN,46060,128500,2,1,Noblesville,1080,7405,1910,114,119,,Sold,,,http://www.redfin.com/IN/Noblesville/1236-Clinton-St-46060/home/82353914,MIBOR,21514383,N,Y,40.0476551,-86.0095064
PAST SALE,November-14-2017,Single Family Residential,167 Overland Ct,Noblesville,IN,46060,170000,2,2,Noblesville,1495,16552,1989,121,114,5,Sold,,,http://www.redfin.com/IN/Noblesville/167-Overland-Ct-46060/home/82368349,MIBOR,21496671,N,Y,40.03067,-86.006486
PAST SALE,October-31-2017,Single Family Residential,875 S 9th St,Noblesville,IN,46060,245000,3,2,Noblesville,2524,7021,1912,135,97,,Sold,,,http://www.redfin.com/IN/Noblesville/875-S-9th-St-46060/home/82368162,MIBOR,21514964,N,Y,40.0382994,-86.013685
PAST SALE,November-30-2017,Single Family Residential,16303 Herriman Blvd,Noblesville,IN,46060,270000,4,2.5,Noblesville,3320,13503,1988,105,81,12,Sold,,,http://www.redfin.com/IN/Noblesville/16303-Herriman-Blvd-46060/home/82368562,MIBOR,21517963,N,Y,40.024553,-86.004862
PAST SALE,November-9-2017,Single Family Residential,19485 Colvic Dr,Noblesville,IN,46060,272000,4,2.5,Noblesville,4448,,2008,126,61,38,Sold,,,http://www.redfin.com/IN/Noblesville/19485-Colvic-Dr-46060/home/82383157,MIBOR,21516608,N,Y,40.0713515,-85.9679309
PAST SALE,October-27-2017,Single Family Residential,11073 Ptarmigan Ct,Noblesville,IN,46060,512000,5,4.5,Noblesville,5009,24829,2003,139,102,55,Sold,,,http://www.redfin.com/IN/Noblesville/11073-Ptarmigan-Ct-46060/home/59983456,MIBOR,21492262,N,Y,40.0234208,-85.97208
PAST SALE,October-30-2017,Single Family Residential,1097 S 5th St,Noblesville,IN,46060,130000,3,2,Noblesville,1916,9583,1900,136,68,,Sold,,,http://www.redfin.com/IN/Noblesville/1097-S-5th-St-46060/home/59984309,MIBOR,21510064,N,Y,40.0362086,-86.0174785
PAST SALE,November-10-2017,Single Family Residential,9206 Northgate Ct,Noblesville,IN,46060,175000,4,3,Noblesville,2640,6534,1993,125,66,,Sold,,,http://www.redfin.com/IN/Noblesville/9206-Northgate-Ct-46060/home/59994270,MIBOR,21517742,N,Y,40.059168,-86.0070347
PAST SALE,November-20-2017,Single Family Residential,1207 Clinton St,Noblesville,IN,46060,173000,3,1.5,Noblesville,1525,4356,1900,115,113,,Sold,,,http://www.redfin.com/IN/Noblesville/1207-Clinton-St-46060/home/60034879,MIBOR,21519244,N,Y,40.0473376,-86.0096488
PAST SALE,November-30-2017,Single Family Residential,564 Sheridan Rd,Noblesville,IN,46060,127000,3,1.5,Noblesville,1524,18295,1957,105,83,,Sold,,,http://www.redfin.com/IN/Noblesville/564-Sheridan-Rd-46060/home/60054259,MIBOR,21524823,N,Y,40.0523336,-86.0293153
PAST SALE,October-19-2017,Single Family Residential,1118 Cherry St,Noblesville,IN,46060,211900,4,3,Noblesville,2884,,1890,147,73,,Sold,,,http://www.redfin.com/IN/Noblesville/1118-Cherry-St-46060/home/60070472,MIBOR,21500150,N,Y,40.0439499,-86.0107663
PAST SALE,November-30-2017,Single Family Residential,9549 Fairview Pkwy,Noblesville,IN,46060,234000,4,2.5,Noblesville,3176,10454,1995,105,74,8,Sold,,,http://www.redfin.com/IN/Noblesville/9549-Fairview-Pkwy-46060/home/60140053,MIBOR,21520304,N,Y,40.0609728,-86.0002171
PAST SALE,November-7-2017,Single Family Residential,132 Fisher Dr,Noblesville,IN,46060,166000,3,2,Noblesville,1802,21780,1995,128,92,,Sold,,,http://www.redfin.com/IN/Noblesville/132-Fisher-Dr-46060/home/66962385,MIBOR,21518387,N,Y,40.0584288,-85.970584
PAST SALE,November-3-2017,Single Family Residential,10845 Upland Way,Noblesville,IN,46060,160000,4,2.5,Noblesville,2428,9147,2001,132,66,27,Sold,,,http://www.redfin.com/IN/Noblesville/10845-Upland-Way-46060/home/66963481,MIBOR,21518143,N,Y,40.0700442,-85.97577
PAST SALE,September-27-2017,Single Family Residential,375 Park St,Noblesville,IN,46060,65000,3,2,Noblesville,1236,10890,1968,169,53,,Sold,,,http://www.redfin.com/IN/Noblesville/375-Park-St-46060/home/66969073,MIBOR,21500533,N,Y,40.0534156,-86.0235368
PAST SALE,September-28-2017,Single Family Residential,1271 Lincoln Dr,Noblesville,IN,46060,107900,2,1,Noblesville,1185,7405,1951,168,91,,Sold,,,http://www.redfin.com/IN/Noblesville/1271-Lincoln-Dr-46060/home/67034291,MIBOR,21506292,N,Y,40.0564311,-86.0077213
PAST SALE,November-16-2017,Single Family Residential,1265 Washington St,Noblesville,IN,46060,124900,2,1,Noblesville,1560,6699,1940,119,80,,Sold,,,http://www.redfin.com/IN/Noblesville/1265-Washington-St-46060/home/67087074,MIBOR,21501623,N,Y,40.0380519,-86.0093969
PAST SALE,November-13-2017,Single Family Residential,12171 Everwood Cir,Noblesville,IN,46060,225000,3,2.5,Wayne,2199,8712,2007,122,102,54,Sold,,,http://www.redfin.com/IN/Noblesville/12171-Everwood-Cir-46060/home/67102613,MIBOR,21517284,N,Y,40.0313974,-85.9500742
PAST SALE,November-6-2017,Single Family Residential,11075 Godfrey Dr,Noblesville,IN,46060,285000,4,5,Noblesville,4606,9583,2006,129,62,38,Sold,,,http://www.redfin.com/IN/Noblesville/11075-Godfrey-Dr-46060/home/107066438,MIBOR,21510677,N,Y,40.0690538,-85.9714218
PAST SALE,November-17-2017,Single Family Residential,19560 Salt Creek Ct,Noblesville,IN,46060,296500,3,2,Noblesville,2828,13503,2016,118,105,21,Sold,,,http://www.redfin.com/IN/Noblesville/19560-Salt-Creek-Ct-46060/home/111437514,MIBOR,21514936,N,Y,40.0713087,-85.9898289
PAST SALE,January-5-2018,Single Family Residential,12164 E 141st St,Noblesville,IN,46060,153000,3,2.5,Fall Creek,2340,6534,2007,69,65,21,Sold,,,http://www.redfin.com/IN/Noblesville/12164-E-141st-St-46060/home/60020606,MIBOR,21518611,N,Y,39.9944457,-85.9496352
PAST SALE,December-28-2017,Single Family Residential,14242 Marilyn Rd,Noblesville,IN,46060,144000,3,2,Fall Creek,1940,5662,2006,77,74,23,Sold,,,http://www.redfin.com/IN/Noblesville/14242-Marilyn-Rd-46060/home/82370957,MIBOR,21523756,N,Y,39.996035,-85.9515908
PAST SALE,January-5-2018,Single Family Residential,1365 Mulberry St,Noblesville,IN,46060,70000,3,1,Noblesville,1000,6838,1998,69,70,,Sold,,,http://www.redfin.com/IN/Noblesville/1365-Mulberry-St-46060/home/82368202,MIBOR,21528625,N,Y,40.0411659,-86.007903
PAST SALE,January-12-2018,Single Family Residential,12620 E 191st St,Noblesville,IN,46060,235000,4,3,Wayne,2147,147232,1996,62,109,,Sold,,,http://www.redfin.com/IN/Noblesville/12620-E-191st-St-46060/home/66940381,MIBOR,21526262,N,Y,40.066403,-85.941972
PAST SALE,January-26-2018,Single Family Residential,10308 Cerulean Dr,Noblesville,IN,46060,155000,3,2,Noblesville,1419,8712,1995,48,109,30,Sold,,,http://www.redfin.com/IN/Noblesville/10308-Cerulean-Dr-46060/home/60140655,MIBOR,21527815,N,Y,40.0707795,-85.9860408
PAST SALE,January-25-2018,Single Family Residential,1824 Harrison St,Noblesville,IN,46060,126500,3,1,Noblesville,1056,,1955,49,120,,Sold,,,http://www.redfin.com/IN/Noblesville/1824-Harrison-St-46060/home/60091897,MIBOR,21526838,N,Y,40.0494951,-86.0013734
PAST SALE,January-12-2018,Single Family Residential,1178 Monument St,Noblesville,IN,46060,184900,3,2,Noblesville,3060,5227,1900,62,60,,Sold,,,http://www.redfin.com/IN/Noblesville/1178-Monument-St-46060/home/82353777,MIBOR,21525047,N,Y,40.0512822,-86.0097256
PAST SALE,January-12-2018,Single Family Residential,627 Plum St,Noblesville,IN,46060,117900,3,1.5,Noblesville,2832,6969,1900,62,42,,Sold,,,http://www.redfin.com/IN/Noblesville/627-Plum-St-46060/home/60058577,MIBOR,21526142,N,Y,40.0368232,-86.015654
PAST SALE,January-5-2018,Single Family Residential,11876 Wapiti Way,Noblesville,IN,46060,139000,3,2,Wayne,1309,4791,2000,69,106,21,Sold,,,http://www.redfin.com/IN/Noblesville/11876-Wapiti-Way-46060/home/60132247,MIBOR,21518607,N,Y,40.0065709,-85.9553022
PAST SALE,January-23-2018,Single Family Residential,15280 Follow Dr,Noblesville,IN,46060,174900,3,2.5,Wayne,1680,6534,2001,51,104,25,Sold,,,http://www.redfin.com/IN/Noblesville/15280-Follow-Dr-46060/home/82369399,MIBOR,21528856,N,Y,40.0108039,-85.9515908
PAST SALE,January-8-2018,Single Family Residential,15416 Harmon Pl,Noblesville,IN,46060,225000,4,2.5,Noblesville,3327,5662,2008,66,68,21,Sold,,,http://www.redfin.com/IN/Noblesville/15416-Harmon-Pl-46060/home/82383365,MIBOR,21525513,N,Y,40.012672,-85.9892911
PAST SALE,January-4-2018,Single Family Residential,15518 Farmland Ct,Noblesville,IN,46060,177500,3,2.5,Wayne,1828,6098,2009,70,97,25,Sold,,,http://www.redfin.com/IN/Noblesville/15518-Farmland-Ct-46060/home/60082115,MIBOR,21525334,N,Y,40.0151429,-85.9406146
PAST SALE,December-28-2017,Single Family Residential,19661 Wagon Trail Dr,Noblesville,IN,46060,280000,3,2,Noblesville,2787,9147,2015,77,100,21,Sold,,,http://www.redfin.com/IN/Noblesville/19661-Wagon-Trail-Dr-46060/home/103951118,MIBOR,21522926,N,Y,40.0721793,-85.9898092
PAST SALE,January-24-2018,Single Family Residential,12078 Northface Dr,Noblesville,IN,46060,399995,5,3.5,Wayne,4202,,2017,50,95,42,Sold,,,http://www.redfin.com/IN/Noblesville/12078-Northface-Dr-46060/home/143288345,MIBOR,21506091,N,Y,40.021133,-85.956857
PAST SALE,February-22-2018,Single Family Residential,19541 Amber Way,Noblesville,IN,46060,185100,4,2,Noblesville,1812,8712,2001,21,102,30,Sold,,,http://www.redfin.com/IN/Noblesville/19541-Amber-Way-46060/home/60060630,MIBOR,21541554,N,Y,40.0737185,-85.9802774
PAST SALE,March-2-2018,Single Family Residential,1421 Lincoln Dr,Noblesville,IN,46060,61500,3,2,Noblesville,864,7440,1950,13,71,,Sold,,,http://www.redfin.com/IN/Noblesville/1421-Lincoln-Dr-46060/home/82354046,MIBOR,21474565,N,Y,40.0564087,-86.0070347
PAST SALE,December-28-2017,Single Family Residential,11325 Seattle Slew Dr,Noblesville,IN,46060,175000,3,2,Noblesville,1630,7405,2007,77,107,25,Sold,,,http://www.redfin.com/IN/Noblesville/11325-Seattle-Slew-Dr-46060/home/82383383,MIBOR,21524203,N,Y,40.0088957,-85.9669136
PAST SALE,March-5-2018,Single Family Residential,19463 Golden Meadow Way,Noblesville,IN,46060,151500,3,2,Noblesville,1208,7405,2001,10,125,30,Sold,,,http://www.redfin.com/IN/Noblesville/19463-Golden-Meadow-Way-46060/home/82352657,MIBOR,21541930,N,Y,40.0748997,-85.9774454
PAST SALE,December-27-2017,Single Family Residential,19280 Potters Bridge Rd,Noblesville,IN,46060,284000,4,2.5,Noblesville,3744,10454,2003,78,76,42,Sold,,,http://www.redfin.com/IN/Noblesville/19280-Potters-Bridge-Rd-46060/home/66992590,MIBOR,21526503,N,Y,40.068065,-86.0023901
PAST SALE,December-20-2017,Single Family Residential,12135 Cedar Crest Ct,Noblesville,IN,46060,253000,5,3,Wayne,3051,9147,2006,85,83,50,Sold,,,http://www.redfin.com/IN/Noblesville/12135-Cedarcrest-Ct-46060/home/103933916,MIBOR,21516890,N,Y,40.0323565,-85.9511917
PAST SALE,March-6-2018,Single Family Residential,15680 E State Road 32 E,Noblesville,IN,46060,97000,3,2,Wayne,1152,87120,1971,9,84,,Sold,,,http://www.redfin.com/IN/Noblesville/15680-Indiana-32-46060/home/82354304,MIBOR,21528439,N,Y,40.060851,-85.887664
PAST SALE,March-1-2018,Single Family Residential,10330 Cerulean Dr,Noblesville,IN,46060,180900,3,2.5,Noblesville,1713,8712,1997,14,106,20,Sold,,,http://www.redfin.com/IN/Noblesville/10330-Cerulean-Dr-46060/home/82353037,MIBOR,21529623,N,Y,40.071596,-85.985181
PAST SALE,March-5-2018,Single Family Residential,12690 Antigua Dr,Noblesville,IN,46060,184400,3,2.5,Wayne,1808,5227,2013,10,102,25,Sold,,,http://www.redfin.com/IN/Noblesville/12690-Antigua-Dr-46060/home/107131971,MIBOR,21527006,N,Y,40.011148,-85.940277
PAST SALE,March-9-2018,Single Family Residential,1384 Hannibal St,Noblesville,IN,46060,177000,2,2,Noblesville,990,3650,1900,6,179,,Sold,,,http://www.redfin.com/IN/Noblesville/1384-Hannibal-St-46060/home/82367927,MIBOR,21525129,N,Y,40.0432261,-86.007494
PAST SALE,March-13-2018,Single Family Residential,13680 State Road 32 E,Noblesville,IN,46060,165000,3,2,Wayne,1400,43560,1960,2,118,,Sold,,,http://www.redfin.com/IN/Noblesville/13680-Indiana-32-46060/home/66971551,MIBOR,21549219,N,Y,40.0537733,-85.9231278
PAST SALE,November-3-2017,Single Family Residential,10115 Clay Bridge Dr,Noblesville,IN,46060,185000,3,2.5,Noblesville,2660,5662,2011,132,70,21,Sold,,,http://www.redfin.com/IN/Noblesville/10115-Clay-Bridge-Dr-46060/home/60106572,MIBOR,21510727,N,Y,40.0099755,-85.9888524
PAST SALE,September-29-2017,Single Family Residential,11927 Wapiti Way,Noblesville,IN,46060,113250,3,2,Wayne,1508,4356,1999,167,75,18,Sold,,,http://www.redfin.com/IN/Noblesville/11927-Wapiti-Way-46060/home/60025993,MIBOR,21504794,N,Y,40.0062119,-85.9544741
PAST SALE,September-18-2017,Single Family Residential,510 Southampton Ct,Noblesville,IN,46060,214950,3,2,Noblesville,1832,19602,1979,178,117,42,Sold,,,http://www.redfin.com/IN/Noblesville/510-Southampton-Ct-46060/home/66922078,MIBOR,21500627,N,Y,40.0150069,-86.0128898
PAST SALE,November-22-2017,Single Family Residential,12486 Wolf Run Rd,Noblesville,IN,46060,154000,3,2.5,Wayne,2112,6534,2008,113,73,25,Sold,,,http://www.redfin.com/IN/Noblesville/12486-Wolf-Run-Rd-46060/home/82369127,MIBOR,21519841,N,Y,40.0142098,-85.9436882
PAST SALE,October-23-2017,Single Family Residential,15461 Landsbrook Run E,Noblesville,IN,46060,189900,4,2.5,Noblesville,3000,6098,2007,143,63,,Sold,,,http://www.redfin.com/IN/Noblesville/15461-Landsbrook-Run-E-46060/home/82369799,MIBOR,21509677,N,Y,40.0136879,-85.977585
PAST SALE,November-24-2017,Single Family Residential,15448 Blair Ln,Noblesville,IN,46060,174000,3,2,Noblesville,1565,5662,2009,111,111,60,Sold,,,http://www.redfin.com/IN/Noblesville/15448-Blair-Ln-46060/home/82383656,MIBOR,21517960,N,Y,40.0132946,-85.9783628
PAST SALE,November-17-2017,Single Family Residential,15175 Destination Dr,Noblesville,IN,46060,189000,3,2.5,Noblesville,2152,5662,2012,118,88,,Sold,,,http://www.redfin.com/IN/Noblesville/15175-Destination-Dr-46060/home/82406033,MIBOR,21518978,N,Y,40.0106186,-85.9889322
PAST SALE,November-28-2017,Single Family Residential,11398 Lucky Dan Dr,Noblesville,IN,46060,148000,3,2,Noblesville,1276,5662,2006,107,116,25,Sold,,,http://www.redfin.com/IN/Noblesville/11398-Lucky-Dan-Dr-46060/home/60064471,MIBOR,21517649,N,Y,40.0070545,-85.9645368
PAST SALE,October-30-2017,Single Family Residential,12244 Cold Stream Rd,Noblesville,IN,46060,275000,4,4.5,Wayne,5879,6969,2006,136,47,25,Sold,,,http://www.redfin.com/IN/Noblesville/12244-Cold-Stream-Rd-46060/home/60079987,MIBOR,21501996,N,Y,40.0097874,-85.948837
PAST SALE,October-30-2017,Single Family Residential,15519 Old Pond Cir,Noblesville,IN,46060,169000,3,2,Wayne,1499,6534,2009,136,113,27,Sold,,,http://www.redfin.com/IN/Noblesville/15519-Old-Pond-Cir-46060/home/60080699,MIBOR,21511051,N,Y,40.0149256,-85.9389783
PAST SALE,November-20-2017,Single Family Residential,10773 Brighton Knoll Pkwy S,Noblesville,IN,46060,190000,4,2.5,Noblesville,2484,6534,2007,115,76,32,Sold,,,http://www.redfin.com/IN/Noblesville/10773-Brighton-Knoll-Pkwy-S-46060/home/60109741,MIBOR,21502770,N,Y,40.0131579,-85.976149
PAST SALE,October-15-2017,Single Family Residential,15548 Sandlands Cir,Noblesville,IN,46060,189000,3,2.5,Wayne,1788,10454,2007,151,106,25,Sold,,,http://www.redfin.com/IN/Noblesville/15548-Sandlands-Cir-46060/home/60137007,MIBOR,21511376,N,Y,40.0152144,-85.9438079
PAST SALE,November-29-2017,Single Family Residential,15219 Clear St,Noblesville,IN,46060,200000,3,2.5,Noblesville,3518,6098,2005,106,57,21,Sold,,,http://www.redfin.com/IN/Noblesville/15219-Clear-St-46060/home/60147566,MIBOR,21520365,N,Y,40.0097963,-85.9848244
PAST SALE,November-30-2017,Single Family Residential,12658 Braddock Ln,Noblesville,IN,46060,180000,3,2.5,Wayne,1962,5227,2008,105,92,25,Sold,,,http://www.redfin.com/IN/Noblesville/12658-Braddock-Ln-46060/home/60148408,MIBOR,21507824,N,Y,40.0091265,-85.9407942
PAST SALE,November-27-2017,Single Family Residential,15395 Ten Point Dr,Noblesville,IN,46060,179000,3,2.5,Wayne,1992,4791,2002,108,90,25,Sold,,,http://www.redfin.com/IN/Noblesville/15395-Ten-Point-Dr-46060/home/60155049,MIBOR,21520582,N,Y,40.0124953,-85.9553421
PAST SALE,November-20-2017,Single Family Residential,12629 Wolf Run Rd,Noblesville,IN,46060,186000,4,2.5,Fall Creek,2392,8712,2008,115,78,25,Sold,,,http://www.redfin.com/IN/Noblesville/12629-Wolf-Run-Rd-46060/home/66863116,MIBOR,21518051,N,Y,40.0139191,-85.9410936
PAST SALE,November-22-2017,Single Family Residential,12410 Deerview Dr,Noblesville,IN,46060,180000,5,3.5,Wayne,2444,,2005,113,74,25,Sold,,,http://www.redfin.com/IN/Noblesville/12410-Deerview-Dr-46060/home/67026770,MIBOR,21510406,N,Y,40.0062259,-85.9454045
PAST SALE,November-20-2017,Single Family Residential,15794 Chapel Park Dr E,Noblesville,IN,46060,328500,4,3.5,Noblesville,3654,8712,2007,115,90,36,Sold,,,http://www.redfin.com/IN/Noblesville/15794-Chapel-Park-Dr-E-46060/home/107141043,MIBOR,21488725,N,Y,40.0185748,-85.969068
PAST SALE,November-28-2017,Single Family Residential,10982 Matherly Way,Noblesville,IN,46060,268260,2,2,Noblesville,1597,5662,2017,107,168,200,Sold,,,http://www.redfin.com/IN/Noblesville/10982-Matherly-Way-46060/home/113988572,MIBOR,21496756,N,Y,40.016554,-85.9714758
PAST SALE,February-16-2018,Single Family Residential,11122 Woodpark Dr,Noblesville,IN,46060,338000,4,2.5,Noblesville,4378,11325,2013,27,77,36,Sold,,,http://www.redfin.com/IN/Noblesville/11122-Wood-Park-Dr-46060/home/60132251,MIBOR,21525870,N,Y,40.0217942,-85.9700175
PAST SALE,January-2-2018,Single Family Residential,15153 Harmon Pl,Noblesville,IN,46060,246000,3,3.5,Noblesville,4012,8276,2011,72,61,,Sold,,,http://www.redfin.com/IN/Noblesville/15153-Harmon-Pl-46060/home/60109102,MIBOR,21524963,N,Y,40.0102901,-85.9898494
PAST SALE,March-2-2018,Single Family Residential,15201 Dry Creek Rd,Noblesville,IN,46060,235000,4,2,Wayne,3612,8712,2010,13,65,27,Sold,,,http://www.redfin.com/IN/Noblesville/15201-Dry-Creek-Rd-46060/home/60088628,MIBOR,21542538,N,Y,40.0102881,-85.9436882
PAST SALE,March-2-2018,Single Family Residential,8930 Gardenia Ct,Noblesville,IN,46060,299000,4,2.5,Noblesville,3697,12632,2003,13,81,32,Sold,,,http://www.redfin.com/IN/Noblesville/8930-Gardenia-Ct-46060/home/66981125,MIBOR,21545143,N,Y,40.0060696,-86.012079
PAST SALE,March-2-2018,Single Family Residential,16669 Aulton Dr,Noblesville,IN,46060,127500,2,2,Noblesville,1062,3920,1998,13,120,12,Sold,,,http://www.redfin.com/IN/Noblesville/16669-Aulton-Dr-46060/home/82367965,MIBOR,21544491,N,Y,40.03121,-86.0006358
PAST SALE,March-2-2018,Single Family Residential,14863 War Emblem Dr,Noblesville,IN,46060,172000,3,2.5,Noblesville,1701,5662,2006,13,101,25,Sold,,,http://www.redfin.com/IN/Noblesville/14863-War-Emblem-Dr-46060/home/60074003,MIBOR,21540722,N,Y,40.0050963,-85.9635275
PAST SALE,March-2-2018,Single Family Residential,12645 Braddock Ln,Noblesville,IN,46060,213000,5,3,Wayne,2160,5227,2008,13,99,27,Sold,,,http://www.redfin.com/IN/Noblesville/12645-Braddock-Ln-46060/home/60027595,MIBOR,21541931,N,Y,40.0087318,-85.9409539
PAST SALE,December-27-2017,Single Family Residential,15219 Roedean Dr,Noblesville,IN,46060,255000,4,2.5,Noblesville,3243,6098,2014,78,79,31,Sold,,,http://www.redfin.com/IN/Noblesville/15219-Roedean-Dr-46060/home/61444173,MIBOR,21509703,N,Y,40.0100627,-85.9774853
PAST SALE,March-5-2018,Single Family Residential,15337 Wandering Way,Noblesville,IN,46060,141000,3,2,Wayne,1240,8712,2002,10,114,25,Sold,,,http://www.redfin.com/IN/Noblesville/15337-Wandering-Way-46060/home/60111676,MIBOR,21540080,N,Y,40.0117697,-85.9563397
PAST SALE,February-2-2018,Single Family Residential,15121 Proud Truth Dr,Noblesville,IN,46060,180000,3,2.5,Noblesville,1942,7405,2010,41,93,25,Sold,,,http://www.redfin.com/IN/Noblesville/15121-Proud-Truth-Dr-46060/home/107147699,MIBOR,21529079,N,Y,40.0088503,-85.967911
PAST SALE,January-26-2018,Single Family Residential,11092 Dark Star Ln,Noblesville,IN,46060,207500,4,2.5,Noblesville,2400,6969,2015,48,86,25,Sold,,,http://www.redfin.com/IN/Noblesville/11092-Dark-Star-Ln-46060/home/108284897,MIBOR,21523944,N,Y,40.0112613,-85.9703013
PAST SALE,March-1-2018,Single Family Residential,15905 Millwood Dr,Noblesville,IN,46060,337000,4,2.5,Noblesville,4912,11325,2014,14,69,36,Sold,,,http://www.redfin.com/IN/Noblesville/15905-Millwood-Dr-46060/home/109537642,MIBOR,21516440,N,Y,40.020236,-85.9685094
PAST SALE,February-28-2018,Single Family Residential,824 S 11th St,Noblesville,IN,46060,218000,3,2.5,Noblesville,2000,12976,1900,15,109,,Sold,,,http://www.redfin.com/IN/Noblesville/824-S-11th-St-46060/home/60032853,MIBOR,21510669,N,Y,40.0389001,-86.0106939
PAST SALE,March-9-2018,Single Family Residential,15723 Henady,Noblesville,IN,46060,257500,3,2.5,Wayne,2678,22651,2012,6,96,58,Sold,,,http://www.redfin.com/IN/Noblesville/15723-Henady-Xing-46060/home/60118366,MIBOR,21529138,N,Y,40.0176534,-85.955801
PAST SALE,March-14-2018,Single Family Residential,12753 Pinetop Way,Noblesville,IN,46060,235000,4,2.5,Wayne,3148,7840,2008,1,75,25,Sold,,,http://www.redfin.com/IN/Noblesville/12753-Pinetop-Way-46060/home/82383181,MIBOR,21541028,N,Y,40.0080811,-85.938938
PAST SALE,March-14-2018,Single Family Residential,14726 Rosebud Dr,Noblesville,IN,46060,307500,4,2.5,Noblesville,3651,27442,2002,1,84,32,Sold,,,http://www.redfin.com/IN/Noblesville/14726-Rosebud-Dr-46060/home/60131909,MIBOR,21515295,N,Y,40.0024901,-86.0097456
PAST SALE,November-15-2017,Single Family Residential,16553 E 251st St,Noblesville,IN,46060,150000,2,1,White River,2560,540144,1920,120,59,,Sold,,,http://www.redfin.com/IN/Noblesville/16553-E-251st-St-46060/home/140465106,MIBOR,21496716,N,Y,40.15491,-85.864695
PAST SALE,December-6-2017,Single Family Residential,16099 E 191st St,Noblesville,IN,46060,440000,4,2,Wayne,2339,496148,1998,99,188,,Sold,,,http://www.redfin.com/IN/Noblesville/16099-E-191st-St-46060/home/98430503,MIBOR,21517817,N,Y,40.065714,-85.875762
PAST SALE,February-9-2018,Single Family Residential,24529 Brehm Rd,Noblesville,IN,46060,133500,3,2,White River,1976,50529,1999,34,68,,Sold,,,http://www.redfin.com/IN/Noblesville/24529-Brehm-Rd-46060/home/82346372,MIBOR,21506986,N,Y,40.1465055,-85.9210713
PAST SALE,February-23-2018,Single Family Residential,19437 Amber Way,Noblesville,IN,46060,167900,3,2,Noblesville,1533,7405,1997,20,110,30,Sold,,,http://www.redfin.com/IN/Noblesville/19437-Amber-Way-46060/home/82353015,MIBOR,21522387,N,Y,40.0708677,-85.9845452
PAST SALE,February-27-2018,Single Family Residential,19468 Amber Way,Noblesville,IN,46060,205000,5,2.5,Noblesville,2164,7405,1997,16,95,30,Sold,,,http://www.redfin.com/IN/Noblesville/19468-Amber-Way-46060/home/67022076,MIBOR,21540510,N,Y,40.0709628,-85.9826705
PAST SALE,February-14-2018,Single Family Residential,11206 Hylas Dr,Noblesville,IN,46060,205000,4,2.5,Noblesville,2514,8276,2006,29,82,35,Sold,,,http://www.redfin.com/IN/Noblesville/11206-Hylas-Dr-46060/home/107148926,MIBOR,21522957,N,Y,40.0702846,-85.9688685
PAST SALE,March-9-2018,Single Family Residential,10276 Carmine Dr,Noblesville,IN,46060,178500,3,2.5,Noblesville,1602,7405,2000,6,111,31,Sold,,,http://www.redfin.com/IN/Noblesville/10276-Carmine-Dr-46060/home/60124797,MIBOR,21541936,N,Y,40.0693167,-85.9870977
PAST SALE,March-12-2018,Single Family Residential,19240 Edgewood Ln,Noblesville,IN,46060,190000,4,2.5,Noblesville,2399,20037,1972,3,79,,Sold,,,http://www.redfin.com/IN/Noblesville/19240-Edgewood-Ln-46060/home/67110933,MIBOR,21541453,N,Y,40.068188,-86.0007354
PAST SALE,November-17-2017,Single Family Residential,12702 Castle Pne,Noblesville,IN,46060,323177,5,3,Noblesville,3297,13939,2017,118,98,33,Sold,,,http://www.redfin.com/IN/Noblesville/12702-Castle-Pne-46060/home/144328411,MIBOR,21525465,N,Y,40.0542448,-85.9508923
PAST SALE,November-20-2017,Single Family Residential,14211 Hobbs Rd,Noblesville,IN,46060,178317,3,2,White River,3846,71438,1975,115,46,,Sold,,,http://www.redfin.com/IN/Noblesville/14211-E-143rd-46060/home/67112776,MIBOR,21512397,N,Y,40.133882,-85.913513
PAST SALE,December-27-2017,Single Family Residential,11614 Platt St,Noblesville,IN,46060,412110,4,4,Noblesville,5160,12196,2017,78,80,175,Sold,,,http://www.redfin.com/IN/Noblesville/11614-Platt-St-46060/home/144640848,MIBOR,21528726,N,Y,40.0542448,-85.9508923
PAST SALE,January-29-2018,Single Family Residential,11608 Platt St,Noblesville,IN,46060,428220,3,3.5,Noblesville,4801,13068,2017,45,89,200,Sold,,,http://www.redfin.com/IN/Noblesville/11608-Platt-St-46060/home/144795797,MIBOR,21541743,N,Y,40.0542448,-85.9508923
PAST SALE,February-2-2018,Single Family Residential,16001 Shadow Lands Dr,Noblesville,IN,46060,375025,4,2.5,Noblesville,3109,17859,2018,41,121,33,Sold,,,http://www.redfin.com/IN/Noblesville/16001-Shadow-Lands-Dr-46060/home/144721453,MIBOR,21540942,N,Y,40.0542448,-85.9508923
PAST SALE,December-29-2017,Single Family Residential,19621 Wagon Trail Dr,Noblesville,IN,46060,287000,4,2.5,Noblesville,3026,7840,2013,76,95,21,Sold,,,http://www.redfin.com/IN/Noblesville/19621-Wagon-Trail-Dr-46060/home/60131155,MIBOR,21523020,N,Y,40.0717333,-85.9928204
PAST SALE,March-1-2018,Single Family Residential,19356 Amber Way,Noblesville,IN,46060,178000,3,2.5,Noblesville,1704,7405,2000,14,104,30,Sold,,,http://www.redfin.com/IN/Noblesville/19356-Amber-Way-46060/home/60043032,MIBOR,21523712,N,Y,40.0693705,-85.9874965
PAST SALE,February-22-2018,Single Family Residential,,Noblesville,IN,46060,100000,4,1,,3064,6969,1900,21,33,,Sold,,,http://www.redfin.com/IN/Noblesville/Undisclosed-address-46060/home/82353481,MIBOR,21523142,N,Y,40.0481824,-86.0073935
PAST SALE,March-9-2018,Single Family Residential,245 Whispering Willow Ct,Noblesville,IN,46060,217000,4,2.5,Noblesville,2160,13503,1992,6,100,,Sold,,,http://www.redfin.com/IN/Noblesville/245-Whispering-Willow-Ct-46060/home/82351849,MIBOR,21549411,N,Y,40.054985,-86.0273228
PAST SALE,January-25-2018,Single Family Residential,8805 E 147th Pl,Noblesville,IN,46060,186000,4,2.5,Noblesville,1934,19166,1973,49,96,,Sold,,,http://www.redfin.com/IN/Noblesville/8805-E-147th-Pl-46060/home/114087126,MIBOR,21530276,N,Y,40.0020343,-86.0118156
PAST SALE,February-12-2018,Single Family Residential,11278 Lucky Dan Dr,Noblesville,IN,46060,166500,3,2,Noblesville,1395,5662,2012,31,119,25,Sold,,,http://www.redfin.com/IN/Noblesville/11278-Lucky-Dan-Dr-46060/home/60120117,MIBOR,21540673,N,Y,40.0070335,-85.9668949
PAST SALE,January-31-2018,Single Family Residential,12177 Cedar Crest Ct,Noblesville,IN,46060,248000,5,2.5,Noblesville,3771,17424,2004,43,66,24,Sold,,,http://www.redfin.com/IN/Noblesville/12177-Cedarcrest-Ct-46060/home/82367463,MIBOR,21504312,N,Y,40.032428,-85.9503735
PAST SALE,January-9-2018,Single Family Residential,10165 Clay Bridge Dr,Noblesville,IN,46060,215000,3,2.5,Noblesville,2728,7405,2010,65,79,25,Sold,,,http://www.redfin.com/IN/Noblesville/10165-Clay-Bridge-Dr-46060/home/60168370,MIBOR,21523015,N,Y,40.0099438,-85.9879352
PAST SALE,December-22-2017,Single Family Residential,15193 Silver Charm Dr,Noblesville,IN,46060,206000,3,2.5,Noblesville,2296,6098,2016,83,90,25,Sold,,,http://www.redfin.com/IN/Noblesville/15193-Silvercharm-Dr-46060/home/132235473,MIBOR,21502605,N,Y,40.0098409,-85.9700478
PAST SALE,February-23-2018,Single Family Residential,15523 Follow Dr,Noblesville,IN,46060,160000,3,2,Wayne,1462,6098,2001,20,109,25,Sold,,,http://www.redfin.com/IN/Noblesville/15523-Follow-Dr-46060/home/67060011,MIBOR,21542304,N,Y,40.0141313,-85.9529077
PAST SALE,February-26-2018,Single Family Residential,14934 Alysheba Dr,Noblesville,IN,46060,210000,3,2.5,Noblesville,2341,5662,2005,17,90,25,Sold,,,http://www.redfin.com/IN/Noblesville/14934-Alysheba-Dr-46060/home/60072423,MIBOR,21540811,N,Y,40.0061816,-85.9613676
PAST SALE,January-31-2018,Single Family Residential,14705 White Tail Run,Noblesville,IN,46060,152000,3,2.5,Wayne,1912,4791,2000,43,79,19,Sold,,,http://www.redfin.com/IN/Noblesville/14705-White-Tail-Run-46060/home/60090973,MIBOR,21529512,N,Y,40.0030077,-85.9564195
