SALE TYPE,SOLD DATE,PROPERTY TYPE,ADDRESS,CITY,STATE,ZIP,PRICE,BEDS,BATHS,LOCATION,SQUARE FEET,LOT SIZE,YEAR BUILT,DAYS ON MARKET,$/SQUARE FEET,HOA/MONTH,STATUS,NEXT OPEN HOUSE START TIME,NEXT OPEN HOUSE END TIME,URL (SEE http://www.redfin.com/buy-a-home/comparative-market-analysis FOR INFO ON PRICING),SOURCE,MLS#,FAVORITE,INTERESTED,LATITUDE,LONGITUDE
PAST SALE,October-2-2017,Single Family Residential,8932 Pine Tree Blvd,Indianapolis,IN,46256,183500,3,2,Lawrence,2004,6534,1988,166,92,25,Sold,,,http://www.redfin.com/IN/Indianapolis/8932-Pine-Tree-Blvd-46256/home/60096461,MIBOR,21502355,N,Y,39.9183119,-86.0172395
PAST SALE,October-10-2017,Single Family Residential,9970 Southwind Dr,Indianapolis,IN,46256,357500,4,3.5,Lawrence,4145,21780,1994,158,86,48,Sold,,,http://www.redfin.com/IN/Indianapolis/9970-Southwind-Dr-46256/home/66802702,MIBOR,21507607,N,Y,39.9226854,-85.9917238
PAST SALE,October-6-2017,Single Family Residential,8929 Deer Run Dr,Indianapolis,IN,46256,150000,3,2,Lawrence,1778,13939,1978,162,84,,Sold,,,http://www.redfin.com/IN/Indianapolis/8929-Deer-Run-Dr-46256/home/67088454,MIBOR,21480633,N,Y,39.918321,-86.0116715
PAST SALE,February-5-2018,Single Family Residential,10022 E 86th St,Indianapolis,IN,46256,240000,4,3,Lawrence,2576,31798,1983,40,93,,Sold,,,http://www.redfin.com/IN/Indianapolis/10022-E-86th-St-46256/home/60119582,MIBOR,21502190,N,Y,39.9129898,-85.9906869
PAST SALE,December-29-2017,Single Family Residential,9914 Scotch Pine Ln,Indianapolis,IN,46256,197000,3,2,Lawrence,1779,14810,1985,78,111,,Sold,,,http://www.redfin.com/IN/Indianapolis/9914-Scotch-Pine-Ln-46256/home/67104370,MIBOR,21525611,N,Y,39.9156267,-85.9927606
PAST SALE,December-21-2017,Single Family Residential,10720 Sand Key Cir,Indianapolis,IN,46256,485000,4,3.5,Lawrence,4668,43560,1981,86,104,38,Sold,,,http://www.redfin.com/IN/Indianapolis/10720-Sand-Key-Cir-46256/home/82196718,MIBOR,21520345,N,Y,39.9212723,-85.9777944
PAST SALE,February-12-2018,Single Family Residential,10012 Fall Creek Rd,Indianapolis,IN,46256,420700,4,4.5,Lawrence,4408,67082,2002,33,95,,Sold,,,http://www.redfin.com/IN/Indianapolis/10012-Fall-Creek-Rd-46256/home/60102548,MIBOR,21491690,N,Y,39.908703,-85.9925014
PAST SALE,February-28-2018,Single Family Residential,10708 Sand Key Cir,Indianapolis,IN,46256,385000,4,3,Lawrence,3822,20037,1981,17,101,38,Sold,,,http://www.redfin.com/IN/Indianapolis/10708-Sand-Key-Cir-46256/home/66976961,MIBOR,21504774,N,Y,39.9218355,-85.9787218
PAST SALE,December-4-2017,Single Family Residential,10733 Sand Key Cir,Indianapolis,IN,46256,1437500,5,6.5,Lawrence,8442,34848,1983,103,170,38,Sold,,,http://www.redfin.com/IN/Indianapolis/10733-Sand-Key-Cir-46256/home/60147243,MIBOR,21490387,N,Y,39.9204618,-85.9772459
PAST SALE,January-3-2018,Single Family Residential,7449 Sedgewick Way,Indianapolis,IN,46256,179400,3,2.5,Lawrence,2134,7710,1997,73,84,21,Sold,,,http://www.redfin.com/IN/Indianapolis/7449-Sedgewick-Way-46256/home/82201293,MIBOR,21526160,N,Y,39.8865059,-86.0366558
PAST SALE,January-2-2018,Single Family Residential,7925 Bayview Pt,Indianapolis,IN,46256,212000,3,3,Lawrence,3257,15245,1979,74,65,23,Sold,,,http://www.redfin.com/IN/Indianapolis/7925-Bayview-Pt-46256/home/66955328,MIBOR,21520789,N,Y,39.8991602,-86.0235886
PAST SALE,December-29-2017,Single Family Residential,7508 Kimberly Dr,Indianapolis,IN,46256,199000,3,2,Lawrence,2488,21344,1966,78,80,,Sold,,,http://www.redfin.com/IN/Indianapolis/7508-Kimberly-Dr-46256/home/69078181,MIBOR,21523169,N,Y,39.9035432,-86.0361091
PAST SALE,December-14-2017,Single Family Residential,7311 Heritage Ct,Indianapolis,IN,46256,321000,5,4.5,Lawrence,3864,34412,1968,93,83,,Sold,,,http://www.redfin.com/IN/Indianapolis/7311-Heritage-Ct-46256/home/82192945,MIBOR,21493341,N,Y,39.8876177,-86.0095462
PAST SALE,December-28-2017,Single Family Residential,6937 Knollcreek Dr,Indianapolis,IN,46256,325000,3,2.5,Lawrence,2992,33105,1994,79,109,175,Sold,,,http://www.redfin.com/IN/Indianapolis/6937-Knollcreek-Dr-46256/home/82200714,MIBOR,21512697,N,Y,39.8816577,-86.0217035
PAST SALE,February-26-2018,Single Family Residential,7235 E 71st St,Indianapolis,IN,46256,260000,4,2.5,Lawrence,3589,68389,1961,19,72,,Sold,,,http://www.redfin.com/IN/Indianapolis/7235-E-71st-St-46256/home/82192805,MIBOR,21520222,N,Y,39.8830257,-86.0406312
PAST SALE,February-23-2018,Single Family Residential,7926 Wickfield Ct,Indianapolis,IN,46256,146500,2,2,Lawrence,1283,8276,1985,22,114,18,Sold,,,http://www.redfin.com/IN/Indianapolis/7926-Wickfield-Ct-46256/home/60091428,MIBOR,21528794,N,Y,39.8942188,-86.0287076
PAST SALE,December-8-2017,Single Family Residential,7509 Teel Way,Indianapolis,IN,46256,240000,5,3.5,Lawrence,3550,16117,1986,99,68,33,Sold,,,http://www.redfin.com/IN/Indianapolis/7509-Teel-Way-46256/home/66977927,MIBOR,21514289,N,Y,39.8915279,-86.0228647
PAST SALE,January-12-2018,Single Family Residential,8940 Carriage Ln,Indianapolis,IN,46256,186500,3,2,Lawrence,1835,29272,1963,64,102,,Sold,,,http://www.redfin.com/IN/Indianapolis/8940-Carriage-Ln-46256/home/67061846,MIBOR,21510747,N,Y,39.8855665,-86.0105429
PAST SALE,February-27-2018,Single Family Residential,8302 Castle Ridge Ln,Indianapolis,IN,46256,180000,3,2.5,Lawrence,1957,15681,1985,18,92,,Sold,,,http://www.redfin.com/IN/Indianapolis/8302-Castle-Ridge-Ln-46256/home/60123245,MIBOR,21530278,N,Y,39.907166,-86.0324744
PAST SALE,March-13-2018,Single Family Residential,8323 Picadilly Ln,Indianapolis,IN,46256,209900,4,2.5,Lawrence,3600,14374,1974,4,58,25,Sold,,,http://www.redfin.com/IN/Indianapolis/8323-Picadilly-Ln-46256/home/60112459,MIBOR,21530363,N,Y,39.9087487,-86.018884
PAST SALE,January-25-2018,Single Family Residential,8614 Amy Ln,Indianapolis,IN,46256,220000,4,2.5,Lawrence,2880,21344,1980,51,76,25,Sold,,,http://www.redfin.com/IN/Indianapolis/8614-Amy-Ln-46256/home/66972650,MIBOR,21517987,N,Y,39.9121602,-86.016785
PAST SALE,October-31-2017,Single Family Residential,8840 Sargent Creek Ct,Indianapolis,IN,46256,340000,4,2.5,Lawrence,3632,26136,1989,137,94,25,Sold,,,http://www.redfin.com/IN/Indianapolis/8840-Sargent-Creek-Ct-46256/home/67036694,MIBOR,21503203,N,Y,39.9163494,-86.0080064
PAST SALE,December-28-2017,Single Family Residential,8222 Cape Dr N,Indianapolis,IN,46256,124000,2,2,Lawrence,1054,3558,1987,79,118,90,Sold,,,http://www.redfin.com/IN/Indianapolis/8222-Cape-Dr-N-46256/home/82197795,MIBOR,21514392,N,Y,39.9179474,-86.0226743
PAST SALE,March-5-2018,Single Family Residential,8701 Gunpowder Dr,Indianapolis,IN,46256,173500,4,2.5,Lawrence,2112,11674,1977,12,82,,Sold,,,http://www.redfin.com/IN/Indianapolis/8701-Gunpowder-Dr-46256/home/82195602,MIBOR,21526121,N,Y,39.914337,-86.0151211
PAST SALE,November-16-2017,Single Family Residential,7721 White Dove Dr,Indianapolis,IN,46256,169000,3,2,Lawrence,1834,13982,1979,121,92,29,Sold,,,http://www.redfin.com/IN/Indianapolis/7721-White-Dove-Dr-46256/home/82195927,MIBOR,21518337,N,Y,39.8952545,-86.0311483
PAST SALE,November-16-2017,Single Family Residential,7826 E 71st St,Indianapolis,IN,46256,155000,3,2,Lawrence,1837,17119,1963,121,84,,Sold,,,http://www.redfin.com/IN/Indianapolis/7826-E-71st-St-46256/home/82193085,MIBOR,21518519,N,Y,39.8838225,-86.030182
PAST SALE,December-13-2017,Single Family Residential,7932 Fall Creek Rd,Indianapolis,IN,46256,275000,3,2.5,Lawrence,2176,30491,1955,94,126,,Sold,,,http://www.redfin.com/IN/Indianapolis/7932-Fall-Creek-Rd-46256/home/82191592,MIBOR,21489532,N,Y,39.878282,-86.0264958
PAST SALE,December-1-2017,Single Family Residential,9614 Hampton Cir N,Indianapolis,IN,46256,308000,4,2.5,Lawrence,3996,23261,1989,106,77,27,Sold,,,http://www.redfin.com/IN/Indianapolis/9614-Hampton-Cir-N-46256/home/82199121,MIBOR,21506940,N,Y,39.9092351,-85.9992203
PAST SALE,December-6-2017,Single Family Residential,9112 Sargent Rd,Indianapolis,IN,46256,95000,3,1.5,Lawrence,1252,43560,1930,101,76,,Sold,,,http://www.redfin.com/IN/Indianapolis/9112-Sargent-Rd-46256/home/62651691,MIBOR,21522807,N,Y,39.9197377,-86.0073935
PAST SALE,November-10-2017,Single Family Residential,9112 Hadway Dr,Indianapolis,IN,46256,190000,3,2.5,Lawrence,2560,18295,1988,127,74,4,Sold,,,http://www.redfin.com/IN/Indianapolis/9112-Hadway-Dr-46256/home/60034921,MIBOR,21507835,N,Y,39.9202609,-86.0168011
PAST SALE,December-7-2017,Single Family Residential,7334 E 65th St,Indianapolis,IN,46256,267000,5,3,Lawrence,3828,16988,1972,100,70,,Sold,,,http://www.redfin.com/IN/Indianapolis/7334-E-65th-St-46256/home/60146623,MIBOR,21517721,N,Y,39.8764351,-86.0390774
PAST SALE,December-6-2017,Single Family Residential,9809 Northwind Dr,Indianapolis,IN,46256,398500,4,3.5,Lawrence,4055,29751,1995,101,98,50,Sold,,,http://www.redfin.com/IN/Indianapolis/9809-Northwind-Dr-46256/home/82200333,MIBOR,21518869,N,Y,39.9249873,-85.994555
PAST SALE,December-15-2017,Single Family Residential,8504 Sargent Ln,Indianapolis,IN,46256,391000,4,2.5,Lawrence,3811,43995,1994,92,103,13,Sold,,,http://www.redfin.com/IN/Indianapolis/8504-Sargent-Ln-46256/home/60043130,MIBOR,21486604,N,Y,39.9013126,-86.0183556
PAST SALE,October-6-2017,Single Family Residential,9826 Beam Ridge Dr,Indianapolis,IN,46256,158000,4,2.5,Lawrence,2242,27442,1986,162,70,,Sold,,,http://www.redfin.com/IN/Indianapolis/9826-Beam-Ridge-Dr-46256/home/60050108,MIBOR,21482522,N,Y,39.9166078,-85.9944753
PAST SALE,October-6-2017,Single Family Residential,8614 Kruggle Ct,Indianapolis,IN,46256,199900,4,2.5,Lawrence,2052,8276,1989,162,97,35,Sold,,,http://www.redfin.com/IN/Indianapolis/8614-Kruggle-Ct-46256/home/60136645,MIBOR,21510242,N,Y,39.9149251,-86.0166184
PAST SALE,September-28-2017,Single Family Residential,7330 Marla Dr,Indianapolis,IN,46256,227500,4,2.5,Lawrence,3720,15594,1971,170,61,,Sold,,,http://www.redfin.com/IN/Indianapolis/7330-Marla-Dr-46256/home/67301905,MIBOR,21482210,N,Y,39.8877247,-86.0302848
PAST SALE,September-25-2017,Single Family Residential,8809 Stirrup Ct,Indianapolis,IN,46256,162500,3,2,Lawrence,1693,9583,1988,173,96,,Sold,,,http://www.redfin.com/IN/Indianapolis/8809-Stirrup-Ct-46256/home/82197939,MIBOR,21517051,N,Y,39.915473,-86.0232977
PAST SALE,October-16-2017,Single Family Residential,10259 Leeward Blvd,Indianapolis,IN,46256,255000,3,2,Lawrence,2102,24742,1989,152,121,48,Sold,,,http://www.redfin.com/IN/Indianapolis/10259-Leeward-Blvd-46256/home/82198865,MIBOR,21491669,N,Y,39.9203241,-85.9871774
PAST SALE,September-29-2017,Single Family Residential,9312 Clune Ln,Indianapolis,IN,46256,460000,4,4,Lawrence,3624,208216,1988,169,127,,Sold,,,http://www.redfin.com/IN/Indianapolis/9312-Clune-Ln-46256/home/82197845,MIBOR,21487522,N,Y,39.914307,-86.002191
PAST SALE,October-18-2017,Single Family Residential,10727 Seascape Ct,Indianapolis,IN,46256,493000,5,4,Lawrence,5066,26136,1981,150,97,42,Sold,,,http://www.redfin.com/IN/Indianapolis/10727-Seascape-Ct-46256/home/82196669,MIBOR,21497614,N,Y,39.9226606,-85.9770864
PAST SALE,September-25-2017,Single Family Residential,7319 Eastwick Ln,Indianapolis,IN,46256,180000,3,2.5,Lawrence,2821,16117,1987,173,64,,Sold,,,http://www.redfin.com/IN/Indianapolis/7319-Eastwick-Ln-46256/home/82197513,MIBOR,21510016,N,Y,39.8815024,-86.0394758
PAST SALE,October-12-2017,Single Family Residential,8680 Champions,Indianapolis,IN,46256,164000,3,2,Lawrence,1580,9583,1987,156,104,52,Sold,,,http://www.redfin.com/IN/Indianapolis/8680-Champions-Dr-46256/home/82197965,MIBOR,21497790,N,Y,39.9139817,-86.0230585
PAST SALE,September-28-2017,Single Family Residential,9139 Leeward Cir,Indianapolis,IN,46256,375000,5,5,Lawrence,5453,18077,1999,170,69,48,Sold,,,http://www.redfin.com/IN/Indianapolis/9139-Leeward-Cir-46256/home/82273006,MIBOR,21506797,N,Y,39.9203853,-85.993598
PAST SALE,December-22-2017,Single Family Residential,8514 Cedar Key Dr,Indianapolis,IN,46256,195000,4,2.5,Lawrence,2003,10890,1991,85,97,33,Sold,,,http://www.redfin.com/IN/Indianapolis/8514-Cedar-Key-Dr-46256/home/60048436,MIBOR,21524797,N,Y,39.9196704,-86.0181185
PAST SALE,October-26-2017,Single Family Residential,9150 Sargent Rd,Indianapolis,IN,46256,272500,2,2,Lawrence,2233,95875,1984,142,122,,Sold,,,http://www.redfin.com/IN/Indianapolis/9150-Sargent-Rd-46256/home/82192004,MIBOR,21497133,N,Y,39.9206786,-86.0075005
PAST SALE,December-14-2017,Single Family Residential,7730 White Dove Dr,Indianapolis,IN,46256,165000,3,2,Lawrence,1655,15245,1980,93,100,29,Sold,,,http://www.redfin.com/IN/Indianapolis/7730-White-Dove-Dr-46256/home/66996447,MIBOR,21519259,N,Y,39.8956385,-86.0318257
PAST SALE,December-13-2017,Single Family Residential,7735 Cardinal Cv S,Indianapolis,IN,46256,149900,3,2,Lawrence,1744,12153,1988,94,86,25,Sold,,,http://www.redfin.com/IN/Indianapolis/7735-Cardinal-Cv-S-46256/home/66965255,MIBOR,21504344,N,Y,39.8984698,-86.0325429
PAST SALE,February-20-2018,Single Family Residential,7432 Blue Creek South Dr,Indianapolis,IN,46256,185516,3,2,Lawrence,1712,10149,1984,25,108,,Sold,,,http://www.redfin.com/IN/Indianapolis/7432-S-Blue-Creek-Dr-46256/home/82196779,MIBOR,21542509,N,Y,39.888141,-86.0372803
PAST SALE,March-1-2018,Single Family Residential,7683 Wickfield Way,Indianapolis,IN,46256,145000,2,2,Lawrence,1286,6098,1985,16,113,30,Sold,,,http://www.redfin.com/IN/Indianapolis/7683-Wickfield-Dr-46256/home/82314351,MIBOR,21540465,N,Y,39.893777,-86.030343
PAST SALE,October-26-2017,Single Family Residential,7414 Cotherstone Ct,Indianapolis,IN,46256,165000,4,2.5,Lawrence,2300,15376,1971,142,72,,Sold,,,http://www.redfin.com/IN/Indianapolis/7414-Cotherstone-Ct-46256/home/82194844,MIBOR,21505268,N,Y,39.8894792,-86.0276017
PAST SALE,March-2-2018,Single Family Residential,7311 Tousley Dr,Indianapolis,IN,46256,198000,4,2.5,Lawrence,2489,15681,1970,15,80,,Sold,,,http://www.redfin.com/IN/Indianapolis/7311-Tousley-Dr-46256/home/60050306,MIBOR,21540903,N,Y,39.8871969,-86.031228
PAST SALE,February-26-2018,Single Family Residential,7916 Copperfield Dr,Indianapolis,IN,46256,163000,3,2,Lawrence,1486,9147,1984,19,110,30,Sold,,,http://www.redfin.com/IN/Indianapolis/7916-Copperfield-Dr-46256/home/82197132,MIBOR,21527973,N,Y,39.8927888,-86.0289214
PAST SALE,March-9-2018,Single Family Residential,6942 Honnen Dr W,Indianapolis,IN,46256,134000,3,1.5,Lawrence,1296,21300,1959,8,103,,Sold,,,http://www.redfin.com/IN/Indianapolis/6942-Honnen-Dr-W-46256/home/82191081,MIBOR,21523209,N,Y,39.8817017,-86.0370853
PAST SALE,November-27-2017,Single Family Residential,8636 Vintner Ct,Indianapolis,IN,46256,259900,2,2,Lawrence,2474,17031,2000,110,105,117,Sold,,,http://www.redfin.com/IN/Indianapolis/8636-Vintner-Ct-46256/home/60113534,MIBOR,21517857,N,Y,39.9131287,-85.9947145
PAST SALE,December-4-2017,Single Family Residential,,Indianapolis,IN,46256,188600,3,3,,1804,14810,1987,103,105,6,Sold,,,http://www.redfin.com/IN/Indianapolis/Undisclosed-address-46256/home/67055583,MIBOR,21517105,N,Y,39.9256798,-86.0129274
PAST SALE,December-29-2017,Single Family Residential,8256 Sweetclover Dr,Indianapolis,IN,46256,375000,4,3.5,Lawrence,4392,20037,2001,78,85,67,Sold,,,http://www.redfin.com/IN/Indianapolis/8256-Sweetclover-Dr-46256/home/67068611,MIBOR,21515307,N,Y,39.9034764,-85.9973064
PAST SALE,November-22-2017,Single Family Residential,8575 Woodstone Ct,Indianapolis,IN,46256,185000,3,2,Lawrence,1711,10018,1989,115,108,23,Sold,,,http://www.redfin.com/IN/Indianapolis/8575-Woodstone-Ct-46256/home/67102116,MIBOR,21522017,N,Y,39.9157739,-86.0163284
PAST SALE,November-17-2017,Single Family Residential,8670 Fall Creek Rd,Indianapolis,IN,46256,675000,6,8,Lawrence,9501,152460,2001,120,71,,Sold,,,http://www.redfin.com/IN/Indianapolis/8670-Fall-Creek-Rd-46256/home/82293903,MIBOR,21480676,N,Y,39.8811544,-86.0167488
PAST SALE,February-9-2018,Single Family Residential,8279 Castle Ridge Ln,Indianapolis,IN,46256,165000,3,2,Lawrence,1722,14505,1985,36,96,,Sold,,,http://www.redfin.com/IN/Indianapolis/8279-Castle-Ridge-Ln-46256/home/61665404,MIBOR,21522764,N,Y,39.9070973,-86.0315866
PAST SALE,December-1-2017,Single Family Residential,9430 Falkirk Dr,Indianapolis,IN,46256,154500,3,2,Lawrence,1336,12937,1986,106,116,,Sold,,,http://www.redfin.com/IN/Indianapolis/9430-Falkirk-Dr-46256/home/82197723,MIBOR,21514623,N,Y,39.9249109,-86.0131352
PAST SALE,December-20-2017,Single Family Residential,8217 Crook Dr N,Indianapolis,IN,46256,132900,2,2,Lawrence,1038,,1989,87,128,90,Sold,,,http://www.redfin.com/IN/Indianapolis/8217-Crook-Dr-N-46256/home/60122866,MIBOR,21524907,N,Y,39.9192948,-86.0231177
PAST SALE,November-27-2017,Single Family Residential,8737 Green Branch Ln,Indianapolis,IN,46256,220000,3,2.5,Lawrence,2276,13939,1984,110,97,,Sold,,,http://www.redfin.com/IN/Indianapolis/8737-Green-Branch-Ln-46256/home/60125674,MIBOR,21507330,N,Y,39.9149125,-85.990647
PAST SALE,December-15-2017,Single Family Residential,7815 Prairie View Ln,Indianapolis,IN,46256,275000,4,2.5,Lawrence,3310,10890,1997,92,83,75,Sold,,,http://www.redfin.com/IN/Indianapolis/7815-Prairie-View-Ln-46256/home/67047935,MIBOR,21510916,N,Y,39.8968352,-86.0072425
PAST SALE,January-5-2018,Single Family Residential,7255 Knollvalley Ln,Indianapolis,IN,46256,277000,3,2.5,Lawrence,2461,8276,1989,71,113,165,Sold,,,http://www.redfin.com/IN/Indianapolis/7255-Knollvalley-Ln-46256/home/82197885,MIBOR,21518634,N,Y,39.8866294,-86.019923
PAST SALE,December-27-2017,Single Family Residential,7363 Cotherstone Ct,Indianapolis,IN,46256,185000,4,3.5,Lawrence,3077,15942,1972,80,60,,Sold,,,http://www.redfin.com/IN/Indianapolis/7363-Cotherstone-Ct-46256/home/82280210,MIBOR,21517561,N,Y,39.8887258,-86.027263
PAST SALE,February-19-2018,Single Family Residential,8037 Bayview Pt,Indianapolis,IN,46256,214900,4,2.5,Lawrence,2257,13939,1984,26,95,34,Sold,,,http://www.redfin.com/IN/Indianapolis/8037-Bayview-Pt-46256/home/59994101,MIBOR,21518880,N,Y,39.9014021,-86.0221419
PAST SALE,February-8-2018,Single Family Residential,8187 Sargent Rd,Indianapolis,IN,46256,150000,4,2,Lawrence,2569,95832,1980,37,58,,Sold,,,http://www.redfin.com/IN/Indianapolis/8187-Sargent-Rd-46256/home/82195451,MIBOR,21511163,N,Y,39.9043269,-86.0103834
PAST SALE,February-28-2018,Single Family Residential,7833 Timber Run Ct,Indianapolis,IN,46256,587100,4,3.5,Lawrence,4988,29620,2000,17,118,67,Sold,,,http://www.redfin.com/IN/Indianapolis/7833-N-Timber-Run-Ct-46256/home/66922434,MIBOR,21524408,N,Y,39.8971436,-86.0010172
PAST SALE,December-1-2017,Single Family Residential,8550 Thornhill Dr,Indianapolis,IN,46256,375000,4,3.5,Lawrence,3028,32670,1975,106,124,,Sold,,,http://www.redfin.com/IN/Indianapolis/8550-Thornhill-Dr-46256/home/60007722,MIBOR,21517881,N,Y,39.912178,-86.0103365
PAST SALE,February-20-2018,Single Family Residential,8649 Fox Ridge Ln,Indianapolis,IN,46256,165000,4,3,Lawrence,1624,11325,1977,25,102,,Sold,,,http://www.redfin.com/IN/Indianapolis/8649-Fox-Ridge-Ln-46256/home/60021840,MIBOR,21530217,N,Y,39.9134203,-86.0136212
PAST SALE,March-8-2018,Single Family Residential,8212 Old Prairie Ct,Indianapolis,IN,46256,158000,3,2.5,Lawrence,1694,15245,1984,9,93,,Sold,,,http://www.redfin.com/IN/Indianapolis/8212-Old-Prairie-Ct-46256/home/67042182,MIBOR,21524310,N,Y,39.9094328,-86.0251409
PAST SALE,March-9-2018,Single Family Residential,8044 Hilltop Ln,Indianapolis,IN,46256,149500,3,2,Lawrence,1522,12632,1963,8,98,,Sold,,,http://www.redfin.com/IN/Indianapolis/8044-Hilltop-Ln-46256/home/60067392,MIBOR,21542554,N,Y,39.8846483,-86.0258881
PAST SALE,October-20-2017,Single Family Residential,10509 Schooner Ct,Indianapolis,IN,46256,2000000,5,6.5,Lawrence,12832,30491,2005,148,156,38,Sold,,,http://www.redfin.com/IN/Indianapolis/10509-Schooner-Ct-46256/home/60061053,MIBOR,21461821,N,Y,39.9130862,-85.9824512
PAST SALE,November-10-2017,Single Family Residential,7825 Copperfield Dr,Indianapolis,IN,46256,166400,3,2,Lawrence,1470,9147,1985,127,113,,Sold,,,http://www.redfin.com/IN/Indianapolis/7825-Copperfield-Dr-46256/home/82197130,MIBOR,21505004,N,Y,39.8930259,-86.0304709
PAST SALE,October-24-2017,Single Family Residential,9505 Sargent Rd,Indianapolis,IN,46256,320000,3,2.5,Lawrence,2430,113473,1991,144,132,,Sold,,,http://www.redfin.com/IN/Indianapolis/9505-Sargent-Rd-46256/home/82199165,MIBOR,21496441,N,Y,39.9257283,-86.0050214
PAST SALE,November-10-2017,Single Family Residential,8125 Lake Point Way,Indianapolis,IN,46256,244900,4,3.5,Lawrence,3561,15725,1985,127,69,34,Sold,,,http://www.redfin.com/IN/Indianapolis/8125-Lake-Point-Way-46256/home/82198007,MIBOR,21506152,N,Y,39.9043373,-86.0246568
PAST SALE,October-3-2017,Single Family Residential,8094 Stonebranch Dr,Indianapolis,IN,46256,169900,3,2.5,Lawrence,1645,6534,1986,165,103,40,Sold,,,http://www.redfin.com/IN/Indianapolis/8094-E-Stonebranch-Dr-46256/home/66977091,MIBOR,21509478,N,Y,39.9029209,-86.0290363
PAST SALE,September-21-2017,Single Family Residential,9053 Alibeck Ct,Indianapolis,IN,46256,218000,3,2,Lawrence,1953,16117,1989,177,112,,Sold,,,http://www.redfin.com/IN/Indianapolis/9053-Alibeck-Ct-46256/home/82199088,MIBOR,21504434,N,Y,39.9189962,-85.9939968
PAST SALE,September-19-2017,Single Family Residential,9011 Brigs Way,Indianapolis,IN,46256,260000,4,2.5,Lawrence,3664,17772,1981,179,71,38,Sold,,,http://www.redfin.com/IN/Indianapolis/9011-Brigs-Way-46256/home/82288950,MIBOR,21495651,N,Y,39.9184254,-85.9844255
PAST SALE,September-29-2017,Single Family Residential,7926 Hawthorne Ct,Indianapolis,IN,46256,268000,3,2.5,Lawrence,2375,71438,1960,169,113,,Sold,,,http://www.redfin.com/IN/Indianapolis/7926-Hawthorne-Ct-46256/home/82313414,MIBOR,21509991,N,Y,39.8824406,-86.0258671
PAST SALE,September-29-2017,Single Family Residential,9462 Helmsdale Dr,Indianapolis,IN,46256,161900,3,2.5,Lawrence,1699,11325,1986,169,95,,Sold,,,http://www.redfin.com/IN/Indianapolis/9462-Helmsdale-Dr-46256/home/60047218,MIBOR,21506038,N,Y,39.9255437,-86.0117879
PAST SALE,October-26-2017,Single Family Residential,7039 E 65th St,Indianapolis,IN,46256,225000,4,2.5,Lawrence,2828,20473,1967,142,80,,Sold,,,http://www.redfin.com/IN/Indianapolis/7039-E-65th-St-46256/home/60107623,MIBOR,21507623,N,Y,39.8759084,-86.0448143
PAST SALE,September-27-2017,Single Family Residential,7232 Murphy Dr,Indianapolis,IN,46256,195000,4,2,Lawrence,2649,15812,1963,171,74,,Sold,,,http://www.redfin.com/IN/Indianapolis/7232-Murphy-Dr-46256/home/66863741,MIBOR,21478285,N,Y,39.8860617,-86.0276957
PAST SALE,October-20-2017,Single Family Residential,9615 Timberline Ct,Indianapolis,IN,46256,484500,4,3.5,Lawrence,5110,22215,1999,148,95,67,Sold,,,http://www.redfin.com/IN/Indianapolis/9615-Timberline-Ct-46256/home/82273331,MIBOR,21497454,N,Y,39.8976957,-85.9982634
PAST SALE,February-1-2018,Single Family Residential,8769 Wintergreen Way,Indianapolis,IN,46256,163000,3,2.5,Lawrence,1490,6969,1987,44,109,31,Sold,,,http://www.redfin.com/IN/Indianapolis/8769-Wintergreen-Way-46256/home/66998969,MIBOR,21528850,N,Y,39.9153794,-86.0205316
PAST SALE,December-29-2017,Single Family Residential,8801 Saddle Ct,Indianapolis,IN,46256,120000,2,2,Lawrence,1621,6098,1989,78,74,34,Sold,,,http://www.redfin.com/IN/Indianapolis/8801-Saddle-Ct-46256/home/82197945,MIBOR,21526519,N,Y,39.9154294,-86.0249516
PAST SALE,December-7-2017,Single Family Residential,8318 Picadilly Ln,Indianapolis,IN,46256,170000,3,2,Lawrence,1534,13503,1975,100,111,25,Sold,,,http://www.redfin.com/IN/Indianapolis/8318-Picadilly-Ln-46256/home/60093922,MIBOR,21522227,N,Y,39.9086074,-86.0194716
PAST SALE,September-26-2017,Single Family Residential,8237 Bittern Ln,Indianapolis,IN,46256,150000,3,2.5,Lawrence,2590,15420,1977,172,58,29,Sold,,,http://www.redfin.com/IN/Indianapolis/8237-Bittern-Ln-46256/home/79074065,MIBOR,21415717,N,Y,39.8968258,-86.0219825
PAST SALE,September-29-2017,Single Family Residential,8419 Thornhill Dr,Indianapolis,IN,46256,183000,3,2,Lawrence,1780,23740,1967,169,103,,Sold,,,http://www.redfin.com/IN/Indianapolis/8419-Thornhill-Dr-46256/home/82193790,MIBOR,21500742,N,Y,39.9094698,-86.0095462
PAST SALE,September-26-2017,Single Family Residential,7849 Stonebranch South Dr,Indianapolis,IN,46256,152500,3,2,Lawrence,1432,9147,1986,172,106,40,Sold,,,http://www.redfin.com/IN/Indianapolis/7849-N-Stonebranch-South-Dr-46256/home/82197504,MIBOR,21505694,N,Y,39.9018404,-86.0302716
PAST SALE,November-16-2017,Single Family Residential,8282 Morel Dr,Indianapolis,IN,46256,335000,4,2.5,Lawrence,3803,14374,1999,121,88,67,Sold,,,http://www.redfin.com/IN/Indianapolis/8282-Morel-Dr-46256/home/59998392,MIBOR,21493875,N,Y,39.9040731,-85.9994994
PAST SALE,October-27-2017,Single Family Residential,9101 Sargent Manor Ct,Indianapolis,IN,46256,530000,4,5,Lawrence,6092,43560,1998,141,87,3,Sold,,,http://www.redfin.com/IN/Indianapolis/9101-Sargent-Manor-Ct-46256/home/60068734,MIBOR,21463012,N,Y,39.9141647,-86.0086393
PAST SALE,November-14-2017,Single Family Residential,7784 Cardinal Cv S,Indianapolis,IN,46256,152000,3,2,Lawrence,1753,9583,1988,123,87,25,Sold,,,http://www.redfin.com/IN/Indianapolis/7784-Cardinal-Cv-S-46256/home/60161780,MIBOR,21512346,N,Y,39.8988351,-86.0314643
PAST SALE,November-28-2017,Single Family Residential,8315 San Marcos Cir,Indianapolis,IN,46256,179000,4,2.5,Lawrence,1932,13068,1980,109,93,20,Sold,,,http://www.redfin.com/IN/Indianapolis/8315-San-Marcos-Cir-46256/home/66938605,MIBOR,21519851,N,Y,39.9077487,-86.0285424
PAST SALE,October-12-2017,Single Family Residential,10214 Southwind Dr,Indianapolis,IN,46256,232000,3,2,Lawrence,2196,19166,1990,156,106,48,Sold,,,http://www.redfin.com/IN/Indianapolis/10214-Southwind-Dr-46256/home/66952726,MIBOR,21503685,N,Y,39.9233161,-85.9885135
PAST SALE,November-9-2017,Single Family Residential,7878 Beanblossom Cir,Indianapolis,IN,46256,158000,3,2,Lawrence,1492,7840,1986,128,106,40,Sold,,,http://www.redfin.com/IN/Indianapolis/7878-Beanblossom-Cir-46256/home/67016969,MIBOR,21511591,N,Y,39.9038848,-86.0302318
PAST SALE,November-13-2017,Single Family Residential,9816 Northwind Dr,Indianapolis,IN,46256,412000,5,3.5,Lawrence,4238,16117,2002,124,97,44,Sold,,,http://www.redfin.com/IN/Indianapolis/9816-Northwind-Dr-46256/home/60043035,MIBOR,21518837,N,Y,39.9255401,-85.9943158
PAST SALE,September-29-2017,Single Family Residential,9024 Lantern Ln,Indianapolis,IN,46256,280000,4,3,Lawrence,2706,25569,1973,169,103,,Sold,,,http://www.redfin.com/IN/Indianapolis/9024-Lantern-Ln-46256/home/60153686,MIBOR,21508041,N,Y,39.8905451,-86.0095462
PAST SALE,November-15-2017,Single Family Residential,8050 Flatrock Ct,Indianapolis,IN,46256,165000,3,2,Lawrence,1472,9583,1987,122,112,40,Sold,,,http://www.redfin.com/IN/Indianapolis/8050-Flatrock-Ct-46256/home/61700419,MIBOR,21516454,N,Y,39.9018356,-86.0289566
PAST SALE,November-29-2017,Single Family Residential,8705 Flagship Cir,Indianapolis,IN,46256,375000,4,3,Lawrence,4748,22215,1983,108,79,38,Sold,,,http://www.redfin.com/IN/Indianapolis/8705-Flagship-Cir-46256/home/82196215,MIBOR,21526575,N,Y,39.9135449,-85.9847047
PAST SALE,November-1-2017,Single Family Residential,9334 Seascape Dr,Indianapolis,IN,46256,310000,4,3,Lawrence,3802,24829,1981,136,82,38,Sold,,,http://www.redfin.com/IN/Indianapolis/9334-Seascape-Dr-46256/home/82196662,MIBOR,21481395,N,Y,39.9242218,-85.9766946
PAST SALE,November-30-2017,Single Family Residential,8720 Woodstone Way W. Dr,Indianapolis,IN,46256,190250,4,2.5,Lawrence,2228,8189,1989,107,85,35,Sold,,,http://www.redfin.com/IN/Indianapolis/8720-W-Woodstone-Way-Dr-46256/home/82289101,MIBOR,21519136,N,Y,39.9146094,-86.0214732
PAST SALE,December-29-2017,Single Family Residential,8082 Springwater Dr W,Indianapolis,IN,46256,200000,3,2,Lawrence,1853,11761,1985,78,108,34,Sold,,,http://www.redfin.com/IN/Indianapolis/8082-Springwater-Dr-W-46256/home/60081774,MIBOR,21505488,N,Y,39.9039394,-86.0268666
PAST SALE,November-17-2017,Single Family Residential,8100 Sargent Rd,Indianapolis,IN,46256,235000,3,3,Lawrence,4476,87120,1949,120,53,,Sold,,,http://www.redfin.com/IN/Indianapolis/8100-Sargent-Rd-46256/home/67039134,MIBOR,21469795,N,Y,39.9034868,-86.0127752
PAST SALE,December-21-2017,Single Family Residential,9400 Fall Creek Rd,Indianapolis,IN,46256,425000,3,2.5,Lawrence,3348,187743,1981,86,127,,Sold,,,http://www.redfin.com/IN/Indianapolis/9400-Fall-Creek-Rd-46256/home/82196388,MIBOR,21485327,N,Y,39.8871466,-86.0040048
PAST SALE,January-5-2018,Single Family Residential,7691 Micawber Ct,Indianapolis,IN,46256,167000,3,2,Lawrence,1708,8537,1984,71,98,30,Sold,,,http://www.redfin.com/IN/Indianapolis/7691-Micawber-Ct-46256/home/82196822,MIBOR,21522003,N,Y,39.8941052,-86.0315468
PAST SALE,February-7-2018,Single Family Residential,7525 Prairie View Dr,Indianapolis,IN,46256,308000,5,2.5,Lawrence,4375,13068,1999,38,70,83,Sold,,,http://www.redfin.com/IN/Indianapolis/7525-Prairie-View-Dr-46256/home/66946591,MIBOR,21494568,N,Y,39.8910644,-86.0073822
PAST SALE,October-25-2017,Single Family Residential,8276 Morel Dr,Indianapolis,IN,46256,247000,4,2.5,Lawrence,3256,12632,2001,143,76,84,Sold,,,http://www.redfin.com/IN/Indianapolis/8276-Morel-Dr-46256/home/67076553,MIBOR,21476477,N,Y,39.9038353,-85.9995792
PAST SALE,October-24-2017,Single Family Residential,9907 Scotch Pine Ln,Indianapolis,IN,46256,207000,3,2,Lawrence,1854,15681,1985,144,112,,Sold,,,http://www.redfin.com/IN/Indianapolis/9907-Scotch-Pine-Ln-46256/home/67105602,MIBOR,21506004,N,Y,39.9151512,-85.9929201
PAST SALE,November-3-2017,Single Family Residential,7322 Whitehall Dr,Indianapolis,IN,46256,275000,4,2.5,Lawrence,2422,26571,1969,134,114,,Sold,,,http://www.redfin.com/IN/Indianapolis/7322-Whitehall-Dr-46256/home/60108735,MIBOR,21514532,N,Y,39.8880895,-86.0086892
PAST SALE,October-27-2017,Single Family Residential,8515 Castleton Blvd,Indianapolis,IN,46256,145000,3,2,Lawrence,1539,13547,1982,141,94,,Sold,,,http://www.redfin.com/IN/Indianapolis/8515-Castleton-Blvd-46256/home/59998212,MIBOR,21503282,N,Y,39.9115453,-86.015127
PAST SALE,November-10-2017,Single Family Residential,7738 Wind Run Cir,Indianapolis,IN,46256,157000,3,2,Lawrence,1512,7840,1988,127,104,38,Sold,,,http://www.redfin.com/IN/Indianapolis/7738-Wind-Run-Cir-46256/home/60037606,MIBOR,21518149,N,Y,39.9023641,-86.0321246
PAST SALE,October-25-2017,Single Family Residential,8218 Woonsocket Ct,Indianapolis,IN,46256,287500,4,3,Lawrence,3589,28706,1990,143,80,27,Sold,,,http://www.redfin.com/IN/Indianapolis/8218-Woonsocket-Ct-46256/home/82199692,MIBOR,21485343,N,Y,39.9057168,-85.9994994
PAST SALE,September-26-2017,Single Family Residential,8868 Pine Tree Blvd,Indianapolis,IN,46256,154000,3,2,Lawrence,1313,5967,1988,172,117,29,Sold,,,http://www.redfin.com/IN/Indianapolis/8868-Pine-Tree-Blvd-46256/home/59987257,MIBOR,21503962,N,Y,39.9171771,-86.0174587
PAST SALE,October-13-2017,Single Family Residential,9425 Moorings Blvd,Indianapolis,IN,46256,308000,4,2.5,Lawrence,3577,17772,1994,155,86,48,Sold,,,http://www.redfin.com/IN/Indianapolis/9425-Moorings-Blvd-46256/home/60127572,MIBOR,21495213,N,Y,39.9245942,-85.9860667
PAST SALE,September-29-2017,Single Family Residential,8311 Castleton Blvd,Indianapolis,IN,46256,235000,4,2.5,Lawrence,3906,13068,1978,169,60,25,Sold,,,http://www.redfin.com/IN/Indianapolis/8311-Castleton-Blvd-46256/home/60108271,MIBOR,21490976,N,Y,39.9078657,-86.0211136
PAST SALE,November-22-2017,Single Family Residential,7431 Scarborough Blvd East Dr,Indianapolis,IN,46256,275000,4,2.5,Lawrence,3795,18992,1975,115,72,3,Sold,,,http://www.redfin.com/IN/Indianapolis/7431-E-Scarborough-Boulevard-Dr-46256/home/82194904,MIBOR,21505055,N,Y,39.88997,-86.0239847
PAST SALE,October-25-2017,Single Family Residential,7029 Bexley Dr,Indianapolis,IN,46256,242000,4,2.5,Lawrence,2962,30491,1968,143,82,,Sold,,,http://www.redfin.com/IN/Indianapolis/7029-Bexley-Dr-46256/home/60045456,MIBOR,21507898,N,Y,39.8745527,-86.0450533
PAST SALE,October-23-2017,Single Family Residential,8001 Tanager Ln,Indianapolis,IN,46256,172500,3,2.5,Lawrence,1566,12196,1979,145,110,29,Sold,,,http://www.redfin.com/IN/Indianapolis/8001-Tanager-Ln-46256/home/66939544,MIBOR,21510522,N,Y,39.8946162,-86.0277213
PAST SALE,October-31-2017,Single Family Residential,8106 Knollview Ct,Indianapolis,IN,46256,280000,3,2,Lawrence,2157,11891,1997,137,130,185,Sold,,,http://www.redfin.com/IN/Indianapolis/8106-Knollview-Ct-46256/home/82200658,MIBOR,21509235,N,Y,39.8795458,-86.0244534
PAST SALE,October-31-2017,Single Family Residential,6931 Knollcreek Dr,Indianapolis,IN,46256,301500,3,2.5,Lawrence,2308,16378,2000,137,131,175,Sold,,,http://www.redfin.com/IN/Indianapolis/6931-Knollcreek-Dr-46256/home/82314806,MIBOR,21505459,N,Y,39.8814017,-86.021843
PAST SALE,November-30-2017,Single Family Residential,6909 Kingswood Dr,Indianapolis,IN,46256,189900,4,3,Lawrence,3368,16291,1970,107,56,,Sold,,,http://www.redfin.com/IN/Indianapolis/6909-Kingswood-Dr-46256/home/66958493,MIBOR,21513274,N,Y,39.880772,-86.0439379
PAST SALE,November-14-2017,Single Family Residential,6522 Albion Dr,Indianapolis,IN,46256,227000,4,2.5,Lawrence,2896,14679,1976,123,78,,Sold,,,http://www.redfin.com/IN/Indianapolis/6522-Albion-Dr-46256/home/82194858,MIBOR,21503522,N,Y,39.8767362,-86.039675
PAST SALE,November-14-2017,Single Family Residential,7411 Stonegate Ct,Indianapolis,IN,46256,225000,3,2.5,Lawrence,2034,13547,1991,123,111,19,Sold,,,http://www.redfin.com/IN/Indianapolis/7411-Stonegate-Ct-46256/home/82200146,MIBOR,21518553,N,Y,39.8894926,-86.0309291
PAST SALE,,Single Family Residential,9531 Sargent Rd,Indianapolis,IN,46256,13000,,,,1288,43560,1973,,10,,,,,http://www.redfin.com/IN/Indianapolis/9531-Sargent-Rd-46256/home/82194362,,,N,Y,39.9263817,-86.0059592
PAST SALE,December-14-2017,Single Family Residential,7864 Bosinney Cir,Indianapolis,IN,46256,151500,3,2,Lawrence,1500,5662,1984,93,101,30,Sold,,,http://www.redfin.com/IN/Indianapolis/7864-Bosinney-Cir-46256/home/82197068,MIBOR,21518227,N,Y,39.8913906,-86.0295544
PAST SALE,February-21-2018,Single Family Residential,8526 Beckinhill Ct,Indianapolis,IN,46256,180000,3,2.5,Lawrence,1812,16247,1980,24,99,25,Sold,,,http://www.redfin.com/IN/Indianapolis/8526-Beckinhill-Ct-46256/home/82196172,MIBOR,21518119,N,Y,39.9122117,-86.0181961
PAST SALE,January-11-2018,Single Family Residential,9564 Timberline Dr,Indianapolis,IN,46256,435000,5,4.5,Lawrence,6739,29620,1997,65,65,67,Sold,,,http://www.redfin.com/IN/Indianapolis/9564-Timberline-Dr-46256/home/60048727,MIBOR,21496329,N,Y,39.8968286,-85.9992801
PAST SALE,March-6-2018,Single Family Residential,7935 Tanager Ln,Indianapolis,IN,46256,222900,4,2.5,Lawrence,2136,13503,1980,11,104,33,Sold,,,http://www.redfin.com/IN/Indianapolis/7935-Tanager-Ln-46256/home/67046450,MIBOR,21542194,N,Y,39.8946393,-86.0283987
PAST SALE,March-14-2018,Single Family Residential,7929 Teel Way,Indianapolis,IN,46256,197900,3,2.5,Lawrence,1750,15289,1976,3,113,33,Sold,,,http://www.redfin.com/IN/Indianapolis/7929-Teel-Way-46256/home/67017538,MIBOR,21549159,N,Y,39.8995325,-86.0189698
PAST SALE,January-26-2018,Single Family Residential,7009 Eastwick Ln,Indianapolis,IN,46256,253500,4,2.5,Lawrence,3162,20473,1971,50,80,13,Sold,,,http://www.redfin.com/IN/Indianapolis/7009-Eastwick-Ln-46256/home/60002027,MIBOR,21517172,N,Y,39.8815592,-86.0455612
PAST SALE,January-12-2018,Single Family Residential,11068 Geist Woods Cir,Indianapolis,IN,46256,239900,3,2.5,Fall Creek,2006,8712,1987,64,120,32,Sold,,,http://www.redfin.com/IN/Indianapolis/11068-Geist-Woods-Cir-46256/home/60051120,MIBOR,21525573,N,Y,39.9306606,-85.9720202
PAST SALE,January-12-2018,Single Family Residential,10009 Shahan Ct,Indianapolis,IN,46256,250900,4,2.5,Lawrence,2372,19166,1988,64,106,,Sold,,,http://www.redfin.com/IN/Indianapolis/10009-Shahan-Ct-46256/home/64137841,MIBOR,21526743,N,Y,39.9174598,-85.9912851
PAST SALE,December-7-2017,Single Family Residential,8426 Scarsdale Dr W,Indianapolis,IN,46256,197500,4,2.5,Lawrence,1894,14374,1983,100,104,25,Sold,,,http://www.redfin.com/IN/Indianapolis/8426-Scarsdale-Dr-W-46256/home/144271852,MIBOR,21523739,N,Y,39.90967,-86.0227681
PAST SALE,January-24-2018,Single Family Residential,9634 Hampton Cir N,Indianapolis,IN,46256,312000,4,2.5,Lawrence,3124,21867,1989,52,100,27,Sold,,,http://www.redfin.com/IN/Indianapolis/9634-Hampton-Cir-N-46256/home/82199118,MIBOR,21526162,N,Y,39.9097562,-85.9992203
PAST SALE,January-29-2018,Single Family Residential,8211 Lake Point Ct,Indianapolis,IN,46256,217750,3,2.5,Lawrence,1971,16988,1979,47,110,32,Sold,,,http://www.redfin.com/IN/Indianapolis/8211-Lake-Point-Ct-46256/home/59994139,MIBOR,21519558,N,Y,39.9040327,-86.0229973
PAST SALE,February-7-2018,Single Family Residential,8629 Burrell Ln,Indianapolis,IN,46256,195000,4,2.5,Lawrence,1993,8712,1990,38,98,33,Sold,,,http://www.redfin.com/IN/Indianapolis/8629-Burrell-Ln-46256/home/60050455,MIBOR,21526230,N,Y,39.9133962,-86.0169366
PAST SALE,February-20-2018,Single Family Residential,8064 Cardinal Cv W,Indianapolis,IN,46256,172900,4,3,Lawrence,2080,8712,1988,25,83,25,Sold,,,http://www.redfin.com/IN/Indianapolis/8064-Cardinal-Cv-W-46256/home/82198232,MIBOR,21528426,N,Y,39.899877,-86.0321879
PAST SALE,February-27-2018,Single Family Residential,9006 Baywood Cir,Indianapolis,IN,46256,175000,4,3,Lawrence,1768,11194,1988,18,99,30,Sold,,,http://www.redfin.com/IN/Indianapolis/9006-Baywood-Cir-46256/home/82314515,MIBOR,21520423,N,Y,39.9186569,-86.0189091
PAST SALE,February-23-2018,Single Family Residential,8604 Burrell Ln,Indianapolis,IN,46256,196000,4,2.5,Lawrence,2695,7840,1990,22,73,72,Sold,,,http://www.redfin.com/IN/Indianapolis/8604-Burrell-Ln-46256/home/59988950,MIBOR,21540492,N,Y,39.9141956,-86.0171712
PAST SALE,February-26-2018,Single Family Residential,8229 Autumn Mill Ln,Indianapolis,IN,46256,155000,4,2.5,Lawrence,1508,12196,1983,19,103,,Sold,,,http://www.redfin.com/IN/Indianapolis/8229-Autumn-Mill-Ln-46256/home/60106888,MIBOR,21545795,N,Y,39.9066604,-86.0237367
PAST SALE,February-28-2018,Single Family Residential,7421 Stonegate Ct,Indianapolis,IN,46256,225000,3,2.5,Lawrence,1728,13068,1992,17,130,19,Sold,,,http://www.redfin.com/IN/Indianapolis/7421-Stonegate-Ct-46256/home/67059039,MIBOR,21539988,N,Y,39.8897179,-86.0310686
PAST SALE,March-1-2018,Single Family Residential,9006 Seabreeze Ct,Indianapolis,IN,46256,307500,4,2.5,Lawrence,3517,23086,1985,16,87,38,Sold,,,http://www.redfin.com/IN/Indianapolis/9006-Seabreeze-Ct-46256/home/60095312,MIBOR,21518764,N,Y,39.9182667,-85.9882443
PAST SALE,January-16-2018,Single Family Residential,7750 Scarborough Blvd S,Indianapolis,IN,46256,235500,4,2.5,Lawrence,3144,16770,1970,60,75,3,Sold,,,http://www.redfin.com/IN/Indianapolis/7750-S-Scarborough-Boulevard-Dr-S-46256/home/82194628,MIBOR,21502981,N,Y,39.8886005,-86.031228
PAST SALE,January-19-2018,Single Family Residential,9047 E 86th St,Indianapolis,IN,46256,251500,3,2,Lawrence,2892,60112,1955,57,87,,Sold,,,http://www.redfin.com/IN/Indianapolis/9047-E-86th-St-46256/home/66957928,MIBOR,21490770,N,Y,39.9113606,-86.0082836
PAST SALE,March-1-2018,Single Family Residential,8201 Bittern Ln,Indianapolis,IN,46256,199900,3,2,Lawrence,1708,11891,1979,16,117,29,Sold,,,http://www.redfin.com/IN/Indianapolis/8201-Bittern-Ln-46256/home/82195496,MIBOR,21510215,N,Y,39.896442,-86.0236529
PAST SALE,March-7-2018,Single Family Residential,8047 Murphy Ct,Indianapolis,IN,46256,168900,3,2,Lawrence,1792,37461,1963,10,94,,Sold,,,http://www.redfin.com/IN/Indianapolis/8047-Murphy-Ct-46256/home/82193681,MIBOR,21542279,N,Y,39.885171,-86.025928
PAST SALE,March-9-2018,Single Family Residential,8857 Ginnylock Dr,Indianapolis,IN,46256,246000,4,2.5,Lawrence,3508,34848,1988,8,70,,Sold,,,http://www.redfin.com/IN/Indianapolis/8857-Ginnylock-Dr-46256/home/82198409,MIBOR,21518760,N,Y,39.9203169,-86.0119242
PAST SALE,January-5-2018,Single Family Residential,9265 E 82nd St,Indianapolis,IN,46256,450000,3,2,Lawrence,2640,310103,1945,71,170,,Sold,,,http://www.redfin.com/IN/Indianapolis/9265-E-82nd-St-46256/home/82313120,MIBOR,21497541,N,Y,39.900423,-86.005241
PAST SALE,January-8-2018,Single Family Residential,10120 Windward Pass,Fishers,IN,46038,365000,5,3.5,Fall Creek,4030,13068,1999,68,91,32,Sold,,,http://www.redfin.com/IN/Fishers/10120-Windward-Pass-46037/home/66975658,MIBOR,21510554,N,Y,39.9338369,-85.975134
PAST SALE,December-11-2017,Single Family Residential,10629 Stormhaven Way,Indianapolis,IN,46256,1100000,6,6,Lawrence,8523,30491,1994,96,129,38,Sold,,,http://www.redfin.com/IN/Indianapolis/10629-Stormhaven-Way-46256/home/66978509,MIBOR,21510763,N,Y,39.9185627,-85.9785423
PAST SALE,January-2-2018,Single Family Residential,8405 Thornhill Dr,Indianapolis,IN,46256,169900,4,2,Marion,2810,19689,1966,74,60,,Sold,,,http://www.redfin.com/IN/Indianapolis/8405-Thornhill-Dr-46256/home/82193791,MIBOR,21526620,N,Y,39.909073,-86.0096658
PAST SALE,December-8-2017,Single Family Residential,10973 Windjammer Dr S,Fishers,IN,46256,380000,4,4.5,Fall Creek,4738,21780,1988,99,80,,Sold,,,http://www.redfin.com/IN/Indianapolis/10973-Windjammer-Dr-N-46256/home/82382254,MIBOR,21513703,N,Y,39.932781,-85.966376
PAST SALE,,Single Family Residential,9647 E 96th St,Indianapolis,IN,46256,21725,,,,1923,147538,1985,,11,,,,,http://www.redfin.com/IN/Indianapolis/9647-E-96th-St-46256/home/82195505,,,N,Y,39.9262029,-85.9972665
PAST SALE,February-26-2018,Single Family Residential,9911 Carefree Dr,Indianapolis,IN,46256,302000,4,2.5,Fall Creek,2020,35283,1987,19,150,8,Sold,,,http://www.redfin.com/IN/Indianapolis/9911-Carefree-Dr-46256/home/66825994,MIBOR,21541696,N,Y,39.9339244,-85.9727312
PAST SALE,October-20-2017,Single Family Residential,8717 Swift Sail Ct,Indianapolis,IN,46256,226500,3,3,Lawrence,2678,20473,1983,148,85,38,Sold,,,http://www.redfin.com/IN/Indianapolis/8717-Swiftsail-Ct-46256/home/66862096,MIBOR,21506128,N,Y,39.9143948,-85.9861006
PAST SALE,October-19-2017,Single Family Residential,9525 Hadway Dr,Indianapolis,IN,46256,179525,4,2.5,Lawrence,1793,16335,1989,149,100,,Sold,,,http://www.redfin.com/IN/Indianapolis/9525-Hadway-Dr-46256/home/82198039,MIBOR,21513797,N,Y,39.9263478,-86.0175833
PAST SALE,September-18-2017,Single Family Residential,7837 Bosinney Cir,Indianapolis,IN,46256,166000,3,2,Lawrence,1435,6969,1985,180,116,30,Sold,,,http://www.redfin.com/IN/Indianapolis/7837-Bosinney-Cir-46256/home/82197067,MIBOR,21504254,N,Y,39.8911038,-86.0305506
PAST SALE,September-21-2017,Single Family Residential,10004 Fall Creek Rd,Indianapolis,IN,46256,465000,4,3,Lawrence,5179,43124,2001,177,90,,Sold,,,http://www.redfin.com/IN/Indianapolis/10004-Fall-Creek-Rd-46256/home/60034955,MIBOR,21500204,N,Y,39.9081473,-85.9920827
PAST SALE,September-25-2017,Single Family Residential,8423 Mud Creek Rd,Indianapolis,IN,46256,590000,6,4.5,Lawrence,6771,135384,1975,173,87,,Sold,,,http://www.redfin.com/IN/Indianapolis/8423-Mud-Creek-Rd-46256/home/82195395,MIBOR,21452817,N,Y,39.9097836,-85.9941961
PAST SALE,September-29-2017,Single Family Residential,9010 Carriage Ln,Indianapolis,IN,46256,256000,3,3,Lawrence,3281,32757,1960,169,78,,Sold,,,http://www.redfin.com/IN/Indianapolis/9010-Carriage-Ln-46256/home/82193194,MIBOR,21496365,N,Y,39.8854313,-86.0098153
PAST SALE,September-28-2017,Single Family Residential,7252 Crest Ln,Indianapolis,IN,46256,158840,3,2,Lawrence,1522,15028,1962,170,104,1,Sold,,,http://www.redfin.com/IN/Indianapolis/7252-Crest-Ln-46256/home/82288772,MIBOR,21506074,N,Y,39.886703,-86.0290961
PAST SALE,September-18-2017,Single Family Residential,7825 Prairie View Ln,Indianapolis,IN,46256,361000,4,3.5,Lawrence,4169,11761,1997,180,87,75,Sold,,,http://www.redfin.com/IN/Indianapolis/7825-Prairie-View-Ln-46256/home/66884967,MIBOR,21493437,N,Y,39.8970351,-86.0070346
PAST SALE,September-29-2017,Single Family Residential,8050 Castle Lake Rd,Indianapolis,IN,46256,210000,3,2.5,Lawrence,1693,12675,1979,169,124,34,Sold,,,http://www.redfin.com/IN/Indianapolis/8050-Castle-Lake-Rd-46256/home/66990580,MIBOR,21504097,N,Y,39.9024435,-86.0244534
PAST SALE,October-27-2017,Single Family Residential,9311 Timberline Way,Indianapolis,IN,46256,712500,4,4.5,Lawrence,6435,24829,2000,141,111,58,Sold,,,http://www.redfin.com/IN/Indianapolis/9311-Timberline-Way-46256/home/82273644,MIBOR,21475529,N,Y,39.8961304,-86.0040447
PAST SALE,October-24-2017,Single Family Residential,7651 Micawber Ct,Indianapolis,IN,46256,142000,2,2,Lawrence,1255,7971,1983,144,113,30,Sold,,,http://www.redfin.com/IN/Indianapolis/7651-Micawber-Ct-46256/home/82288379,MIBOR,21511055,N,Y,39.8932808,-86.0320648
PAST SALE,October-12-2017,Single Family Residential,8567 Scarsdale Dr W,Indianapolis,IN,46256,225000,3,2,Lawrence,1675,15245,1985,156,134,25,Sold,,,http://www.redfin.com/IN/Indianapolis/8567-Scarsdale-Dr-W-46256/home/60130229,MIBOR,21509361,N,Y,39.9118181,-86.020747
PAST SALE,October-20-2017,Single Family Residential,9439 Hadway Dr,Indianapolis,IN,46256,190000,4,2.5,Lawrence,3078,10890,1988,148,62,6,Sold,,,http://www.redfin.com/IN/Indianapolis/9439-Hadway-Dr-46256/home/60159412,MIBOR,21505764,N,Y,39.9249026,-86.016451
PAST SALE,October-12-2017,Single Family Residential,9616 Loganberry Ln,Indianapolis,IN,46256,350000,4,2.5,Lawrence,4361,14810,2000,156,80,67,Sold,,,http://www.redfin.com/IN/Indianapolis/9616-Loganberry-Ln-46256/home/62636857,MIBOR,21504675,N,Y,39.9049941,-85.9983032
PAST SALE,October-23-2017,Single Family Residential,8734 Caplock Ln,Indianapolis,IN,46256,154000,3,2.5,Lawrence,1634,14026,1981,145,94,,Sold,,,http://www.redfin.com/IN/Indianapolis/8734-Caplock-Ln-46256/home/59992666,MIBOR,21509933,N,Y,39.9181115,-86.0137319
PAST SALE,November-6-2017,Single Family Residential,7158 Hampstead Ln,Indianapolis,IN,46256,212500,4,2.5,Lawrence,2620,13068,1968,131,81,,Sold,,,http://www.redfin.com/IN/Indianapolis/7158-Hampstead-Ln-46256/home/82194440,MIBOR,21481938,N,Y,39.8787177,-86.0425037
PAST SALE,October-31-2017,Single Family Residential,7539 E 80th St,Indianapolis,IN,46256,199000,3,2.5,Lawrence,2375,18992,1984,137,84,,Sold,,,http://www.redfin.com/IN/Indianapolis/7539-E-80th-St-46256/home/60037442,MIBOR,21510166,N,Y,39.8995759,-86.0349935
PAST SALE,October-30-2017,Single Family Residential,10214 Swiftsail Ln,Indianapolis,IN,46256,244500,4,2.5,Lawrence,3020,15420,1984,138,81,38,Sold,,,http://www.redfin.com/IN/Indianapolis/10214-Swiftsail-Ln-46256/home/82288621,MIBOR,21492675,N,Y,39.9153692,-85.9864596
PAST SALE,September-20-2017,Single Family Residential,7222 Highburry Dr,Indianapolis,IN,46256,261900,4,2.5,Lawrence,3336,14984,1975,178,79,,Sold,,,http://www.redfin.com/IN/Indianapolis/7222-Highburry-Dr-46256/home/67050666,MIBOR,21492377,N,Y,39.8809591,-86.041189
PAST SALE,November-6-2017,Single Family Residential,8268 Sweetclover Dr,Indianapolis,IN,46256,300000,4,3.5,Lawrence,4732,18295,2001,131,63,75,Sold,,,http://www.redfin.com/IN/Indianapolis/8268-Sweetclover-Dr-46256/home/60009418,MIBOR,21489191,N,Y,39.9038924,-85.997745
PAST SALE,October-31-2017,Single Family Residential,7682 Pinesprings Dr W,Indianapolis,IN,46256,229000,4,2.5,Lawrence,2155,,1988,137,106,23,Sold,,,http://www.redfin.com/IN/Indianapolis/7682-W-Pinesprings-Dr-46256/home/60104591,MIBOR,21507253,N,Y,39.8940824,-86.0250114
PAST SALE,October-27-2017,Single Family Residential,7901 Hawthorne Rd,Indianapolis,IN,46256,130000,3,2,Lawrence,2600,,1960,141,50,,Sold,,,http://www.redfin.com/IN/Indianapolis/7901-Hawthorne-Rd-46256/home/67112271,MIBOR,21470016,N,Y,39.8819467,-86.0278659
PAST SALE,October-30-2017,Single Family Residential,9208 Kinlock Dr,Indianapolis,IN,46256,230750,3,2.5,Lawrence,3009,25787,1964,138,77,,Sold,,,http://www.redfin.com/IN/Indianapolis/9208-Kinlock-Dr-46256/home/82193789,MIBOR,21501537,N,Y,39.8879424,-86.0061577
PAST SALE,October-31-2017,Single Family Residential,8320 Castleton Blvd,Indianapolis,IN,46256,185000,4,2.5,Lawrence,3632,13939,1977,137,51,25,Sold,,,http://www.redfin.com/IN/Indianapolis/8320-Castleton-Blvd-46256/home/82195086,MIBOR,21510116,N,Y,39.9082356,-86.0214533
PAST SALE,September-20-2017,Single Family Residential,8021 Warbler Way,Indianapolis,IN,46256,187000,3,2,Lawrence,1666,14636,1978,178,112,29,Sold,,,http://www.redfin.com/IN/Indianapolis/8021-Warbler-Way-46256/home/82196166,MIBOR,21505269,N,Y,39.8972163,-86.0263663
PAST SALE,October-27-2017,Single Family Residential,7811 Fall Creek Rd,Indianapolis,IN,46256,340000,4,2.5,Lawrence,4850,39500,1968,141,70,,Sold,,,http://www.redfin.com/IN/Indianapolis/7811-Fall-Creek-Rd-46256/home/82198329,MIBOR,21469291,N,Y,39.8778562,-86.0302958
PAST SALE,November-7-2017,Single Family Residential,7842 Bosinney Cir,Indianapolis,IN,46256,157900,3,2,Lawrence,1640,5662,1984,130,96,30,Sold,,,http://www.redfin.com/IN/Indianapolis/7842-Bosinney-Cir-46256/home/82197507,MIBOR,21504342,N,Y,39.8915373,-86.0303513
PAST SALE,September-22-2017,Single Family Residential,9612 Winsome Ct,Indianapolis,IN,46256,332900,4,2.5,Lawrence,4171,19166,1999,176,80,67,Sold,,,http://www.redfin.com/IN/Indianapolis/9612-Winsome-Ct-46256/home/82293780,MIBOR,21500638,N,Y,39.9036821,-85.9986222
PAST SALE,October-6-2017,Single Family Residential,8568 Jagged Rock Ct,Indianapolis,IN,46256,175000,3,2,Lawrence,1893,12196,1989,162,92,29,Sold,,,http://www.redfin.com/IN/Indianapolis/8568-Jagged-Rock-Ct-46256/home/60087383,MIBOR,21506200,N,Y,39.9178036,-86.0165341
PAST SALE,October-2-2017,Single Family Residential,9065 Harrison Run Dr,Indianapolis,IN,46256,193000,3,2.5,Lawrence,2360,14374,2000,166,82,31,Sold,,,http://www.redfin.com/IN/Indianapolis/9065-Harrison-Run-Dr-46256/home/60084142,MIBOR,21501560,N,Y,39.8810755,-86.0082307
PAST SALE,October-17-2017,Single Family Residential,8829 Sugar Pine Pt,Indianapolis,IN,46256,180000,3,2.5,Lawrence,1839,8712,1987,151,98,29,Sold,,,http://www.redfin.com/IN/Indianapolis/8829-Sugar-Pine-Pt-46256/home/60049838,MIBOR,21507091,N,Y,39.9160179,-86.0193121
PAST SALE,October-20-2017,Single Family Residential,8822 Haddington Dr N,Indianapolis,IN,46256,163499,3,2,Lawrence,1726,19602,1987,148,95,,Sold,,,http://www.redfin.com/IN/Indianapolis/8822-Haddington-Dr-N-46256/home/60112100,MIBOR,21513424,N,Y,39.9263814,-86.0141018
PAST SALE,,Single Family Residential,9545 Sargent Rd,Indianapolis,IN,46256,192000,,,,1680,31058,1965,,114,,,,,http://www.redfin.com/IN/Indianapolis/9545-Sargent-Rd-46256/home/64232821,,,N,Y,39.9268032,-86.0059783
PAST SALE,September-27-2017,Single Family Residential,8584 Woodstone Ct,Indianapolis,IN,46256,175000,3,2.5,Lawrence,1637,11107,1989,171,107,26,Sold,,,http://www.redfin.com/IN/Indianapolis/8584-Woodstone-Ct-46256/home/82199158,MIBOR,21507671,N,Y,39.9159849,-86.01632
PAST SALE,October-6-2017,Single Family Residential,7644 William Penn Pl,Indianapolis,IN,46256,855000,5,5,Lawrence,8100,62290,1990,162,106,142,Sold,,,http://www.redfin.com/IN/Indianapolis/7644-William-Penn-Pl-46256/home/82199746,MIBOR,21494717,N,Y,39.8942702,-86.0133664
PAST SALE,October-18-2017,Single Family Residential,9687 Decatur Dr,Indianapolis,IN,46256,350000,4,3.5,Fall Creek,4196,20908,1985,150,83,33,Sold,,,http://www.redfin.com/IN/Indianapolis/9687-Decatur-Dr-46256/home/60099619,MIBOR,21501312,N,Y,39.9298342,-85.9701452
PAST SALE,October-6-2017,Single Family Residential,9934 Northwind Dr,Indianapolis,IN,46256,305900,4,2.5,Lawrence,2970,14374,1992,162,103,48,Sold,,,http://www.redfin.com/IN/Indianapolis/9934-Northwind-Dr-46256/home/67054109,MIBOR,21486970,N,Y,39.9245883,-85.992282
PAST SALE,October-6-2017,Single Family Residential,7701 Teel Way,Indianapolis,IN,46256,192000,3,2,Lawrence,1772,18556,1978,162,108,29,Sold,,,http://www.redfin.com/IN/Indianapolis/7701-Teel-Way-46256/home/82196199,MIBOR,21510681,N,Y,39.8945746,-86.022401
PAST SALE,September-27-2017,Single Family Residential,9049 Lisering Cir,Indianapolis,IN,46256,115900,2,1,Lawrence,882,3484,1989,171,131,90,Sold,,,http://www.redfin.com/IN/Indianapolis/9049-Lisering-Cir-46256/home/60127821,MIBOR,21510276,N,Y,39.9191999,-86.0250313
