SALE TYPE,SOLD DATE,PROPERTY TYPE,ADDRESS,CITY,STATE,ZIP,PRICE,BEDS,BATHS,LOCATION,SQUARE FEET,LOT SIZE,YEAR BUILT,DAYS ON MARKET,$/SQUARE FEET,HOA/MONTH,STATUS,NEXT OPEN HOUSE START TIME,NEXT OPEN HOUSE END TIME,URL (SEE http://www.redfin.com/buy-a-home/comparative-market-analysis FOR INFO ON PRICING),SOURCE,MLS#,FAVORITE,INTERESTED,LATITUDE,LONGITUDE
PAST SALE,October-6-2017,Single Family Residential,2138 E Thompson Rd,Indianapolis,IN,46227,108500,3,1.5,Perry,1920,15245,1954,162,57,,Sold,,,http://www.redfin.com/IN/Indianapolis/2138-E-Thompson-Rd-46227/home/82206581,MIBOR,21510331,N,Y,39.6940155,-86.1256803
PAST SALE,October-2-2017,Single Family Residential,2105 Radcliffe Ave,Indianapolis,IN,46227,140000,3,2,Perry,2296,9147,1966,166,61,,Sold,,,http://www.redfin.com/IN/Indianapolis/2105-Radcliffe-Ave-46227/home/82209132,MIBOR,21497714,N,Y,39.705528,-86.1240694
PAST SALE,October-12-2017,Single Family Residential,3523 Pleasant Creek Dr,Indianapolis,IN,46227,120000,3,1,Perry,1176,7405,1986,156,102,,Sold,,,http://www.redfin.com/IN/Indianapolis/3523-Pleasant-Creek-Dr-46227/home/82316926,MIBOR,21510914,N,Y,39.6425361,-86.105501
PAST SALE,October-20-2017,Single Family Residential,8434 Armistead Ln,Indianapolis,IN,46227,134900,3,2,Perry,1230,6011,1999,148,110,17,Sold,,,http://www.redfin.com/IN/Indianapolis/8434-Armistead-Ln-46227/home/60023733,MIBOR,21510149,N,Y,39.6438379,-86.104466
PAST SALE,September-18-2017,Single Family Residential,3267 Tulip Dr,Indianapolis,IN,46227,210000,4,3,Perry,2298,26136,1965,180,91,,Sold,,,http://www.redfin.com/IN/Indianapolis/3267-Tulip-Dr-46227/home/82209994,MIBOR,21487831,N,Y,39.6678617,-86.1058885
PAST SALE,September-29-2017,Single Family Residential,806 Blue Oak Ln,Indianapolis,IN,46227,163000,3,2,Perry,1716,10890,1986,169,95,,Sold,,,http://www.redfin.com/IN/Indianapolis/806-Blue-Oak-Ln-46227/home/82212896,MIBOR,21496832,N,Y,39.6439318,-86.1441126
PAST SALE,September-25-2017,Single Family Residential,3731 Asbury St,Indianapolis,IN,46227,59000,3,1,Perry,960,4356,1968,173,61,,Sold,,,http://www.redfin.com/IN/Indianapolis/3731-Asbury-St-46227/home/66986511,MIBOR,21511388,N,Y,39.711675,-86.1287397
PAST SALE,September-28-2017,Single Family Residential,8830 Summer Walk Dr E,Indianapolis,IN,46227,125000,3,2,Perry,1193,6751,1989,170,105,,Sold,,,http://www.redfin.com/IN/Indianapolis/8830-Summer-Walk-Dr-E-46227/home/82213300,MIBOR,21504252,N,Y,39.6378341,-86.1109018
PAST SALE,October-11-2017,Single Family Residential,138 Village Green Dr,Indianapolis,IN,46227,118000,3,2.5,Perry,1462,4312,2005,157,81,19,Sold,,,http://www.redfin.com/IN/Indianapolis/138-Village-Green-Dr-46227/home/82295593,MIBOR,21505562,N,Y,39.6988781,-86.1552443
PAST SALE,October-6-2017,Single Family Residential,202 Crosby Dr,Indianapolis,IN,46227,151500,3,2,Perry,1364,21780,1975,162,111,,Sold,,,http://www.redfin.com/IN/Indianapolis/202-Crosby-Dr-46227/home/82211334,MIBOR,21494344,N,Y,39.6390089,-86.1547672
PAST SALE,October-2-2017,Single Family Residential,3507 Pinetop Dr,Indianapolis,IN,46227,92000,4,2,Perry,1536,15986,1977,166,60,,Sold,,,http://www.redfin.com/IN/Indianapolis/3507-Pinetop-Dr-46227/home/82211806,MIBOR,21506639,N,Y,39.6601212,-86.1055304
PAST SALE,October-6-2017,Single Family Residential,127 E Valley View Dr,Indianapolis,IN,46227,171000,3,2,Perry,1872,16552,1964,162,91,,Sold,,,http://www.redfin.com/IN/Indianapolis/127-E-Valley-View-Dr-46227/home/82316408,MIBOR,21505182,N,Y,39.6485369,-86.1555219
PAST SALE,October-5-2017,Single Family Residential,7459 Griffith Rd,Indianapolis,IN,46227,179250,2,2,Perry,3383,24829,1960,163,53,,Sold,,,http://www.redfin.com/IN/Indianapolis/7459-Griffith-Rd-46227/home/60109014,MIBOR,21505666,N,Y,39.6581366,-86.1305647
PAST SALE,September-28-2017,Single Family Residential,3009 Shakespeare Dr,Indianapolis,IN,46227,115000,3,1,Perry,1102,11325,1964,170,104,,Sold,,,http://www.redfin.com/IN/Southport/3009-Shakespeare-Dr-46227/home/60017787,MIBOR,21516428,N,Y,39.657117,-86.1132094
PAST SALE,September-19-2017,Single Family Residential,3201 S Pennsylvania St,Indianapolis,IN,46227,85500,2,1.5,Perry,1020,45302,1920,179,84,,Sold,,,http://www.redfin.com/IN/Indianapolis/3201-S-Pennsylvania-St-46227/home/60159165,MIBOR,21496523,N,Y,39.7201404,-86.1559598
PAST SALE,September-22-2017,Single Family Residential,306 E Hill Valley Dr,Indianapolis,IN,46227,145000,3,1.5,Perry,1398,15245,1961,176,104,,Sold,,,http://www.redfin.com/IN/Indianapolis/306-E-Hill-Valley-Dr-46227/home/66836385,MIBOR,21502399,N,Y,39.6462668,-86.1526206
PAST SALE,September-19-2017,Single Family Residential,3727 Asbury St,Indianapolis,IN,46227,60000,3,1,Perry,960,8276,1968,179,63,,Sold,,,http://www.redfin.com/IN/Indianapolis/3727-Asbury-St-46227/home/66985427,MIBOR,21510704,N,Y,39.7117555,-86.1287791
PAST SALE,September-26-2017,Single Family Residential,2615 Fairfax Rd,Indianapolis,IN,46227,113500,3,1,Perry,2312,52272,1924,172,49,,Sold,,,http://www.redfin.com/IN/Indianapolis/2615-Fairfax-Rd-46227/home/67088896,MIBOR,21501391,N,Y,39.6902154,-86.1148803
PAST SALE,September-27-2017,Single Family Residential,7336 Broadview Dr,Indianapolis,IN,46227,138000,4,2.5,Perry,2088,10062,1976,171,66,,Sold,,,http://www.redfin.com/IN/Indianapolis/7336-Broadview-Dr-46227/home/82211818,MIBOR,21507591,N,Y,39.6598144,-86.1070936
PAST SALE,September-29-2017,Single Family Residential,6890 Orinoco Ave,Indianapolis,IN,46227,190000,3,1.5,Perry,2432,21780,1942,169,78,,Sold,,,http://www.redfin.com/IN/Indianapolis/6890-Orinoco-Ave-46227/home/82316056,MIBOR,21506683,N,Y,39.6675493,-86.1351657
PAST SALE,September-29-2017,Single Family Residential,1305 S Edgecombe Ave,Indianapolis,IN,46227,64300,3,1,Perry,1740,16117,1941,169,37,,Sold,,,http://www.redfin.com/IN/Indianapolis/1305-S-Edgecombe-Ave-46227/home/82333415,MIBOR,21507428,N,Y,39.7144896,-86.1359212
PAST SALE,September-29-2017,Single Family Residential,1004 E Thompson Rd,Indianapolis,IN,46227,91250,2,1,Perry,912,12588,1961,169,100,,Sold,,,http://www.redfin.com/IN/Indianapolis/1004-E-Thompson-Rd-46227/home/60096186,MIBOR,21500527,N,Y,39.6937364,-86.1409528
PAST SALE,October-2-2017,Single Family Residential,3744 Fredricksburg Dr,Indianapolis,IN,46227,148000,3,2.5,Perry,2115,,2003,166,70,17,Sold,,,http://www.redfin.com/IN/Indianapolis/3744-Fredricksburg-Dr-46227/home/60114173,MIBOR,21504090,N,Y,39.6443373,-86.1018696
PAST SALE,,Single Family Residential,6801 S Meridian St,Indianapolis,IN,46217,107000,2,,,1470,35981,1951,,73,,,,,http://www.redfin.com/IN/Indianapolis/6801-S-Meridian-St-46217/home/66959300,,,N,Y,39.667094,-86.15776
PAST SALE,November-1-2017,Single Family Residential,5050 Harway Ct,Indianapolis,IN,46227,170000,4,2,Perry,1834,15245,2000,136,93,,Sold,,,http://www.redfin.com/IN/Indianapolis/5050-Harway-Ct-46227/home/60047629,MIBOR,21514918,N,Y,39.6922777,-86.116392
PAST SALE,November-8-2017,Single Family Residential,2025 E Thompson Rd,Indianapolis,IN,46227,110000,2,1,Perry,1016,15245,1948,129,108,,Sold,,,http://www.redfin.com/IN/Indianapolis/2025-E-Thompson-Rd-46227/home/60121416,MIBOR,21514869,N,Y,39.6934546,-86.1215236
PAST SALE,October-20-2017,Single Family Residential,8700 S Shelby St,Indianapolis,IN,46227,89424,7,2,Perry,2642,22215,1940,148,34,,Sold,,,http://www.redfin.com/IN/Indianapolis/8700-Shelby-St-46227/home/66963182,MIBOR,21509725,N,Y,39.6399661,-86.1397484
PAST SALE,October-27-2017,Single Family Residential,8865 Summer Walk Dr E,Indianapolis,IN,46227,125500,3,2,Perry,1100,,1988,141,114,,Sold,,,http://www.redfin.com/IN/Indianapolis/8865-Summer-Walk-Dr-E-46227/home/67097333,MIBOR,21513340,N,Y,39.6373995,-86.1099469
PAST SALE,October-18-2017,Single Family Residential,4849 Mount Vernon Dr,Indianapolis,IN,46227,52000,3,1.5,Perry,1242,9583,1965,150,42,50,Sold,,,http://www.redfin.com/IN/Indianapolis/4849-Mount-Vernon-Dr-46227/home/82316531,MIBOR,21509924,N,Y,39.6951245,-86.1454544
PAST SALE,November-3-2017,Single Family Residential,8104 Hi Vu Dr,Indianapolis,IN,46227,154000,3,2,Perry,1364,13503,1965,134,113,,Sold,,,http://www.redfin.com/IN/Indianapolis/8104-Hi-Vu-Dr-46227/home/60152014,MIBOR,21494297,N,Y,39.6482851,-86.1521634
PAST SALE,November-10-2017,Single Family Residential,4853 Mount Vernon Dr,Indianapolis,IN,46227,54000,3,1.5,Perry,1254,,1965,127,43,50,Sold,,,http://www.redfin.com/IN/Indianapolis/4853-Mount-Vernon-Dr-46227/home/82210140,MIBOR,21503960,N,Y,39.6950011,-86.1454432
PAST SALE,,Condo/Co-op,2922 Fetlock Pl,Indianapolis,IN,46227,82000,3,1.5,,1500,,2003,,55,,,,,http://www.redfin.com/IN/Indianapolis/2922-Fetlock-Pl-46227/home/60073250,,,N,Y,39.7118687,-86.1137405
PAST SALE,October-5-2017,Single Family Residential,104 E Venoy Dr,Indianapolis,IN,46227,129900,3,1,Perry,1428,26136,1950,163,91,,Sold,,,http://www.redfin.com/IN/Indianapolis/104-E-Venoy-Dr-46227/home/66974432,MIBOR,21502220,N,Y,39.6661953,-86.1562778
PAST SALE,October-6-2017,Single Family Residential,921 E Mills Ave,Indianapolis,IN,46227,99900,3,1,Perry,1928,5662,1929,162,52,,Sold,,,http://www.redfin.com/IN/Indianapolis/921-E-Mills-Ave-46227/home/67087007,MIBOR,21511269,N,Y,39.7044407,-86.1434197
PAST SALE,,Single Family Residential,3411 Ferncliff Ave,Indianapolis,IN,46227,120000,3,,,1620,11369,1966,,74,,,,,http://www.redfin.com/IN/Indianapolis/3411-Ferncliff-Ave-46227/home/82210112,,,N,Y,39.6839701,-86.1074005
PAST SALE,,Single Family Residential,1301 S Edgecombe Ave,Indianapolis,IN,46227,62500,3,,,778,10799,1946,,80,,,,,http://www.redfin.com/IN/Indianapolis/1301-S-Edgecombe-Ave-46227/home/82315465,,,N,Y,39.714466,-86.136651
PAST SALE,October-6-2017,Single Family Residential,3320 Montgomery Dr,Indianapolis,IN,46227,159900,4,2.5,Perry,2042,5488,2013,162,78,13,Sold,,,http://www.redfin.com/IN/Indianapolis/3320-Montgomery-Dr-46227/home/60134315,MIBOR,21505735,N,Y,39.6465848,-86.1088727
PAST SALE,September-22-2017,Single Family Residential,7633 Singleton St,Indianapolis,IN,46227,185000,4,1.5,Perry,3108,14810,1966,176,60,,Sold,,,http://www.redfin.com/IN/Indianapolis/7633-Singleton-St-46227/home/67106870,MIBOR,21494223,N,Y,39.6548917,-86.1480089
PAST SALE,September-19-2017,Single Family Residential,4601 Earlham Dr,Indianapolis,IN,46227,160000,3,2,Perry,2592,19994,1956,179,62,,Sold,,,http://www.redfin.com/IN/Indianapolis/4601-Earlham-Dr-46227/home/82206643,MIBOR,21502979,N,Y,39.6973952,-86.1166307
PAST SALE,October-5-2017,Single Family Residential,2716 Shakespeare Dr,Southport,IN,46227,96000,3,1,Perry,1716,11325,1962,163,56,,Sold,,,http://www.redfin.com/IN/Southport/2716-Shakespeare-Dr-46227/home/82209158,MIBOR,21439520,N,Y,39.6574661,-86.1164318
PAST SALE,October-23-2017,Single Family Residential,8713 Buffalo Ridge Dr,Indianapolis,IN,46227,167500,3,2.5,Perry,1594,7274,1996,145,105,17,Sold,,,http://www.redfin.com/IN/Indianapolis/8713-Buffalo-Ridge-Dr-46227/home/82213901,MIBOR,21509963,N,Y,39.6401284,-86.1472138
PAST SALE,October-3-2017,Single Family Residential,7613 Broadview Dr,Indianapolis,IN,46227,150100,3,1.5,Perry,2250,12501,1976,165,67,,Sold,,,http://www.redfin.com/IN/Indianapolis/7613-Broadview-Dr-46227/home/82289868,MIBOR,21505932,N,Y,39.6559736,-86.107301
PAST SALE,October-16-2017,Single Family Residential,6730 Mcfarland Rd,Indianapolis,IN,46227,179900,3,1.5,Perry,2628,33105,1950,152,68,,Sold,,,http://www.redfin.com/IN/Indianapolis/6730-McFarland-Rd-46227/home/82289922,MIBOR,21511660,N,Y,39.6685712,-86.1114588
PAST SALE,September-26-2017,Single Family Residential,315 Pacific St,Indianapolis,IN,46227,85000,3,1,Perry,1118,15986,1949,172,76,,Sold,,,http://www.redfin.com/IN/Indianapolis/315-Pacific-St-46227/home/82315159,MIBOR,21506756,N,Y,39.7088979,-86.1528989
PAST SALE,January-19-2018,Single Family Residential,2510 E Southport Rd,Indianapolis,IN,46227,170000,3,2,Perry,2100,20908,1910,57,81,,Sold,,,http://www.redfin.com/IN/Indianapolis/2510-E-Southport-Rd-46227/home/82204444,MIBOR,21523760,N,Y,39.6651528,-86.1190032
PAST SALE,December-19-2017,Single Family Residential,334 Griffin Rd,Indianapolis,IN,46227,165000,3,2,Perry,1887,16901,1959,88,87,,Sold,,,http://www.redfin.com/IN/Indianapolis/334-Griffin-Rd-46227/home/60002956,MIBOR,21523709,N,Y,39.6569359,-86.1513882
PAST SALE,January-25-2018,Single Family Residential,736 Logwood Dr,Indianapolis,IN,46227,150000,3,2,Perry,1454,10236,1988,51,103,,Sold,,,http://www.redfin.com/IN/Indianapolis/736-Logwood-Dr-46227/home/60157180,MIBOR,21526423,N,Y,39.6433099,-86.1447885
PAST SALE,December-18-2017,Single Family Residential,2015 Winchester Dr,Indianapolis,IN,46227,152000,3,2,Perry,1683,17990,1961,89,90,,Sold,,,http://www.redfin.com/IN/Indianapolis/2015-Winchester-Dr-46227/home/82209316,MIBOR,21519493,N,Y,39.6493689,-86.1247456
PAST SALE,October-30-2017,Single Family Residential,3535 Eastwind St,Indianapolis,IN,46227,154900,4,2,Perry,1871,12109,1975,138,83,,Sold,,,http://www.redfin.com/IN/Indianapolis/3535-Eastwind-St-46227/home/82211853,MIBOR,21510494,N,Y,39.6554421,-86.1052519
PAST SALE,November-10-2017,Single Family Residential,3323 Oak Tree Dr S,Indianapolis,IN,46227,150000,3,2,Perry,1390,10018,1985,127,108,,Sold,,,http://www.redfin.com/IN/Indianapolis/3323-Oak-Tree-Dr-S-46227/home/82212514,MIBOR,21514815,N,Y,39.6361558,-86.107679
PAST SALE,December-29-2017,Single Family Residential,343 E Edgewood Ave,Indianapolis,IN,46227,175000,2,1,Perry,3246,38332,1945,78,54,,Sold,,,http://www.redfin.com/IN/Indianapolis/343-E-Edgewood-Ave-46227/home/82289171,MIBOR,21497686,N,Y,39.6786159,-86.1509111
PAST SALE,November-3-2017,Single Family Residential,7227 Rose Dr,Indianapolis,IN,46227,117000,3,1,Perry,1125,15028,1958,134,104,,Sold,,,http://www.redfin.com/IN/Indianapolis/7227-Rose-Dr-46227/home/82316143,MIBOR,21487696,N,Y,39.661138,-86.1318052
PAST SALE,January-16-2018,Single Family Residential,2393 E Edgewood Ave,Indianapolis,IN,46227,169900,3,2,Perry,1828,25700,1956,60,93,,Sold,,,http://www.redfin.com/IN/Indianapolis/2393-E-Edgewood-Ave-46227/home/82205541,MIBOR,21512693,N,Y,39.6791513,-86.1209667
PAST SALE,December-1-2017,Single Family Residential,8352 Montgomery Ave,Indianapolis,IN,46227,175000,3,3.5,Perry,2792,7013,1999,106,63,17,Sold,,,http://www.redfin.com/IN/Indianapolis/8352-Montgomery-Ave-46227/home/67073643,MIBOR,21484089,N,Y,39.6447543,-86.1065041
PAST SALE,October-25-2017,Single Family Residential,714 Reda Rd,Indianapolis,IN,46227,150000,3,2,Perry,2896,14984,1967,143,52,,Sold,,,http://www.redfin.com/IN/Indianapolis/714-Reda-Rd-46227/home/82210069,MIBOR,21514843,N,Y,39.6559011,-86.1456632
PAST SALE,December-11-2017,Single Family Residential,6051 S Tacoma Ave,Indianapolis,IN,46227,139250,3,2,Perry,2110,57978,1946,96,66,,Sold,,,http://www.redfin.com/IN/Indianapolis/6051-S-Tacoma-Ave-46227/home/82210417,MIBOR,21524291,N,Y,39.6781501,-86.1186993
PAST SALE,November-16-2017,Single Family Residential,8126 Topaz Dr,Indianapolis,IN,46227,130000,3,1.5,Perry,2520,16030,1964,121,52,,Sold,,,http://www.redfin.com/IN/Indianapolis/8126-Topaz-Dr-46227/home/82316490,MIBOR,21517041,N,Y,39.6480756,-86.1137266
PAST SALE,February-12-2018,Single Family Residential,109 E Sumner Ave,Indianapolis,IN,46227,115900,3,1,Perry,2108,7405,1940,33,55,,Sold,,,http://www.redfin.com/IN/Indianapolis/109-E-Sumner-Ave-46227/home/67002009,MIBOR,21528228,N,Y,39.7149597,-86.1555822
PAST SALE,November-6-2017,Single Family Residential,8215 Shiloh Ct,Indianapolis,IN,46227,180900,5,2.5,Perry,2629,11325,1976,131,69,,Sold,,,http://www.redfin.com/IN/Indianapolis/8215-Shiloh-Ct-46227/home/60091355,MIBOR,21493250,N,Y,39.6465966,-86.1400767
PAST SALE,November-1-2017,Single Family Residential,3201 Busy Bee Ln,Indianapolis,IN,46227,150000,3,2,Perry,2602,27834,1957,136,58,,Sold,,,http://www.redfin.com/IN/Indianapolis/3201-Busy-Bee-Ln-46227/home/82206374,MIBOR,21502185,N,Y,39.6766116,-86.1069026
PAST SALE,November-15-2017,Single Family Residential,6595 Madison Ave,Indianapolis,IN,46227,254000,3,2.5,Perry,3965,26571,1930,122,64,,Sold,,,http://www.redfin.com/IN/Indianapolis/6595-Madison-Ave-46227/home/82202008,MIBOR,21503309,N,Y,39.67112,-86.128653
PAST SALE,November-21-2017,Single Family Residential,2211 E Whalen Ave,Indianapolis,IN,46227,62500,2,1,Perry,736,19209,1944,116,85,,Sold,,,http://www.redfin.com/IN/Indianapolis/2211-Whalen-Ave-46227/home/82314936,MIBOR,21453330,N,Y,39.683873,-86.122261
PAST SALE,December-8-2017,Single Family Residential,4266 Bowman Ave,Indianapolis,IN,46227,149500,4,2,Perry,3219,10802,1939,99,46,,Sold,,,http://www.redfin.com/IN/Indianapolis/4266-Bowman-Ave-46227/home/82315583,MIBOR,21481499,N,Y,39.702983,-86.136528
PAST SALE,January-26-2018,Single Family Residential,7546 Lindenwood Dr,Indianapolis,IN,46227,165000,3,1.5,Perry,1836,18120,1961,50,90,,Sold,,,http://www.redfin.com/IN/Indianapolis/7546-Lindenwood-Dr-46227/home/82207154,MIBOR,21528128,N,Y,39.655864,-86.1500166
PAST SALE,December-13-2017,Single Family Residential,6348 Banta Ct,Indianapolis,IN,46227,153000,3,2.5,Perry,1900,11325,1986,94,81,,Sold,,,http://www.redfin.com/IN/Indianapolis/6348-Banta-Ct-46227/home/61438157,MIBOR,21519568,N,Y,39.6739911,-86.1522068
PAST SALE,December-29-2017,Single Family Residential,4607 N Ingleside Ln,Indianapolis,IN,46227,175000,3,3,Perry,2135,43995,1955,78,82,,Sold,,,http://www.redfin.com/IN/Indianapolis/4607-Ingleside-Ln-46227/home/67036530,MIBOR,21522279,N,Y,39.6989783,-86.1146416
PAST SALE,February-5-2018,Single Family Residential,316 Webb Dr,Indianapolis,IN,46227,152000,3,2,Perry,1652,19602,1959,40,92,,Sold,,,http://www.redfin.com/IN/Indianapolis/316-Webb-Dr-46227/home/82207858,MIBOR,21528478,N,Y,39.6615305,-86.1515472
PAST SALE,November-16-2017,Single Family Residential,2928 E Dudley Ave,Indianapolis,IN,46227,75000,3,2,Perry,2652,27747,1959,121,28,,Sold,,,http://www.redfin.com/IN/Indianapolis/2928-E-Dudley-Ave-46227/home/82202278,MIBOR,21510741,N,Y,39.6855885,-86.1136868
PAST SALE,March-2-2018,Single Family Residential,1446 E Banta Rd E,Indianapolis,IN,46227,165000,3,1,Perry,2668,23478,1951,15,62,,Sold,,,http://www.redfin.com/IN/Indianapolis/1446-E-Banta-Rd-46227/home/82205449,MIBOR,21540278,N,Y,39.6725479,-86.1319993
PAST SALE,March-2-2018,Single Family Residential,2234 E Dudley Ave,Indianapolis,IN,46227,108000,3,1,Perry,2176,6534,1926,15,50,,Sold,,,http://www.redfin.com/IN/Indianapolis/2234-E-Dudley-Ave-46227/home/82203230,MIBOR,21541795,N,Y,39.6856433,-86.1212831
PAST SALE,March-6-2018,Single Family Residential,4144 Bowman Ave,Indianapolis,IN,46227,106900,2,1,Perry,1698,5227,1928,11,63,,Sold,,,http://www.redfin.com/IN/Indianapolis/4144-Bowman-Ave-46227/home/82289179,MIBOR,21540656,N,Y,39.7050862,-86.1372655
PAST SALE,March-9-2018,Single Family Residential,2604 Fairfax Rd,Indianapolis,IN,46227,173000,2,1,Perry,1368,191402,1947,8,126,,Sold,,,http://www.redfin.com/IN/Indianapolis/2604-Fairfax-Rd-46227/home/82205440,MIBOR,21544344,N,Y,39.691366,-86.116848
PAST SALE,March-13-2018,Single Family Residential,827 E Southport Rd,Indianapolis,IN,46227,139000,3,1.5,Perry,1360,18992,1960,4,102,,Sold,,,http://www.redfin.com/IN/Indianapolis/827-E-Southport-Rd-46227/home/82207473,MIBOR,21527068,N,Y,39.6640746,-86.1430095
PAST SALE,March-15-2018,Single Family Residential,33 White Lick Dr,Indianapolis,IN,46227,130000,3,2.5,Perry,1550,4791,2006,2,84,19,Sold,,,http://www.redfin.com/IN/Indianapolis/33-White-Lick-Dr-46227/home/60033494,MIBOR,21544291,N,Y,39.6982339,-86.157361
PAST SALE,March-15-2018,Single Family Residential,3530 Eastwind St,Indianapolis,IN,46227,153000,3,1.5,Perry,1620,10105,1976,2,94,,Sold,,,http://www.redfin.com/IN/Indianapolis/3530-Eastwind-St-46227/home/82211847,MIBOR,21540768,N,Y,39.6558553,-86.1055702
PAST SALE,March-9-2018,Single Family Residential,6322 S Marburn Dr,Indianapolis,IN,46227,200000,3,2.5,Perry,2882,30927,1955,8,69,5,Sold,,,http://www.redfin.com/IN/Indianapolis/6322-Marburn-Dr-46227/home/60039638,MIBOR,21506560,N,Y,39.6748639,-86.1094695
PAST SALE,November-22-2017,Single Family Residential,3414 N Oak Tree Dr,Indianapolis,IN,46227,147000,3,2,Perry,1426,13939,1986,115,103,,Sold,,,http://www.redfin.com/IN/Indianapolis/3414-Oak-Tree-Dr-N-46227/home/60044306,MIBOR,21520059,N,Y,39.638418,-86.106649
PAST SALE,December-26-2017,Single Family Residential,1929 Remington Pl,Indianapolis,IN,46227,190000,4,3,Perry,2956,18295,1961,81,64,,Sold,,,http://www.redfin.com/IN/Indianapolis/1929-Remington-Pl-46227/home/60055421,MIBOR,21524250,N,Y,39.6483941,-86.1257002
PAST SALE,February-15-2018,Single Family Residential,167 E Stop 13 Rd,Indianapolis,IN,46227,164500,3,1.5,Perry,2464,17816,1956,30,67,,Sold,,,http://www.redfin.com/IN/Indianapolis/167-E-13-Rd-46227/home/82206929,MIBOR,21525362,N,Y,39.6397412,-86.1537734
PAST SALE,February-21-2018,Single Family Residential,7604 Broadview Dr,Indianapolis,IN,46227,167000,4,1.5,Perry,2592,16204,1976,24,64,,Sold,,,http://www.redfin.com/IN/Indianapolis/7604-Broadview-Dr-46227/home/82211909,MIBOR,21528233,N,Y,39.6564894,-86.107679
PAST SALE,October-25-2017,Single Family Residential,1138 E Standish Ave,Indianapolis,IN,46227,105000,2,2,Perry,1187,8712,1940,143,88,,Sold,,,http://www.redfin.com/IN/Indianapolis/1138-Standish-Ave-46227/home/60023260,MIBOR,21507872,N,Y,39.713105,-86.13783
PAST SALE,March-7-2018,Single Family Residential,1539 E Perry St,Indianapolis,IN,46227,63000,3,1,Perry,1068,5270,1965,10,59,,Sold,,,http://www.redfin.com/IN/Indianapolis/1539-S-Perry-St-46227/home/82314994,MIBOR,21522927,N,Y,39.7203395,-86.1328051
PAST SALE,December-22-2017,Single Family Residential,4204 Medina Way,Indianapolis,IN,46227,110000,3,2,Perry,1251,7100,1992,85,88,,Sold,,,http://www.redfin.com/IN/Indianapolis/4204-Medina-Way-46227/home/82214030,MIBOR,21520069,N,Y,39.7047079,-86.157194
PAST SALE,November-17-2017,Single Family Residential,1314 Bacon St,Indianapolis,IN,46227,47000,2,1,Perry,1188,7840,1955,120,40,,Sold,,,http://www.redfin.com/IN/Indianapolis/1314-Bacon-St-46227/home/60099134,MIBOR,21520826,N,Y,39.7215196,-86.1350459
PAST SALE,November-28-2017,Single Family Residential,1417 E Dudley Ave,Indianapolis,IN,46227,48000,4,1,Perry,1410,56628,1920,109,34,,Sold,,,http://www.redfin.com/IN/Indianapolis/1417-E-Dudley-Ave-46227/home/82203328,MIBOR,21523180,N,Y,39.6846656,-86.1355236
PAST SALE,December-13-2017,Single Family Residential,1941 E Thompson Rd,Indianapolis,IN,46227,99900,3,1.5,Perry,1016,15245,1946,94,98,,Sold,,,http://www.redfin.com/IN/Indianapolis/1941-E-Thompson-Rd-46227/home/82205289,MIBOR,21518182,N,Y,39.6934515,-86.1226374
PAST SALE,November-16-2017,Single Family Residential,3305 Redwood Dr,Indianapolis,IN,46227,130000,3,1.5,Perry,1968,11282,1965,121,66,,Sold,,,http://www.redfin.com/IN/Indianapolis/3305-Redwood-Dr-46227/home/82209041,MIBOR,21518469,N,Y,39.6866338,-86.1091413
PAST SALE,December-5-2017,Single Family Residential,524 Stover Ave,Indianapolis,IN,46227,132000,3,3,Perry,2592,22041,1956,102,51,,Sold,,,http://www.redfin.com/IN/Indianapolis/524-Stover-Ave-46227/home/82316186,MIBOR,21518310,N,Y,39.7017075,-86.146518
PAST SALE,January-13-2018,Single Family Residential,4944 Mcfarland Rd,Indianapolis,IN,46227,137500,3,2,Perry,1484,17554,1961,63,93,,Sold,,,http://www.redfin.com/IN/Indianapolis/4944-McFarland-Rd-46227/home/82205976,MIBOR,21524108,N,Y,39.6948132,-86.1140051
PAST SALE,September-29-2017,Single Family Residential,2617 E Southport Rd,Southport,IN,46227,230000,4,2,Perry,4383,21780,1922,169,52,,Sold,,,http://www.redfin.com/IN/Indianapolis/2617-E-Southport-Rd-46227/home/82204499,MIBOR,21485864,N,Y,39.6649206,-86.1173857
PAST SALE,September-28-2017,Single Family Residential,6424 Homestead Dr,Indianapolis,IN,46227,165000,3,2,Perry,1615,19166,2003,170,102,,Sold,,,http://www.redfin.com/IN/Indianapolis/6424-Homestead-Dr-46227/home/82315855,MIBOR,21504740,N,Y,39.6732419,-86.1272116
PAST SALE,September-29-2017,Single Family Residential,3523 Mechanicsburg Dr,Indianapolis,IN,46227,150000,4,2.5,Perry,1762,6534,1999,169,85,16,Sold,,,http://www.redfin.com/IN/Indianapolis/3523-Mechanicsburg-Dr-46227/home/60108922,MIBOR,21502255,N,Y,39.6432935,-86.1055702
PAST SALE,October-31-2017,Single Family Residential,37 White Lick Dr,Indianapolis,IN,46227,127000,3,2.5,Perry,1884,5096,2004,137,67,21,Sold,,,http://www.redfin.com/IN/Indianapolis/37-White-Lick-Dr-46227/home/60055142,MIBOR,21512701,N,Y,39.6981378,-86.1571921
PAST SALE,November-6-2017,Single Family Residential,5225 Manker St,Indianapolis,IN,46227,164600,2,1.5,Perry,3045,21213,1935,131,54,,Sold,,,http://www.redfin.com/IN/Indianapolis/5225-Manker-St-46227/home/82201895,MIBOR,21500098,N,Y,39.6855803,-86.1423919
PAST SALE,October-31-2017,Single Family Residential,5115 Harlan St,Indianapolis,IN,46227,130000,3,1,Perry,2804,12327,1955,137,46,,Sold,,,http://www.redfin.com/IN/Indianapolis/5115-Harlan-St-46227/home/82205528,MIBOR,21500892,N,Y,39.6915273,-86.121643
PAST SALE,October-31-2017,Single Family Residential,2508 Depauw Rd,Indianapolis,IN,46227,114900,2,2,Perry,2016,15942,1955,137,57,,Sold,,,http://www.redfin.com/IN/Indianapolis/2508-Depauw-Rd-46227/home/82207067,MIBOR,21516743,N,Y,39.6972016,-86.1180628
PAST SALE,November-1-2017,Single Family Residential,8132 S East St,Indianapolis,IN,46227,178000,3,2,Perry,2852,17336,1962,136,62,,Sold,,,http://www.redfin.com/IN/Indianapolis/8132-South-East-St-46227/home/82208510,MIBOR,21511564,N,Y,39.6474647,-86.1498478
PAST SALE,November-2-2017,Single Family Residential,8203 S Delaware St,Indianapolis,IN,46227,163000,3,2,Perry,1665,13503,1964,135,98,,Sold,,,http://www.redfin.com/IN/Indianapolis/8203-S-Delaware-St-46227/home/82208965,MIBOR,21512226,N,Y,39.6468128,-86.1539126
PAST SALE,October-26-2017,Single Family Residential,2404 De Pauw Rd,Indianapolis,IN,46227,158900,3,2,Perry,2884,10890,1956,142,55,,Sold,,,http://www.redfin.com/IN/Indianapolis/2404-Depauw-Rd-46227/home/60036076,MIBOR,21522068,N,Y,39.6971499,-86.1201314
PAST SALE,October-27-2017,Single Family Residential,526 E Edwards Ave,Indianapolis,IN,46227,95000,2,1.5,Perry,2064,6534,1940,141,46,,Sold,,,http://www.redfin.com/IN/Indianapolis/526-E-Edwards-Ave-46227/home/60074807,MIBOR,21503666,N,Y,39.7055533,-86.1478757
PAST SALE,November-2-2017,Single Family Residential,1246 Edgecombe Ave,Indianapolis,IN,46227,58000,4,2,Perry,1328,5227,1951,135,44,,Sold,,,http://www.redfin.com/IN/Indianapolis/1246-S-Edgecombe-Ave-46227/home/67112803,MIBOR,21512293,N,Y,39.7150172,-86.1372733
PAST SALE,October-13-2017,Single Family Residential,305 E Sumner Ave,Indianapolis,IN,46227,74900,2,1,Perry,2016,6708,1931,155,37,,Sold,,,http://www.redfin.com/IN/Indianapolis/305-E-Sumner-Ave-46227/home/60001817,MIBOR,21497886,N,Y,39.7149803,-86.1532136
PAST SALE,October-18-2017,Single Family Residential,8202 S Pennsylvania St,Indianapolis,IN,46227,182900,3,2,Perry,3476,11761,1961,150,53,,Sold,,,http://www.redfin.com/IN/Indianapolis/8202-S-Pennsylvania-St-46227/home/82208525,MIBOR,21507278,N,Y,39.6468086,-86.1568343
PAST SALE,September-25-2017,Single Family Residential,704 Ferndale Ct,Indianapolis,IN,46227,50150,3,1.5,Perry,1242,871,1965,173,40,50,Sold,,,http://www.redfin.com/IN/Indianapolis/704-Ferndale-Ct-46227/home/66983102,MIBOR,21501750,N,Y,39.694407,-86.145033
PAST SALE,September-18-2017,Single Family Residential,217 Woodhill Dr,Indianapolis,IN,46227,193000,3,3,Perry,2837,23522,1960,180,68,,Sold,,,http://www.redfin.com/IN/Indianapolis/217-Woodhill-Dr-46227/home/60010822,MIBOR,21505848,N,Y,39.6770904,-86.1540716
PAST SALE,October-12-2017,Single Family Residential,7626 Surrey Dr,Indianapolis,IN,46227,151000,3,2,Perry,1351,16509,1965,156,112,,Sold,,,http://www.redfin.com/IN/Indianapolis/7626-Surrey-Dr-46227/home/82316481,MIBOR,21510065,N,Y,39.6550387,-86.1427209
PAST SALE,September-19-2017,Single Family Residential,1908 E Banta Rd,Indianapolis,IN,46227,131000,3,1,Perry,2154,43560,1953,179,61,,Sold,,,http://www.redfin.com/IN/Indianapolis/1908-E-Banta-Rd-46227/home/82316070,MIBOR,21505611,N,Y,39.6725278,-86.1251035
PAST SALE,September-28-2017,Single Family Residential,940 E Banta Rd,Indianapolis,IN,46227,185000,3,3,Perry,1690,18208,1955,170,109,,Sold,,,http://www.redfin.com/IN/Indianapolis/940-E-Banta-Rd-46227/home/60112630,MIBOR,21503187,N,Y,39.6724212,-86.1437149
PAST SALE,December-29-2017,Single Family Residential,2713 Palo Verde Ct,Indianapolis,IN,46227,50500,2,2,Perry,966,871,1973,78,52,178,Sold,,,http://www.redfin.com/IN/Indianapolis/2713-Palo-Verde-Ct-46227/home/82211575,MIBOR,21522606,N,Y,39.643042,-86.1165
PAST SALE,December-27-2017,Single Family Residential,205 David Ln,Indianapolis,IN,46227,165000,4,2,Perry,2599,17859,1958,80,63,,Sold,,,http://www.redfin.com/IN/Indianapolis/205-David-Ln-46227/home/60082192,MIBOR,21524562,N,Y,39.6407969,-86.1543399
PAST SALE,February-1-2018,Single Family Residential,7539 Surrey Dr,Indianapolis,IN,46227,159900,3,2,Perry,1734,21170,1971,44,92,3,Sold,,,http://www.redfin.com/IN/Indianapolis/7539-Surrey-Dr-46227/home/82209650,MIBOR,21525711,N,Y,39.6561739,-86.1429595
PAST SALE,February-9-2018,Single Family Residential,8022 Meadow Ln,Indianapolis,IN,46227,129000,3,2,Perry,2349,13939,1956,36,55,,Sold,,,http://www.redfin.com/IN/Indianapolis/8022-Meadow-Ln-46227/home/60004303,MIBOR,21523634,N,Y,39.6498512,-86.1344101
PAST SALE,January-11-2018,Single Family Residential,711 Bitter Bark Ln,Indianapolis,IN,46227,180000,4,2.5,Perry,2413,12501,1982,65,75,,Sold,,,http://www.redfin.com/IN/Indianapolis/711-Bitter-Bark-Ln-46227/home/82212228,MIBOR,21525191,N,Y,39.6446129,-86.1452258
PAST SALE,November-10-2017,Single Family Residential,1130 E Knox St,Indianapolis,IN,46227,47000,2,1,Perry,1188,7405,1885,127,40,,Sold,,,http://www.redfin.com/IN/Indianapolis/1130-Knox-St-46227/home/60031736,MIBOR,21503508,N,Y,39.722293,-86.1384113
PAST SALE,October-30-2017,Single Family Residential,1550 Norton Ave,Indianapolis,IN,46227,80000,3,1,Perry,1044,6229,1962,138,77,,Sold,,,http://www.redfin.com/IN/Indianapolis/1550-Norton-Ave-46227/home/60033923,MIBOR,21513485,N,Y,39.714083,-86.132183
PAST SALE,October-11-2017,Single Family Residential,643 Bacon St,Indianapolis,IN,46227,59300,2,1,Perry,900,5140,1926,157,66,,Sold,,,http://www.redfin.com/IN/Indianapolis/643-Bacon-St-46227/home/82202471,MIBOR,21504369,N,Y,39.7206944,-86.147174
PAST SALE,September-22-2017,Single Family Residential,1095 Windermire St,Indianapolis,IN,46227,115000,3,1.5,Perry,2586,6969,1910,176,44,,Sold,,,http://www.redfin.com/IN/Indianapolis/1095-Windermire-St-46227/home/82203735,MIBOR,21496163,N,Y,39.7071763,-86.1397565
PAST SALE,November-27-2017,Single Family Residential,1235 E Perry St,Indianapolis,IN,46227,105000,4,1.5,Center SE,2693,7274,1920,110,39,,Sold,,,http://www.redfin.com/IN/Indianapolis/1235-S-Perry-St-46227/home/82204234,MIBOR,21494436,N,Y,39.7203552,-86.1357776
PAST SALE,October-24-2017,Single Family Residential,1041 E Castle Ave,Indianapolis,IN,46227,100500,2,2,Perry,1500,13590,1948,144,67,,Sold,,,http://www.redfin.com/IN/Indianapolis/1041-Castle-Ave-46227/home/82205394,MIBOR,21509886,N,Y,39.7060932,-86.1404743
PAST SALE,November-17-2017,Single Family Residential,616 E Perry St,Indianapolis,IN,46227,30500,2,1,Perry,778,5140,1940,120,39,,Sold,,,http://www.redfin.com/IN/Indianapolis/616-S-Perry-St-46227/home/82314980,MIBOR,21465413,N,Y,39.7201374,-86.1472793
PAST SALE,October-25-2017,Single Family Residential,6711 S Oxford St,Indianapolis,IN,46227,164500,3,1.5,Perry,2832,25221,1960,143,58,,Sold,,,http://www.redfin.com/IN/Indianapolis/6711-S-Oxford-St-46227/home/82209116,MIBOR,21488223,N,Y,39.668869,-86.112448
PAST SALE,January-12-2018,Single Family Residential,1005 Tulip Dr,Indianapolis,IN,46227,280000,5,3.5,Perry,3547,50398,1950,64,79,,Sold,,,http://www.redfin.com/IN/Indianapolis/1005-Tulip-Dr-46227/home/82203792,MIBOR,21525062,N,Y,39.666595,-86.141321
PAST SALE,January-23-2018,Single Family Residential,7432 Tammy Dr,Southport,IN,46227,165000,4,2,Perry,1792,12196,1969,53,92,,Sold,,,http://www.redfin.com/IN/Southport/7432-Tammy-Dr-46227/home/60168410,MIBOR,21524479,N,Y,39.658213,-86.115008
PAST SALE,January-31-2018,Single Family Residential,5576 S Walcott St,Indianapolis,IN,46227,169900,3,2,Perry,1680,43124,1923,45,101,,Sold,,,http://www.redfin.com/IN/Indianapolis/5576-S-Walcott-St-46227/home/82201879,MIBOR,21528981,N,Y,39.6854022,-86.1289246
PAST SALE,January-26-2018,Single Family Residential,2205 Colt Rd,Indianapolis,IN,46227,162000,3,2.5,Perry,2292,17859,1966,50,71,,Sold,,,http://www.redfin.com/IN/Indianapolis/2205-Colt-Rd-46227/home/82210177,MIBOR,21520035,N,Y,39.6458293,-86.1233435
PAST SALE,December-15-2017,Single Family Residential,6027 S Keystone Ave,Indianapolis,IN,46227,150000,3,2,Perry,1950,32234,1962,92,77,,Sold,,,http://www.redfin.com/IN/Indianapolis/6027-S-Keystone-Ave-46227/home/67012189,MIBOR,21520523,N,Y,39.6789209,-86.1200918
PAST SALE,February-16-2018,Single Family Residential,804 Logwood Dr,Indianapolis,IN,46227,158000,3,2,Perry,1315,10018,1987,29,120,,Sold,,,http://www.redfin.com/IN/Indianapolis/804-Logwood-Dr-46227/home/67082133,MIBOR,21539521,N,Y,39.6432902,-86.1441921
PAST SALE,January-5-2018,Single Family Residential,2606 E Dudley Ave,Indianapolis,IN,46227,159900,3,2,Perry,1788,36895,2003,71,89,,Sold,,,http://www.redfin.com/IN/Indianapolis/2606-E-Dudley-Ave-46227/home/82201973,MIBOR,21522370,N,Y,39.6855267,-86.1178639
PAST SALE,December-29-2017,Single Family Residential,3501 Hillcrest Dr,Indianapolis,IN,46227,139500,3,1.5,Perry,2386,40510,1955,78,58,,Sold,,,http://www.redfin.com/IN/Indianapolis/3501-Hillcrest-Dr-46227/home/82207074,MIBOR,21525122,N,Y,39.6687052,-86.1022277
PAST SALE,December-29-2017,Single Family Residential,7633 Partridge Rd,Southport,IN,46227,104900,3,1,Perry,1404,11325,1962,78,75,,Sold,,,http://www.redfin.com/IN/Southport/7633-Partridge-Rd-46227/home/82209468,MIBOR,21513996,N,Y,39.655369,-86.1114986
PAST SALE,February-28-2018,Single Family Residential,1049 E Huntstead Ln,Indianapolis,IN,46227,133000,3,1.5,Perry,1795,21780,1952,17,74,,Sold,,,http://www.redfin.com/IN/Indianapolis/1049-E-Huntstead-Ln-46227/home/82204539,MIBOR,21539734,N,Y,39.6878409,-86.140872
PAST SALE,January-12-2018,Single Family Residential,2714 Duane Dr,Indianapolis,IN,46227,86000,2,2,Perry,1580,19994,1952,64,54,,Sold,,,http://www.redfin.com/IN/Indianapolis/2714-Duane-Dr-46227/home/82205804,MIBOR,21513826,N,Y,39.6971131,-86.114204
PAST SALE,January-4-2018,Single Family Residential,41 Village Green Dr,Indianapolis,IN,46227,123000,3,2,Perry,1444,7492,2001,72,85,18,Sold,,,http://www.redfin.com/IN/Indianapolis/41-Village-Green-Dr-46227/home/82277155,MIBOR,21525841,N,Y,39.6989879,-86.1573511
PAST SALE,March-5-2018,Single Family Residential,1576 Gilbert Ave,Indianapolis,IN,46227,87900,3,1.5,Perry,1424,17990,1928,12,62,,Sold,,,http://www.redfin.com/IN/Indianapolis/1576-Gilbert-Ave-46227/home/82204021,MIBOR,21528441,N,Y,39.6831171,-86.1303316
PAST SALE,February-22-2018,Single Family Residential,7548 S New Jersey St,Indianapolis,IN,46227,128500,3,1.5,Perry,1432,18120,1960,23,90,,Sold,,,http://www.redfin.com/IN/Indianapolis/7548-S-New-Jersey-St-46227/home/82207155,MIBOR,21526878,N,Y,39.6558146,-86.1514995
PAST SALE,January-22-2018,Single Family Residential,3316 Cold Harbor Dr,Indianapolis,IN,46227,115000,2,1,Perry,912,6708,2000,54,126,17,Sold,,,http://www.redfin.com/IN/Indianapolis/3316-Cold-Harbor-Dr-46227/home/60078493,MIBOR,21524452,N,Y,39.6446152,-86.1089909
PAST SALE,January-22-2018,Single Family Residential,8202 Browning Dr,Indianapolis,IN,46227,149900,3,2.5,Perry,1816,17424,1966,54,83,,Sold,,,http://www.redfin.com/IN/Indianapolis/8202-Browning-Dr-46227/home/66995774,MIBOR,21509251,N,Y,39.6468631,-86.1220587
PAST SALE,March-9-2018,Single Family Residential,93 Market St,Indianapolis,IN,46227,149000,4,3,Perry,2505,19122,1900,8,59,,Sold,,,http://www.redfin.com/IN/Southport/93-Market-St-46227/home/60016376,MIBOR,21542316,N,Y,39.662424,-86.120182
PAST SALE,February-28-2018,Single Family Residential,1411 Gilbert Ave,Indianapolis,IN,46227,105000,2,1,Perry,2262,30012,1931,17,46,,Sold,,,http://www.redfin.com/IN/Indianapolis/1411-Gilbert-Ave-46227/home/60157883,MIBOR,21529043,N,Y,39.6826275,-86.1360247
PAST SALE,March-12-2018,Single Family Residential,1653 Southview Dr,Indianapolis,IN,46227,150000,3,1,Perry,1432,12632,1951,5,105,,Sold,,,http://www.redfin.com/IN/Indianapolis/1653-Southview-Dr-46227/home/60104402,MIBOR,21545777,N,Y,39.6683205,-86.1305127
PAST SALE,December-20-2017,Single Family Residential,1234 E Perry St,Indianapolis,IN,46227,72500,2,1.5,Perry,2028,2570,1939,87,36,,Sold,,,http://www.redfin.com/IN/Indianapolis/1234-S-Perry-St-46227/home/82203714,MIBOR,21490351,N,Y,39.720759,-86.135775
PAST SALE,February-16-2018,Single Family Residential,4139 Medina Way,Indianapolis,IN,46227,94900,2,2,Perry,1008,6969,1997,29,94,,Sold,,,http://www.redfin.com/IN/Indianapolis/4139-Medina-Way-46227/home/82214033,MIBOR,21540653,N,Y,39.70527,-86.156573
PAST SALE,February-20-2018,Single Family Residential,,Indianapolis,IN,46227,135000,3,2,,1219,6490,2000,25,111,22,Sold,,,http://www.redfin.com/IN/Indianapolis/Undisclosed-address-46227/home/67091296,MIBOR,21547298,N,Y,39.644138,-86.1091512
PAST SALE,February-26-2018,Single Family Residential,3658 Valley Lake Dr,Indianapolis,IN,46227,105000,3,1,Perry,896,10890,1986,19,117,,Sold,,,http://www.redfin.com/IN/Indianapolis/3658-Valley-Lake-Dr-46227/home/66994194,MIBOR,21541213,N,Y,39.6421653,-86.1031429
PAST SALE,February-21-2018,Single Family Residential,3605 Eastwind St,Indianapolis,IN,46227,135000,3,1.5,Perry,1208,12196,1976,24,112,,Sold,,,http://www.redfin.com/IN/Indianapolis/3605-Eastwind-St-46227/home/82211855,MIBOR,21540091,N,Y,39.6554526,-86.104665
PAST SALE,November-9-2017,Single Family Residential,515 E Markwood Ave,Indianapolis,IN,46227,155000,4,2.5,Perry,3271,11325,1938,128,47,,Sold,,,http://www.redfin.com/IN/Indianapolis/515-E-Markwood-Ave-46227/home/82202124,MIBOR,21514497,N,Y,39.7032977,-86.1477704
PAST SALE,November-22-2017,Single Family Residential,1218 E Castle Ave,Indianapolis,IN,46227,105000,2,1,Perry,2778,5619,1910,115,38,,Sold,,,http://www.redfin.com/IN/Indianapolis/1218-Castle-Ave-46227/home/82204354,MIBOR,21525978,N,Y,39.7066373,-86.1367695
PAST SALE,December-4-2017,Single Family Residential,1830 Rosedale Dr,Indianapolis,IN,46227,135000,3,1.5,Perry,2250,21780,1957,103,60,,Sold,,,http://www.redfin.com/IN/Indianapolis/1830-Rosedale-Dr-46227/home/60042973,MIBOR,21497544,N,Y,39.6948846,-86.1270127
PAST SALE,November-6-2017,Single Family Residential,907 Clossey Dr,Indianapolis,IN,46227,160500,4,3,Perry,2390,19994,1958,131,67,,Sold,,,http://www.redfin.com/IN/Indianapolis/907-Clossey-Dr-46227/home/82207368,MIBOR,21505860,N,Y,39.6482252,-86.1424426
PAST SALE,December-4-2017,Single Family Residential,2153 Woodcrest Rd,Indianapolis,IN,46227,133000,3,1.5,Perry,1680,15681,1959,103,79,,Sold,,,http://www.redfin.com/IN/Indianapolis/2153-Woodcrest-Rd-46227/home/82208177,MIBOR,21505398,N,Y,39.6981237,-86.1227965
PAST SALE,September-18-2017,Single Family Residential,2901 E Hanna Ave,Indianapolis,IN,46227,125000,5,3,Perry,3160,18295,1954,180,40,,Sold,,,http://www.redfin.com/IN/Indianapolis/2901-E-Hanna-Ave-46227/home/60151130,MIBOR,21494916,N,Y,39.7083021,-86.1131696
PAST SALE,December-19-2017,Single Family Residential,830 E Southport Rd,Indianapolis,IN,46227,175000,3,1,Perry,3600,151153,1915,88,49,,Sold,,,http://www.redfin.com/IN/Indianapolis/830-E-Southport-Rd-46227/home/60165784,MIBOR,21523938,N,Y,39.6653348,-86.1433311
PAST SALE,November-17-2017,Single Family Residential,1740 Forest Dr,Indianapolis,IN,46227,162000,3,2,Perry,1447,43560,1950,120,112,,Sold,,,http://www.redfin.com/IN/Indianapolis/1740-Forest-Dr-46227/home/60167182,MIBOR,21514381,N,Y,39.6766927,-86.1293319
PAST SALE,December-15-2017,Single Family Residential,1620 Tulip Dr,Indianapolis,IN,46227,123500,2,1.5,Perry,1125,20037,1962,92,110,,Sold,,,http://www.redfin.com/IN/Indianapolis/1620-Tulip-Dr-46227/home/82202968,MIBOR,21523025,N,Y,39.6677379,-86.131149
PAST SALE,November-11-2017,Single Family Residential,3615 Dawnwood Dr,Indianapolis,IN,46227,154900,3,2.5,Perry,1691,10105,1976,126,92,,Sold,,,http://www.redfin.com/IN/Indianapolis/3615-Dawnwood-Dr-46227/home/82280311,MIBOR,21516373,N,Y,39.6563562,-86.1039364
PAST SALE,December-8-2017,Single Family Residential,45 Jonquil Dr,Indianapolis,IN,46227,179900,4,2.5,Perry,3132,12588,1963,99,57,,Sold,,,http://www.redfin.com/IN/Indianapolis/45-Jonquil-Dr-46227/home/82208536,MIBOR,21520178,N,Y,39.6444653,-86.1565958
PAST SALE,October-23-2017,Single Family Residential,3624 Fredricksburg Dr,Indianapolis,IN,46227,137000,3,2.5,Perry,1904,5837,1999,145,72,17,Sold,,,http://www.redfin.com/IN/Indianapolis/3624-Fredricksburg-Dr-46227/home/60016108,MIBOR,21514343,N,Y,39.64481,-86.1039774
PAST SALE,November-14-2017,Single Family Residential,104 S Walnut St,Indianapolis,IN,46227,155000,2,1.5,Perry,1923,6098,1895,123,81,,Sold,,,http://www.redfin.com/IN/Southport/104-Walnut-St-46227/home/60038323,MIBOR,21520378,N,Y,39.6620703,-86.118391
PAST SALE,November-17-2017,Single Family Residential,2106 Colt Rd,Indianapolis,IN,46227,155000,3,2,Perry,2655,16988,1967,120,58,4,Sold,,,http://www.redfin.com/IN/Indianapolis/2106-Colt-Rd-46227/home/60115161,MIBOR,21518081,N,Y,39.6462567,-86.1243876
PAST SALE,October-23-2017,Single Family Residential,2215 E Dudley Ave,Indianapolis,IN,46227,79000,2,1,Perry,848,7405,1942,145,93,,Sold,,,http://www.redfin.com/IN/Indianapolis/2215-E-Dudley-Ave-46227/home/66826133,MIBOR,21511853,N,Y,39.6848624,-86.1220805
PAST SALE,September-25-2017,Single Family Residential,3510 Remington Dr,Indianapolis,IN,46227,100000,3,1.5,Perry,1156,5793,1981,173,87,,Sold,,,http://www.redfin.com/IN/Indianapolis/3510-Remington-Dr-46227/home/66947468,MIBOR,21505863,N,Y,39.6473411,-86.1059172
PAST SALE,October-16-2017,Single Family Residential,6706 Twin Brooks Dr,Indianapolis,IN,46227,148000,3,1,Perry,2306,17424,1956,152,64,,Sold,,,http://www.redfin.com/IN/Indianapolis/6706-Twin-Brooks-Dr-46227/home/67060168,MIBOR,21505522,N,Y,39.6692387,-86.1206087
PAST SALE,October-19-2017,Single Family Residential,2011 Woodcrest Rd,Indianapolis,IN,46227,165900,5,3,Perry,2426,14374,1958,149,68,,Sold,,,http://www.redfin.com/IN/Indianapolis/2011-Woodcrest-Rd-46227/home/82207896,MIBOR,21485301,N,Y,39.6963654,-86.1257185
PAST SALE,November-17-2017,Single Family Residential,3239 E Southport Rd,Indianapolis,IN,46227,215000,3,1.5,Perry,1800,29620,1960,120,119,,Sold,,,http://www.redfin.com/IN/Indianapolis/3239-E-Southport-Rd-46227/home/82208756,MIBOR,21512168,N,Y,39.6648989,-86.1099743
PAST SALE,October-23-2017,Single Family Residential,3619 Candy Cane Dr,Indianapolis,IN,46227,152000,3,1.5,Perry,2229,11979,1974,145,68,,Sold,,,http://www.redfin.com/IN/Indianapolis/3619-Candy-Cane-Dr-46227/home/82211491,MIBOR,21504738,N,Y,39.6614273,-86.1036602
PAST SALE,October-13-2017,Single Family Residential,3636 Holly Cir,Indianapolis,IN,46227,139000,4,1.5,Perry,1670,15942,1976,155,83,,Sold,,,http://www.redfin.com/IN/Indianapolis/3636-Holly-Cir-46227/home/82212230,MIBOR,21510199,N,Y,39.6512773,-86.1023073
PAST SALE,October-13-2017,Single Family Residential,7909 Broadview Dr,Indianapolis,IN,46227,145000,4,2.5,Perry,3208,11935,1980,155,45,,Sold,,,http://www.redfin.com/IN/Indianapolis/7909-Broadview-Dr-46227/home/82212695,MIBOR,21512105,N,Y,39.6516821,-86.1065848
PAST SALE,November-20-2017,Single Family Residential,3503 Pleasant Lake Dr,Indianapolis,IN,46227,87500,3,1,Perry,1064,6795,1987,117,82,,Sold,,,http://www.redfin.com/IN/Indianapolis/3503-Pleasant-Lake-Dr-46227/home/82213207,MIBOR,21516764,N,Y,39.6396464,-86.1060875
PAST SALE,September-29-2017,Single Family Residential,3329 Gainesville Ct,Indianapolis,IN,46227,149000,4,2.5,Perry,2004,,2003,169,74,16,Sold,,,http://www.redfin.com/IN/Indianapolis/3329-Gainesville-Ct-46227/home/60090866,MIBOR,21505001,N,Y,39.6424777,-86.1088727
PAST SALE,November-22-2017,Single Family Residential,2527 E Epler Ave,Indianapolis,IN,46227,114000,3,1.5,Perry,1066,36895,1962,115,107,,Sold,,,http://www.redfin.com/IN/Indianapolis/2527-E-Epler-Ave-46227/home/82201983,MIBOR,21515246,N,Y,39.6866969,-86.1178331
PAST SALE,November-11-2017,Single Family Residential,4640 Eva Ln,Indianapolis,IN,46227,125000,3,2.5,Perry,1720,9147,1999,126,73,23,Sold,,,http://www.redfin.com/IN/Indianapolis/4640-Eva-Ln-46227/home/60034670,MIBOR,21524473,N,Y,39.6979987,-86.1566356
PAST SALE,October-23-2017,Single Family Residential,824 Culpeper Ct,Indianapolis,IN,46227,152000,3,2,Perry,1550,10890,1980,145,98,,Sold,,,http://www.redfin.com/IN/Indianapolis/824-Culpeper-Ct-46227/home/60066962,MIBOR,21513088,N,Y,39.6465604,-86.1432378
PAST SALE,October-20-2017,Single Family Residential,364 E Banta Rd,Indianapolis,IN,46227,140000,3,2,Perry,1386,10454,1986,148,101,,Sold,,,http://www.redfin.com/IN/Indianapolis/364-E-Banta-Rd-46227/home/60119426,MIBOR,21503915,N,Y,39.6719388,-86.1510304
PAST SALE,,Single Family Residential,1513 E Markwood Ave,Indianapolis,IN,46227,128000,2,,,1232,5445,1950,,104,,,,,http://www.redfin.com/IN/Indianapolis/1513-E-Markwood-Ave-46227/home/60144236,,,N,Y,39.7035221,-86.1326901
PAST SALE,October-26-2017,Single Family Residential,4901 Camden St,Indianapolis,IN,46227,137000,3,2,Perry,1596,47916,1928,142,86,,Sold,,,http://www.redfin.com/IN/Indianapolis/4901-Camden-St-46227/home/60167745,MIBOR,21512400,N,Y,39.6919489,-86.1434167
PAST SALE,November-29-2017,Single Family Residential,5147 S Walcott St,Indianapolis,IN,46227,106900,3,1,Perry,2375,12632,1930,108,45,,Sold,,,http://www.redfin.com/IN/Indianapolis/5147-S-Walcott-St-46227/home/66841639,MIBOR,21477580,N,Y,39.6876473,-86.1272719
PAST SALE,November-16-2017,Single Family Residential,1724 E Stop 10 Rd,Indianapolis,IN,46227,179900,4,2,Perry,3530,87120,1955,121,51,,Sold,,,http://www.redfin.com/IN/Indianapolis/1724-E-10-Rd-46227/home/67020875,MIBOR,21512506,N,Y,39.6579565,-86.1275298
PAST SALE,September-21-2017,Single Family Residential,8311 Culpeper Dr,Indianapolis,IN,46227,150000,3,2,Perry,2056,9583,1977,177,73,,Sold,,,http://www.redfin.com/IN/Indianapolis/8311-Culpeper-Dr-46227/home/67070618,MIBOR,21505344,N,Y,39.6453287,-86.1425221
PAST SALE,November-17-2017,Single Family Residential,955 E Cragmont Dr,Indianapolis,IN,46227,117500,3,1.5,Perry,1648,17859,1959,120,71,,Sold,,,http://www.redfin.com/IN/Indianapolis/955-E-Cragmont-Dr-46227/home/82207033,MIBOR,21518429,N,Y,39.6743486,-86.1423631
PAST SALE,October-13-2017,Single Family Residential,1705 E Epler Ave,Indianapolis,IN,46227,83000,2,1,Perry,1034,12632,1930,155,80,,Sold,,,http://www.redfin.com/IN/Indianapolis/1705-E-Epler-Ave-46227/home/82280337,MIBOR,21510759,N,Y,39.6866134,-86.1299559
PAST SALE,October-30-2017,Single Family Residential,4105 Weaver Ave,Indianapolis,IN,46227,70000,1,1,Perry,672,5662,1920,138,104,,Sold,,,http://www.redfin.com/IN/Indianapolis/4105-Weaver-Ave-46227/home/59998231,MIBOR,21512861,N,Y,39.7062785,-86.1384369
PAST SALE,October-6-2017,Single Family Residential,6346 Shelby St,Indianapolis,IN,46227,145000,3,1.5,Perry,1490,15986,1956,162,97,,Sold,,,http://www.redfin.com/IN/Indianapolis/6346-Shelby-St-46227/home/60040987,MIBOR,21504460,N,Y,39.6742156,-86.1399022
PAST SALE,November-20-2017,Single Family Residential,143 E Elbert St,Indianapolis,IN,46227,145000,3,2,Perry,1340,18556,1991,117,108,,Sold,,,http://www.redfin.com/IN/Indianapolis/143-E-Elbert-St-46227/home/82213465,MIBOR,21511137,N,Y,39.6942474,-86.155125
PAST SALE,January-10-2018,Single Family Residential,125 E Brunswick Ave,Indianapolis,IN,46227,259900,4,4.5,Perry,3737,29185,1965,66,70,,Sold,,,http://www.redfin.com/IN/Indianapolis/125-E-Brunswick-Ave-46227/home/60121627,MIBOR,21527547,N,Y,39.6815672,-86.1555822
PAST SALE,January-3-2018,Single Family Residential,6943 Orinoco Ave,Indianapolis,IN,46227,217000,3,2,Perry,2921,22520,1950,73,74,,Sold,,,http://www.redfin.com/IN/Indianapolis/6943-Orinoco-Ave-46227/home/82315974,MIBOR,21523313,N,Y,39.6666069,-86.134446
PAST SALE,February-14-2018,Single Family Residential,133 E Cragmont Dr,Indianapolis,IN,46227,155000,3,2,Perry,3342,21780,1964,31,46,,Sold,,,http://www.redfin.com/IN/Indianapolis/133-E-Cragmont-Dr-46227/home/60107312,MIBOR,21539831,N,Y,39.6744514,-86.1552045
PAST SALE,February-9-2018,Single Family Residential,4845 Mount Vernon Dr,Indianapolis,IN,46227,51000,2,1.5,Perry,1020,,1965,36,50,50,Sold,,,http://www.redfin.com/IN/Indianapolis/4845-Mt-Vernon-Dr-46227/home/82210141,MIBOR,21529547,N,Y,39.6952251,-86.1454544
PAST SALE,,Single Family Residential,2511 E Banta Rd,Indianapolis,IN,46227,144900,3,,,1840,23784,1955,,79,,,,,http://www.redfin.com/IN/Indianapolis/2511-E-Banta-Rd-46227/home/82207533,,,N,Y,39.6720531,-86.1181026
PAST SALE,January-19-2018,Single Family Residential,5868 Villa Ln,Indianapolis,IN,46227,64000,3,1,Perry,1070,3484,1952,57,60,,Sold,,,http://www.redfin.com/IN/Indianapolis/5868-Villa-Ave-46227/home/60108004,MIBOR,21517661,N,Y,39.6819991,-86.124308
PAST SALE,January-5-2018,Single Family Residential,2207 Rosedale Dr,Indianapolis,IN,46227,132000,2,1.5,Perry,2104,24829,1957,71,63,,Sold,,,http://www.redfin.com/IN/Indianapolis/2207-Rosedale-Dr-46227/home/82208188,MIBOR,21523462,N,Y,39.6967108,-86.1214441
PAST SALE,March-3-2018,Single Family Residential,6522 Madison Ave,Indianapolis,IN,46227,254900,3,3,Perry,3623,32670,1955,14,70,,Sold,,,http://www.redfin.com/IN/Indianapolis/6522-Madison-Ave-46227/home/82333408,MIBOR,21489512,N,Y,39.671289,-86.12993
PAST SALE,January-19-2018,Single Family Residential,4220 S State Ave,Indianapolis,IN,46227,72000,2,1,Perry,998,10454,1936,57,72,,Sold,,,http://www.redfin.com/IN/Indianapolis/4220-S-State-Ave-46227/home/59991368,MIBOR,21523932,N,Y,39.7040436,-86.1302343
PAST SALE,March-12-2018,Single Family Residential,2202 Radcliffe Ave,Indianapolis,IN,46227,91500,3,2,Perry,1280,9147,1966,5,71,,Sold,,,http://www.redfin.com/IN/Indianapolis/2202-Radcliffe-Ave-46227/home/82316405,MIBOR,21544747,N,Y,39.7064185,-86.1232656
PAST SALE,March-15-2018,Single Family Residential,3020 S Pennsylvania St,Indianapolis,IN,46227,79900,4,1,Perry,2792,9147,1933,2,29,,Sold,,,http://www.redfin.com/IN/Indianapolis/3020-S-Pennsylvania-St-46227/home/60092432,MIBOR,21529115,N,Y,39.7217714,-86.1566356
PAST SALE,October-16-2017,Single Family Residential,7032 Mcfarland Rd,Indianapolis,IN,46227,60000,3,1,Perry,2322,17772,1910,152,26,,Sold,,,http://www.redfin.com/IN/Indianapolis/7032-McFarland-Rd-46227/home/82211520,MIBOR,21511073,N,Y,39.664472,-86.11149
PAST SALE,October-11-2017,Single Family Residential,116 South St,Southport,IN,46227,162000,3,2,Perry,1716,10890,1948,157,94,,Sold,,,http://www.redfin.com/IN/Southport/116-South-St-46227/home/60076429,MIBOR,21492576,N,Y,39.6624166,-86.1226467
PAST SALE,December-13-2017,Single Family Residential,3617 Ribbon Dr,Indianapolis,IN,46227,135000,3,1.5,Perry,1594,10105,1975,94,85,,Sold,,,http://www.redfin.com/IN/Indianapolis/3617-Ribbon-Dr-46227/home/60162517,MIBOR,21524589,N,Y,39.6519318,-86.1038194
PAST SALE,November-20-2017,Single Family Residential,3517 Oak Tree Ct,Indianapolis,IN,46227,147900,3,2,Perry,1404,13068,1989,117,105,,Sold,,,http://www.redfin.com/IN/Indianapolis/3517-Oak-Tree-Ct-46227/home/66875556,MIBOR,21516421,N,Y,39.6379135,-86.1060477
PAST SALE,November-8-2017,Single Family Residential,8114 Pickford Dr,Indianapolis,IN,46227,134900,4,2,Perry,1880,16727,1965,129,72,,Sold,,,http://www.redfin.com/IN/Indianapolis/8114-Pickford-Dr-46227/home/66926370,MIBOR,21512030,N,Y,39.6483575,-86.1137266
PAST SALE,November-17-2017,Single Family Residential,3320 Wild Ivy Cir,Indianapolis,IN,46227,142000,3,2,Perry,1416,9583,1988,120,100,,Sold,,,http://www.redfin.com/IN/Indianapolis/3320-Wild-Ivy-Cir-46227/home/66984022,MIBOR,21514338,N,Y,39.6391907,-86.1081167
PAST SALE,December-29-2017,Single Family Residential,3708 Pleasant Creek Dr,Indianapolis,IN,46227,97200,3,2,Perry,1157,7405,1983,78,84,,Sold,,,http://www.redfin.com/IN/Indianapolis/3708-Pleasant-Creek-Dr-46227/home/66986887,MIBOR,21509867,N,Y,39.6429667,-86.1030236
PAST SALE,November-22-2017,Single Family Residential,7130 Barth Ave,Indianapolis,IN,46227,150000,3,1.5,Perry,1593,20037,1983,115,94,,Sold,,,http://www.redfin.com/IN/Indianapolis/7130-Barth-Ave-46227/home/82202034,MIBOR,21519289,N,Y,39.6614829,-86.141468
PAST SALE,November-30-2017,Single Family Residential,7337 Tammy Dr,Southport,IN,46227,154900,4,2,Perry,1716,11630,1968,107,90,,Sold,,,http://www.redfin.com/IN/Southport/7337-Tammy-Dr-46227/home/82209896,MIBOR,21519763,N,Y,39.6593028,-86.1135674
PAST SALE,February-16-2018,Single Family Residential,3617 Poinsettia Dr,Indianapolis,IN,46227,135500,3,1.5,Perry,1374,10497,1974,29,99,,Sold,,,http://www.redfin.com/IN/Indianapolis/3617-Poinsettia-Dr-46227/home/82211505,MIBOR,21529731,N,Y,39.6581746,-86.103899
PAST SALE,December-29-2017,Single Family Residential,3307 Oak Tree Dr N,Indianapolis,IN,46227,149000,3,2,Perry,1310,9191,1987,78,114,,Sold,,,http://www.redfin.com/IN/Indianapolis/3307-Oak-Tree-Dr-N-46227/home/82212871,MIBOR,21526208,N,Y,39.637949,-86.1083157
PAST SALE,February-21-2018,Single Family Residential,7807 Snowflake Dr,Indianapolis,IN,46227,150000,3,1.5,Perry,1656,10890,1976,24,91,,Sold,,,http://www.redfin.com/IN/Indianapolis/7807-Snowflake-Dr-46227/home/60060072,MIBOR,21539660,N,Y,39.6536124,-86.1023073
PAST SALE,November-29-2017,Single Family Residential,8131 Briarwood Dr,Indianapolis,IN,46227,106000,3,1.5,Perry,1269,20037,1958,108,84,,Sold,,,http://www.redfin.com/IN/Indianapolis/8131-Briarwood-Dr-46227/home/60074827,MIBOR,21493577,N,Y,39.6471105,-86.132433
PAST SALE,December-8-2017,Single Family Residential,7841 Singleton St,Indianapolis,IN,46227,169000,3,2,Perry,1482,16509,1966,99,114,,Sold,,,http://www.redfin.com/IN/Indianapolis/7841-Singleton-St-46227/home/60078306,MIBOR,21525911,N,Y,39.6516273,-86.1479021
PAST SALE,November-30-2017,Single Family Residential,501 E Hickory Ln,Indianapolis,IN,46227,188000,4,2.5,Perry,2332,94525,1953,107,81,,Sold,,,http://www.redfin.com/IN/Indianapolis/501-E-Hickory-Ln-46227/home/60160331,MIBOR,21519373,N,Y,39.6578214,-86.1477306
PAST SALE,February-28-2018,Single Family Residential,1202 E Stop 10 Rd,Indianapolis,IN,46227,160000,3,2,Perry,1620,16117,1966,17,99,,Sold,,,http://www.redfin.com/IN/Indianapolis/1202-E-10-Rd-46227/home/60075547,MIBOR,21540735,N,Y,39.6579363,-86.13783
PAST SALE,December-1-2017,Single Family Residential,2230 Brewer Dr,Indianapolis,IN,46227,163000,4,2,Perry,2114,20037,1960,106,77,,Sold,,,http://www.redfin.com/IN/Indianapolis/2230-Brewer-Dr-46227/home/67108159,MIBOR,21517406,N,Y,39.6553853,-86.121643
PAST SALE,December-1-2017,Single Family Residential,907 E Cragmont Dr,Indianapolis,IN,46227,220000,4,3.5,Perry,2653,20255,1992,106,83,,Sold,,,http://www.redfin.com/IN/Indianapolis/907-E-Cragmont-Dr-46227/home/82209523,MIBOR,21512853,N,Y,39.6742469,-86.1441523
PAST SALE,December-7-2017,Single Family Residential,3533 Pleasant Creek Dr,Indianapolis,IN,46227,110000,3,1,Perry,912,7405,1986,100,121,,Sold,,,http://www.redfin.com/IN/Indianapolis/3533-Pleasant-Creek-Dr-46227/home/82212729,MIBOR,21512336,N,Y,39.6425598,-86.105244
PAST SALE,February-28-2018,Single Family Residential,1713 Tulip Dr,Indianapolis,IN,46227,195000,5,3,Perry,2744,11064,1953,17,71,,Sold,,,http://www.redfin.com/IN/Indianapolis/1713-Tulip-Dr-46227/home/82209965,MIBOR,21520495,N,Y,39.6673303,-86.1270624
PAST SALE,March-9-2018,Single Family Residential,1214 E Banta Rd,Indianapolis,IN,46227,155000,3,1,Perry,1214,10454,1954,8,128,,Sold,,,http://www.redfin.com/IN/Indianapolis/1214-E-Banta-Rd-46227/home/66940439,MIBOR,21542142,N,Y,39.6725112,-86.1367166
PAST SALE,March-16-2018,Single Family Residential,1641 E Remington Ct,Indianapolis,IN,46227,159900,2,2.5,Perry,1584,8276,1991,1,101,14,Sold,,,http://www.redfin.com/IN/Indianapolis/1641-Remington-Ct-46227/home/66994412,MIBOR,21544287,N,Y,39.6467303,-86.1301547
PAST SALE,October-12-2017,Single Family Residential,11 Medina Ln,Indianapolis,IN,46227,107000,3,2,Perry,1337,8276,1997,156,80,,Sold,,,http://www.redfin.com/IN/Indianapolis/11-Medina-Ln-46227/home/82303241,MIBOR,21512796,N,Y,39.703659,-86.157995
PAST SALE,November-13-2017,Single Family Residential,7537 Cynthia Dr,Indianapolis,IN,46227,137000,3,1.5,Perry,1224,18120,1959,124,112,,Sold,,,http://www.redfin.com/IN/Indianapolis/7537-Cynthia-Dr-46227/home/82207150,MIBOR,21505019,N,Y,39.6560775,-86.1522223
PAST SALE,February-2-2018,Single Family Residential,29 E Hickory Ln,Indianapolis,IN,46227,173850,3,3,Perry,1705,30448,1972,43,102,,Sold,,,http://www.redfin.com/IN/Indianapolis/29-E-Hickory-Ln-46227/home/66998939,MIBOR,21528344,N,Y,39.6573134,-86.1573312
PAST SALE,February-5-2018,Single Family Residential,227 Daffon Dr,Indianapolis,IN,46227,185000,3,3,Perry,2136,17249,1967,40,87,,Sold,,,http://www.redfin.com/IN/Indianapolis/227-Daffon-Dr-46227/home/82209811,MIBOR,21539429,N,Y,39.6437545,-86.153474
PAST SALE,January-26-2018,Single Family Residential,7121 Lindenwood Dr,Indianapolis,IN,46227,140000,3,1.5,Perry,1278,19994,1960,50,110,,Sold,,,http://www.redfin.com/IN/Indianapolis/7121-Lindenwood-Dr-46227/home/82207436,MIBOR,21528852,N,Y,39.6625,-86.1492671
PAST SALE,February-28-2018,Single Family Residential,320 E Edgewood Ave,Indianapolis,IN,46227,145000,2,1,Perry,2628,43560,1952,17,55,,Sold,,,http://www.redfin.com/IN/Indianapolis/320-E-Edgewood-Ave-46227/home/60024973,MIBOR,21530094,N,Y,39.679676,-86.1522449
PAST SALE,March-1-2018,Single Family Residential,6705 S New Jersey St,Indianapolis,IN,46227,100000,2,1.5,Perry,1126,4356,1998,16,89,65,Sold,,,http://www.redfin.com/IN/Indianapolis/6705-S-New-Jersey-St-46227/home/60136183,MIBOR,21527406,N,Y,39.6686978,-86.1503943
PAST SALE,December-22-2017,Single Family Residential,3401 S Pennsylvania St,Indianapolis,IN,46227,55500,2,1,Perry,2402,16117,1940,85,23,,Sold,,,http://www.redfin.com/IN/Indianapolis/3401-S-Pennsylvania-St-46227/home/82289106,MIBOR,21519814,N,Y,39.7162793,-86.1559598
PAST SALE,December-14-2017,Single Family Residential,4207 S Randolph St,Indianapolis,IN,46227,162000,4,3,Perry,2461,,1967,93,66,,Sold,,,http://www.redfin.com/IN/Indianapolis/4207-S-Randolph-St-46227/home/66999940,MIBOR,21518393,N,Y,39.7052899,-86.1254865
PAST SALE,December-12-2017,Single Family Residential,801 Reda Rd,Indianapolis,IN,46227,164900,3,2,Perry,2190,16422,1963,95,75,,Sold,,,http://www.redfin.com/IN/Indianapolis/801-Reda-Rd-46227/home/82209664,MIBOR,21522156,N,Y,39.6550056,-86.1441523
PAST SALE,February-9-2018,Single Family Residential,2158 E Thompson Rd,Indianapolis,IN,46227,135000,3,1.5,Perry,2514,18295,1956,36,54,,Sold,,,http://www.redfin.com/IN/Indianapolis/2158-E-Thompson-Rd-46227/home/66882846,MIBOR,21529007,N,Y,39.6940137,-86.125024
PAST SALE,February-9-2018,Single Family Residential,3439 Ferncliff Ave,Indianapolis,IN,46227,116000,3,1,Perry,960,11325,1967,36,121,,Sold,,,http://www.redfin.com/IN/Indianapolis/3439-Ferncliff-Ave-46227/home/67017087,MIBOR,21530156,N,Y,39.6839797,-86.1064854
PAST SALE,November-13-2017,Single Family Residential,2720 Fairfax Rd,Indianapolis,IN,46227,117700,2,1,Perry,1173,98010,1950,124,100,,Sold,,,http://www.redfin.com/IN/Indianapolis/2720-Fairfax-Rd-46227/home/67087734,MIBOR,21514068,N,Y,39.6906624,-86.1138061
PAST SALE,December-22-2017,Single Family Residential,2604 E Epler Ave,Indianapolis,IN,46227,215000,4,3,Perry,2922,21344,1900,85,74,,Sold,,,http://www.redfin.com/IN/Indianapolis/2604-E-Epler-Ave-46227/home/67101496,MIBOR,21522766,N,Y,39.6874237,-86.1168296
PAST SALE,November-20-2017,Single Family Residential,911 E Huntstead Ln,Indianapolis,IN,46227,110000,2,1,Perry,930,20037,1953,117,118,,Sold,,,http://www.redfin.com/IN/Indianapolis/911-E-Huntstead-Ln-46227/home/67108699,MIBOR,21519254,N,Y,39.6878087,-86.1419251
PAST SALE,December-19-2017,Single Family Residential,3846 Aurora St,Indianapolis,IN,46227,66000,4,1,Perry,1680,4704,1970,88,39,,Sold,,,http://www.redfin.com/IN/Indianapolis/3846-Aurora-St-46227/home/82201965,MIBOR,21519836,N,Y,39.7099424,-86.1261782
PAST SALE,October-30-2017,Single Family Residential,5002 S State Ave,Indianapolis,IN,46227,34250,2,1,Perry,1360,19340,1920,138,25,,Sold,,,http://www.redfin.com/IN/Indianapolis/5002-S-State-Ave-46227/home/82203398,MIBOR,21513954,N,Y,39.6902608,-86.1301111
PAST SALE,December-22-2017,Single Family Residential,3230 Saint Charles Pl,Indianapolis,IN,46227,178400,3,2.5,Perry,3338,16901,1967,85,53,,Sold,,,http://www.redfin.com/IN/Indianapolis/3230-Saint-Charles-Pl-46227/home/82209973,MIBOR,21526036,N,Y,39.6921818,-86.1099072
PAST SALE,February-21-2018,Single Family Residential,1051 E Castle Ave,Indianapolis,IN,46227,107000,2,1,Perry,1182,6594,1930,24,91,,Sold,,,http://www.redfin.com/IN/Indianapolis/1051-Castle-Ave-46227/home/82204415,MIBOR,21528103,N,Y,39.7062429,-86.139901
PAST SALE,February-1-2018,Single Family Residential,1632 E Thompson Rd,Indianapolis,IN,46227,117500,3,1,Perry,2282,16117,1916,44,51,,Sold,,,http://www.redfin.com/IN/Indianapolis/1632-E-Thompson-Rd-46227/home/60146689,MIBOR,21522138,N,Y,39.6938744,-86.1305127
PAST SALE,February-23-2018,Single Family Residential,3841 S Randolph St,Indianapolis,IN,46227,79000,3,1.5,Perry,1104,4704,1971,22,72,,Sold,,,http://www.redfin.com/IN/Indianapolis/3841-S-Randolph-St-46227/home/82314960,MIBOR,21542318,N,Y,39.7100388,-86.1266547
PAST SALE,February-23-2018,Single Family Residential,1030 E Elbert St,Indianapolis,IN,46227,116000,2,1,Perry,1666,12371,1938,22,70,,Sold,,,http://www.redfin.com/IN/Indianapolis/1030-E-Elbert-St-46227/home/67039345,MIBOR,21539432,N,Y,39.6949064,-86.1397941
PAST SALE,December-13-2017,Single Family Residential,3031 Locust Dr,Indianapolis,IN,46227,222000,3,3,Perry,3436,34412,1955,94,65,,Sold,,,http://www.redfin.com/IN/Indianapolis/3031-Locust-Dr-46227/home/59985049,MIBOR,21517818,N,Y,39.6773162,-86.1093899
PAST SALE,November-30-2017,Single Family Residential,2141 Hanover Dr,Indianapolis,IN,46227,145000,4,1.5,Perry,2106,17467,1956,107,69,,Sold,,,http://www.redfin.com/IN/Indianapolis/2141-Hanover-Dr-46227/home/60050193,MIBOR,21506806,N,Y,39.6945911,-86.1257499
PAST SALE,December-5-2017,Single Family Residential,2933 Percheron Ln,Indianapolis,IN,46227,90000,4,3,Perry,1590,,2005,102,57,,Sold,,,http://www.redfin.com/IN/Indianapolis/2933-Percheron-Ln-46227/home/66863427,MIBOR,21520258,N,Y,39.7121556,-86.113836
PAST SALE,December-8-2017,Single Family Residential,1825 Rosedale Dr,Indianapolis,IN,46227,148000,3,2,Perry,1248,16465,1957,99,119,,Sold,,,http://www.redfin.com/IN/Indianapolis/1825-Rosedale-Dr-46227/home/67062882,MIBOR,21520191,N,Y,39.6943523,-86.1267343
PAST SALE,,Single Family Residential,529 E Markwood Ave,Indianapolis,IN,46227,145000,2,,,2175,11413,1935,,67,,,,,http://www.redfin.com/IN/Indianapolis/529-E-Markwood-Ave-46227/home/82314896,,,N,Y,39.7033129,-86.147015
PAST SALE,March-5-2018,Single Family Residential,822 E Mills Ave,Indianapolis,IN,46227,96250,2,1,Perry,1732,6011,1921,12,56,,Sold,,,http://www.redfin.com/IN/Indianapolis/822-E-Mills-Ave-46227/home/60006968,MIBOR,21523399,N,Y,39.7048084,-86.1454048
PAST SALE,March-2-2018,Single Family Residential,1130 E Brunswick Ave,Indianapolis,IN,46227,128630,2,1.5,Perry,1903,30012,1900,15,68,,Sold,,,http://www.redfin.com/IN/Indianapolis/1130-E-Brunswick-Ave-46227/home/82202946,MIBOR,21541052,N,Y,39.6812103,-86.1382067
PAST SALE,February-16-2018,Single Family Residential,823 E Mills Ave,Indianapolis,IN,46227,97500,2,1,Perry,1332,5532,1937,29,73,,Sold,,,http://www.redfin.com/IN/Indianapolis/823-E-Mills-Ave-46227/home/82203725,MIBOR,21507344,N,Y,39.7044256,-86.1453849
PAST SALE,January-25-2018,Single Family Residential,6745 Hillcrest Ct,Indianapolis,IN,46227,194000,3,1.5,Perry,2239,32670,1959,51,87,,Sold,,,http://www.redfin.com/IN/Indianapolis/6745-Hillcrest-Ct-46227/home/82280326,MIBOR,21511557,N,Y,39.6684651,-86.1022675
PAST SALE,February-2-2018,Single Family Residential,2855 Locust Dr,Indianapolis,IN,46227,299000,4,2.5,Perry,3454,17946,1988,43,87,,Sold,,,http://www.redfin.com/IN/Indianapolis/2855-Locust-Dr-46227/home/60051323,MIBOR,21529059,N,Y,39.6769932,-86.1147808
PAST SALE,February-9-2018,Single Family Residential,3555 E Banta Rd,Indianapolis,IN,46227,250000,3,3,Perry,3662,33759,1956,36,68,5,Sold,,,http://www.redfin.com/IN/Indianapolis/3555-E-Banta-Rd-46227/home/82207938,MIBOR,21539430,N,Y,39.6730414,-86.1019094
PAST SALE,February-13-2018,Single Family Residential,4600 Ingleside Ln,Indianapolis,IN,46227,200000,4,2.5,Perry,3359,47044,1951,32,60,,Sold,,,http://www.redfin.com/IN/Indianapolis/4600-Ingleside-Ln-46227/home/82205953,MIBOR,21522735,N,Y,39.6994125,-86.1155964
PAST SALE,November-30-2017,Single Family Residential,3433 Linden St,Indianapolis,IN,46227,106900,3,1.5,Perry,1248,8189,1960,107,86,,Sold,,,http://www.redfin.com/IN/Indianapolis/3433-Linden-St-46227/home/67042378,MIBOR,21518734,N,Y,39.716012,-86.1368246
PAST SALE,September-28-2017,Single Family Residential,5026 Madison Ave,Indianapolis,IN,46227,80000,3,1,Perry,2362,47523,1921,170,34,,Sold,,,http://www.redfin.com/IN/Indianapolis/5026-Madison-Ave-46227/home/82213423,MIBOR,21485976,N,Y,39.692254,-86.137144
PAST SALE,November-10-2017,Single Family Residential,19 Medina Ct,Indianapolis,IN,46227,106000,2,2,Perry,1386,4660,1994,127,76,,Sold,,,http://www.redfin.com/IN/Indianapolis/19-Medina-Ct-46227/home/82214303,MIBOR,21509272,N,Y,39.705369,-86.157805
PAST SALE,October-24-2017,Single Family Residential,5064 Manker St,Indianapolis,IN,46227,97500,2,1.5,Perry,1976,21780,1950,144,49,,Sold,,,http://www.redfin.com/IN/Indianapolis/5064-Manker-St-46227/home/60067391,MIBOR,21511329,N,Y,39.6887859,-86.1421147
PAST SALE,October-27-2017,Single Family Residential,4097 Weaver Ave,Indianapolis,IN,46227,130000,4,2,Perry,3188,5401,1940,141,41,,Sold,,,http://www.redfin.com/IN/Indianapolis/4097-Weaver-Ave-46227/home/82204403,MIBOR,21504607,N,Y,39.7064885,-86.1384771
PAST SALE,October-18-2017,Single Family Residential,4842 Hardegan St,Indianapolis,IN,46227,50000,3,1,Perry,2688,43560,1926,150,19,,Sold,,,http://www.redfin.com/IN/Indianapolis/4842-Hardegan-St-46227/home/82203758,MIBOR,21514890,N,Y,39.6924605,-86.1255013
PAST SALE,October-20-2017,Single Family Residential,1931 E Banta Rd,Indianapolis,IN,46227,149900,4,1.5,Perry,2100,17424,1941,148,71,,Sold,,,http://www.redfin.com/IN/Indianapolis/1931-E-Banta-Rd-46227/home/60159809,MIBOR,21514372,N,Y,39.6719655,-86.1239292
PAST SALE,October-20-2017,Single Family Residential,5511 Manker St,Indianapolis,IN,46227,182000,3,1.5,Perry,3496,21344,1940,148,52,,Sold,,,http://www.redfin.com/IN/Indianapolis/5511-Manker-St-46227/home/60125031,MIBOR,21506276,N,Y,39.6805061,-86.1423634
PAST SALE,October-20-2017,Single Family Residential,55 South St,Southport,IN,46227,219900,4,2.5,Perry,3072,21867,1987,148,72,,Sold,,,http://www.redfin.com/IN/Southport/55-South-St-46227/home/82213187,MIBOR,21504494,N,Y,39.6618713,-86.1248052
PAST SALE,October-16-2017,Single Family Residential,119 Mackinac Ct,Indianapolis,IN,46227,56500,2,1.5,Perry,1208,4356,1991,152,47,,Sold,,,http://www.redfin.com/IN/Indianapolis/119-Mackinac-Ct-46227/home/82214064,MIBOR,21495030,N,Y,39.6517661,-86.1556983
PAST SALE,September-26-2017,Single Family Residential,806 E Elbert St,Indianapolis,IN,46227,124000,2,2,Perry,3120,14810,1955,172,40,,Sold,,,http://www.redfin.com/IN/Indianapolis/806-E-Elbert-St-46227/home/66606496,MIBOR,21502374,N,Y,39.6949003,-86.1432371
PAST SALE,October-9-2017,Single Family Residential,4916 Ingleside Ln,Indianapolis,IN,46227,130000,3,1,Perry,1240,19340,1953,159,105,,Sold,,,http://www.redfin.com/IN/Indianapolis/4916-Ingleside-Ln-46227/home/82205960,MIBOR,21506575,N,Y,39.6949561,-86.1158749
