SALE TYPE,SOLD DATE,PROPERTY TYPE,ADDRESS,CITY,STATE,ZIP,PRICE,BEDS,BATHS,LOCATION,SQUARE FEET,LOT SIZE,YEAR BUILT,DAYS ON MARKET,$/SQUARE FEET,HOA/MONTH,STATUS,NEXT OPEN HOUSE START TIME,NEXT OPEN HOUSE END TIME,URL (SEE http://www.redfin.com/buy-a-home/comparative-market-analysis FOR INFO ON PRICING),SOURCE,MLS#,FAVORITE,INTERESTED,LATITUDE,LONGITUDE
PAST SALE,October-3-2017,Single Family Residential,5537 Burning Tree Ct,Indianapolis,IN,46239,170000,3,2.5,Franklin,2376,11412,1999,165,72,27,Sold,,,http://www.redfin.com/IN/Indianapolis/5537-Burning-Tree-Ct-46239/home/67001323,MIBOR,21497252,N,Y,39.6878398,-86.0354716
PAST SALE,October-31-2017,Single Family Residential,2458 Wayward Wind Dr,Indianapolis,IN,46239,248000,3,2.5,Warren,2419,22564,1992,137,103,21,Sold,,,http://www.redfin.com/IN/Indianapolis/2458-Wayward-Wind-Dr-46239/home/82234261,MIBOR,21497275,N,Y,39.7359324,-85.9841862
PAST SALE,December-22-2017,Single Family Residential,8057 States Bend Dr,Indianapolis,IN,46239,138500,4,2.5,Franklin,1806,5662,2007,85,77,22,Sold,,,http://www.redfin.com/IN/Indianapolis/8057-States-Bend-Dr-46239/home/60055093,MIBOR,21518799,N,Y,39.7196,-86.0237613
PAST SALE,December-22-2017,Single Family Residential,2036 Windy Hill Dr,Indianapolis,IN,46239,146500,3,2.5,Warren,1619,11761,1995,85,90,15,Sold,,,http://www.redfin.com/IN/Indianapolis/2036-Windy-Hill-Dr-46239/home/66988633,MIBOR,21524464,N,Y,39.7418149,-86.0276558
PAST SALE,December-15-2017,Single Family Residential,3306 Brandenburg Blvd,Indianapolis,IN,46239,123000,3,2,Franklin,1504,8799,2004,92,82,17,Sold,,,http://www.redfin.com/IN/Indianapolis/3306-Brandenburg-Blvd-46239/home/67051788,MIBOR,21522169,N,Y,39.7206977,-86.0294149
PAST SALE,January-5-2018,Single Family Residential,2332 Salem Park Ct,Indianapolis,IN,46239,125000,3,2,Warren,1320,5227,2001,71,95,25,Sold,,,http://www.redfin.com/IN/Indianapolis/2332-Salem-Park-Ct-46239/home/60007873,MIBOR,21525675,N,Y,39.7370016,-86.0246925
PAST SALE,February-19-2018,Single Family Residential,715 Treyburn Green Dr,Indianapolis,IN,46239,126475,3,2.5,Warren,1952,7840,2000,26,65,25,Sold,,,http://www.redfin.com/IN/Indianapolis/715-Treyburn-Green-Dr-46239/home/67050895,MIBOR,21522348,N,Y,39.7595506,-85.9965488
PAST SALE,February-21-2018,Single Family Residential,2127 Dancy Ct,Indianapolis,IN,46239,194400,4,2.5,Warren,2410,11848,1996,24,81,15,Sold,,,http://www.redfin.com/IN/Indianapolis/2127-Dancy-Ct-46239/home/82235036,MIBOR,21539712,N,Y,39.7406248,-86.0273465
PAST SALE,December-22-2017,Single Family Residential,10221 Shakamak Way,Indianapolis,IN,46239,267000,5,3,Franklin,4523,,2013,85,59,63,Sold,,,http://www.redfin.com/IN/Indianapolis/10221-Shakamak-Way-46239/home/60122547,MIBOR,21490258,N,Y,39.6971208,-85.9852232
PAST SALE,February-15-2018,Single Family Residential,5419 Bombay Dr,Indianapolis,IN,46239,215000,4,2.5,Franklin,2980,10454,2009,30,72,27,Sold,,,http://www.redfin.com/IN/Indianapolis/5419-Bombay-Dr-46239/home/60104329,MIBOR,21517383,N,Y,39.6895215,-86.0275619
PAST SALE,February-5-2018,Single Family Residential,4921 Callahan St,Indianapolis,IN,46239,205000,3,3,Franklin,2040,54450,1900,40,100,,Sold,,,http://www.redfin.com/IN/Indianapolis/4921-Callahan-St-46239/home/66967766,MIBOR,21520734,N,Y,39.69679,-86.0055749
PAST SALE,January-5-2018,Single Family Residential,5828 Newhall Dr,Indianapolis,IN,46239,145000,3,2,Franklin,1501,10802,2004,71,97,20,Sold,,,http://www.redfin.com/IN/Indianapolis/5828-Newhall-Dr-46239/home/67014206,MIBOR,21516847,N,Y,39.683726,-86.0298731
PAST SALE,January-15-2018,Single Family Residential,4780 Clifty Falls Ct,Indianapolis,IN,46239,268000,4,2.5,Franklin,3781,13111,2006,61,71,38,Sold,,,http://www.redfin.com/IN/Indianapolis/4780-Clifty-Falls-Ct-46239/home/82300256,MIBOR,21509553,N,Y,39.6990781,-85.9824712
PAST SALE,February-16-2018,Single Family Residential,4846 Shakamak Ct,Indianapolis,IN,46239,253500,3,2.5,Franklin,3610,13372,2013,29,70,39,Sold,,,http://www.redfin.com/IN/Indianapolis/4846-Shakamak-Ct-46239/home/82303328,MIBOR,21527672,N,Y,39.6984135,-85.9853827
PAST SALE,February-20-2018,Single Family Residential,8744 Kipling Dr,Indianapolis,IN,46239,219900,3,2,Franklin,2206,8712,2017,25,100,33,Sold,,,http://www.redfin.com/IN/Indianapolis/8744-Kipling-Dr-46239/home/82300322,MIBOR,21529772,N,Y,39.694228,-86.011974
PAST SALE,February-28-2018,Single Family Residential,5351 Twin Bridge Blvd,Indianapolis,IN,46239,213900,4,2.5,Franklin,2980,9104,2002,17,72,25,Sold,,,http://www.redfin.com/IN/Indianapolis/5351-Twin-Bridge-Blvd-46239/home/82282562,MIBOR,21490857,N,Y,39.6904733,-86.0317633
PAST SALE,March-1-2018,Single Family Residential,4638 April Ln,Indianapolis,IN,46239,326000,5,4.5,Franklin,4421,10890,2005,16,74,29,Sold,,,http://www.redfin.com/IN/Indianapolis/4638-April-Ln-46239/home/60149760,MIBOR,21540787,N,Y,39.700861,-86.0138714
PAST SALE,February-14-2018,Single Family Residential,4339 E Stubbington Ln,Indianapolis,IN,46239,203797,3,2.5,Franklin,2313,9147,2018,31,88,54,Sold,,,http://www.redfin.com/IN/Indianapolis/Stubbington-Ln-46239/home/144062850,MIBOR,21545342,N,Y,39.7051518,-86.0236283
PAST SALE,February-16-2018,Single Family Residential,10537 Southeastern Ave,Indianapolis,IN,46239,150000,4,2,Franklin,1482,29185,1961,29,101,,Sold,,,http://www.redfin.com/IN/Indianapolis/10537-Southeastern-Ave-46239/home/60144696,MIBOR,21517000,N,Y,39.6857758,-85.9793999
PAST SALE,December-11-2017,Single Family Residential,,Indianapolis,IN,46239,247290,5,3,,3028,8089,2017,96,82,,Sold,,,http://www.redfin.com/IN/Indianapolis/Undisclosed-address-46239/home/111204370,MIBOR,21528050,N,Y,39.6925398,-86.011618
PAST SALE,February-23-2018,Single Family Residential,8749 Twain Ln,Indianapolis,IN,46239,213000,2,3,Franklin,1784,5758,2017,22,119,128,Sold,,,http://www.redfin.com/IN/Indianapolis/8749-Twain-Ln-46239/home/111205134,MIBOR,21530392,N,Y,39.6903028,-86.0117233
PAST SALE,March-9-2018,Single Family Residential,7654 Ballybay Dr,Indianapolis,IN,46239,194900,4,2.5,Franklin,2790,7405,2005,8,70,54,Sold,,,http://www.redfin.com/IN/Indianapolis/7654-Ballybay-Dr-46239/home/60072171,MIBOR,21489639,N,Y,39.7046087,-86.0310848
PAST SALE,March-13-2018,Single Family Residential,5465 Wood Hollow Dr,Indianapolis,IN,46239,150500,3,2,Franklin,1656,7840,2004,4,91,28,Sold,,,http://www.redfin.com/IN/Indianapolis/5465-Wood-Hollow-Dr-46239/home/60084523,MIBOR,21544359,N,Y,39.6892994,-86.0237157
PAST SALE,November-2-2017,Single Family Residential,8346 Weathervane Cir,Indianapolis,IN,46239,135000,3,2,Franklin,1545,5009,2003,135,87,15,Sold,,,http://www.redfin.com/IN/Indianapolis/8346-Weathervane-Ct-46239/home/82296801,MIBOR,21516868,N,Y,39.7168991,-86.0191579
PAST SALE,November-8-2017,Single Family Residential,7820 Bombay Ln,Indianapolis,IN,46239,184000,3,2.5,Franklin,2176,8407,2008,129,85,28,Sold,,,http://www.redfin.com/IN/Indianapolis/7820-Bombay-Ln-46239/home/60005953,MIBOR,21500883,N,Y,39.6929283,-86.0283589
PAST SALE,October-30-2017,Single Family Residential,2257 Salem Park Dr,Indianapolis,IN,46239,132000,3,2,Warren,1684,5793,2002,138,78,24,Sold,,,http://www.redfin.com/IN/Indianapolis/2257-Salem-Park-Dr-46239/home/60053305,MIBOR,21515269,N,Y,39.7387069,-86.0222415
PAST SALE,October-25-2017,Single Family Residential,7137 E Payne Rd,Indianapolis,IN,46239,105000,3,1.5,Franklin,1700,20386,1961,143,62,,Sold,,,http://www.redfin.com/IN/Indianapolis/7137-E-Payne-Rd-46239/home/82185083,MIBOR,21507146,N,Y,39.7195573,-86.0413882
PAST SALE,November-8-2017,Single Family Residential,7851 States Bend Dr,Indianapolis,IN,46239,129000,3,2.5,Franklin,1792,6838,2004,129,72,24,Sold,,,http://www.redfin.com/IN/Indianapolis/7851-States-Bend-Dr-46239/home/82296956,MIBOR,21513329,N,Y,39.7191278,-86.0276017
PAST SALE,November-1-2017,Single Family Residential,4814 Ozark Ln,Indianapolis,IN,46239,170000,2,2,Franklin,1525,6577,2009,136,111,102,Sold,,,http://www.redfin.com/IN/Indianapolis/4814-Ozark-Ln-46239/home/82301568,MIBOR,21514593,N,Y,39.6985562,-86.026466
PAST SALE,,Single Family Residential,8036 Bach Dr,Indianapolis,IN,46239,113779,3,2.5,,3564,6970,2008,,32,,,,,http://www.redfin.com/IN/Indianapolis/8036-Bach-Dr-46239/home/82302076,,,N,Y,39.72634,-86.0244394
PAST SALE,,Single Family Residential,5246 Himalayan Dr,Indianapolis,IN,46239,192000,,3,,2982,8625,2009,,64,,,,,http://www.redfin.com/IN/Indianapolis/5246-Himalayan-Dr-46239/home/60083554,,,N,Y,39.6914729,-86.0263863
PAST SALE,November-3-2017,Single Family Residential,5708 Outer Bank Rd,Indianapolis,IN,46239,156000,4,2,Franklin,2076,9583,2007,134,75,28,Sold,,,http://www.redfin.com/IN/Indianapolis/5708-Outer-Bank-Rd-46239/home/60107514,MIBOR,21506368,N,Y,39.6854774,-86.0251907
PAST SALE,November-2-2017,Single Family Residential,8238 Spring Wind Dr,Indianapolis,IN,46239,145000,4,2.5,Franklin,2035,9539,2002,135,71,20,Sold,,,http://www.redfin.com/IN/Indianapolis/8238-Spring-Wind-Dr-46239/home/60167526,MIBOR,21512302,N,Y,39.7210761,-86.0210658
PAST SALE,October-30-2017,Single Family Residential,9105 E Imperial Dr,Indianapolis,IN,46239,112000,3,1,Franklin,1056,15681,1959,138,106,,Sold,,,http://www.redfin.com/IN/Indianapolis/9105-Imperial-Dr-46239/home/67001194,MIBOR,21522510,N,Y,39.7042299,-86.0062474
PAST SALE,October-25-2017,Single Family Residential,5651 Wood Hollow Dr,Indianapolis,IN,46239,133000,3,2,Franklin,1422,9801,2002,143,94,29,Sold,,,http://www.redfin.com/IN/Indianapolis/5651-Wood-Hollow-Dr-46239/home/82276518,MIBOR,21514395,N,Y,39.6859182,-86.0215741
PAST SALE,October-25-2017,Single Family Residential,1740 Jessica Dr,Indianapolis,IN,46239,205630,4,2.5,Warren,3995,9147,2017,143,51,,Sold,,,http://www.redfin.com/IN/Indianapolis/1740-Jessica-Dr-46239/home/60175607,MIBOR,21486442,N,Y,39.746677,-85.987657
PAST SALE,October-30-2017,Single Family Residential,4445 Senour Rd,Indianapolis,IN,46239,88000,3,1,Franklin,2160,43560,1956,138,41,,Sold,,,http://www.redfin.com/IN/Indianapolis/4445-Senour-Rd-46239/home/82184282,MIBOR,21512710,N,Y,39.7044392,-85.974862
PAST SALE,November-3-2017,Single Family Residential,10819 Stable Dr,Indianapolis,IN,46239,149900,2,2,Warren,1701,6229,1998,134,88,150,Sold,,,http://www.redfin.com/IN/Indianapolis/10819-Stable-Dr-46239/home/82235444,MIBOR,21514633,N,Y,39.748203,-85.9740148
PAST SALE,November-15-2017,Single Family Residential,10265 E Wayward Wind Dr,Indianapolis,IN,46239,265000,4,3,Warren,2958,23958,1991,122,90,21,Sold,,,http://www.redfin.com/IN/Indianapolis/10265-Wayward-Wind-Dr-46239/home/60065916,MIBOR,21496034,N,Y,39.7368376,-85.9842062
PAST SALE,February-16-2018,Single Family Residential,10706 E Creekside Woods Dr,Indianapolis,IN,46239,123500,3,2,Warren,1475,10933,1992,29,84,14,Sold,,,http://www.redfin.com/IN/Indianapolis/10706-Creekside-Woods-Dr-46239/home/82234082,MIBOR,21530143,N,Y,39.7633232,-85.9766077
PAST SALE,February-21-2018,Single Family Residential,2733 S Davis Rd,Indianapolis,IN,46239,238000,5,2.5,Warren,3820,100187,1935,24,62,,Sold,,,http://www.redfin.com/IN/Indianapolis/2733-Davis-Rd-46239/home/67046700,MIBOR,21524227,N,Y,39.7304156,-85.9888824
PAST SALE,February-28-2018,Single Family Residential,9916 Vandergriff Rd,Indianapolis,IN,46239,155000,3,2.5,Franklin,1863,39421,1970,17,83,,Sold,,,http://www.redfin.com/IN/Indianapolis/9916-Vandergriff-Rd-46239/home/82312354,MIBOR,21526273,N,Y,39.7156903,-85.9906877
PAST SALE,February-28-2018,Single Family Residential,351 Stillwood Ct,Indianapolis,IN,46239,144000,4,3,Warren,2748,,1991,17,52,11,Sold,,,http://www.redfin.com/IN/Indianapolis/351-Stillwood-Ct-46239/home/67070073,MIBOR,21527736,N,Y,39.7646365,-85.9785623
PAST SALE,February-21-2018,Single Family Residential,10103 Ironway Dr,Indianapolis,IN,46239,152000,3,2,Warren,1620,15245,1995,24,94,16,Sold,,,http://www.redfin.com/IN/Indianapolis/10103-Ironway-Dr-46239/home/60167475,MIBOR,21540233,N,Y,39.7591749,-85.9879751
PAST SALE,February-28-2018,Single Family Residential,9490 Treyburn Lakes Dr,Indianapolis,IN,46239,167500,4,2.5,Warren,2646,14157,2010,17,63,21,Sold,,,http://www.redfin.com/IN/Indianapolis/9490-Treyburn-Lakes-Dr-46239/home/60087762,MIBOR,21527207,N,Y,39.7602658,-85.9998184
PAST SALE,March-2-2018,Single Family Residential,1838 Jessica Dr,Indianapolis,IN,46239,213851,5,2.5,Warren,3290,,2018,15,65,,Sold,,,http://www.redfin.com/IN/Indianapolis/1838-Jessica-Dr-46239/home/144062820,MIBOR,21549033,N,Y,39.7462931,-85.9876628
PAST SALE,March-2-2018,Single Family Residential,8052 Fisher Bend Dr,Indianapolis,IN,46239,140000,4,2.5,Franklin,1633,5662,2012,15,86,22,Sold,,,http://www.redfin.com/IN/Indianapolis/8052-Fisher-Bend-Dr-46239/home/82300064,MIBOR,21544551,N,Y,39.7214529,-86.0238556
PAST SALE,March-5-2018,Single Family Residential,3225 Tupelo Dr,Indianapolis,IN,46239,125000,3,2.5,Franklin,1440,6577,2000,12,87,22,Sold,,,http://www.redfin.com/IN/Indianapolis/3225-Tupelo-Dr-46239/home/66806759,MIBOR,21542548,N,Y,39.7215804,-86.0170004
PAST SALE,March-2-2018,Single Family Residential,10325 Hunters Crossing Blvd,Indianapolis,IN,46239,210000,3,2.5,Franklin,1980,7187,2018,15,106,28,Sold,,,http://www.redfin.com/IN/Indianapolis/10325-Hunters-Crossing-Blvd-46239/home/111929349,MIBOR,21514888,N,Y,39.705433,-85.975768
PAST SALE,October-27-2017,Single Family Residential,4422 Maldenhair Dr,Indianapolis,IN,46239,368000,6,4.5,Franklin,4078,9805,2015,141,90,38,Sold,,,http://www.redfin.com/IN/Indianapolis/4422-Maldenhair-Dr-46239/home/106772692,MIBOR,21510929,N,Y,39.7052026,-85.9882884
PAST SALE,March-8-2018,Single Family Residential,424 Garden Grace Dr,Indianapolis,IN,46239,144000,3,2,Warren,1748,12501,1996,9,82,,Sold,,,http://www.redfin.com/IN/Indianapolis/424-Garden-Grace-Dr-46239/home/66809162,MIBOR,21510490,N,Y,39.7638631,-85.9701452
PAST SALE,March-9-2018,Single Family Residential,549 S Franklin Rd,Indianapolis,IN,46239,133075,3,1,Warren,2896,108900,1880,8,46,,Sold,,,http://www.redfin.com/IN/Indianapolis/549-S-Franklin-Rd-46239/home/82223848,MIBOR,21514444,N,Y,39.7598251,-86.0256764
PAST SALE,March-14-2018,Single Family Residential,9423 Rawles Ave,Indianapolis,IN,46229,193000,4,2.5,Warren,2920,87120,1987,3,66,,Sold,,,http://www.redfin.com/IN/Indianapolis/9423-Rawles-Ave-46229/home/82233816,MIBOR,21541613,N,Y,39.761417,-86.000377
PAST SALE,March-16-2018,Single Family Residential,2019 Sotheby Ln,Indianapolis,IN,46239,134900,3,2,Warren,1714,6534,2010,1,79,,Sold,,,http://www.redfin.com/IN/Indianapolis/2019-Sotheby-Ln-46239/home/82302100,MIBOR,21542547,N,Y,39.7421967,-86.0184951
PAST SALE,March-15-2018,Single Family Residential,10224 Goose Rock Ln,Indianapolis,IN,46239,254900,4,2.5,Franklin,2917,11151,2017,2,87,41,Sold,,,http://www.redfin.com/IN/Indianapolis/10224-Goose-Rock-Dr-46239/home/143993134,MIBOR,21495326,N,Y,39.706782,-85.987995
PAST SALE,March-16-2018,Single Family Residential,4823 Black Marlin Dr,Indianapolis,IN,46239,247500,5,3,Franklin,2964,12632,2013,1,84,29,Sold,,,http://www.redfin.com/IN/Indianapolis/4823-Black-Marlin-Dr-46239/home/60144701,MIBOR,21541183,N,Y,39.6991041,-86.0101442
PAST SALE,October-25-2017,Single Family Residential,3303 Summer Breeze Ln,Indianapolis,IN,46239,125000,3,2.5,Franklin,2035,9888,2003,143,61,20,Sold,,,http://www.redfin.com/IN/Indianapolis/3303-Summer-Breeze-Ln-46239/home/82283729,MIBOR,21509735,N,Y,39.7206661,-86.0185263
PAST SALE,October-30-2017,Single Family Residential,1757 James Run Way,Indianapolis,IN,46239,170750,3,2,Warren,1873,10149,2017,138,91,,Sold,,,http://www.redfin.com/IN/Indianapolis/1757-James-Run-Dr-46239/home/82302728,MIBOR,21522583,N,Y,39.7451263,-85.9889844
PAST SALE,October-30-2017,Single Family Residential,1821 Vickie Dr,Indianapolis,IN,46239,130000,2,2,Warren,2100,22215,1959,138,62,,Sold,,,http://www.redfin.com/IN/Indianapolis/1821-Vickie-Dr-46239/home/59996173,MIBOR,21503676,N,Y,39.7458157,-86.0050414
PAST SALE,November-3-2017,Single Family Residential,4331 Fox Hollow Blvd,Indianapolis,IN,46239,273000,3,2.5,Franklin,2670,10890,2016,134,102,38,Sold,,,http://www.redfin.com/IN/Indianapolis/4331-Fox-Hollow-Blvd-46239/home/106773276,MIBOR,21496649,N,Y,39.7066271,-85.9871011
PAST SALE,October-13-2017,Single Family Residential,7250 Southeastern Ave,Indianapolis,IN,46239,96000,3,1.5,Franklin,1270,13590,1963,155,76,,Sold,,,http://www.redfin.com/IN/Indianapolis/7250-Southeastern-Ave-46239/home/60047054,MIBOR,21507723,N,Y,39.7211491,-86.0380149
PAST SALE,November-8-2017,Single Family Residential,5935 Newhall Dr,Indianapolis,IN,46239,186500,4,2.5,Franklin,2460,10933,2003,129,76,20,Sold,,,http://www.redfin.com/IN/Indianapolis/5935-Newhall-Dr-46239/home/82296660,MIBOR,21516754,N,Y,39.682403,-86.0288371
PAST SALE,October-20-2017,Single Family Residential,8321 Exton Rd,Indianapolis,IN,46239,127000,3,2,Warren,1390,7405,2006,148,91,23,Sold,,,http://www.redfin.com/IN/Indianapolis/8321-Exton-Rd-46239/home/60107020,MIBOR,21511285,N,Y,39.7405505,-86.0203336
PAST SALE,October-13-2017,Single Family Residential,7927 Bent Willow Dr,Indianapolis,IN,46239,149900,4,2,Warren,1964,10323,1998,155,76,15,Sold,,,http://www.redfin.com/IN/Indianapolis/7927-Bent-Willow-Dr-46239/home/60036835,MIBOR,21510187,N,Y,39.7417412,-86.0270592
PAST SALE,December-22-2017,Single Family Residential,8718 Hornady Dr,Indianapolis,IN,46239,334010,4,3.5,Franklin,4869,11194,2017,85,69,29,Sold,,,http://www.redfin.com/IN/Indianapolis/8718-Hornady-Ct-46239/home/144062831,MIBOR,21528725,N,Y,39.6968812,-86.009714
PAST SALE,January-19-2018,Single Family Residential,4139 Viva Ln,Indianapolis,IN,46239,176900,3,2,Franklin,1801,7405,2017,57,98,,Sold,,,http://www.redfin.com/IN/Indianapolis/4139-Viva-Ln-46239/home/111929320,MIBOR,21526526,N,Y,39.7065965,-86.0342042
PAST SALE,January-31-2018,Single Family Residential,8236 Twin River Dr,Indianapolis,IN,46239,137000,3,2,Franklin,1375,9931,2005,45,100,27,Sold,,,http://www.redfin.com/IN/Indianapolis/8236-Twin-River-Dr-46239/home/82297246,MIBOR,21528518,N,Y,39.6832548,-86.0207396
PAST SALE,February-2-2018,Single Family Residential,10530 Deercrest Ln,Indianapolis,IN,46239,174900,3,2.5,Franklin,2164,8537,2009,43,81,29,Sold,,,http://www.redfin.com/IN/Indianapolis/10530-Deercrest-Ln-46239/home/82301197,MIBOR,21517976,N,Y,39.7063338,-85.9788614
PAST SALE,January-12-2018,Single Family Residential,4414 Wild Pheasant Ln,Indianapolis,IN,46239,178500,3,2.5,Franklin,2007,7405,2004,64,89,33,Sold,,,http://www.redfin.com/IN/Indianapolis/4414-Wild-Pheasant-Ln-46239/home/60017017,MIBOR,21520724,N,Y,39.7052206,-85.9763285
PAST SALE,November-30-2017,Single Family Residential,8618 Faulkner Dr,Indianapolis,IN,46239,175600,2,2,Franklin,1744,,2017,107,101,95,Sold,,,http://www.redfin.com/IN/Indianapolis/8618-Faulkner-Dr-46239/home/111205131,MIBOR,21461591,N,Y,39.6903199,-86.0129685
PAST SALE,September-29-2017,Single Family Residential,10349 Hunters Crossing Blvd,Indianapolis,IN,46239,219000,4,3,Franklin,2189,7187,2017,169,100,28,Sold,,,http://www.redfin.com/IN/Indianapolis/10349-Hunters-Crossing-Blvd-46239/home/111929354,MIBOR,21482408,N,Y,39.705433,-85.975768
PAST SALE,October-17-2017,Single Family Residential,4637 April Ln,Indianapolis,IN,46239,209975,4,2.5,Franklin,2433,11107,2017,151,86,,Sold,,,http://www.redfin.com/IN/Indianapolis/4637-April-Ln-46239/home/60003529,MIBOR,21520634,N,Y,39.700854,-86.013197
PAST SALE,October-13-2017,Single Family Residential,3027 Arrowroot Ln,Indianapolis,IN,46239,188174,4,2.5,Franklin,2731,11891,2017,155,69,22,Sold,,,http://www.redfin.com/IN/Indianapolis/3027-Arrowroot-Ln-46239/home/82299958,MIBOR,21510746,N,Y,39.724626,-86.02696
PAST SALE,October-31-2017,Single Family Residential,8709 Hornady Dr,Indianapolis,IN,46239,267425,3,2,Franklin,2095,11979,2017,137,128,29,Sold,,,http://www.redfin.com/IN/Indianapolis/8709-Hornady-Ct-46239/home/144062841,MIBOR,21522116,N,Y,39.6968885,-86.0093749
PAST SALE,November-20-2017,Single Family Residential,8710 Hornady Dr,Indianapolis,IN,46239,266373,3,2,Franklin,2573,10890,2017,117,104,58,Sold,,,http://www.redfin.com/IN/Indianapolis/8710-Hornady-Ct-46239/home/142265293,MIBOR,21507995,N,Y,39.698273,-86.016376
PAST SALE,January-24-2018,Single Family Residential,8702 Hornady Dr,Indianapolis,IN,46239,303150,3,2,Franklin,2705,10890,2017,52,112,29,Sold,,,http://www.redfin.com/IN/Indianapolis/8702-Hornady-Ct-46239/home/144062832,MIBOR,21542066,N,Y,39.697072,-86.010584
PAST SALE,December-21-2017,Single Family Residential,7627 Thorney Wood Dr,Indianapolis,IN,46239,189000,4,3.5,Warren,3456,10018,2006,86,55,26,Sold,,,http://www.redfin.com/IN/Indianapolis/7627-Thorney-Wood-Dr-46239/home/60005890,MIBOR,21510988,N,Y,39.7325964,-86.032264
PAST SALE,December-29-2017,Single Family Residential,2538 Thorney Wood Ln,Indianapolis,IN,46239,167000,3,2.5,Warren,2570,8145,2012,78,65,25,Sold,,,http://www.redfin.com/IN/Indianapolis/2538-Thorney-Wood-Ln-46239/home/60117202,MIBOR,21512393,N,Y,39.7333679,-86.0313077
PAST SALE,November-3-2017,Single Family Residential,5840 Outer Bank Rd,Indianapolis,IN,46239,226000,5,3,Franklin,2792,20037,2003,134,81,25,Sold,,,http://www.redfin.com/IN/Indianapolis/5840-Outer-Bank-Rd-46239/home/67080635,MIBOR,21509606,N,Y,39.6831536,-86.0248918
PAST SALE,January-29-2018,Single Family Residential,3711 Whistlewood Ln,Indianapolis,IN,46239,118000,3,2,Franklin,1222,5532,2003,47,97,22,Sold,,,http://www.redfin.com/IN/Indianapolis/3711-Whistlewood-Ln-46239/home/82282713,MIBOR,21527598,N,Y,39.7147105,-86.0219028
PAST SALE,January-31-2018,Single Family Residential,4355 E Stubbington Ln,Indianapolis,IN,46239,187520,3,2,Franklin,1611,7405,2017,45,116,54,Sold,,,http://www.redfin.com/IN/Indianapolis/Stubbington-Ln-46239/home/144062848,MIBOR,21542686,N,Y,39.7051518,-86.0236283
PAST SALE,January-31-2018,Single Family Residential,8827 Adams Rd,Indianapolis,IN,46239,147400,2,1,Franklin,2273,33889,1929,45,65,,Sold,,,http://www.redfin.com/IN/Indianapolis/8827-Adams-Rd-46239/home/82184209,MIBOR,21527092,N,Y,39.7016693,-86.0107936
PAST SALE,February-2-2018,Single Family Residential,7732 Bright Leaf Cir,Indianapolis,IN,46239,141000,3,2,Warren,1540,7840,1996,43,92,15,Sold,,,http://www.redfin.com/IN/Indianapolis/7732-Bright-Leaf-Cir-46239/home/60052322,MIBOR,21529469,N,Y,39.7425139,-86.0301322
PAST SALE,January-8-2018,Single Family Residential,8317 Brambleberry Dr,Indianapolis,IN,46239,132000,3,2,Franklin,1250,7840,2001,68,106,25,Sold,,,http://www.redfin.com/IN/Indianapolis/8317-Brambleberry-Dr-46239/home/60036485,MIBOR,21525968,N,Y,39.6844507,-86.0203597
PAST SALE,October-10-2017,Single Family Residential,3980 Ferguson Rd,Indianapolis,IN,46239,147500,3,2,Franklin,2300,24698,1956,158,64,,Sold,,,http://www.redfin.com/IN/Indianapolis/3980-Ferguson-Rd-46239/home/82184205,MIBOR,21495405,N,Y,39.7106039,-86.0306103
PAST SALE,January-5-2018,Single Family Residential,8809 New Heritage Dr,Indianapolis,IN,46239,245000,4,2.5,Franklin,3952,11761,2012,71,62,58,Sold,,,http://www.redfin.com/IN/Indianapolis/8809-New-Heritage-Dr-46239/home/82302795,MIBOR,21514088,N,Y,39.6999436,-86.0112564
PAST SALE,February-2-2018,Single Family Residential,8516 Hornady Dr,Indianapolis,IN,46239,305190,5,3,Franklin,3389,11194,2017,43,90,29,Sold,,,http://www.redfin.com/IN/Indianapolis/8516-Hornady-Dr-46239/home/144062837,MIBOR,21547408,N,Y,39.6967514,-86.0156644
PAST SALE,December-18-2017,Single Family Residential,7736 Wood Stream Dr,Indianapolis,IN,46239,158500,4,2.5,Warren,2438,10018,2003,89,65,15,Sold,,,http://www.redfin.com/IN/Indianapolis/7736-Wood-Stream-Dr-46239/home/66969849,MIBOR,21502993,N,Y,39.744546,-86.0301919
PAST SALE,February-9-2018,Single Family Residential,8230 St Clifford Ct,Indianapolis,IN,46239,127900,4,2,Warren,1271,6882,2010,36,101,23,Sold,,,http://www.redfin.com/IN/Indianapolis/8230-St-Clifford-Ct-46239/home/82302110,MIBOR,21512584,N,Y,39.7431051,-86.0215065
PAST SALE,December-13-2017,Single Family Residential,8721 Rowling Way,Indianapolis,IN,46239,272900,5,3,Franklin,3137,14845,2017,94,87,33,Sold,,,http://www.redfin.com/IN/Indianapolis/8721-Rowling-Way-46239/home/111930303,MIBOR,21504454,N,Y,39.6911191,-86.0127407
PAST SALE,September-29-2017,Single Family Residential,10308 Hunters Crossing Blvd,Indianapolis,IN,46239,213625,4,2.5,Franklin,2023,10890,2017,169,106,,Sold,,,http://www.redfin.com/IN/Indianapolis/10308-Hunters-Crossing-Blvd-46239/home/111929365,MIBOR,21516720,N,Y,39.7053519,-85.9805423
PAST SALE,September-26-2017,Single Family Residential,2031 Cross Willow Ln,Indianapolis,IN,46239,163000,3,2.5,Warren,1722,8973,1996,172,95,15,Sold,,,http://www.redfin.com/IN/Indianapolis/2031-Cross-Willow-Ln-46239/home/59996527,MIBOR,21505100,N,Y,39.7417402,-86.030431
PAST SALE,September-25-2017,Single Family Residential,3451 Black Forest Ln,Indianapolis,IN,46239,134000,4,2.5,Franklin,1621,9147,2012,173,83,17,Sold,,,http://www.redfin.com/IN/Indianapolis/3451-Black-Forest-Ln-46239/home/60163169,MIBOR,21504040,N,Y,39.7179782,-86.0316265
PAST SALE,October-17-2017,Single Family Residential,10149 Goose Rock Ln,Indianapolis,IN,46239,372670,3,3,Franklin,4550,12196,2017,151,82,38,Sold,,,http://www.redfin.com/IN/Indianapolis/10149-Goose-Rock-Dr-46239/home/144062627,MIBOR,21490580,N,Y,39.7047473,-85.9857013
PAST SALE,October-16-2017,Single Family Residential,3552 Brandenburg Blvd,Indianapolis,IN,46239,160000,3,2.5,Franklin,2842,9801,2007,152,56,17,Sold,,,http://www.redfin.com/IN/Indianapolis/3552-Brandenburg-Blvd-46239/home/59985172,MIBOR,21507378,N,Y,39.7164516,-86.0293153
PAST SALE,October-20-2017,Single Family Residential,3627 Whistlewood Ln,Indianapolis,IN,46239,158000,3,2.5,Franklin,2264,4791,2004,148,70,22,Sold,,,http://www.redfin.com/IN/Indianapolis/3627-Whistlewood-Ln-46239/home/60021258,MIBOR,21509652,N,Y,39.7156771,-86.0219426
PAST SALE,October-3-2017,Single Family Residential,7145 Economics Ct,Indianapolis,IN,46239,236500,4,3.5,Franklin,3826,11325,2003,165,62,29,Sold,,,http://www.redfin.com/IN/Indianapolis/7145-Economics-Ct-46239/home/60043313,MIBOR,21490923,N,Y,39.6972663,-86.0411491
PAST SALE,September-29-2017,Single Family Residential,8503 Coralberry Ln,Indianapolis,IN,46239,124250,3,2.5,Franklin,1536,6969,2000,169,81,12,Sold,,,http://www.redfin.com/IN/Indianapolis/8503-Coralberry-Ln-46239/home/66847641,MIBOR,21507165,N,Y,39.7183849,-86.0165146
PAST SALE,September-29-2017,Single Family Residential,7136 Fields Dr,Indianapolis,IN,46239,225000,5,2.5,Franklin,3402,12632,2004,169,66,,Sold,,,http://www.redfin.com/IN/Indianapolis/7136-Fields-Dr-46239/home/66877661,MIBOR,21496758,N,Y,39.7022292,-86.0415874
PAST SALE,October-2-2017,Single Family Residential,7835 E Edgewood Ave,Indianapolis,IN,46239,459400,3,3.5,Franklin,3908,165528,1994,166,118,,Sold,,,http://www.redfin.com/IN/Indianapolis/7835-E-Edgewood-Ave-46239/home/67095542,MIBOR,21493892,N,Y,39.6803499,-86.0282194
PAST SALE,December-4-2017,Single Family Residential,5335 Kidwell Cir,Indianapolis,IN,46239,172500,3,2.5,Franklin,2348,7405,1999,103,73,27,Sold,,,http://www.redfin.com/IN/Indianapolis/5335-Kidwell-Cir-46239/home/66978397,MIBOR,21506923,N,Y,39.6905255,-86.0428622
PAST SALE,October-30-2017,Single Family Residential,1904 Jessica Ct,Indianapolis,IN,46239,194426,3,2,Warren,2217,11761,2017,138,88,,Sold,,,http://www.redfin.com/IN/Indianapolis/1904-Jessica-Dr-46239/home/144062605,MIBOR,21524216,N,Y,39.7462931,-85.9876628
PAST SALE,November-16-2017,Single Family Residential,8023 Grove Berry Way,Indianapolis,IN,46239,135990,4,2.5,Franklin,1445,5270,2017,121,94,22,Sold,,,http://www.redfin.com/IN/Indianapolis/8023-Grove-Berry-Way-46239/home/82299982,MIBOR,21524375,N,Y,39.720182,-86.024518
PAST SALE,December-19-2017,Single Family Residential,3403 Black Forest Ln,Indianapolis,IN,46239,179900,4,2.5,Franklin,2731,7056,2017,88,66,,Sold,,,http://www.redfin.com/IN/Indianapolis/3403-Black-Forest-Ln-46239/home/82299740,MIBOR,21503049,N,Y,39.71919,-86.031299
PAST SALE,January-9-2018,Single Family Residential,1855 Dogwood Lake Way,Indianapolis,IN,46239,143000,3,2,Warren,1441,9234,2013,67,99,35,Sold,,,http://www.redfin.com/IN/Indianapolis/1855-Dogwood-Lake-Way-46239/home/59989328,MIBOR,21525579,N,Y,39.745297,-85.971466
PAST SALE,,Single Family Residential,2504 Swan Sea Dr,Indianapolis,IN,46239,142000,,1.5,,2096,10934,2002,,68,,,,,http://www.redfin.com/IN/Indianapolis/2504-Swan-Sea-Dr-46239/home/59992098,,,N,Y,39.7343363,-86.0302318
PAST SALE,October-27-2017,Single Family Residential,1822 Mandolin Way,Indianapolis,IN,46239,182689,4,2.5,Warren,2288,,2017,141,80,,Sold,,,http://www.redfin.com/IN/Indianapolis/1822-Mandolin-Way-46239/home/144062613,MIBOR,21524221,N,Y,39.7463988,-85.9895782
PAST SALE,November-17-2017,Single Family Residential,9615 E Edgewood Ave,Indianapolis,IN,46239,369000,4,3.5,Franklin,3783,109771,1989,120,98,,Sold,,,http://www.redfin.com/IN/Indianapolis/9615-E-Edgewood-Ave-46239/home/82187143,MIBOR,21490912,N,Y,39.6813702,-85.9975058
PAST SALE,December-21-2017,Single Family Residential,2104 Davis Rd,Indianapolis,IN,46239,178000,3,2,Warren,3837,68694,1950,86,46,,Sold,,,http://www.redfin.com/IN/Indianapolis/2104-Davis-Rd-46239/home/82227734,MIBOR,21524747,N,Y,39.7415038,-85.990996
PAST SALE,November-20-2017,Single Family Residential,10410 Clifty Falls Rd,Indianapolis,IN,46239,287000,4,3.5,Franklin,3635,11456,2005,117,79,38,Sold,,,http://www.redfin.com/IN/Indianapolis/10410-Clifty-Falls-Rd-46239/home/82298473,MIBOR,21505120,N,Y,39.7001249,-85.9813544
PAST SALE,December-8-2017,Single Family Residential,645 Treyburn Lakes Way,Indianapolis,IN,46239,140000,4,2.5,Warren,2332,6316,1998,99,60,25,Sold,,,http://www.redfin.com/IN/Indianapolis/645-Treyburn-Lakes-Way-46239/home/67096266,MIBOR,21513914,N,Y,39.7600185,-85.9937974
PAST SALE,December-28-2017,Single Family Residential,4544 Goose Rock Dr,Indianapolis,IN,46239,247500,4,2.5,Franklin,2482,10415,2016,79,100,38,Sold,,,http://www.redfin.com/IN/Indianapolis/4544-Goose-Rock-Dr-46239/home/111203297,MIBOR,21509922,N,Y,39.7031998,-85.986025
PAST SALE,December-15-2017,Single Family Residential,7133 Chemistry Ct,Indianapolis,IN,46239,194500,4,2.5,Franklin,2760,23522,2001,92,70,26,Sold,,,http://www.redfin.com/IN/Indianapolis/7133-Chemistry-Ct-46239/home/66981540,MIBOR,21506794,N,Y,39.6983674,-86.0415874
PAST SALE,October-11-2017,Single Family Residential,8121 Cole Wood Blvd,Indianapolis,IN,46239,171500,4,2.5,Warren,2428,6969,2007,157,71,20,Sold,,,http://www.redfin.com/IN/Indianapolis/8121-Cole-Wood-Blvd-46239/home/60039463,MIBOR,21491615,N,Y,39.7337806,-86.0233774
PAST SALE,October-19-2017,Single Family Residential,2855 Wolfgang Ave,Indianapolis,IN,46239,132500,4,2.5,Warren,2854,5662,2005,149,46,17,Sold,,,http://www.redfin.com/IN/Indianapolis/2855-Wolfgang-Dr-46239/home/60124727,MIBOR,21512889,N,Y,39.7271795,-86.0302318
PAST SALE,September-18-2017,Single Family Residential,3035 Arrowroot Ln,Indianapolis,IN,46239,154900,4,2.5,Franklin,1525,8973,2017,180,102,,Sold,,,http://www.redfin.com/IN/Indianapolis/3035-Arrowroot-Ln-46239/home/82299967,MIBOR,21506249,N,Y,39.724213,-86.027678
PAST SALE,October-9-2017,Single Family Residential,8540 Hornady Dr,Indianapolis,IN,46239,258319,4,2.5,Franklin,2332,10890,2017,159,111,58,Sold,,,http://www.redfin.com/IN/Indianapolis/8540-Hornady-Ct-46239/home/123441998,MIBOR,21500577,N,Y,39.698273,-86.016376
PAST SALE,October-20-2017,Single Family Residential,8645 Hornady Dr,Indianapolis,IN,46239,267850,3,2,Franklin,2761,11761,2017,148,97,29,Sold,,,http://www.redfin.com/IN/Indianapolis/8645-Hornady-Ct-46239/home/113604930,MIBOR,21475164,N,Y,39.698273,-86.016376
PAST SALE,October-16-2017,Single Family Residential,8135 Fisher Bend Dr,Indianapolis,IN,46239,149900,4,2.5,Franklin,1608,6708,2017,152,93,,Sold,,,http://www.redfin.com/IN/Indianapolis/8135-Fisher-Bend-Dr-46239/home/113859969,MIBOR,21482152,N,Y,39.721013,-86.022578
PAST SALE,October-26-2017,Single Family Residential,3218 Cork Bend Dr,Indianapolis,IN,46239,144920,3,2.5,Franklin,1621,6185,2017,142,89,30,Sold,,,http://www.redfin.com/IN/Indianapolis/3218-Cork-Bend-Dr-46239/home/82298272,MIBOR,21520740,N,Y,39.721941,-86.026927
PAST SALE,October-17-2017,Single Family Residential,3345 Summer Breeze Cir,Indianapolis,IN,46239,158000,3,2.5,Franklin,2425,6098,2003,151,65,20,Sold,,,http://www.redfin.com/IN/Indianapolis/3345-Summer-Breeze-Ln-46239/home/82295901,MIBOR,21506446,N,Y,39.7197553,-86.0184945
PAST SALE,January-12-2018,Single Family Residential,8644 Hornady Dr,Indianapolis,IN,46239,245000,3,2.5,Franklin,2253,11325,2017,64,109,29,Sold,,,http://www.redfin.com/IN/Indianapolis/8644-Hornady-Ct-46239/home/144062833,MIBOR,21520154,N,Y,39.698274,-86.016377
PAST SALE,January-26-2018,Single Family Residential,7813 Fox Glen Dr,Indianapolis,IN,46239,165000,4,2.5,Warren,3016,7196,2004,50,55,20,Sold,,,http://www.redfin.com/IN/Indianapolis/7813-Fox-Glen-Dr-46239/home/60083982,MIBOR,21491755,N,Y,39.7332665,-86.0295145
PAST SALE,October-27-2017,Single Family Residential,4310 Ann Elizabeth Way,Indianapolis,IN,46239,197000,5,3,Franklin,3620,7797,2007,141,54,54,Sold,,,http://www.redfin.com/IN/Indianapolis/4310-Anne-Elizabeth-Way-46239/home/60056060,MIBOR,21504697,N,Y,39.7057948,-86.030984
PAST SALE,November-10-2017,Single Family Residential,3318 Spring Wind Ln,Indianapolis,IN,46239,147000,3,2.5,Franklin,2025,8712,2003,127,73,20,Sold,,,http://www.redfin.com/IN/Indianapolis/3318-Spring-Wind-Ln-46239/home/60140063,MIBOR,21513163,N,Y,39.7202877,-86.0214419
PAST SALE,February-1-2018,Single Family Residential,4326 Starlight Dr,Indianapolis,IN,46239,145500,3,1.5,Franklin,1214,17711,1957,44,120,,Sold,,,http://www.redfin.com/IN/Indianapolis/4326-Starlight-Dr-46239/home/66976244,MIBOR,21522850,N,Y,39.7060926,-86.0063171
PAST SALE,February-6-2018,Single Family Residential,3838 Wildwood Dr,Indianapolis,IN,46239,60000,3,1,Franklin,864,20255,1920,39,69,,Sold,,,http://www.redfin.com/IN/Indianapolis/3838-Wildwood-Dr-46239/home/62619741,MIBOR,21507100,N,Y,39.7119396,-86.0284544
PAST SALE,November-17-2017,Single Family Residential,7156 Bracken Ln,Indianapolis,IN,46239,158000,3,2.5,Franklin,2202,7710,1999,120,72,29,Sold,,,http://www.redfin.com/IN/Indianapolis/7156-Bracken-Ln-46239/home/60023370,MIBOR,21509975,N,Y,39.6886486,-86.0409101
PAST SALE,February-6-2018,Single Family Residential,3815 S Ferguson,Indianapolis,IN,46239,107000,4,1.5,Franklin,1290,20908,1936,39,83,,Sold,,,http://www.redfin.com/IN/Indianapolis/3815-Ferguson-Rd-46239/home/66821925,MIBOR,21511393,N,Y,39.712411,-86.029696
PAST SALE,January-31-2018,Single Family Residential,4745 Northeastern Ave,Indianapolis,IN,46239,392000,4,4,Franklin,4983,67082,1989,45,79,,Sold,,,http://www.redfin.com/IN/Indianapolis/4745-Northeastern-Ave-46239/home/82186670,MIBOR,21510050,N,Y,39.7018253,-86.0171481
PAST SALE,,Single Family Residential,8425 Lawrence Ave,Indianapolis,IN,46239,96000,3,,,1278,17999,1950,,75,,,,,http://www.redfin.com/IN/Indianapolis/8425-Lawrence-Ave-46239/home/82279714,,,N,Y,39.7047081,-86.019463
PAST SALE,January-5-2018,Single Family Residential,2266 Layton Park Dr,Indianapolis,IN,46239,174900,4,2.5,Warren,3108,5749,2002,71,56,23,Sold,,,http://www.redfin.com/IN/Indianapolis/2266-Layton-Park-Dr-46239/home/82283510,MIBOR,21524154,N,Y,39.7383801,-86.0238556
PAST SALE,December-8-2017,Single Family Residential,4302 Wanamaker Dr,Indianapolis,IN,46239,195000,5,3.5,Franklin,3854,14993,1955,99,51,,Sold,,,http://www.redfin.com/IN/Indianapolis/4302-Wanamaker-Dr-46239/home/82287513,MIBOR,21485186,N,Y,39.7049614,-86.0212213
PAST SALE,December-15-2017,Single Family Residential,5528 Edgewood Trace Blvd,Indianapolis,IN,46239,171400,4,2.5,Franklin,2160,11935,2006,92,79,20,Sold,,,http://www.redfin.com/IN/Indianapolis/5528-Edgewood-Trace-Blvd-46239/home/82296690,MIBOR,21502914,N,Y,39.6880313,-86.0298731
PAST SALE,January-4-2018,Single Family Residential,3351 Brandenburg Blvd,Indianapolis,IN,46239,140000,4,2.5,Franklin,2035,10454,2004,72,69,17,Sold,,,http://www.redfin.com/IN/Indianapolis/3351-Brandenburg-Blvd-46239/home/82296844,MIBOR,21527234,N,Y,39.7194917,-86.0288371
PAST SALE,,Single Family Residential,2905 Wolfgang Way,Indianapolis,IN,46239,123400,4,2.5,,2116,5706,2008,,58,,,,,http://www.redfin.com/IN/Indianapolis/2905-Wolfgang-Way-46239/home/82302165,,,N,Y,39.7271267,-86.0239752
PAST SALE,February-26-2018,Single Family Residential,8306 Weathervane Ct,Indianapolis,IN,46239,132550,4,2.5,Franklin,1973,8102,2003,19,67,20,Sold,,,http://www.redfin.com/IN/Indianapolis/8306-Weathervane-Ct-46239/home/82296799,MIBOR,21541728,N,Y,39.7167843,-86.0203585
PAST SALE,February-26-2018,Single Family Residential,8503 Blue Marlin Dr,Indianapolis,IN,46239,284435,4,2.5,Franklin,2487,12196,2017,19,114,58,Sold,,,http://www.redfin.com/IN/Indianapolis/8503-Blue-Marlin-Dr-46239/home/82302788,MIBOR,21540168,N,Y,39.698239,-86.016628
PAST SALE,February-28-2018,Single Family Residential,8654 Coralberry Ln,Indianapolis,IN,46239,124000,3,2,Franklin,1200,6969,1999,17,103,22,Sold,,,http://www.redfin.com/IN/Indianapolis/8654-Coralberry-Ln-46239/home/60145562,MIBOR,21540643,N,Y,39.7188369,-86.0132137
PAST SALE,January-5-2018,Single Family Residential,5750 Outer Bank Rd,Indianapolis,IN,46239,155000,3,2.5,Franklin,1846,10890,2004,71,84,29,Sold,,,http://www.redfin.com/IN/Indianapolis/5750-Outer-Bank-Rd-46239/home/64123400,MIBOR,21505680,N,Y,39.6844521,-86.0252106
PAST SALE,January-6-2018,Single Family Residential,8211 Eaton Ct,Indianapolis,IN,46239,161500,3,2,Franklin,1732,17424,1969,70,93,,Sold,,,http://www.redfin.com/IN/Indianapolis/8211-Eaton-Ct-46239/home/67008024,MIBOR,21527096,N,Y,39.7084707,-86.0223212
PAST SALE,December-5-2017,Single Family Residential,3156 S Hartman Dr,Indianapolis,IN,46239,115000,3,1.5,Franklin,1645,13460,1961,102,70,,Sold,,,http://www.redfin.com/IN/Indianapolis/3156-S-Hartman-Dr-46239/home/82184059,MIBOR,21504340,N,Y,39.7215486,-86.0378622
PAST SALE,December-8-2017,Single Family Residential,4503 Big Leaf Ln,Indianapolis,IN,46239,158000,2,2,Franklin,1620,9147,2007,99,98,54,Sold,,,http://www.redfin.com/IN/Indianapolis/4503-Big-Leaf-Ln-46239/home/82299792,MIBOR,21518738,N,Y,39.7028621,-86.0258983
PAST SALE,January-17-2018,Single Family Residential,7831 Softwood Ct,Indianapolis,IN,46239,141435,4,2.5,Warren,3207,8581,1996,59,44,,Sold,,,http://www.redfin.com/IN/Indianapolis/7831-Softwood-Ct-46239/home/66987743,MIBOR,21515050,N,Y,39.7423117,-86.0285272
PAST SALE,January-12-2018,Single Family Residential,5231 New Bethel Blvd,Indianapolis,IN,46239,300945,3,2.5,Franklin,2400,8712,2017,64,125,37,Sold,,,http://www.redfin.com/IN/Indianapolis/5231-New-Bethel-Blvd-46239/home/111204368,MIBOR,21540551,N,Y,39.6924284,-86.0109853
PAST SALE,December-29-2017,Single Family Residential,8751 Hemingway Dr,Indianapolis,IN,46239,226900,3,2.5,Franklin,2243,7039,2017,78,101,33,Sold,,,http://www.redfin.com/IN/Indianapolis/8751-Hemingway-Dr-46239/home/111205165,MIBOR,21512338,N,Y,39.6918217,-86.0114054
PAST SALE,March-15-2018,Single Family Residential,4345 Ballybay Ln,Indianapolis,IN,46239,210000,4,2.5,Franklin,3620,14810,2005,2,58,54,Sold,,,http://www.redfin.com/IN/Indianapolis/4345-Ballybay-Ln-46239/home/82298500,MIBOR,21525873,N,Y,39.7047217,-86.0320412
PAST SALE,September-21-2017,Single Family Residential,8620 Hornady Dr,Indianapolis,IN,46239,268547,4,2.5,Franklin,2551,11325,2017,177,105,29,Sold,,,http://www.redfin.com/IN/Indianapolis/8620-Hornady-Ct-46239/home/143995697,MIBOR,21515096,N,Y,39.6967518,-86.0156416
PAST SALE,September-19-2017,Single Family Residential,7747 Danube St,Indianapolis,IN,46239,120000,4,2.5,Franklin,1486,6969,2011,179,81,17,Sold,,,http://www.redfin.com/IN/Indianapolis/7747-Danube-St-46239/home/60033724,MIBOR,21504742,N,Y,39.7227165,-86.029654
PAST SALE,October-2-2017,Single Family Residential,8108 Whistlewood Dr,Indianapolis,IN,46239,134000,3,2.5,Franklin,1440,5662,2002,166,93,22,Sold,,,http://www.redfin.com/IN/Indianapolis/8108-Whistlewood-Dr-46239/home/67082728,MIBOR,21506316,N,Y,39.714369,-86.0236456
PAST SALE,September-26-2017,Single Family Residential,2263 Salem Park Dr,Indianapolis,IN,46239,120000,3,2,Warren,1440,5793,2002,172,83,21,Sold,,,http://www.redfin.com/IN/Indianapolis/2263-Salem-Park-Dr-46239/home/82283504,MIBOR,21505980,N,Y,39.7385665,-86.0222615
PAST SALE,September-28-2017,Single Family Residential,5652 Rambling Dr,Indianapolis,IN,46239,188000,4,3,Franklin,2840,9147,2007,170,66,29,Sold,,,http://www.redfin.com/IN/Indianapolis/5652-Rambling-Dr-46239/home/82285478,MIBOR,21503849,N,Y,39.6859204,-86.0245941
PAST SALE,September-26-2017,Single Family Residential,7632 Bann Way,Indianapolis,IN,46239,178900,4,2.5,Franklin,1982,8712,2005,172,90,56,Sold,,,http://www.redfin.com/IN/Indianapolis/7632-Bann-Way-46239/home/82298501,MIBOR,21504446,N,Y,39.7054444,-86.0319688
PAST SALE,September-25-2017,Single Family Residential,1405 Gleneagle Dr,Indianapolis,IN,46239,173000,4,2.5,Warren,2538,8712,2017,173,68,33,Sold,,,http://www.redfin.com/IN/Indianapolis/1405-Gleneagle-Dr-46239/home/82285605,MIBOR,21506631,N,Y,39.751423,-85.986876
PAST SALE,September-21-2017,Single Family Residential,3229 Cork Bend Dr,Indianapolis,IN,46239,115500,3,2,Franklin,1225,6534,2005,177,94,19,Sold,,,http://www.redfin.com/IN/Indianapolis/3229-Cork-Bend-Dr-46239/home/60087787,MIBOR,21507524,N,Y,39.7215056,-86.0272605
PAST SALE,September-28-2017,Single Family Residential,634 Treyburn Lakes Way,Indianapolis,IN,46239,170000,4,2.5,Warren,3312,6969,1999,170,51,24,Sold,,,http://www.redfin.com/IN/Indianapolis/634-Treyburn-Lakes-Way-46239/home/66978883,MIBOR,21506485,N,Y,39.7603357,-85.994256
PAST SALE,September-19-2017,Single Family Residential,2046 Windy Hill Ln,Indianapolis,IN,46239,132000,3,2,Warren,1411,10890,1996,179,94,15,Sold,,,http://www.redfin.com/IN/Indianapolis/2046-Windy-Hill-Way-46239/home/67082358,MIBOR,21502165,N,Y,39.7414565,-86.0338977
PAST SALE,September-25-2017,Single Family Residential,7515 Kidwell Dr,Indianapolis,IN,46239,158500,3,2,Franklin,1632,9583,2001,173,97,31,Sold,,,http://www.redfin.com/IN/Indianapolis/7515-Kidwell-Dr-46239/home/60057613,MIBOR,21506544,N,Y,39.6888647,-86.0342563
PAST SALE,September-20-2017,Single Family Residential,5324 Bombay Dr,Indianapolis,IN,46239,212000,4,3.5,Franklin,4325,9365,2009,178,49,27,Sold,,,http://www.redfin.com/IN/Indianapolis/5324-Bombay-Dr-46239/home/82301693,MIBOR,21486280,N,Y,39.690766,-86.0274822
PAST SALE,September-27-2017,Single Family Residential,5637 Wild Horse Dr,Indianapolis,IN,46239,123500,3,2,Franklin,1240,6098,2007,171,100,29,Sold,,,http://www.redfin.com/IN/Indianapolis/5637-Wild-Horse-Dr-46239/home/66882526,MIBOR,21505460,N,Y,39.6862018,-86.0229262
PAST SALE,September-29-2017,Single Family Residential,7906 Wolfgang Pl,Indianapolis,IN,46239,181956,4,2.5,Warren,2731,8712,2017,169,67,,Sold,,,http://www.redfin.com/IN/Indianapolis/7906-Wolfgang-Pl-46239/home/82285765,MIBOR,21485096,N,Y,39.729119,-86.027176
PAST SALE,October-31-2017,Single Family Residential,11434 E Creekwood Cir,Indianapolis,IN,46239,225000,4,2.5,Warren,3464,19602,1975,137,65,,Sold,,,http://www.redfin.com/IN/Indianapolis/11434-Creekwood-Cir-46239/home/60058929,MIBOR,21510320,N,Y,39.7502848,-85.9640817
PAST SALE,November-20-2017,Single Family Residential,10333 Shakamak Way,Indianapolis,IN,46239,254900,5,3.5,Franklin,3285,12196,2011,117,78,38,Sold,,,http://www.redfin.com/IN/Indianapolis/10333-Shakamak-Way-46239/home/60102426,MIBOR,21513602,N,Y,39.6972061,-85.9824512
PAST SALE,November-17-2017,Single Family Residential,9664 Gull Lake Dr,Indianapolis,IN,46239,166500,4,3,Warren,3030,7230,2003,120,55,25,Sold,,,http://www.redfin.com/IN/Indianapolis/9664-Gull-Lake-Dr-46239/home/60117044,MIBOR,21509263,N,Y,39.7578851,-85.9960304
PAST SALE,November-27-2017,Single Family Residential,10610 Stillcreek Dr,Indianapolis,IN,46239,142000,3,3,Warren,2196,2570,1992,110,65,22,Sold,,,http://www.redfin.com/IN/Indianapolis/10610-Stillcreek-Dr-46239/home/82290954,MIBOR,21515179,N,Y,39.7670874,-85.9785035
PAST SALE,November-13-2017,Single Family Residential,10529 Pintail Ln,Indianapolis,IN,46239,208000,3,2.5,Franklin,2004,8860,2014,124,104,28,Sold,,,http://www.redfin.com/IN/Indianapolis/10529-Pintail-Ln-46239/home/82303587,MIBOR,21494175,N,Y,39.7068109,-85.978701
PAST SALE,November-27-2017,Single Family Residential,10720 Crell Ct,Indianapolis,IN,46239,200000,4,2.5,Franklin,2512,12196,2008,110,80,33,Sold,,,http://www.redfin.com/IN/Indianapolis/10720-Crell-Ct-46239/home/60123247,MIBOR,21518660,N,Y,39.699477,-85.9759894
PAST SALE,November-3-2017,Single Family Residential,10548 Pintail Ln,Indianapolis,IN,46239,235000,4,2.5,Franklin,3191,9452,2015,134,74,28,Sold,,,http://www.redfin.com/IN/Indianapolis/10548-Pintail-Ln-46239/home/82303576,MIBOR,21508060,N,Y,39.7072105,-85.9780437
PAST SALE,September-27-2017,Single Family Residential,3122 Arrowroot Way,Indianapolis,IN,46239,175000,4,2.5,Franklin,2259,6969,2017,171,77,,Sold,,,http://www.redfin.com/IN/Indianapolis/3122-Arrowroot-Ln-46239/home/82299945,MIBOR,21500333,N,Y,39.7229437,-86.0271221
PAST SALE,November-17-2017,Single Family Residential,8645 Coralberry Ln,Indianapolis,IN,46239,110000,3,2,Franklin,1234,6969,1999,120,89,22,Sold,,,http://www.redfin.com/IN/Indianapolis/8645-Coralberry-Ln-46239/home/60060513,MIBOR,21521994,N,Y,39.7183652,-86.0135325
PAST SALE,November-16-2017,Single Family Residential,2349 Cole Wood Cir,Indianapolis,IN,46239,145000,3,2,Warren,1692,9539,2012,121,86,25,Sold,,,http://www.redfin.com/IN/Indianapolis/2349-Cole-Wood-Cir-46239/home/60181549,MIBOR,21511698,N,Y,39.7357927,-86.0310885
PAST SALE,November-20-2017,Single Family Residential,7934 Lofton Ct,Indianapolis,IN,46239,229900,4,2.5,Warren,3996,13764,1999,117,58,15,Sold,,,http://www.redfin.com/IN/Indianapolis/7934-Lofton-Ct-46239/home/66814959,MIBOR,21510805,N,Y,39.7450688,-86.0265053
PAST SALE,October-20-2017,Single Family Residential,3327 Blue Ash Ln,Indianapolis,IN,46239,127500,3,2,Franklin,1319,4878,2001,148,97,22,Sold,,,http://www.redfin.com/IN/Indianapolis/3327-Blue-Ash-Ln-46239/home/66975895,MIBOR,21511897,N,Y,39.7201263,-86.014588
PAST SALE,October-23-2017,Single Family Residential,8041 Chesterhill Ln,Indianapolis,IN,46239,145000,4,2.5,Warren,2070,6882,2005,145,70,23,Sold,,,http://www.redfin.com/IN/Indianapolis/8041-Chesterhill-Ln-46239/home/82095037,MIBOR,21505371,N,Y,39.7419424,-86.0244203
PAST SALE,November-21-2017,Single Family Residential,9202 E Raymond St,Indianapolis,IN,46239,83000,3,1.5,Warren,1404,21780,1957,116,59,,Sold,,,http://www.redfin.com/IN/Indianapolis/9202-E-Raymond-St-46239/home/82229708,MIBOR,21520113,N,Y,39.7405665,-86.0046527
PAST SALE,November-20-2017,Single Family Residential,8122 Fisher Bend Dr,Indianapolis,IN,46239,168500,4,2.5,Franklin,2216,4835,2015,117,76,22,Sold,,,http://www.redfin.com/IN/Indianapolis/8122-Fisher-Bend-Dr-46239/home/82300053,MIBOR,21496020,N,Y,39.7214632,-86.0229788
PAST SALE,October-10-2017,Single Family Residential,7236 Ponderosa Pines Pl,Indianapolis,IN,46239,160000,3,2,Franklin,2680,10018,2001,158,60,28,Sold,,,http://www.redfin.com/IN/Indianapolis/7236-Ponderosa-Pines-Pl-46239/home/59999785,MIBOR,21512100,N,Y,39.6925784,-86.039934
PAST SALE,October-13-2017,Single Family Residential,8520 Blue Marlin Dr,Indianapolis,IN,46239,307000,4,3.5,Franklin,4320,11761,2004,155,71,30,Sold,,,http://www.redfin.com/IN/Indianapolis/8520-Blue-Marlin-Dr-46239/home/60016614,MIBOR,21512170,N,Y,39.6987846,-86.0160934
PAST SALE,October-20-2017,Single Family Residential,5107 Choctaw Ridge Dr,Indianapolis,IN,46239,175000,4,2.5,Franklin,2428,9147,2011,148,72,28,Sold,,,http://www.redfin.com/IN/Indianapolis/5107-Choctaw-Ridge-Dr-46239/home/60103725,MIBOR,21493092,N,Y,39.694047,-86.0352126
PAST SALE,October-27-2017,Single Family Residential,4916 Wanamaker Dr,Indianapolis,IN,46239,156000,4,2,Franklin,1937,22433,1964,141,81,,Sold,,,http://www.redfin.com/IN/Indianapolis/4916-Wanamaker-Dr-46239/home/60108396,MIBOR,21501615,N,Y,39.6972365,-86.021117
PAST SALE,October-10-2017,Single Family Residential,7755 Wildcat Run Ln,Indianapolis,IN,46239,175000,3,2.5,Franklin,2370,10018,2005,158,74,29,Sold,,,http://www.redfin.com/IN/Indianapolis/7755-Wildcat-Run-Ln-46239/home/60131789,MIBOR,21506632,N,Y,39.6888137,-86.0292276
PAST SALE,October-30-2017,Single Family Residential,4939 Black Marlin Dr,Indianapolis,IN,46239,345000,5,4.5,Franklin,3977,15141,2014,138,87,29,Sold,,,http://www.redfin.com/IN/Indianapolis/4939-Black-Marlin-Dr-46239/home/60142939,MIBOR,21475816,N,Y,39.6970825,-86.0110212
PAST SALE,October-27-2017,Single Family Residential,8415 Lawrence Ave,Indianapolis,IN,46239,295500,3,2.5,Franklin,3224,37100,1955,141,92,,Sold,,,http://www.redfin.com/IN/Indianapolis/8415-Lawrence-Ave-46239/home/66949116,MIBOR,21506329,N,Y,39.7046329,-86.0200694
PAST SALE,October-30-2017,Single Family Residential,7207 Bracken Ln,Indianapolis,IN,46239,161000,4,2.5,Franklin,2490,11282,1998,138,65,28,Sold,,,http://www.redfin.com/IN/Indianapolis/7207-Bracken-Ln-46239/home/60082320,MIBOR,21505571,N,Y,39.6880161,-86.0406511
PAST SALE,November-1-2017,Single Family Residential,10831 Marlin Rd,Indianapolis,IN,46239,228900,3,2.5,Franklin,2918,49658,1985,136,78,,Sold,,,http://www.redfin.com/IN/Indianapolis/10831-Marlin-Rd-46239/home/67008576,MIBOR,21513598,N,Y,39.7037994,-85.9736159
PAST SALE,October-31-2017,Single Family Residential,4153 Ballybay Ln,Indianapolis,IN,46239,162500,3,2,Franklin,1563,7187,2012,137,104,56,Sold,,,http://www.redfin.com/IN/Indianapolis/4153-Ballybay-Ln-46239/home/82302811,MIBOR,21510393,N,Y,39.7072552,-86.031487
PAST SALE,November-17-2017,Single Family Residential,8817 Hemingway Dr,Indianapolis,IN,46239,243600,3,2.5,Franklin,2424,7405,2017,120,100,33,Sold,,,http://www.redfin.com/IN/Indianapolis/8817-Hemingway-Dr-46239/home/111205107,MIBOR,21493764,N,Y,39.6918109,-86.0107126
PAST SALE,November-28-2017,Single Family Residential,10341 Corydon Ct,Indianapolis,IN,46239,270000,4,2.5,Franklin,3704,10890,2011,109,73,19,Sold,,,http://www.redfin.com/IN/Indianapolis/10341-Corydon-Ln-46239/home/60105131,MIBOR,21518438,N,Y,39.6983227,-85.9827504
PAST SALE,November-10-2017,Single Family Residential,7931 Lofton Ct,Indianapolis,IN,46239,177000,3,2.5,Warren,2492,11761,1998,127,71,15,Sold,,,http://www.redfin.com/IN/Indianapolis/7931-Lofton-Ct-46239/home/67097887,MIBOR,21514847,N,Y,39.7448672,-86.0265093
PAST SALE,November-17-2017,Single Family Residential,1908 Bade Rd,Indianapolis,IN,46239,86000,2,1,Warren,1748,18948,1954,120,49,,Sold,,,http://www.redfin.com/IN/Indianapolis/1908-Bade-Rd-46239/home/82222969,MIBOR,21493936,N,Y,39.744805,-85.9853129
PAST SALE,October-23-2017,Single Family Residential,3408 Tupelo Dr,Indianapolis,IN,46239,119000,3,2,Franklin,1326,8886,2000,145,90,22,Sold,,,http://www.redfin.com/IN/Indianapolis/3408-Tupelo-Dr-46239/home/82276160,MIBOR,21506265,N,Y,39.7191022,-86.0174388
PAST SALE,December-8-2017,Single Family Residential,7814 Bombay Ln,Indianapolis,IN,46239,179500,4,2.5,Franklin,2135,7448,2008,99,84,28,Sold,,,http://www.redfin.com/IN/Indianapolis/7814-Bombay-Ln-46239/home/59995733,MIBOR,21520563,N,Y,39.6928948,-86.0285581
PAST SALE,October-31-2017,Single Family Residential,7410 E Edgewood Ave,Indianapolis,IN,46239,420000,4,3.5,Franklin,5164,85377,2003,137,81,,Sold,,,http://www.redfin.com/IN/Indianapolis/7410-E-Edgewood-Ave-46239/home/60055405,MIBOR,21503206,N,Y,39.6817744,-86.0363681
PAST SALE,September-29-2017,Single Family Residential,837 Tanninger Dr,Indianapolis,IN,46239,186500,4,2.5,Warren,2324,14941,1992,169,80,22,Sold,,,http://www.redfin.com/IN/Indianapolis/837-Tanninger-Dr-46239/home/82234214,MIBOR,21503581,N,Y,39.7579857,-85.9722797
PAST SALE,September-25-2017,Single Family Residential,10617 Young Lake Dr,Indianapolis,IN,46239,176000,4,2.5,Warren,2644,5445,1995,173,67,21,Sold,,,http://www.redfin.com/IN/Indianapolis/10617-Young-Lake-Dr-46239/home/60045967,MIBOR,21501654,N,Y,39.7682571,-85.9798384
PAST SALE,October-11-2017,Single Family Residential,7857 E Amadeus Dr,Indianapolis,IN,46239,130000,3,2.5,Warren,2220,5227,2005,157,59,22,Sold,,,http://www.redfin.com/IN/Indianapolis/7857-Amadeus-Dr-46239/home/60084570,MIBOR,21510173,N,Y,39.726286,-86.0276017
PAST SALE,December-13-2017,Single Family Residential,5634 Rambling Dr,Indianapolis,IN,46239,174000,3,2.5,Franklin,2068,5749,2007,94,84,,Sold,,,http://www.redfin.com/IN/Indianapolis/5634-Rambling-Dr-46239/home/82299898,MIBOR,21518834,N,Y,39.6863436,-86.0246141
PAST SALE,December-7-2017,Single Family Residential,4316 Blue Note Dr,Indianapolis,IN,46237,215000,3,2.5,Franklin,2265,7405,2017,100,95,42,Sold,,,http://www.redfin.com/IN/INDIANAPOLIS/4316-BLUE-NOTE-DR-46239/home/143744215,MIBOR,21512020,N,Y,39.707057,-85.993958
PAST SALE,December-14-2017,Single Family Residential,10703 Crell Ct,Indianapolis,IN,46239,225000,5,3.5,Franklin,3248,13634,2009,93,69,38,Sold,,,http://www.redfin.com/IN/Indianapolis/10703-Crell-Ct-46239/home/82301467,MIBOR,21515190,N,Y,39.6991544,-85.9766577
PAST SALE,December-11-2017,Single Family Residential,10105 Southeastern Ave,Indianapolis,IN,46239,370000,4,2.5,Franklin,3059,143748,1999,96,121,,Sold,,,http://www.redfin.com/IN/Indianapolis/10105-Southeastern-Ave-46239/home/82188036,MIBOR,21491489,N,Y,39.6905609,-85.988653
PAST SALE,December-4-2017,Single Family Residential,5837 Brambleberry Ct,Indianapolis,IN,46239,134000,3,2,Franklin,1264,10890,2001,103,106,27,Sold,,,http://www.redfin.com/IN/Indianapolis/5837-Brambleberry-Ct-46239/home/82276538,MIBOR,21514186,N,Y,39.6834899,-86.019635
PAST SALE,December-15-2017,Single Family Residential,10143 Goose Rock Ln,Indianapolis,IN,46239,343060,5,3.5,Franklin,3194,11325,2017,92,107,38,Sold,,,http://www.redfin.com/IN/Indianapolis/10143-Goose-Rock-Dr-46239/home/144062939,MIBOR,21525852,N,Y,39.7047473,-85.9857013
PAST SALE,December-15-2017,Single Family Residential,2047 Coldwater Ct,Indianapolis,IN,46239,130000,3,2,Warren,1339,8973,1996,92,97,15,Sold,,,http://www.redfin.com/IN/Indianapolis/2047-Coldwater-Ct-46239/home/66943195,MIBOR,21511513,N,Y,39.7414707,-86.0282158
PAST SALE,December-1-2017,Single Family Residential,2350 Salem Park Ct,Indianapolis,IN,46239,105000,3,2,Warren,1174,4791,2004,106,89,21,Sold,,,http://www.redfin.com/IN/Indianapolis/2350-Salem-Park-Ct-46239/home/60168444,MIBOR,21523716,N,Y,39.736482,-86.0245619
PAST SALE,,Single Family Residential,3532 Cork Bend Dr,Indianapolis,IN,46239,149704,3,1,,1545,4792,2006,,97,,,,,http://www.redfin.com/IN/Indianapolis/3532-Cork-Bend-Dr-46239/home/82301495,,,N,Y,39.7172601,-86.0282282
PAST SALE,December-26-2017,Single Family Residential,8365 Exton Rd,Indianapolis,IN,46239,141500,3,2.5,Warren,2027,8712,2013,81,70,24,Sold,,,http://www.redfin.com/IN/Indianapolis/8365-Exton-Rd-46239/home/60130635,MIBOR,21522382,N,Y,39.740502,-86.018887
PAST SALE,December-21-2017,Single Family Residential,2822 Beethoven Ave,Indianapolis,IN,46239,135000,3,2.5,Warren,1406,5401,2017,86,96,,Sold,,,http://www.redfin.com/IN/Indianapolis/2822-Beethoven-Ave-46239/home/82285759,MIBOR,21504316,N,Y,39.728281,-86.027019
PAST SALE,January-22-2018,Single Family Residential,3243 Grove Berry Ln,Indianapolis,IN,46239,166500,3,2.5,Franklin,2259,7840,2017,54,74,22,Sold,,,http://www.redfin.com/IN/Indianapolis/3243-Grove-Berry-Ln-46239/home/82300055,MIBOR,21529902,N,Y,39.72102,-86.022011
PAST SALE,January-26-2018,Single Family Residential,4326 Viva Ln,Indianapolis,IN,46239,146000,4,2,Franklin,1794,7448,2010,50,81,54,Sold,,,http://www.redfin.com/IN/Indianapolis/4326-Viva-Ln-46239/home/82301550,MIBOR,21518600,N,Y,39.7053278,-86.0345178
PAST SALE,January-19-2018,Single Family Residential,8738 Twain Ln,Indianapolis,IN,46239,219900,3,2,Franklin,1726,6716,2017,57,127,95,Sold,,,http://www.redfin.com/IN/Indianapolis/Twain-Ln-46239/home/111205166,MIBOR,21510156,N,Y,39.690766,-86.012001
PAST SALE,January-25-2018,Single Family Residential,6808 Southeastern Ave,Indianapolis,IN,46239,105000,3,1,Warren,3020,17424,1924,51,35,,Sold,,,http://www.redfin.com/IN/Indianapolis/6808-Southeastern-Ave-46239/home/67087482,MIBOR,21523484,N,Y,39.7272357,-86.049017
PAST SALE,,Single Family Residential,7260 Southeastern Ave,Indianapolis,IN,46239,71250,3,,,1122,23435,1953,,64,,,,,http://www.redfin.com/IN/Indianapolis/7260-Southeastern-Ave-46239/home/82184058,,,N,Y,39.7210888,-86.0377508
PAST SALE,February-12-2018,Single Family Residential,3033 Brandenburg Dr,Indianapolis,IN,46239,133000,3,2,Franklin,1512,7797,2013,33,88,17,Sold,,,http://www.redfin.com/IN/Indianapolis/3033-Brandenburg-Dr-46239/home/82298184,MIBOR,21539561,N,Y,39.724086,-86.030627
PAST SALE,December-29-2017,Single Family Residential,4045 Sungate Ct,Indianapolis,IN,46239,125000,3,2,Franklin,1656,10454,1994,78,75,10,Sold,,,http://www.redfin.com/IN/Indianapolis/4045-Sungate-Ct-46239/home/60052447,MIBOR,21505689,N,Y,39.7093964,-86.0141105
PAST SALE,January-11-2018,Single Family Residential,5356 Wood Hollow Dr,Indianapolis,IN,46239,165000,4,2.5,Franklin,2254,8276,2003,65,73,28,Sold,,,http://www.redfin.com/IN/Indianapolis/5356-Wood-Hollow-Dr-46239/home/82296021,MIBOR,21513099,N,Y,39.6901641,-86.0251708
PAST SALE,January-5-2018,Single Family Residential,8508 Old Springfield Ln,Indianapolis,IN,46239,285750,4,3,Franklin,4413,18513,2005,71,65,29,Sold,,,http://www.redfin.com/IN/Indianapolis/8508-Old-Springfield-Ln-46239/home/82298364,MIBOR,21525759,N,Y,39.7012971,-86.0165705
PAST SALE,February-2-2018,Single Family Residential,7915 Palmaro Cir,Indianapolis,IN,46239,142750,3,2,Warren,1540,9191,1998,43,93,15,Sold,,,http://www.redfin.com/IN/Indianapolis/7915-Palmaro-Cir-46239/home/60008211,MIBOR,21539616,N,Y,39.7438101,-86.0272573
PAST SALE,,Single Family Residential,3363 Hapsburg Way,Indianapolis,IN,46239,125000,3,1.5,,2262,6142,2007,,55,,,,,http://www.redfin.com/IN/Indianapolis/3363-Hapsburg-Way-46239/home/82299706,,,N,Y,39.7195308,-86.0323437
PAST SALE,,Single Family Residential,8734 Carver Dr,Indianapolis,IN,46239,215000,4,2.5,,2520,6578,2008,,85,,,,,http://www.redfin.com/IN/Indianapolis/8734-Carver-Dr-46239/home/60064257,,,N,Y,39.6934279,-86.0123766
PAST SALE,January-31-2018,Single Family Residential,3106 Danube Way,Indianapolis,IN,46239,129000,3,2.5,Franklin,1792,6795,2005,45,72,17,Sold,,,http://www.redfin.com/IN/Indianapolis/3106-Danube-Way-46239/home/60011234,MIBOR,21540167,N,Y,39.7233687,-86.0328617
PAST SALE,January-12-2018,Single Family Residential,5317 Choctaw Ridge Way,Indianapolis,IN,46239,165500,3,2.5,Franklin,1821,8450,2007,64,91,30,Sold,,,http://www.redfin.com/IN/Indianapolis/5317-Choctaw-Ridge-Way-46239/home/82298324,MIBOR,21525450,N,Y,39.6913348,-86.0341169
PAST SALE,January-16-2018,Single Family Residential,3202 Danube Way,Indianapolis,IN,46239,134000,3,2.5,Franklin,1792,6751,2005,60,75,17,Sold,,,http://www.redfin.com/IN/Indianapolis/3202-Danube-Way-46239/home/67100809,MIBOR,21528429,N,Y,39.7220404,-86.0328219
PAST SALE,February-28-2018,Single Family Residential,8754 Hornady Dr,Indianapolis,IN,46239,256000,3,2,Franklin,2370,14810,2014,17,108,29,Sold,,,http://www.redfin.com/IN/Indianapolis/8754-Hornady-Dr-46239/home/61533512,MIBOR,21523338,N,Y,39.6970989,-86.0116837
PAST SALE,March-9-2018,Single Family Residential,7850 Bombay Ln,Indianapolis,IN,46239,175000,3,2,Franklin,2051,8712,2008,8,85,28,Sold,,,http://www.redfin.com/IN/Indianapolis/7850-Bombay-Ln-46239/home/60108994,MIBOR,21544403,N,Y,39.6928636,-86.027255
PAST SALE,March-15-2018,Single Family Residential,8640 Twain Ln,Indianapolis,IN,46239,199990,2,2,Franklin,1822,,2016,2,110,128,Sold,,,http://www.redfin.com/IN/Indianapolis/8640-Twain-Ln-46239/home/111930168,MIBOR,21465380,N,Y,39.6907626,-86.0136672
PAST SALE,December-29-2017,Single Family Residential,4547 Maldenhair Dr,Indianapolis,IN,46239,273960,3,2.5,Franklin,2182,11761,2017,78,126,38,Sold,,,http://www.redfin.com/IN/Indianapolis/4547-Maldenhair-Dr-46239/home/144062925,MIBOR,21529919,N,Y,39.7053296,-85.9877563
PAST SALE,January-3-2018,Single Family Residential,10234 Hunters Crossing Blvd,Indianapolis,IN,46239,230000,4,2.5,Franklin,2428,7405,2017,73,95,28,Sold,,,http://www.redfin.com/IN/Indianapolis/10234-Hunters-Crossing-Blvd-46239/home/111929164,MIBOR,21507705,N,Y,39.705433,-85.975768
PAST SALE,January-4-2018,Single Family Residential,11145 Clearspring Way,Indianapolis,IN,46239,125000,3,2.5,Warren,1900,8842,1998,72,66,17,Sold,,,http://www.redfin.com/IN/WANAMAKER/11145-CLEARSPRING-WAY-46239/home/82234920,MIBOR,21527650,N,Y,39.764906,-85.967484
PAST SALE,February-2-2018,Single Family Residential,11728 Grazing Ln,Indianapolis,IN,46239,238000,3,2,Warren,2331,15202,1998,43,102,15,Sold,,,http://www.redfin.com/IN/Indianapolis/11728-Grazing-Ln-46239/home/82293836,MIBOR,21520097,N,Y,39.762585,-85.956235
PAST SALE,February-2-2018,Single Family Residential,10217 Goose Rock Ln,Indianapolis,IN,46239,385285,5,4.5,Franklin,5062,13068,2018,43,76,41,Sold,,,http://www.redfin.com/IN/Indianapolis/Goose-Rock-Ln-46239/home/144062942,MIBOR,21544348,N,Y,39.7017923,-85.9873016
PAST SALE,February-6-2018,Single Family Residential,429 Garden Grace Dr,Indianapolis,IN,46239,162900,3,2.5,Warren,2026,8712,1996,39,80,17,Sold,,,http://www.redfin.com/IN/Indianapolis/429-Garden-Grace-Dr-46239/home/82235171,MIBOR,21528058,N,Y,39.763683,-85.9695866
PAST SALE,February-9-2018,Single Family Residential,1148 Ascalon Ct,Indianapolis,IN,46239,175000,4,2.5,Warren,2860,9365,2008,36,61,27,Sold,,,http://www.redfin.com/IN/Indianapolis/1148-Ascalon-Ct-46239/home/60005188,MIBOR,21525569,N,Y,39.7540644,-85.9866191
PAST SALE,January-8-2018,Single Family Residential,930 S Muessing Rd,Indianapolis,IN,46239,165000,5,2,Warren,6134,248292,1951,68,27,,Sold,,,http://www.redfin.com/IN/Indianapolis/930-Muessing-Rd-46239/home/82228171,MIBOR,21500836,N,Y,39.7575655,-85.9600759
PAST SALE,March-2-2018,Single Family Residential,2381 Quiet Ct,Indianapolis,IN,46239,308000,5,4,Warren,5131,29098,1988,15,60,21,Sold,,,http://www.redfin.com/IN/Indianapolis/2381-Quiet-Ct-46239/home/82233944,MIBOR,21507639,N,Y,39.7366665,-85.9809954
PAST SALE,March-14-2018,Single Family Residential,643 S Crossfield Dr,Indianapolis,IN,46239,185000,4,2.5,Warren,2330,16117,2003,3,79,16,Sold,,,http://www.redfin.com/IN/Indianapolis/643-Crossfield-Ct-46239/home/60068444,MIBOR,21542311,N,Y,39.7598718,-85.982551
PAST SALE,October-6-2017,Single Family Residential,10313 Galena Ct,Indianapolis,IN,46239,207900,4,2.5,Warren,3794,9260,2003,162,55,34,Sold,,,http://www.redfin.com/IN/Indianapolis/10313-Galena-Ct-46239/home/66991722,MIBOR,21502586,N,Y,39.7542188,-85.9841065
PAST SALE,September-29-2017,Single Family Residential,7849 Ithaca Way,Indianapolis,IN,46239,161900,3,2.5,Franklin,1992,9016,2010,169,81,20,Sold,,,http://www.redfin.com/IN/Indianapolis/7849-Ithaca-Way-46239/home/60091942,MIBOR,21505640,N,Y,39.6879732,-86.0275781
PAST SALE,September-26-2017,Single Family Residential,8851 Hemingway Dr,Indianapolis,IN,46239,245655,3,2,Franklin,1922,8712,2017,172,128,33,Sold,,,http://www.redfin.com/IN/Indianapolis/8851-Hemingway-Dr-46239/home/111205180,MIBOR,21528172,N,Y,39.6918542,-86.0092959
PAST SALE,January-11-2018,Single Family Residential,8729 Carver Dr,Indianapolis,IN,46239,208956,3,2,Franklin,2559,5924,2017,65,82,33,Sold,,,http://www.redfin.com/IN/Indianapolis/8729-Carver-Dr-46239/home/82300314,MIBOR,21540330,N,Y,39.693005,-86.012575
PAST SALE,January-23-2018,Single Family Residential,5545 Rambling Dr,Indianapolis,IN,46239,180000,4,2.5,Franklin,2538,8102,2006,53,71,27,Sold,,,http://www.redfin.com/IN/Indianapolis/5545-Rambling-Dr-46239/home/59986273,MIBOR,21504311,N,Y,39.6876052,-86.0245591
PAST SALE,January-25-2018,Single Family Residential,8444 Sotheby Dr,Indianapolis,IN,46239,129900,3,2,Warren,1514,8058,2009,51,86,23,Sold,,,http://www.redfin.com/IN/Indianapolis/8444-Sotheby-Dr-46239/home/79050305,MIBOR,21522275,N,Y,39.7431398,-86.0176655
PAST SALE,December-28-2017,Single Family Residential,3321 Grove Berry Ln,Indianapolis,IN,46239,157000,4,2.5,Franklin,2424,7230,2010,79,65,22,Sold,,,http://www.redfin.com/IN/Indianapolis/3321-Grove-Berry-Ln-46239/home/82298297,MIBOR,21509311,N,Y,39.7202033,-86.0220024
PAST SALE,February-21-2018,Single Family Residential,5851 S Franklin Rd,Indianapolis,IN,46239,164000,3,2,Franklin,1340,20037,1973,24,122,,Sold,,,http://www.redfin.com/IN/Indianapolis/5851-S-Franklin-Rd-46239/home/82287930,MIBOR,21522266,N,Y,39.6829215,-86.0181164
PAST SALE,February-21-2018,Single Family Residential,,Indianapolis,IN,46239,170000,4,3,,3057,10149,2007,24,56,17,Sold,,,http://www.redfin.com/IN/Indianapolis/Undisclosed-address-46239/home/82296848,MIBOR,21542490,N,Y,39.7162713,-86.0293352
PAST SALE,February-21-2018,Single Family Residential,4155 Abigail Way,Indianapolis,IN,46239,191000,0,2.5,Franklin,2343,7405,2017,24,82,,Sold,,,http://www.redfin.com/IN/Indianapolis/4155-Abigail-Way-46239/home/111929201,MIBOR,21526450,N,Y,39.7087889,-86.0318898
PAST SALE,February-9-2018,Single Family Residential,5602 Wild Horse Dr,Indianapolis,IN,46239,137500,3,2,Franklin,1616,8407,2008,36,85,28,Sold,,,http://www.redfin.com/IN/Indianapolis/5602-Wild-Horse-Dr-46239/home/82300166,MIBOR,21529954,N,Y,39.687093,-86.0235439
PAST SALE,February-28-2018,Single Family Residential,8322 Chesterhill Ln,Indianapolis,IN,46239,129000,3,2,Warren,1350,5837,2007,17,96,23,Sold,,,http://www.redfin.com/IN/Indianapolis/8322-Chesterhill-Ln-46239/home/60167090,MIBOR,21540073,N,Y,39.7417188,-86.0203883
PAST SALE,February-26-2018,Single Family Residential,3525 Cork Bend Dr,Indianapolis,IN,46239,105600,3,2.5,Franklin,1494,4356,2005,19,71,121,Sold,,,http://www.redfin.com/IN/Indianapolis/3525-Cork-Bend-Dr-46239/home/60039376,MIBOR,21541358,N,Y,39.7174482,-86.0277328
PAST SALE,December-4-2017,Single Family Residential,3424 Cork Bend Dr,Indianapolis,IN,46239,163000,4,2.5,Franklin,2856,,2005,103,57,22,Sold,,,http://www.redfin.com/IN/Indianapolis/3424-Cork-Bend-Dr-46239/home/60044874,MIBOR,21507516,N,Y,39.7186667,-86.0282393
PAST SALE,January-18-2018,Single Family Residential,7609 Blue Willow Dr,Indianapolis,IN,46239,129500,3,2,Warren,1409,6534,1999,58,92,15,Sold,,,http://www.redfin.com/IN/Indianapolis/7609-Blue-Willow-Dr-46239/home/60126879,MIBOR,21529030,N,Y,39.7462572,-86.0332203
PAST SALE,January-15-2018,Single Family Residential,9236 E Raymond St,Indianapolis,IN,46239,130500,3,2,Warren,1743,24262,1959,61,75,,Sold,,,http://www.redfin.com/IN/Indianapolis/9236-E-Raymond-St-46239/home/82229663,MIBOR,21520262,N,Y,39.7405795,-86.0035662
PAST SALE,February-28-2018,Single Family Residential,7809 Newhall Way,Indianapolis,IN,46239,226000,4,2.5,Franklin,3190,10018,2004,17,71,20,Sold,,,http://www.redfin.com/IN/Indianapolis/7809-Newhall-Way-46239/home/60019636,MIBOR,21528032,N,Y,39.6859453,-86.0288769
PAST SALE,February-26-2018,Single Family Residential,8013 Yarmouth Way,Indianapolis,IN,46239,221565,3,2.5,Franklin,2100,9147,2018,19,106,,Sold,,,http://www.redfin.com/IN/Indianapolis/8013-Yarmouth-Way-46239/home/144062864,MIBOR,21547928,N,Y,39.7040077,-86.0231554
PAST SALE,March-2-2018,Single Family Residential,7157 Kidwell Dr,Indianapolis,IN,46239,173000,3,2.5,Franklin,2082,8712,1999,15,83,28,Sold,,,http://www.redfin.com/IN/Indianapolis/7157-Kidwell-Dr-46239/home/66984017,MIBOR,21542347,N,Y,39.6891662,-86.0407507
PAST SALE,January-19-2018,Single Family Residential,8202 Eaton Ct,Indianapolis,IN,46239,110000,3,2,Franklin,1420,17998,1969,57,77,,Sold,,,http://www.redfin.com/IN/Indianapolis/8202-Eaton-Ct-46239/home/67007635,MIBOR,21528461,N,Y,39.7089476,-86.0227187
PAST SALE,January-19-2018,Single Family Residential,1221 S Post Rd,Indianapolis,IN,46239,119900,2,1,Warren,1080,22651,1960,57,111,,Sold,,,http://www.redfin.com/IN/Indianapolis/1221-S-Post-Rd-46239/home/67058525,MIBOR,21518962,N,Y,39.7531655,-86.0083902
PAST SALE,December-27-2017,Single Family Residential,5225 New Bethel Blvd,Indianapolis,IN,46239,307695,4,2.5,Franklin,3432,7440,2017,80,90,,Sold,,,http://www.redfin.com/IN/Indianapolis/5225-New-Bethel-Blvd-46239/home/111930191,MIBOR,21529688,N,Y,39.692599,-86.0109633
PAST SALE,March-6-2018,Single Family Residential,4704 Blue Marlin Way,Indianapolis,IN,46239,250000,4,2,Franklin,2474,12153,2013,11,101,29,Sold,,,http://www.redfin.com/IN/Indianapolis/4704-Blue-Marlin-Way-46239/home/60181572,MIBOR,21542551,N,Y,39.7001683,-86.0171399
PAST SALE,March-16-2018,Single Family Residential,514 S Mitchner Ave,Indianapolis,IN,46239,105000,3,1.5,Warren,1628,5357,1960,1,64,,Sold,,,http://www.redfin.com/IN/Indianapolis/514-S-Mitchner-Ave-46239/home/82230690,MIBOR,21527256,N,Y,39.7609769,-86.0334993
PAST SALE,February-20-2018,Single Family Residential,5743 Hickory Rd,Indianapolis,IN,46239,510000,4,2.5,Franklin,3512,130680,1994,25,145,,Sold,,,http://www.redfin.com/IN/Indianapolis/5743-Hickory-Rd-46239/home/60041006,MIBOR,21511226,N,Y,39.6852219,-85.9936777
PAST SALE,February-26-2018,Single Family Residential,5540 Bracken Dr,Indianapolis,IN,46239,163500,3,2,Franklin,1788,9452,2001,19,91,,Sold,,,http://www.redfin.com/IN/Indianapolis/5540-Bracken-Dr-46239/home/82282077,MIBOR,21540744,N,Y,39.6881652,-86.0432606
PAST SALE,November-17-2017,Single Family Residential,10341 Hunters Crossing Blvd,Indianapolis,IN,46239,197000,3,2,Franklin,1759,6873,2017,120,112,28,Sold,,,http://www.redfin.com/IN/Indianapolis/10341-Hunters-Crossing-Blvd-46239/home/111929369,MIBOR,21476805,N,Y,39.705433,-85.975768
PAST SALE,December-27-2017,Single Family Residential,10162 Sedgehill Dr,Indianapolis,IN,46239,189370,3,2.5,Warren,2432,9452,2017,80,78,,Sold,,,http://www.redfin.com/IN/Indianapolis/10162-Sedgehill-Dr-46239/home/82285504,MIBOR,21529699,N,Y,39.753858,-85.98579
PAST SALE,December-22-2017,Single Family Residential,11743 Crab Apple Rd,Indianapolis,IN,46239,261500,5,3.5,Warren,4940,15855,2005,85,53,17,Sold,,,http://www.redfin.com/IN/Indianapolis/11743-Crab-Apple-Rd-46239/home/82330368,MIBOR,21516457,N,Y,39.75669,-85.956134
PAST SALE,February-5-2018,Single Family Residential,10019 Gate Dr,Indianapolis,IN,46229,166000,4,2.5,Warren,2310,15245,1997,40,72,,Sold,,,http://www.redfin.com/IN/Indianapolis/10019-Gate-Dr-46239/home/60042126,MIBOR,21509455,N,Y,39.7604092,-85.9893908
PAST SALE,December-22-2017,Single Family Residential,10749 Midnight Dr,Indianapolis,IN,46239,203000,4,2.5,Warren,3202,22781,1992,85,63,22,Sold,,,http://www.redfin.com/IN/Indianapolis/10749-Midnight-Dr-46239/home/67050924,MIBOR,21520629,N,Y,39.7597692,-85.9749323
PAST SALE,January-30-2018,Single Family Residential,10223 Goose Rock Ln,Indianapolis,IN,46239,316915,3,2.5,Franklin,3723,14810,2018,46,85,38,Sold,,,http://www.redfin.com/IN/Indianapolis/Goose-Rock-Ln-46239/home/144062943,MIBOR,21529133,N,Y,39.7017923,-85.9873016
PAST SALE,January-26-2018,Single Family Residential,904 Timber Creek Dr,Indianapolis,IN,46239,165000,3,2,Warren,1920,13634,1990,50,86,20,Sold,,,http://www.redfin.com/IN/Indianapolis/904-Timber-Creek-Dr-46239/home/82321247,MIBOR,21523174,N,Y,39.7576586,-85.9754908
PAST SALE,February-23-2018,Single Family Residential,11112 Saddlebred Dr,Indianapolis,IN,46239,305000,5,3,Warren,5676,16247,2005,22,54,39,Sold,,,http://www.redfin.com/IN/Indianapolis/11112-Saddlebred-Dr-46239/home/82294229,MIBOR,21525596,N,Y,39.7469117,-85.9685677
PAST SALE,February-16-2018,Single Family Residential,1125 Sedgehill Ln,Indianapolis,IN,46239,204000,4,2.5,Warren,4060,10890,2003,29,50,33,Sold,,,http://www.redfin.com/IN/Indianapolis/1125-Sedgehill-Ln-46239/home/60053157,MIBOR,21518360,N,Y,39.754434,-85.982192
PAST SALE,January-26-2018,Single Family Residential,10551 Deercrest Ln,Indianapolis,IN,46239,170500,3,2,Franklin,1852,9321,2007,50,92,28,Sold,,,http://www.redfin.com/IN/Indianapolis/10551-Deercrest-Ln-46239/home/60153376,MIBOR,21496703,N,Y,39.705811,-85.9782831
PAST SALE,March-1-2018,Single Family Residential,1009 Schmitt Rd,Indianapolis,IN,46239,266500,4,2.5,Warren,4416,21344,2005,16,60,15,Sold,,,http://www.redfin.com/IN/Indianapolis/1009-Schmitt-Rd-46239/home/60006008,MIBOR,21539949,N,Y,39.756601,-85.955339
PAST SALE,February-22-2018,Single Family Residential,10118 Goose Rock Ln,Indianapolis,IN,46239,282000,4,2.5,Franklin,3619,9757,2017,23,78,41,Sold,,,http://www.redfin.com/IN/Indianapolis/Goose-Rock-Ln-46239/home/143930033,MIBOR,21502046,N,Y,39.706782,-85.987995
PAST SALE,March-9-2018,Single Family Residential,4516 Maldenhair Dr,Indianapolis,IN,46239,291000,4,2.5,Franklin,2799,10193,2018,8,104,41,Sold,,,http://www.redfin.com/IN/Indianapolis/4516-Maldenhair-Dr-46239/home/143434245,MIBOR,21517763,N,Y,39.706782,-85.987995
PAST SALE,October-6-2017,Single Family Residential,7731 Brandenburg Way,Indianapolis,IN,46239,140000,3,2.5,Franklin,2035,6708,2005,162,69,17,Sold,,,http://www.redfin.com/IN/Indianapolis/7731-Brandenburg-Way-46239/home/60168048,MIBOR,21510718,N,Y,39.7209467,-86.0302318
PAST SALE,October-6-2017,Single Family Residential,8828 Hornady Ct,Indianapolis,IN,46239,260000,3,2,Franklin,2741,10402,2015,162,95,29,Sold,,,http://www.redfin.com/IN/Indianapolis/8828-Hornady-Ct-46239/home/88676854,MIBOR,21507629,N,Y,39.6971176,-86.0102714
PAST SALE,September-21-2017,Single Family Residential,8613 Hornady Dr,Indianapolis,IN,46239,247970,5,3,Franklin,2455,11761,2017,177,101,46,Sold,,,http://www.redfin.com/IN/Indianapolis/8613-Hornady-Ct-46239/home/143995714,MIBOR,21514327,N,Y,39.6968885,-86.0093749
PAST SALE,September-20-2017,Single Family Residential,10337 Gladeview Dr,Indianapolis,IN,46239,151824,4,2.5,Warren,3080,8712,2005,178,49,,Sold,,,http://www.redfin.com/IN/Indianapolis/10337-Gladeview-Dr-46239/home/60039349,MIBOR,21492247,N,Y,39.7518976,-85.983229
PAST SALE,September-18-2017,Single Family Residential,3239 Tupelo Dr,Indianapolis,IN,46239,119000,3,2,Franklin,1240,6098,2002,180,96,22,Sold,,,http://www.redfin.com/IN/Indianapolis/3239-Tupelo-Dr-46239/home/82276202,MIBOR,21505050,N,Y,39.7211757,-86.0168409
PAST SALE,September-29-2017,Single Family Residential,7913 Ithaca Way,Indianapolis,IN,46239,145500,3,2,Franklin,1447,10018,2011,169,101,20,Sold,,,http://www.redfin.com/IN/Indianapolis/7913-Ithaca-Way-46239/home/60163433,MIBOR,21505939,N,Y,39.6879487,-86.0268645
PAST SALE,March-1-2018,Single Family Residential,7061 Dublin Ln,Indianapolis,IN,46239,150000,3,2,Franklin,1626,12806,2001,16,92,28,Sold,,,http://www.redfin.com/IN/Indianapolis/7061-Dublin-Ln-46239/home/67112984,MIBOR,21541230,N,Y,39.6874261,-86.0428224
PAST SALE,October-16-2017,Single Family Residential,931 Schmitt Rd,Indianapolis,IN,46239,262000,4,2.5,Warren,2713,21344,2002,152,97,15,Sold,,,http://www.redfin.com/IN/Indianapolis/931-Schmitt-Rd-46239/home/66918745,MIBOR,21503918,N,Y,39.7571129,-85.955344
PAST SALE,November-21-2017,Single Family Residential,10452 Pintail Ln,Indianapolis,IN,46239,214730,3,2.5,Franklin,1520,10018,2017,116,141,28,Sold,,,http://www.redfin.com/IN/Indianapolis/10452-Pintail-Ln-46239/home/144062956,MIBOR,21525834,N,Y,39.7069958,-85.9792835
PAST SALE,November-28-2017,Single Family Residential,10460 Pintail Ln,Indianapolis,IN,46239,219835,3,2.5,Franklin,2066,10018,2017,109,106,28,Sold,,,http://www.redfin.com/IN/Indianapolis/10460-Pintail-Ln-46239/home/144062954,MIBOR,21526397,N,Y,39.7069958,-85.9792835
PAST SALE,December-1-2017,Single Family Residential,4607 Maldenhair Dr,Indianapolis,IN,46239,320785,3,2,Franklin,4192,9583,2017,106,77,38,Sold,,,http://www.redfin.com/IN/Indianapolis/4607-Maldenhair-Dr-46239/home/144062922,MIBOR,21526872,N,Y,39.7053296,-85.9877563
PAST SALE,December-4-2017,Single Family Residential,11039 Bear Hollow Dr,Indianapolis,IN,46229,170500,4,2.5,Warren,2144,8668,1999,103,80,18,Sold,,,http://www.redfin.com/IN/Indianapolis/11039-Bear-Hollow-Dr-46229/home/60096194,MIBOR,21522614,N,Y,39.766839,-85.96989
PAST SALE,December-6-2017,Single Family Residential,10619 Pintail Ln,Indianapolis,IN,46239,172000,3,2.5,Franklin,1844,12567,2016,101,93,28,Sold,,,http://www.redfin.com/IN/Indianapolis/10619-Pintail-Ln-46239/home/82303593,MIBOR,21517332,N,Y,39.70663,-85.9770701
PAST SALE,November-15-2017,Single Family Residential,10202 Broadmeadow Dr,Indianapolis,IN,46239,232000,5,3.5,Warren,4828,17859,2011,122,48,33,Sold,,,http://www.redfin.com/IN/Indianapolis/10202-Broadmeadow-Dr-46239/home/60054026,MIBOR,21512463,N,Y,39.7486343,-85.9864994
PAST SALE,February-2-2018,Single Family Residential,10614 Deercrest Ln,Indianapolis,IN,46239,223000,3,2.5,Franklin,2127,8973,2005,43,105,28,Sold,,,http://www.redfin.com/IN/Indianapolis/10614-Deercrest-Ln-46239/home/82300093,MIBOR,21528027,N,Y,39.7061107,-85.9776448
PAST SALE,October-13-2017,Single Family Residential,2564 Wayward Wind Dr,Indianapolis,IN,46239,295000,3,2.5,Warren,3380,24219,1989,155,87,21,Sold,,,http://www.redfin.com/IN/Indianapolis/2564-Wayward-Wind-Dr-46239/home/82233910,MIBOR,21490201,N,Y,39.7336048,-85.9843059
PAST SALE,February-16-2018,Single Family Residential,11104 Blue Spring Ct,Indianapolis,IN,46239,180000,3,3,Warren,3317,10933,1997,29,54,17,Sold,,,http://www.redfin.com/IN/Indianapolis/11104-Blue-Spring-Ct-46239/home/82234923,MIBOR,21518891,N,Y,39.7632023,-85.9684695
PAST SALE,February-22-2018,Single Family Residential,1745 Touchstone Way,Indianapolis,IN,46239,380000,4,3.5,Warren,6390,32974,2005,23,59,39,Sold,,,http://www.redfin.com/IN/Indianapolis/1745-Touchstone-Way-46239/home/69355859,MIBOR,21529472,N,Y,39.7468901,-85.9679293
PAST SALE,February-23-2018,Single Family Residential,1438 Gleneagle Dr,Indianapolis,IN,46239,193000,3,2,Warren,2051,9278,2012,22,94,34,Sold,,,http://www.redfin.com/IN/Indianapolis/1438-Gleneagle-Dr-46239/home/60120158,MIBOR,21530059,N,Y,39.7505398,-85.9875563
PAST SALE,December-14-2017,Single Family Residential,10308 Fallen Oak Dr,Indianapolis,IN,46239,203500,3,2.5,Warren,1665,15942,1992,93,122,17,Sold,,,http://www.redfin.com/IN/Indianapolis/10308-Fallen-Oak-Dr-46239/home/66957990,MIBOR,21518810,N,Y,39.7480529,-85.9836278
PAST SALE,February-16-2018,Single Family Residential,4552 Maldenhair Dr,Indianapolis,IN,46239,285000,4,2.5,Franklin,2772,9583,2017,29,103,41,Sold,,,http://www.redfin.com/IN/Indianapolis/4552-Maldenhair-Dr-46239/home/144062931,MIBOR,21510275,N,Y,39.7040663,-85.9885666
PAST SALE,November-20-2017,Single Family Residential,1203 Sedgehill Ln,Indianapolis,IN,46239,183000,3,2.5,Warren,3320,10890,2004,117,55,29,Sold,,,http://www.redfin.com/IN/Indianapolis/1203-Sedgehill-Ln-46239/home/59987089,MIBOR,21489427,N,Y,39.7539281,-85.9826706
PAST SALE,March-9-2018,Single Family Residential,10709 Creekside Woods Dr,Indianapolis,IN,46239,162500,3,2.5,Warren,2375,10497,1989,8,68,14,Sold,,,http://www.redfin.com/IN/Indianapolis/10709-Creekside-Woods-Dr-46239/home/82234073,MIBOR,21542558,N,Y,39.7628486,-85.9762907
PAST SALE,October-4-2017,Single Family Residential,11119 Blue Spring Ct,Indianapolis,IN,46239,138000,3,2,Warren,1462,6098,1997,164,94,18,Sold,,,http://www.redfin.com/IN/Indianapolis/11119-Blue-Spring-Ct-46239/home/67088820,MIBOR,21508177,N,Y,39.7627824,-85.9679509
PAST SALE,September-22-2017,Single Family Residential,5516 Bracken Cir,Indianapolis,IN,46239,136000,3,2,Franklin,1632,8145,1999,176,83,28,Sold,,,http://www.redfin.com/IN/Indianapolis/5516-Bracken-Dr-46239/home/82273138,MIBOR,21494048,N,Y,39.688346,-86.041547
PAST SALE,October-10-2017,Single Family Residential,5230 Basin Park Dr,Indianapolis,IN,46239,185000,4,2.5,Franklin,2161,8276,2009,158,86,28,Sold,,,http://www.redfin.com/IN/Indianapolis/5230-Basin-Park-Dr-46239/home/60164908,MIBOR,21510708,N,Y,39.6919415,-86.0289168
PAST SALE,October-1-2017,Single Family Residential,3616 Senour Rd,Indianapolis,IN,46239,225000,4,2.5,Franklin,2625,42253,1975,167,86,,Sold,,,http://www.redfin.com/IN/Indianapolis/3616-Senour-Rd-46239/home/74799245,MIBOR,21501417,N,Y,39.7168188,-85.9756105
PAST SALE,October-13-2017,Single Family Residential,3920 Senour Rd,Indianapolis,IN,46239,150705,2,2,Franklin,3038,43560,1960,155,50,,Sold,,,http://www.redfin.com/IN/Indianapolis/3920-Senour-Rd-46239/home/82184782,MIBOR,21507434,N,Y,39.7124776,-85.9756634
PAST SALE,September-28-2017,Single Family Residential,5304 Himalayan Dr,Indianapolis,IN,46239,209900,4,2.5,Franklin,2944,6534,2010,170,71,28,Sold,,,http://www.redfin.com/IN/Indianapolis/5304-Himalayan-Dr-46239/home/60094521,MIBOR,21503201,N,Y,39.6910941,-86.0264859
PAST SALE,October-9-2017,Single Family Residential,3352 Summer Breeze Cir,Indianapolis,IN,46239,106500,3,2,Franklin,1216,5227,2003,159,88,20,Sold,,,http://www.redfin.com/IN/Indianapolis/3352-Summer-Breeze-Ln-46239/home/82295903,MIBOR,21514314,N,Y,39.719564,-86.019918
PAST SALE,October-13-2017,Single Family Residential,8501 Hornady Dr,Indianapolis,IN,46239,315475,5,3.5,Franklin,3373,14374,2017,155,94,29,Sold,,,http://www.redfin.com/IN/Indianapolis/8501-Hornady-Ct-46239/home/144062838,MIBOR,21519465,N,Y,39.6968885,-86.0093749
PAST SALE,September-22-2017,Single Family Residential,8514 Tupelo Ct,Indianapolis,IN,46239,119000,3,2,Franklin,1334,13503,1999,176,89,22,Sold,,,http://www.redfin.com/IN/Indianapolis/8514-Tupelo-Ct-46239/home/66992446,MIBOR,21505535,N,Y,39.7203161,-86.0164822
PAST SALE,October-11-2017,Single Family Residential,3131 S Kercheval Dr,Indianapolis,IN,46239,115655,3,1.5,Franklin,1272,18077,1957,157,91,,Sold,,,http://www.redfin.com/IN/Indianapolis/3131-S-Kercheval-Dr-46239/home/82184435,MIBOR,21501212,N,Y,39.7219891,-86.0384001
PAST SALE,October-20-2017,Single Family Residential,7150 Bracken Ln,Indianapolis,IN,46239,140000,3,2,Franklin,1572,7622,1999,148,89,,Sold,,,http://www.redfin.com/IN/Indianapolis/7150-Bracken-Ln-46239/home/82273182,MIBOR,21509355,N,Y,39.6888136,-86.0410296
PAST SALE,October-10-2017,Single Family Residential,8109 Chesterhill Ln,Indianapolis,IN,46239,143000,3,2.5,Warren,1980,6229,2005,158,72,23,Sold,,,http://www.redfin.com/IN/Indianapolis/8109-Chesterhill-Ln-46239/home/82299220,MIBOR,21501153,N,Y,39.7419594,-86.0238212
PAST SALE,September-28-2017,Single Family Residential,7834 Lofton Ct,Indianapolis,IN,46239,146000,3,2,Warren,3136,10454,1998,170,47,13,Sold,,,http://www.redfin.com/IN/Indianapolis/7834-Lofton-Ct-46239/home/60088750,MIBOR,21501006,N,Y,39.744897,-86.0285494
PAST SALE,October-20-2017,Single Family Residential,10638 Hunters Crossing Blvd,Indianapolis,IN,46239,185000,4,2.5,Franklin,2600,10018,2006,148,71,28,Sold,,,http://www.redfin.com/IN/Indianapolis/10638-Hunters-Crossing-Blvd-46239/home/66859883,MIBOR,21510958,N,Y,39.7050415,-85.9769667
PAST SALE,October-20-2017,Single Family Residential,10614 Dunes Ct,Indianapolis,IN,46239,275000,5,3.5,Franklin,4337,12501,2009,148,63,38,Sold,,,http://www.redfin.com/IN/Indianapolis/10614-Dunes-Ct-46239/home/82301489,MIBOR,21472984,N,Y,39.6997884,-85.9778835
