SALE TYPE,SOLD DATE,PROPERTY TYPE,ADDRESS,CITY,STATE,ZIP,PRICE,BEDS,BATHS,LOCATION,SQUARE FEET,LOT SIZE,YEAR BUILT,DAYS ON MARKET,$/SQUARE FEET,HOA/MONTH,STATUS,NEXT OPEN HOUSE START TIME,NEXT OPEN HOUSE END TIME,URL (SEE http://www.redfin.com/buy-a-home/comparative-market-analysis FOR INFO ON PRICING),SOURCE,MLS#,FAVORITE,INTERESTED,LATITUDE,LONGITUDE
PAST SALE,September-29-2017,Single Family Residential,14931 Trotter Ct,Carmel,IN,46032,295000,5,3,Washington,3892,14374,1994,167,76,35,Sold,,,http://www.redfin.com/IN/Carmel/14931-Trotter-Ct-46032/home/60059061,MIBOR,21507042,N,Y,40.0047116,-86.1612058
PAST SALE,October-27-2017,Single Family Residential,12887 Sheffield Blvd,Carmel,IN,46032,346500,4,2.5,Clay,3923,16117,1990,139,88,29,Sold,,,http://www.redfin.com/IN/Carmel/12887-Sheffield-Blvd-46032/home/67083493,MIBOR,21504853,N,Y,39.9728712,-86.1652011
PAST SALE,October-27-2017,Single Family Residential,1244 Frenzel Pkwy,Carmel,IN,46032,965000,5,4.5,Clay,6768,15681,2016,139,143,75,Sold,,,http://www.redfin.com/IN/Carmel/1244-Frenzel-Pkwy-46032/home/108307794,MIBOR,21505003,N,Y,39.9653053,-86.1766211
PAST SALE,November-8-2017,Single Family Residential,3855 Carwinion Way,Carmel,IN,46032,400000,4,4,Clay,5124,18295,1996,127,78,50,Sold,,,http://www.redfin.com/IN/Carmel/3855-Carwinion-Way-46032/home/82375379,MIBOR,21512685,N,Y,39.936647,-86.2280574
PAST SALE,November-10-2017,Single Family Residential,3584 Windward Way,Carmel,IN,46032,501555,5,5,Clay,7732,26136,2000,125,65,50,Sold,,,http://www.redfin.com/IN/Carmel/3584-Windward-Way-46032/home/82375972,MIBOR,21517865,N,Y,39.9389255,-86.2198597
PAST SALE,October-31-2017,Single Family Residential,10098 Cedar Point Dr,Carmel,IN,46032,484000,3,3.5,Clay,5462,69696,1983,135,89,19,Sold,,,http://www.redfin.com/IN/Carmel/10098-Cedar-Point-Dr-46032/home/82376187,MIBOR,21511272,N,Y,39.9325239,-86.1718181
PAST SALE,November-10-2017,Single Family Residential,10215 Chester Dr,Carmel,IN,46032,210000,4,2.5,Clay,2016,23400,1969,125,104,,Sold,,,http://www.redfin.com/IN/Carmel/10215-Chester-Dr-46032/home/82379070,MIBOR,21511581,N,Y,39.9377112,-86.117675
PAST SALE,October-24-2017,Single Family Residential,115 Bennett Rd,Carmel,IN,46032,197900,3,2,Clay,1699,27442,1966,142,116,,Sold,,,http://www.redfin.com/IN/Carmel/115-Bennett-Rd-46032/home/60084541,MIBOR,21489037,N,Y,39.9949221,-86.1532964
PAST SALE,October-20-2017,Single Family Residential,51 Wilson Dr,Carmel,IN,46032,260000,3,2,Clay,2456,10890,1969,146,106,,Sold,,,http://www.redfin.com/IN/Carmel/51-Wilson-Dr-46032/home/60150510,MIBOR,21506111,N,Y,39.9728763,-86.1363245
PAST SALE,October-2-2017,Single Family Residential,402 E Village Dr,Carmel,IN,46032,215000,4,2.5,Clay,2038,18295,1977,164,105,23,Sold,,,http://www.redfin.com/IN/Carmel/402-E-Village-Dr-46032/home/60168359,MIBOR,21507034,N,Y,39.9923216,-86.1482177
PAST SALE,September-27-2017,Single Family Residential,926 Twelve Oaks Dr,Carmel,IN,46032,632500,6,5.5,Clay,6211,32670,1996,169,102,42,Sold,,,http://www.redfin.com/IN/Carmel/926-12-Oaks-46032/home/66938892,MIBOR,21482187,N,Y,39.9881046,-86.1778382
PAST SALE,October-30-2017,Single Family Residential,3538 Inverness Blvd,Carmel,IN,46032,405000,4,3.5,Clay,3331,10454,2000,136,122,50,Sold,,,http://www.redfin.com/IN/Carmel/3538-Inverness-Blvd-46032/home/66958006,MIBOR,21503119,N,Y,39.9336716,-86.2142019
PAST SALE,October-10-2017,Single Family Residential,1345 Helford Ln,Carmel,IN,46032,435000,4,4.5,Clay,4113,19166,1993,156,106,67,Sold,,,http://www.redfin.com/IN/Carmel/1345-Helford-Ln-46032/home/66961691,MIBOR,21475532,N,Y,39.9674053,-86.187155
PAST SALE,October-20-2017,Single Family Residential,11170 Estancia Way,Carmel,IN,46032,2050000,4,5,Clay,6915,178595,1979,146,296,167,Sold,,,http://www.redfin.com/IN/Carmel/11170-Estancia-Way-46032/home/67042304,MIBOR,21501736,N,Y,39.9512748,-86.1731915
PAST SALE,October-27-2017,Single Family Residential,2999 N Walnut Creek Dr,Carmel,IN,46032,585000,5,5.5,Clay,5312,23958,1997,139,110,75,Sold,,,http://www.redfin.com/IN/Carmel/2999-Walnut-Creek-Dr-N-46032/home/67090639,MIBOR,21486956,N,Y,39.9435534,-86.2124548
PAST SALE,November-6-2017,Single Family Residential,12728 Norfolk Ln,Carmel,IN,46032,550000,5,4.5,Clay,5687,27878,1995,129,97,50,Sold,,,http://www.redfin.com/IN/Carmel/12728-Norfolk-Ln-46032/home/67108369,MIBOR,21402655,N,Y,39.9676984,-86.1783936
PAST SALE,October-4-2017,Single Family Residential,20 Shady Ln,Carmel,IN,46033,249000,3,2.5,Clay,2164,10454,1969,162,115,,Sold,,,http://www.redfin.com/IN/Carmel/20-Shady-Ln-46032/home/82358403,MIBOR,21497894,N,Y,39.9722413,-86.1371142
PAST SALE,October-4-2017,Single Family Residential,1956 Telfair St,Carmel,IN,46032,782500,6,4.5,Clay,5614,15681,2002,162,139,145,Sold,,,http://www.redfin.com/IN/Carmel/1956-Telfair-St-46032/home/59992354,MIBOR,21506500,N,Y,39.9691885,-86.193956
PAST SALE,October-4-2017,Single Family Residential,1256 Frenzel Pkwy,Carmel,IN,46032,850000,5,4.5,Clay,5603,14810,2017,162,152,75,Sold,,,http://www.redfin.com/IN/Carmel/1256-Frenzel-Pkwy-46032/home/108307806,MIBOR,21502663,N,Y,39.9654483,-86.1773199
PAST SALE,September-19-2017,Single Family Residential,10565 Greentree Dr,Carmel,IN,46032,233500,3,2.5,Clay,2858,23086,1961,177,82,,Sold,,,http://www.redfin.com/IN/Carmel/10565-Greentree-Dr-46032/home/82375609,MIBOR,21504889,N,Y,39.9398486,-86.2131298
PAST SALE,October-12-2017,Single Family Residential,11582 Westbury Place Dr,Carmel,IN,46032,475000,5,3.5,Clay,4334,38768,1997,154,110,47,Sold,,,http://www.redfin.com/IN/Carmel/11582-Westbury-Pl-Dr-46032/home/107098945,MIBOR,21510030,N,Y,39.9538294,-86.201971
PAST SALE,October-12-2017,Single Family Residential,2207 Pinehurst Dr,Carmel,IN,46032,312000,3,2.5,Clay,2301,28314,1977,154,136,19,Sold,,,http://www.redfin.com/IN/Carmel/2207-Pinehurst-Dr-46032/home/82375678,MIBOR,21510773,N,Y,39.9470868,-86.1994788
PAST SALE,October-20-2017,Single Family Residential,3578 W Seminole Dr,Carmel,IN,46032,195000,3,2.5,Clay,1704,,1999,146,114,50,Sold,,,http://www.redfin.com/IN/Carmel/3578-Seminole-Dr-46032/home/66985886,MIBOR,21490416,N,Y,39.9304031,-86.219681
PAST SALE,October-18-2017,Single Family Residential,11156 Crooked Stick Ln,Carmel,IN,46032,1325000,5,4.5,Hamilton,6484,60983,1979,148,204,21,Sold,,,http://www.redfin.com/IN/Carmel/11156-Crooked-Stick-Ln-46032/home/107128466,MIBOR,21478771,N,Y,39.9492601,-86.1872345
PAST SALE,September-27-2017,Single Family Residential,12104 Ashcroft Pl,Carmel,IN,46032,430000,5,4.5,Clay,4714,24393,1999,169,91,64,Sold,,,http://www.redfin.com/IN/Carmel/12104-Ashcroft-Pl-46032/home/60052525,MIBOR,21502731,N,Y,39.9668693,-86.2069154
PAST SALE,September-21-2017,Single Family Residential,9723 Innisbrook Blvd,Carmel,IN,46032,225000,3,2.5,Clay,1656,6969,2000,175,136,50,Sold,,,http://www.redfin.com/IN/Carmel/9723-Innisbrook-Blvd-46032/home/60109708,MIBOR,21503545,N,Y,39.9309785,-86.218887
PAST SALE,September-28-2017,Single Family Residential,14026 Jameson Ln,Carmel,IN,46032,625000,5,5,Clay,5108,22651,1998,168,122,46,Sold,,,http://www.redfin.com/IN/Carmel/14026-Jameson-Ln-46032/home/66940700,MIBOR,21490804,N,Y,39.9910665,-86.1738432
PAST SALE,September-21-2017,Single Family Residential,1877 Halifax St,Carmel,IN,46032,625000,4,4.5,Clay,5278,16552,2005,175,118,165,Sold,,,http://www.redfin.com/IN/Carmel/1877-Halifax-St-46032/home/67072131,MIBOR,21504102,N,Y,39.9816146,-86.1929945
PAST SALE,September-28-2017,Single Family Residential,1009 Domino Dr,Carmel,IN,46032,631150,4,4.5,Clay,5467,11761,2017,168,115,75,Sold,,,http://www.redfin.com/IN/Carmel/1009-Domino-Dr-46032/home/113184087,MIBOR,21475481,N,Y,39.9607924,-86.1715586
PAST SALE,September-19-2017,Single Family Residential,13761 Smokey Hollow Ct,Carmel,IN,46032,335000,4,2.5,Clay,4119,17859,1988,177,81,38,Sold,,,http://www.redfin.com/IN/Carmel/13761-Smokey-Hollow-Ct-46032/home/82357125,MIBOR,21494755,N,Y,39.989285,-86.1632338
PAST SALE,October-13-2017,Single Family Residential,13879 Coldwater Dr,Carmel,IN,46032,1200000,5,5.5,Clay,9313,48351,2004,153,129,58,Sold,,,http://www.redfin.com/IN/Carmel/13879-Coldwater-Dr-46032/home/82357335,MIBOR,21489058,N,Y,39.9889143,-86.1683806
PAST SALE,September-28-2017,Single Family Residential,14493 Baldwin Ln,Carmel,IN,46032,250000,4,2.5,Clay,2634,7840,2000,168,95,33,Sold,,,http://www.redfin.com/IN/Carmel/14493-Baldwin-Ln-46032/home/60097290,MIBOR,21495776,N,Y,39.9958635,-86.1824471
PAST SALE,October-9-2017,Single Family Residential,242 Beechmont Dr,Carmel,IN,46032,271400,4,3,Clay,3054,14810,1963,157,89,,Sold,,,http://www.redfin.com/IN/Carmel/242-Beechmont-Dr-46032/home/66834707,MIBOR,21511948,N,Y,39.9824553,-86.1167501
PAST SALE,October-27-2017,Single Family Residential,9649 Sycamore Rd,Carmel,IN,46032,234000,4,2.5,Clay,2338,15245,1977,139,100,,Sold,,,http://www.redfin.com/IN/Carmel/9649-Sycamore-Rd-46032/home/66970238,MIBOR,21510017,N,Y,39.9272224,-86.2192443
PAST SALE,October-13-2017,Single Family Residential,525 Emerson Rd,Carmel,IN,46032,180500,3,1.5,Clay,1120,13068,1959,153,161,,Sold,,,http://www.redfin.com/IN/Carmel/525-Emerson-Rd-46032/home/82358413,MIBOR,21512140,N,Y,39.9758759,-86.1344101
PAST SALE,October-4-2017,Single Family Residential,1377 Midway Ct,Carmel,IN,46032,275000,4,2.5,Clay,3347,7840,2003,162,82,33,Sold,,,http://www.redfin.com/IN/Carmel/1377-Midway-Ct-46032/home/66985530,MIBOR,21493241,N,Y,39.9960919,-86.1814662
PAST SALE,October-4-2017,Single Family Residential,1515 W 146th St,Carmel,IN,46032,520000,5,3.5,Clay,3968,131986,1970,162,131,,Sold,,,http://www.redfin.com/IN/Carmel/1515-W-146th-St-46032/home/82357326,MIBOR,21438009,N,Y,39.998872,-86.158278
PAST SALE,September-19-2017,Single Family Residential,15134 Goodtime Ct,Carmel,IN,46032,353000,4,2.5,Washington,3686,18730,1977,177,96,38,Sold,,,http://www.redfin.com/IN/Carmel/15134-Goodtime-Ct-46032/home/82356097,MIBOR,21485604,N,Y,40.0089039,-86.1505674
PAST SALE,October-6-2017,Single Family Residential,10425 Fergus Ave,Carmel,IN,46032,289900,3,2.5,Clay,4430,23086,1971,160,65,,Sold,,,http://www.redfin.com/IN/Carmel/10425-Fergus-Ave-46032/home/82375640,MIBOR,21504466,N,Y,39.9387407,-86.2147975
PAST SALE,September-29-2017,Single Family Residential,10562 Noma Ct,Carmel,IN,46032,885000,6,6.5,Clay,9430,28749,2009,167,94,127,Sold,,,http://www.redfin.com/IN/Carmel/10562-Noma-Ct-46032/home/60004556,MIBOR,21493390,N,Y,39.9397451,-86.2105687
PAST SALE,October-11-2017,Single Family Residential,10755 Bunker Hill Dr,Carmel,IN,46032,221000,3,2.5,Clay,1776,8712,1995,155,124,41,Sold,,,http://www.redfin.com/IN/Carmel/10755-Bunker-Hill-Dr-46032/home/60134452,MIBOR,21502088,N,Y,39.9435818,-86.2330587
PAST SALE,October-2-2017,Single Family Residential,13518 Spotswood St,Carmel,IN,46032,565000,4,4.5,Clay,5631,20037,2006,164,100,145,Sold,,,http://www.redfin.com/IN/Carmel/13518-Spotswood-St-46032/home/67078754,MIBOR,21484867,N,Y,39.9833868,-86.1926966
PAST SALE,October-12-2017,Single Family Residential,2103 Finchley Rd,Carmel,IN,46032,900000,5,5.5,Clay,6416,16117,2005,154,140,155,Sold,,,http://www.redfin.com/IN/Carmel/2103-Finchley-Rd-46032/home/60056669,MIBOR,21505224,N,Y,39.9633593,-86.1969269
PAST SALE,October-16-2017,Single Family Residential,13888 Royal Saddle Dr,Carmel,IN,46032,380000,4,2.5,Clay,4024,15245,1998,150,94,64,Sold,,,http://www.redfin.com/IN/Carmel/13888-Royal-Saddle-Dr-46032/home/60116516,MIBOR,21502982,N,Y,39.9879389,-86.188029
PAST SALE,September-22-2017,Single Family Residential,3734 Penjerrack Ct,Carmel,IN,46032,370000,4,2.5,Clay,3849,22651,1995,174,96,50,Sold,,,http://www.redfin.com/IN/Carmel/3734-Penjerrack-Ct-46032/home/82375414,MIBOR,21494524,N,Y,39.9344095,-86.2233335
PAST SALE,October-12-2017,Single Family Residential,10771 Morristown Ct,Carmel,IN,46032,198000,3,2.5,Clay,1598,8712,1995,154,124,41,Sold,,,http://www.redfin.com/IN/Carmel/10771-Morristown-Ct-46032/home/82375872,MIBOR,21502945,N,Y,39.942611,-86.2327809
PAST SALE,September-22-2017,Single Family Residential,485 Meadowview Ct,Carmel,IN,46032,264500,4,2.5,Clay,2241,20037,1977,174,118,25,Sold,,,http://www.redfin.com/IN/Carmel/485-Meadowview-Ct-46032/home/60091557,MIBOR,21503810,N,Y,39.991049,-86.149957
PAST SALE,October-20-2017,Single Family Residential,754 Marana Dr,Carmel,IN,46032,265000,4,2.5,Clay,3502,10454,1988,146,76,4,Sold,,,http://www.redfin.com/IN/Carmel/754-Marana-Dr-46032/home/82358103,MIBOR,21512342,N,Y,39.9896979,-86.1418462
PAST SALE,October-19-2017,Single Family Residential,12689 Devon Ln,Carmel,IN,46032,515000,4,3.5,Clay,4944,31363,1985,147,104,27,Sold,,,http://www.redfin.com/IN/Carmel/12689-Devon-Ln-46032/home/82359699,MIBOR,21496995,N,Y,39.9699845,-86.1699702
PAST SALE,October-16-2017,Single Family Residential,1364 Hinault Way,Carmel,IN,46032,253000,4,2.5,Clay,3120,6098,2003,150,81,33,Sold,,,http://www.redfin.com/IN/Carmel/1364-Hinault-Way-46032/home/60010275,MIBOR,21481757,N,Y,39.9954526,-86.18121
PAST SALE,October-12-2017,Single Family Residential,1751 Halifax St,Carmel,IN,46032,587000,6,5.5,Clay,5951,18730,2004,154,99,145,Sold,,,http://www.redfin.com/IN/Carmel/1751-Halifax-St-46032/home/60158442,MIBOR,21493274,N,Y,39.9799756,-86.1894194
PAST SALE,September-29-2017,Single Family Residential,3364 Shelborne Woods Pkwy,Carmel,IN,46032,638840,4,3.5,Clay,6838,23086,2017,167,93,,Sold,,,http://www.redfin.com/IN/Carmel/3380-Shelborne-Woods-Pkwy-46032/home/109538744,MIBOR,21516697,N,Y,39.9635441,-86.2198562
PAST SALE,September-20-2017,Single Family Residential,11417 Central Dr E,Carmel,IN,46032,170000,3,2,Clay,1562,23086,1962,176,109,,Sold,,,http://www.redfin.com/IN/Carmel/11417-Central-Dr-E-46032/home/60055375,MIBOR,21504844,N,Y,39.9555436,-86.1493607
PAST SALE,September-21-2017,Single Family Residential,12637 Treaty Line St,Carmel,IN,46032,470000,4,3.5,Clay,4139,6969,2001,175,114,165,Sold,,,http://www.redfin.com/IN/Carmel/12637-Treaty-Line-St-46032/home/60033734,MIBOR,21504862,N,Y,39.971264,-86.2010178
PAST SALE,September-29-2017,Single Family Residential,13696 Coldwater Dr,Carmel,IN,46032,910000,5,5,Clay,7461,17859,2006,167,122,67,Sold,,,http://www.redfin.com/IN/Carmel/13696-Coldwater-Dr-46032/home/60048617,MIBOR,21501495,N,Y,39.9862191,-86.1667913
PAST SALE,September-29-2017,Single Family Residential,12966 Deerstyne Green St,Carmel,IN,46032,620000,5,4.5,Clay,4629,6534,2005,167,134,165,Sold,,,http://www.redfin.com/IN/Carmel/12966-Deerstyne-Green-St-46032/home/60113416,MIBOR,21496334,N,Y,39.9751051,-86.2008987
PAST SALE,September-27-2017,Single Family Residential,1371 Holden Ct,Carmel,IN,46032,295000,4,2.5,Clay,3966,7840,2004,169,74,33,Sold,,,http://www.redfin.com/IN/Carmel/1371-Holden-Ct-46032/home/60128145,MIBOR,21496531,N,Y,39.9970861,-86.1814469
PAST SALE,October-19-2017,Single Family Residential,2285 President St,Carmel,IN,46032,770000,5,4,Clay,7241,32670,2007,147,106,75,Sold,,,http://www.redfin.com/IN/Carmel/2285-President-St-46032/home/67057105,MIBOR,21432492,N,Y,39.9801124,-86.2003228
PAST SALE,September-18-2017,Single Family Residential,12933 Horbeck St,Carmel,IN,46032,520000,4,3.5,Clay,3666,7405,2013,178,142,165,Sold,,,http://www.redfin.com/IN/Carmel/12933-Horbeck-St-46032/home/60048991,MIBOR,21494992,N,Y,39.9744341,-86.20212
PAST SALE,November-17-2017,Single Family Residential,14812 Wheatfield Ln,Carmel,IN,46032,221100,3,2.5,Washington,1898,26571,1988,118,116,,Sold,,,http://www.redfin.com/IN/Carmel/14812-Wheatfield-Ln-46032/home/82355650,MIBOR,21514166,N,Y,40.0036942,-86.1390547
PAST SALE,November-20-2017,Single Family Residential,1363 Sedona Dr,Carmel,IN,46032,370000,4,2.5,Clay,4489,23086,1992,115,82,54,Sold,,,http://www.redfin.com/IN/Carmel/1363-Sedona-Dr-46032/home/82357231,MIBOR,21518220,N,Y,39.9962461,-86.1558008
PAST SALE,November-15-2017,Single Family Residential,778 Edison Way,Carmel,IN,46032,410000,4,4,Clay,5153,8276,2002,120,80,155,Sold,,,http://www.redfin.com/IN/Carmel/778-Edison-Way-46032/home/82358966,MIBOR,21477015,N,Y,39.9841847,-86.1724936
PAST SALE,November-14-2017,Single Family Residential,10270 Tammer Dr,Carmel,IN,46032,327900,4,2.5,Clay,3818,10454,1993,121,86,23,Sold,,,http://www.redfin.com/IN/Carmel/10270-Tammer-Dr-46032/home/82375902,MIBOR,21512391,N,Y,39.9321948,-86.2242465
PAST SALE,October-27-2017,Single Family Residential,12449 Meeting House Rd,Carmel,IN,46032,616000,4,3.5,Clay,4120,14810,2003,139,150,165,Sold,,,http://www.redfin.com/IN/Carmel/12449-Meeting-House-Rd-46032/home/60024760,MIBOR,21502948,N,Y,39.9675404,-86.1949409
PAST SALE,November-30-2017,Single Family Residential,3805 Steeplechase Dr,Carmel,IN,46032,528000,5,5,Clay,5617,17424,2003,105,94,83,Sold,,,http://www.redfin.com/IN/Carmel/3805-Steeplechase-Dr-46032/home/60051937,MIBOR,21502695,N,Y,39.9396339,-86.2194627
PAST SALE,November-27-2017,Single Family Residential,14 Beechmont Dr,Carmel,IN,46032,274800,4,2.5,Clay,3035,18295,1966,108,91,,Sold,,,http://www.redfin.com/IN/Carmel/14-Beechmont-Dr-46032/home/60088743,MIBOR,21514045,N,Y,39.9788184,-86.1182025
PAST SALE,November-28-2017,Single Family Residential,12051 Copperfield Dr,Carmel,IN,46032,715000,6,4.5,Clay,5520,17859,2009,107,130,46,Sold,,,http://www.redfin.com/IN/Carmel/12051-Copperfield-Dr-46032/home/60088638,MIBOR,21494366,N,Y,39.9624373,-86.2128519
PAST SALE,October-31-2017,Single Family Residential,11020 Jordan Rd,Carmel,IN,46032,272000,3,2,Clay,2595,20908,1967,135,105,,Sold,,,http://www.redfin.com/IN/Carmel/11020-Jordan-Rd-46032/home/60113640,MIBOR,21512208,N,Y,39.9482098,-86.1152881
PAST SALE,November-3-2017,Single Family Residential,13698 W Thistlewood Dr,Carmel,IN,46032,359000,5,3,Clay,4398,12196,1986,132,82,8,Sold,,,http://www.redfin.com/IN/Carmel/13698-Thistlewood-Dr-W-46032/home/60166857,MIBOR,21517520,N,Y,39.9877744,-86.1550853
PAST SALE,November-21-2017,Single Family Residential,561 Melark Dr,Carmel,IN,46032,326000,3,2.5,Clay,3550,,1996,114,92,124,Sold,,,http://www.redfin.com/IN/Carmel/561-Melark-Dr-46032/home/66943389,MIBOR,21519843,N,Y,39.9727828,-86.1143958
PAST SALE,November-15-2017,Single Family Residential,524 Cedar Lake Ct,Carmel,IN,46032,285000,4,2.5,Clay,2685,31363,1985,120,106,,Sold,,,http://www.redfin.com/IN/Carmel/524-Cedar-Lake-Ct-46032/home/67007357,MIBOR,21490075,N,Y,39.9988313,-86.1383867
PAST SALE,October-24-2017,Single Family Residential,14954 Beacon Blvd,Carmel,IN,46032,221000,3,2.5,Washington,2237,15681,1992,142,99,8,Sold,,,http://www.redfin.com/IN/Carmel/14954-Beacon-Blvd-46032/home/67107182,MIBOR,21507307,N,Y,40.0052295,-86.1315666
PAST SALE,September-26-2017,Single Family Residential,12204 Ams Run,Carmel,IN,46032,783000,5,4.5,Clay,6130,12632,2017,170,128,,Sold,,,http://www.redfin.com/IN/Carmel/12204-Ams-Run-46032/home/118504784,MIBOR,21515068,N,Y,39.9610088,-86.1728516
PAST SALE,October-31-2017,Single Family Residential,516 Dylan Dr Unit IN,Carmel,IN,46032,626789,3,3.5,Clay,2710,8712,2017,135,231,,Sold,,,http://www.redfin.com/IN/Carmel/516-Dylan-Dr-46032/unit-IN/home/144225991,MIBOR,21522612,N,Y,39.9642111,-86.1669248
PAST SALE,November-3-2017,Single Family Residential,9915 S Towne Ln,Carmel,IN,46032,682500,3,3,Clay,4613,14810,2016,132,148,280,Sold,,,http://www.redfin.com/IN/Carmel/9915-S-Towne-Ln-46032/home/60180252,MIBOR,21446111,N,Y,39.9354089,-86.2086587
PAST SALE,October-12-2017,Single Family Residential,13009 Horbeck St,Carmel,IN,46032,484500,3,2.5,Clay,3535,6534,2017,154,137,165,Sold,,,http://www.redfin.com/IN/Carmel/13009-Horbeck-St-46032/home/60181029,MIBOR,21457166,N,Y,39.975723,-86.202107
PAST SALE,December-29-2017,Single Family Residential,1439 Polo Chase Ct,Carmel,IN,46032,352500,4,2.5,Clay,4148,21780,1999,76,85,65,Sold,,,http://www.redfin.com/IN/Carmel/1439-Polo-Chase-Ct-46032/home/66978936,MIBOR,21520534,N,Y,39.9864553,-86.1855262
PAST SALE,January-31-2018,Single Family Residential,10835 Diamond Dr,Carmel,IN,46032,482500,4,4,Clay,4906,23958,1997,43,98,74,Sold,,,http://www.redfin.com/IN/Carmel/10835-Diamond-Dr-46032/home/82375377,MIBOR,21485465,N,Y,39.9476921,-86.2085038
PAST SALE,January-16-2018,Single Family Residential,1009 Laurelwood,Carmel,IN,46032,1370000,5,6,Clay,9178,57063,1991,58,149,250,Sold,,,http://www.redfin.com/IN/Carmel/1009-Laurelwood-46032/home/82375979,MIBOR,21469393,N,Y,39.9351632,-86.1734672
PAST SALE,January-11-2018,Single Family Residential,1010 Summer Hl,Carmel,IN,46032,600000,6,5,Clay,6223,24393,2002,63,96,79,Sold,,,http://www.redfin.com/IN/Carmel/1010-Summer-Hl-46032/home/60015474,MIBOR,21513061,N,Y,39.9870169,-86.1807956
PAST SALE,February-8-2018,Single Family Residential,2429 Burnham Walk,Carmel,IN,46032,605000,6,6,Clay,7883,19602,1998,35,77,64,Sold,,,http://www.redfin.com/IN/Carmel/2429-Burnham-Walk-46032/home/60024075,MIBOR,21496876,N,Y,39.966945,-86.2042943
PAST SALE,December-18-2017,Single Family Residential,13265 Birkenhead St,Carmel,IN,46032,473750,5,4.5,Clay,4884,12632,2011,87,97,145,Sold,,,http://www.redfin.com/IN/Carmel/13265-Birkenhead-St-46032/home/60033225,MIBOR,21488077,N,Y,39.9808016,-86.1969071
PAST SALE,February-23-2018,Single Family Residential,1990 Stanhope St,Carmel,IN,46032,590000,3,3.5,Clay,3740,9147,2003,20,158,158,Sold,,,http://www.redfin.com/IN/Carmel/1990-Stanhope-St-46032/home/60046522,MIBOR,21524259,N,Y,39.9709033,-86.1997866
PAST SALE,February-23-2018,Single Family Residential,9825 Brandon Ct,Carmel,IN,46032,389000,4,2.5,Clay,4748,42688,1966,20,82,25,Sold,,,http://www.redfin.com/IN/Carmel/9825-Brandon-Ct-46032/home/60090846,MIBOR,21530003,N,Y,39.9313328,-86.1861817
PAST SALE,March-1-2018,Single Family Residential,9830 Deerfield Cir,Carmel,IN,46032,352500,3,2.5,Clay,2960,42253,1964,14,119,25,Sold,,,http://www.redfin.com/IN/Carmel/9830-Deerfield-Cir-46032/home/60039541,MIBOR,21542467,N,Y,39.9304745,-86.1887239
PAST SALE,March-1-2018,Single Family Residential,3554 Towne Dr,Carmel,IN,46032,347000,4,2.5,Clay,2652,15681,2001,14,131,55,Sold,,,http://www.redfin.com/IN/Carmel/3554-Towne-Dr-46032/home/82375938,MIBOR,21530352,N,Y,39.937126,-86.2138247
PAST SALE,February-16-2018,Single Family Residential,10493 Bishop Cir,Carmel,IN,46032,855555,5,5,Clay,8364,24393,1994,27,102,92,Sold,,,http://www.redfin.com/IN/Carmel/10493-Bishop-Cir-46032/home/62627447,MIBOR,21522929,N,Y,39.9383415,-86.197215
PAST SALE,March-1-2018,Single Family Residential,3466 Glen Abbe Ct,Carmel,IN,46032,287500,4,2.5,Clay,2386,10454,1998,14,120,55,Sold,,,http://www.redfin.com/IN/Carmel/3466-Glen-Abbe-Ct-46032/home/66806616,MIBOR,21517846,N,Y,39.9299091,-86.2088216
PAST SALE,December-8-2017,Single Family Residential,1384 Westwind Cir,Carmel,IN,46032,321000,5,3,Clay,3531,14374,1987,97,91,38,Sold,,,http://www.redfin.com/IN/Carmel/1384-Westwind-Cir-46032/home/82357815,MIBOR,21520525,N,Y,39.9873783,-86.1558207
PAST SALE,March-1-2018,Single Family Residential,10575 Coppergate,Carmel,IN,46032,795000,4,4.5,Clay,6764,46173,1989,14,118,167,Sold,,,http://www.redfin.com/IN/Carmel/10575-Coppergate-46032/home/82375769,MIBOR,21518315,N,Y,39.9387937,-86.1885431
PAST SALE,November-30-2017,Single Family Residential,13481 Kingsbury Dr,Carmel,IN,46032,359900,4,2.5,Clay,4114,29620,1995,105,87,50,Sold,,,http://www.redfin.com/IN/Carmel/13481-Kingsbury-Dr-46032/home/59981001,MIBOR,21502545,N,Y,39.9822139,-86.1625183
PAST SALE,October-20-2017,Single Family Residential,12677 Treaty Line St,Carmel,IN,46032,575500,5,3.5,Clay,4128,6098,2001,146,139,158,Sold,,,http://www.redfin.com/IN/Carmel/12677-Treaty-Line-St-46032/home/60002302,MIBOR,21500448,N,Y,39.9721258,-86.2010377
PAST SALE,October-27-2017,Single Family Residential,12158 Montcalm St,Carmel,IN,46032,801000,3,6,Clay,8898,14374,2006,139,90,165,Sold,,,http://www.redfin.com/IN/Carmel/12158-Montcalm-St-46032/home/60010870,MIBOR,21504941,N,Y,39.9641892,-86.1984164
PAST SALE,November-3-2017,Single Family Residential,2037 Stanhope St,Carmel,IN,46032,620000,5,5,Hamilton,5431,11761,2005,132,114,165,Sold,,,http://www.redfin.com/IN/Carmel/2037-Stanhope-St-46032/home/60027684,MIBOR,21487964,N,Y,39.9704564,-86.2008193
PAST SALE,December-8-2017,Single Family Residential,12648 Troupe St,Carmel,IN,46032,417000,5,3.5,Clay,4145,8276,2006,97,101,165,Sold,,,http://www.redfin.com/IN/Carmel/12648-Troupe-St-46032/home/60055879,MIBOR,21517569,N,Y,39.9707269,-86.204195
PAST SALE,November-17-2017,Single Family Residential,43 Manchester Ct,Carmel,IN,46032,194700,4,2.5,Clay,1520,20037,1964,118,128,,Sold,,,http://www.redfin.com/IN/Carmel/43-Manchester-Ct-46032/home/60159032,MIBOR,21513402,N,Y,39.9458279,-86.1596565
PAST SALE,December-15-2017,Single Family Residential,9758 Innisbrook Blvd,Carmel,IN,46032,219900,3,2,Clay,1613,6098,1997,90,136,,Sold,,,http://www.redfin.com/IN/Carmel/9758-Innisbrook-Blvd-46032/home/60161732,MIBOR,21518055,N,Y,39.932756,-86.221789
PAST SALE,December-15-2017,Single Family Residential,12765 Tram Ln,Carmel,IN,46032,470000,5,5,Clay,5713,19602,2007,90,82,78,Sold,,,http://www.redfin.com/IN/Carmel/12765-Tram-Ln-46032/home/60114481,MIBOR,21517556,N,Y,39.9722667,-86.2176364
PAST SALE,December-6-2017,Single Family Residential,9690 Elm Dr,Carmel,IN,46032,212500,3,2,Clay,1850,16552,1977,99,115,,Sold,,,http://www.redfin.com/IN/Carmel/9690-Elm-Dr-46032/home/66957033,MIBOR,21518782,N,Y,39.9277422,-86.2185892
PAST SALE,December-7-2017,Single Family Residential,13909 Towne Rd,Carmel,IN,46074,472000,4,2.5,Clay,4754,74052,1978,98,99,,Sold,,,http://www.redfin.com/IN/Westfield/13909-Towne-Rd-46074/home/66953398,MIBOR,21511714,N,Y,39.989666,-86.201829
PAST SALE,January-31-2018,Single Family Residential,149 E Columbine Ln,Westfield,IN,46074,372500,4,4,Washington,4020,15681,1997,43,93,42,Sold,,,http://www.redfin.com/IN/Westfield/149-E-Columbine-Ln-46074/home/67059374,MIBOR,21524828,N,Y,40.010202,-86.1556559
PAST SALE,January-18-2018,Single Family Residential,14337 Adios Pass,Carmel,IN,46032,412000,4,3,Clay,4363,15245,1995,56,94,31,Sold,,,http://www.redfin.com/IN/Carmel/14337-Adios-Pass-46032/home/67107075,MIBOR,21526688,N,Y,39.9962089,-86.1540716
PAST SALE,January-5-2018,Single Family Residential,14095 Lasino Run,Carmel,IN,46032,522500,5,4.5,Clay,5298,29185,2016,69,99,46,Sold,,,http://www.redfin.com/IN/Carmel/14095-Lasino-Run-46032/home/100810802,MIBOR,21507232,N,Y,39.991341,-86.1887756
PAST SALE,February-28-2018,Single Family Residential,104 Bennett Rd,Carmel,IN,46032,197850,3,1.5,Clay,1352,16988,1962,15,146,,Sold,,,http://www.redfin.com/IN/Carmel/104-Bennett-Rd-46032/home/66878809,MIBOR,21530045,N,Y,39.9955922,-86.1529784
PAST SALE,February-20-2018,Single Family Residential,14292 Adios Pass,Carmel,IN,46032,310000,4,2.5,Clay,2749,22215,1978,23,113,25,Sold,,,http://www.redfin.com/IN/Carmel/14292-Adios-Pass-46032/home/61371610,MIBOR,21539747,N,Y,39.9947138,-86.1548666
PAST SALE,December-8-2017,Single Family Residential,14509 Baldwin Ln,Carmel,IN,46032,295000,5,3,Clay,4070,6534,2000,97,72,67,Sold,,,http://www.redfin.com/IN/Carmel/14509-Baldwin-Ln-46032/home/60092441,MIBOR,21519207,N,Y,39.9965222,-86.1823875
PAST SALE,February-6-2018,Single Family Residential,414 Concord Ln,Carmel,IN,46032,275000,4,2.5,Clay,2940,11761,1971,37,94,,Sold,,,http://www.redfin.com/IN/Carmel/414-Concord-Ln-46032/home/82364877,MIBOR,21518935,N,Y,39.9738716,-86.1186821
PAST SALE,November-15-2017,Single Family Residential,10566 Brookview Dr,Carmel,IN,46032,297000,4,2.5,Clay,4100,23522,1995,120,72,31,Sold,,,http://www.redfin.com/IN/Carmel/10566-Brookview-Dr-46032/home/82379516,MIBOR,21496977,N,Y,39.9405967,-86.1166119
PAST SALE,December-27-2017,Single Family Residential,3560 Inverness Blvd,Carmel,IN,46032,362500,4,3.5,Clay,2838,12196,1999,78,128,50,Sold,,,http://www.redfin.com/IN/Carmel/3560-Inverness-Blvd-46032/home/82375551,MIBOR,21522534,N,Y,39.9360129,-86.2147181
PAST SALE,January-3-2018,Single Family Residential,9760 Colonial Dr,Carmel,IN,46032,340000,3,3,Clay,2616,12196,2000,71,130,50,Sold,,,http://www.redfin.com/IN/Carmel/9760-Colonial-Dr-46032/home/82375788,MIBOR,21525926,N,Y,39.9330509,-86.2099135
PAST SALE,January-4-2018,Single Family Residential,3717 W 98th St,Carmel,IN,46032,162500,3,1,Clay,1920,19602,1955,70,85,,Sold,,,http://www.redfin.com/IN/Carmel/3717-W-98th-St-46032/home/60101140,MIBOR,21518627,N,Y,39.929235,-86.2269062
PAST SALE,February-1-2018,Single Family Residential,10345 High Grove Dr,Carmel,IN,46032,975000,5,6,Clay,7450,25700,1999,42,131,83,Sold,,,http://www.redfin.com/IN/Carmel/10345-High-Grove-Dr-46032/home/66944451,MIBOR,21493415,N,Y,39.9342752,-86.1970858
PAST SALE,November-10-2017,Single Family Residential,2236 Steffee Dr,Carmel,IN,46032,1299963,6,6,Clay,8854,32670,2017,125,147,42,Sold,,,http://www.redfin.com/IN/Carmel/2236-Steffee-Dr-46032/home/60178064,MIBOR,21461891,N,Y,39.962484,-86.198988
PAST SALE,December-1-2017,Single Family Residential,13590 Abercorn St,Carmel,IN,46032,505000,5,4.5,Clay,5166,14374,2013,104,98,145,Sold,,,http://www.redfin.com/IN/Carmel/13590-Abercorn-St-46032/home/60146422,MIBOR,21483958,N,Y,39.9843819,-86.196678
PAST SALE,December-4-2017,Single Family Residential,53 Rogers Rd,Carmel,IN,46032,191000,2,2,Clay,1352,4356,1987,101,141,17,Sold,,,http://www.redfin.com/IN/Carmel/53-Rogers-Rd-46032/home/60096679,MIBOR,21519885,N,Y,39.9797798,-86.136085
PAST SALE,December-29-2017,Single Family Residential,1259 Bentley Way,Carmel,IN,46032,240000,3,2.5,Clay,2188,9583,1994,76,110,29,Sold,,,http://www.redfin.com/IN/Carmel/1259-Bentley-Way-46032/home/82358418,MIBOR,21522462,N,Y,39.9843351,-86.151587
PAST SALE,January-9-2018,Single Family Residential,15123 Romalong Ln,Carmel,IN,46032,325500,4,2.5,Washington,3605,15245,1987,65,90,35,Sold,,,http://www.redfin.com/IN/Carmel/15123-Romalong-Ln-46032/home/60169367,MIBOR,21509471,N,Y,40.006999,-86.1577486
PAST SALE,January-2-2018,Single Family Residential,12629 Apsley Ln,Carmel,IN,46032,408000,3,2.5,Clay,2860,6098,2001,72,143,165,Sold,,,http://www.redfin.com/IN/Carmel/12629-Apsley-Ln-46032/home/60061973,MIBOR,21519871,N,Y,39.9707829,-86.1985554
PAST SALE,January-3-2018,Single Family Residential,2334 President St,Carmel,IN,46032,698000,5,5,Clay,6581,23958,2009,71,106,75,Sold,,,http://www.redfin.com/IN/Carmel/2334-President-St-46032/home/60016310,MIBOR,21474586,N,Y,39.9805608,-86.2011767
PAST SALE,November-15-2017,Single Family Residential,2421 W 116th St,Carmel,IN,46032,395000,3,1.5,Clay,2504,216493,1960,120,158,,Sold,,,http://www.redfin.com/IN/Carmel/2421-W-116th-St-46032/home/60067439,MIBOR,21513376,N,Y,39.9553741,-86.2041851
PAST SALE,February-9-2018,Single Family Residential,1361 Hinault Way,Carmel,IN,46032,274500,4,2.5,Clay,3720,6969,2002,34,74,37,Sold,,,http://www.redfin.com/IN/Carmel/1361-Hinault-Way-46032/home/60114698,MIBOR,21523257,N,Y,39.9950765,-86.1810367
PAST SALE,February-5-2018,Single Family Residential,201 Wyndotte Dr,Carmel,IN,46032,285000,4,2.5,Clay,3267,17859,1997,38,87,50,Sold,,,http://www.redfin.com/IN/Carmel/201-Wyndotte-Dr-46032/home/60149749,MIBOR,21528055,N,Y,39.9843866,-86.1555623
PAST SALE,November-20-2017,Single Family Residential,23 Bennett Rd,Carmel,IN,46032,309500,5,4,Clay,4189,22215,1967,115,74,,Sold,,,http://www.redfin.com/IN/Carmel/23-Bennett-Rd-46032/home/82357566,MIBOR,21517969,N,Y,39.996219,-86.1477306
PAST SALE,December-4-2017,Single Family Residential,10917 Valley Forge Cir,Carmel,IN,46032,286000,4,2.5,Clay,2584,16552,1998,101,111,33,Sold,,,http://www.redfin.com/IN/Carmel/10917-Valley-Forge-Cir-46032/home/82375604,MIBOR,21516678,N,Y,39.9510203,-86.2239686
PAST SALE,November-16-2017,Single Family Residential,10726 Knight Dr,Carmel,IN,46032,723000,4,4.5,Clay,5467,22651,1995,119,132,,Sold,,,http://www.redfin.com/IN/Carmel/10726-Knight-Dr-46032/home/59994720,MIBOR,21512490,N,Y,39.9444737,-86.2124151
PAST SALE,November-8-2017,Single Family Residential,1767 Fairmount St,Carmel,IN,46032,571000,5,5,Clay,5951,16988,2005,127,96,145,Sold,,,http://www.redfin.com/IN/Carmel/1767-Fairmount-St-46032/home/60011656,MIBOR,21502857,N,Y,39.9814407,-86.1901344
PAST SALE,December-1-2017,Single Family Residential,2226 Finchley Rd,Carmel,IN,46032,675000,5,4.5,Clay,5886,14374,2005,104,115,155,Sold,,,http://www.redfin.com/IN/Carmel/2226-Finchley-Rd-46032/home/60014897,MIBOR,21510740,N,Y,39.9635691,-86.1990519
PAST SALE,December-19-2017,Single Family Residential,402 Shoemaker Dr,Carmel,IN,46032,385000,4,2.5,Clay,3957,25264,1996,86,97,55,Sold,,,http://www.redfin.com/IN/Carmel/402-Shoemaker-Dr-46032/home/60097208,MIBOR,21520682,N,Y,39.9793785,-86.1651813
PAST SALE,December-29-2017,Single Family Residential,1013 Nevelle Ln,Carmel,IN,46032,280000,4,2.5,Clay,2820,10890,1987,76,99,4,Sold,,,http://www.redfin.com/IN/Carmel/1013-Nevelle-Ln-46032/home/60101952,MIBOR,21520033,N,Y,39.9920728,-86.138009
PAST SALE,January-4-2018,Single Family Residential,11284 Crooked Stick Ln,Carmel,IN,46032,900000,4,5,Clay,5525,65340,1980,70,163,21,Sold,,,http://www.redfin.com/IN/Carmel/11284-Crooked-Stick-Ln-46032/home/60149185,MIBOR,21463236,N,Y,39.9515301,-86.1847489
PAST SALE,November-30-2017,Single Family Residential,467 E Village Dr,Carmel,IN,46032,198000,3,2,Clay,1631,25264,1977,105,121,25,Sold,,,http://www.redfin.com/IN/Carmel/467-E-Village-Dr-46032/home/67003763,MIBOR,21520454,N,Y,39.9916778,-86.1472138
PAST SALE,December-7-2017,Single Family Residential,268 Haldale Dr,Carmel,IN,46032,266000,3,2.5,Clay,2724,28749,1977,98,98,27,Sold,,,http://www.redfin.com/IN/Carmel/268-Haldale-Dr-46032/home/67103943,MIBOR,21522996,N,Y,39.9900077,-86.154807
PAST SALE,November-29-2017,Single Family Residential,13928 Finnhorse Dr,Carmel,IN,46032,390000,3,3,Clay,3634,11325,2017,106,107,46,Sold,,,http://www.redfin.com/IN/Carmel/13928-Finnhorse-Dr-46032/home/113612111,MIBOR,21482553,N,Y,39.9891803,-86.1955429
PAST SALE,January-30-2018,Single Family Residential,14371 Jeffrey Ct,Carmel,IN,46032,338500,4,2.5,Clay,3838,14810,1991,44,88,23,Sold,,,http://www.redfin.com/IN/Carmel/14371-Jeffrey-Ct-46032/home/82357554,MIBOR,21518776,N,Y,39.9933386,-86.1381481
PAST SALE,January-31-2018,Single Family Residential,13828 Roswell Dr,Carmel,IN,46032,229000,4,2.5,Clay,2254,10890,1987,43,102,,Sold,,,http://www.redfin.com/IN/Carmel/13828-Roswell-Dr-46032/home/82358105,MIBOR,21514813,N,Y,39.9915313,-86.1428004
PAST SALE,January-26-2018,Single Family Residential,730 W Auman Dr,Carmel,IN,46032,195000,4,2,Clay,2432,19602,1956,48,80,,Sold,,,http://www.redfin.com/IN/Carmel/730-W-Auman-Dr-46032/home/82365625,MIBOR,21493462,N,Y,39.9698528,-86.1219295
PAST SALE,January-16-2018,Single Family Residential,861 Bennett Rd,Carmel,IN,46032,262000,4,2.5,Clay,2017,24393,1985,58,130,,Sold,,,http://www.redfin.com/IN/Carmel/861-Bennett-Rd-46032/home/67058020,MIBOR,21527178,N,Y,39.9965058,-86.1394712
PAST SALE,February-2-2018,Single Family Residential,10320 Holaday Dr,Carmel,IN,46032,225000,3,2,Clay,2039,37897,1950,41,110,,Sold,,,http://www.redfin.com/IN/Carmel/10320-Holaday-Dr-W-46032/home/82379631,MIBOR,21528500,N,Y,39.9389183,-86.1217225
PAST SALE,November-16-2017,Single Family Residential,1310 Shadow Lakes Dr N,Carmel,IN,46032,235000,4,2.5,Washington,3748,23522,1992,119,63,,Sold,,,http://www.redfin.com/IN/Carmel/1310-Shadow-Lakes-Dr-N-46032/home/82355451,MIBOR,21505776,N,Y,40.0021431,-86.1344499
PAST SALE,November-3-2017,Single Family Residential,738 Howe Dr,Carmel,IN,46032,262000,4,2.5,Clay,2515,11761,1989,132,104,11,Sold,,,http://www.redfin.com/IN/Carmel/738-Howe-Dr-46032/home/60161179,MIBOR,21517059,N,Y,39.9930978,-86.1444605
PAST SALE,November-30-2017,Single Family Residential,14032 Staghorn Dr,Carmel,IN,46032,615000,5,4.5,Clay,5670,19602,2000,105,108,46,Sold,,,http://www.redfin.com/IN/Carmel/14032-Staghorn-Dr-46032/home/67088541,MIBOR,21513935,N,Y,39.9901276,-86.1784739
PAST SALE,December-11-2017,Single Family Residential,3463 Muirfield Way,Carmel,IN,46032,283500,4,2.5,Clay,2466,9147,1996,94,115,50,Sold,,,http://www.redfin.com/IN/Carmel/3463-Muirfield-Way-46032/home/60077962,MIBOR,21519736,N,Y,39.9275224,-86.2093774
PAST SALE,December-20-2017,Single Family Residential,492 Dylan Dr,Carmel,IN,46032,720154,3,3.5,Clay,4209,13503,2017,85,171,,Sold,,,http://www.redfin.com/IN/Carmel/492-Dylan-Dr-46032/home/144534532,MIBOR,21529131,N,Y,39.9642111,-86.1669248
PAST SALE,December-21-2017,Single Family Residential,13799 Laredo Dr,Carmel,IN,46032,245000,3,2.5,Clay,1582,12196,1988,84,155,4,Sold,,,http://www.redfin.com/IN/Carmel/13799-Laredo-Dr-46032/home/60115969,MIBOR,21518162,N,Y,39.9908655,-86.1384265
PAST SALE,March-12-2018,Single Family Residential,3790 Lattice Ct,Carmel,IN,46032,320000,4,2.5,Clay,3864,11761,1995,3,83,33,Sold,,,http://www.redfin.com/IN/Carmel/3790-Lattice-Ct-46032/home/60166147,MIBOR,21520880,N,Y,39.9314991,-86.2256558
PAST SALE,January-22-2018,Single Family Residential,2461 Turning Leaf Ln,Carmel,IN,46032,746500,4,3.5,Clay,6165,16552,2004,52,121,280,Sold,,,http://www.redfin.com/IN/Carmel/2461-Turning-Leaf-Ln-46032/home/59984813,MIBOR,21507407,N,Y,39.9346485,-86.2042149
PAST SALE,December-27-2017,Single Family Residential,2035 E 106th St,Carmel,IN,46032,218000,3,2.5,Clay,2051,24829,1980,78,106,,Sold,,,http://www.redfin.com/IN/Carmel/2035-E-106th-St-46032/home/60162975,MIBOR,21520416,N,Y,39.9411173,-86.1191493
PAST SALE,December-27-2017,Single Family Residential,1798 Blythe St,Carmel,IN,46032,784000,5,4.5,Clay,6510,17424,2017,78,120,155,Sold,,,http://www.redfin.com/IN/Carmel/1798-Blythe-St-46032/home/60181349,MIBOR,21511170,N,Y,39.976699,-86.187852
PAST SALE,December-29-2017,Single Family Residential,11461 N College Ave,Carmel,IN,46032,215000,4,2.5,Clay,2035,16117,1963,76,106,,Sold,,,http://www.redfin.com/IN/Carmel/11461-N-College-Ave-46032/home/82374163,MIBOR,21516359,N,Y,39.9540937,-86.1455041
PAST SALE,January-12-2018,Single Family Residential,14062 Staghorn Dr,Carmel,IN,46032,648675,5,5,Clay,6940,21780,2001,62,93,42,Sold,,,http://www.redfin.com/IN/Carmel/14062-Staghorn-Dr-46032/home/60048314,MIBOR,21486244,N,Y,39.9910911,-86.1785534
PAST SALE,January-4-2018,Single Family Residential,636 Emerson Rd,Carmel,IN,46032,180000,3,1.5,Clay,1192,10018,1959,70,151,,Sold,,,http://www.redfin.com/IN/Carmel/636-Emerson-Rd-46032/home/60104076,MIBOR,21524884,N,Y,39.9762229,-86.1363857
PAST SALE,January-16-2018,Single Family Residential,2002 Stanhope St,Carmel,IN,46032,830000,4,3.5,Clay,6579,10890,2005,58,126,145,Sold,,,http://www.redfin.com/IN/Carmel/2002-Stanhope-St-46032/home/59989699,MIBOR,21519176,N,Y,39.9709524,-86.2000646
PAST SALE,February-1-2018,Single Family Residential,957 Nevelle Ln,Carmel,IN,46032,287000,4,2.5,Clay,2363,17859,1987,42,121,,Sold,,,http://www.redfin.com/IN/Carmel/957-Nevelle-Ln-46032/home/60107162,MIBOR,21529834,N,Y,39.9919994,-86.1400171
PAST SALE,February-16-2018,Single Family Residential,13017 Horbeck St,Carmel,IN,46032,489990,3,2.5,Clay,3391,6969,2017,27,144,165,Sold,,,http://www.redfin.com/IN/Carmel/13017-Horbeck-St-46032/home/67063409,MIBOR,21457590,N,Y,39.9758629,-86.202094
PAST SALE,December-8-2017,Single Family Residential,11542 Woodview Dr E,Carmel,IN,46032,310000,3,2.5,Clay,2172,7405,1990,97,143,95,Sold,,,http://www.redfin.com/IN/Carmel/11542-E-Woodview-Dr-46032/home/60091528,MIBOR,21518070,N,Y,39.9548616,-86.1420847
PAST SALE,February-28-2018,Single Family Residential,11166 Ruckle St,Carmel,IN,46032,216500,3,2,Clay,1597,7405,1996,15,136,25,Sold,,,http://www.redfin.com/IN/Carmel/11166-Ruckle-St-46032/home/107062903,MIBOR,21525683,N,Y,39.9509137,-86.1504937
PAST SALE,February-20-2018,Single Family Residential,737 E 116th St,Carmel,IN,46032,137500,3,1.5,Clay,1144,14810,1960,23,120,,Sold,,,http://www.redfin.com/IN/Carmel/737-E-116th-St-46032/home/107121551,MIBOR,21522245,N,Y,39.9561268,-86.1439933
PAST SALE,February-26-2018,Single Family Residential,12995 Featherbell Blvd,Carmel,IN,46032,445000,5,3,Clay,4984,9147,2015,17,89,145,Sold,,,http://www.redfin.com/IN/Carmel/12995-Featherbell-Blvd-46032/home/108284383,MIBOR,21526420,N,Y,39.976314,-86.208114
PAST SALE,March-12-2018,Single Family Residential,14388 Howe Dr,Carmel,IN,46032,268500,4,2.5,Clay,2434,12632,1990,3,110,11,Sold,,,http://www.redfin.com/IN/Carmel/14388-Howe-Dr-46032/home/67073372,MIBOR,21541776,N,Y,39.9939296,-86.1426684
PAST SALE,March-12-2018,Single Family Residential,13991 Inglenook Ln,Carmel,IN,46032,399000,3,2,Clay,2306,9583,2004,3,173,188,Sold,,,http://www.redfin.com/IN/Carmel/13991-Inglenook-Ln-46032/home/60140068,MIBOR,21522111,N,Y,39.990203,-86.1978603
PAST SALE,March-12-2018,Single Family Residential,12867 Horbeck St,Carmel,IN,46032,422000,3,2.5,Clay,3416,5227,2013,3,124,165,Sold,,,http://www.redfin.com/IN/Carmel/12867-Horbeck-St-46032/home/60181031,MIBOR,21544518,N,Y,39.9737823,-86.2020902
PAST SALE,February-15-2018,Single Family Residential,412 Fox Ln,Carmel,IN,46032,342500,3,2,Washington,3604,14810,1999,28,95,40,Sold,,,http://www.redfin.com/IN/Carmel/412-Fox-Ln-46032/home/82355930,MIBOR,21528941,N,Y,40.0055716,-86.146677
PAST SALE,November-14-2017,Single Family Residential,12020 Towne Rd,Carmel,IN,46032,1585000,4,4,Clay,5336,296643,1976,121,297,,Sold,,,http://www.redfin.com/IN/Carmel/12020-Towne-Rd-46032/home/60160977,MIBOR,21514257,N,Y,39.962823,-86.20386
PAST SALE,December-29-2017,Single Family Residential,2333 Chartwell St,Carmel,IN,46032,654500,5,4.5,Clay,5094,7405,2005,76,128,165,Sold,,,http://www.redfin.com/IN/Carmel/2333-Chartwell-St-46032/home/66994344,MIBOR,21525572,N,Y,39.973751,-86.200944
PAST SALE,December-29-2017,Single Family Residential,3660 Kendall Wood Dr,Carmel,IN,46032,567000,5,4.5,Clay,5399,12196,2016,76,105,165,Sold,,,http://www.redfin.com/IN/Carmel/3660-Kendall-Wood-Dr-46032/home/102068851,MIBOR,21515219,N,Y,39.9641928,-86.2225275
PAST SALE,January-12-2018,Single Family Residential,12891 Horbeck St,Carmel,IN,46032,457000,3,3,Clay,2768,5227,2016,62,165,155,Sold,,,http://www.redfin.com/IN/Carmel/12891-Horbeck-St-46032/home/60175369,MIBOR,21522441,N,Y,39.974104,-86.2021299
PAST SALE,March-9-2018,Single Family Residential,11515 Blossom Way,Carmel,IN,46032,235000,3,2,Clay,1800,9583,1996,6,131,99,Sold,,,http://www.redfin.com/IN/Carmel/11515-Blossom-Way-46032/home/82374510,MIBOR,21541162,N,Y,39.9535284,-86.1465776
PAST SALE,October-16-2017,Single Family Residential,113 E Laredo Way S,Carmel,IN,46032,290000,4,2.5,Washington,2956,14810,1989,150,98,35,Sold,,,http://www.redfin.com/IN/Carmel/113-E-Laredo-Way-South-Dr-46032/home/67062587,MIBOR,21504174,N,Y,40.0018436,-86.1567946
PAST SALE,November-1-2017,Single Family Residential,540 Dylan Dr,Carmel,IN,46032,693327,3,3.5,Clay,2653,8712,2017,134,261,,Sold,,,http://www.redfin.com/IN/Carmel/540-Dylan-Dr-46032/home/144233902,MIBOR,21523083,N,Y,39.9642111,-86.1669248
PAST SALE,December-4-2017,Single Family Residential,535 Jacksons Grant Blvd,Carmel,IN,46032,625859,3,3.5,Clay,4058,9147,2017,101,154,50,Sold,,,http://www.redfin.com/IN/Carmel/535-Jackson-Grant-Blvd-46032/home/113384388,MIBOR,21513245,N,Y,39.9634052,-86.1701247
PAST SALE,December-28-2017,Single Family Residential,1133 Frenzel Pkwy,Carmel,IN,46032,651968,4,3.5,Clay,4221,10454,2017,77,154,75,Sold,,,http://www.redfin.com/IN/Carmel/1133-Frenzel-Pkwy-46032/home/144581772,MIBOR,21529317,N,Y,39.964946,-86.175229
PAST SALE,February-5-2018,Single Family Residential,803 Hickory Dr,Carmel,IN,46032,226000,4,2,Clay,1760,10454,1962,38,128,,Sold,,,http://www.redfin.com/IN/Carmel/803-Hickory-Dr-46032/home/68278445,MIBOR,21528142,N,Y,39.9730759,-86.1158947
PAST SALE,February-9-2018,Single Family Residential,855 Cedarwood Pl,Carmel,IN,46032,375000,4,3.5,Clay,4594,30056,1982,34,82,19,Sold,,,http://www.redfin.com/IN/Carmel/855-Cedarwood-Pl-46032/home/82376226,MIBOR,21488199,N,Y,39.9310171,-86.1735268
PAST SALE,January-16-2018,Single Family Residential,134 Parkview Rd,Carmel,IN,46032,258000,4,2.5,Clay,2040,46173,1979,58,126,25,Sold,,,http://www.redfin.com/IN/Carmel/134-Parkview-Pl-46032/home/82357546,MIBOR,21524443,N,Y,39.993928,-86.152954
PAST SALE,January-25-2018,Single Family Residential,12246 Ams Run,Carmel,IN,46032,900720,5,5.5,Clay,6784,19602,2017,49,133,,Sold,,,http://www.redfin.com/IN/Carmel/12246-Ams-Run-46032/home/144767100,MIBOR,21542175,N,Y,39.9612173,-86.1730197
PAST SALE,December-13-2017,Single Family Residential,13025 Brighton Ln,Carmel,IN,46032,735000,5,5,Clay,6473,23522,1990,92,114,27,Sold,,,http://www.redfin.com/IN/Carmel/13025-Brighton-Ln-46032/home/82359078,MIBOR,21485322,N,Y,39.9755042,-86.1770435
PAST SALE,December-20-2017,Single Family Residential,236 Bexhill Dr,Carmel,IN,46032,314000,3,2.5,Clay,1872,20473,1962,85,168,,Sold,,,http://www.redfin.com/IN/Carmel/236-Bexhill-Dr-46032/home/82364910,MIBOR,21514697,N,Y,39.9816862,-86.1141288
PAST SALE,November-21-2017,Single Family Residential,3610 W 96th St,Indianapolis,IN,46268,245000,3,2,Clay,3024,37897,1974,114,81,,Sold,,,http://www.redfin.com/IN/Indianapolis/3610-W-96th-St-46268/home/60105032,MIBOR,21460914,N,Y,39.926754,-86.223156
PAST SALE,December-21-2017,Single Family Residential,3323 Shelborne Woods Pkwy,Carmel,IN,46032,804530,5,4.5,Clay,6397,20908,2017,84,126,81,Sold,,,http://www.redfin.com/IN/Carmel/Unknown-46032/home/144830747,MIBOR,21541955,N,Y,39.9634186,-86.2185037
PAST SALE,December-11-2017,Single Family Residential,10870 Diamond Dr,Carmel,IN,46032,570000,4,4.5,Clay,5373,21344,2000,94,106,67,Sold,,,http://www.redfin.com/IN/Carmel/10870-Diamond-Dr-46032/home/66923327,MIBOR,21521986,N,Y,39.9488399,-86.209298
PAST SALE,January-30-2018,Single Family Residential,12934 Treaty Line St,Carmel,IN,46032,650000,3,2.5,Clay,5396,8276,2006,44,120,155,Sold,,,http://www.redfin.com/IN/Carmel/12934-Treaty-Line-St-46032/home/66994330,MIBOR,21496306,N,Y,39.9744669,-86.2015937
PAST SALE,December-1-2017,Single Family Residential,2212 Burning Tree Ln,Carmel,IN,46032,275000,4,2.5,Clay,2222,24829,1975,104,124,19,Sold,,,http://www.redfin.com/IN/Carmel/2212-Burning-Tree-Ln-46032/home/82375232,MIBOR,21519737,N,Y,39.948384,-86.2002434
PAST SALE,February-23-2018,Single Family Residential,11435 Perkins St,Carmel,IN,46032,237000,3,2,Clay,1755,7840,2002,20,135,36,Sold,,,http://www.redfin.com/IN/Carmel/11435-Perkins-St-46032/home/67054140,MIBOR,21524971,N,Y,39.9534053,-86.1404545
PAST SALE,February-27-2018,Single Family Residential,2969 Weatherstone Dr,Carmel,IN,46032,193000,3,2.5,Clay,1590,6098,1994,16,121,30,Sold,,,http://www.redfin.com/IN/Carmel/2969-Weatherstone-Dr-46032/home/66882462,MIBOR,21539795,N,Y,39.9345223,-86.1136868
PAST SALE,October-2-2017,Single Family Residential,10751 Bunker Hill Dr,Carmel,IN,46032,219000,3,2.5,Clay,1740,9147,1996,164,126,41,Sold,,,http://www.redfin.com/IN/Carmel/10751-Bunker-Hill-Dr-46032/home/98713388,MIBOR,21505109,N,Y,39.9434182,-86.2329406
PAST SALE,September-22-2017,Single Family Residential,14948 Beacon Blvd,Carmel,IN,46032,232000,4,2.5,Washington,2011,15681,1992,174,115,8,Sold,,,http://www.redfin.com/IN/Carmel/14948-Beacon-Blvd-46032/home/60067323,MIBOR,21504104,N,Y,40.0052221,-86.1319444
PAST SALE,September-21-2017,Single Family Residential,13671 Brookstone Dr,Carmel,IN,46032,435000,4,4.5,Clay,4283,18730,1995,175,102,79,Sold,,,http://www.redfin.com/IN/Carmel/13671-Brookstone-Dr-46032/home/60128267,MIBOR,21465818,N,Y,39.9876745,-86.1745004
PAST SALE,November-10-2017,Single Family Residential,13611 Spring Mill Blvd,Carmel,IN,46032,299000,4,2.5,Clay,3592,17859,1987,125,83,38,Sold,,,http://www.redfin.com/IN/Carmel/13611-Springmill-Blvd-46032/home/82357524,MIBOR,21517580,N,Y,39.9854264,-86.1555225
PAST SALE,November-9-2017,Single Family Residential,13530 Shakamac Dr,Carmel,IN,46032,286000,4,2.5,Clay,3512,13068,1997,126,81,50,Sold,,,http://www.redfin.com/IN/Carmel/13530-Shakamac-Dr-46032/home/66848771,MIBOR,21514391,N,Y,39.9845666,-86.161008
PAST SALE,October-30-2017,Single Family Residential,12467 Bellingrath St,Carmel,IN,46032,780000,6,5,Clay,6137,15681,2005,136,127,145,Sold,,,http://www.redfin.com/IN/Carmel/12467-Bellingrath-St-46032/home/66942315,MIBOR,21474803,N,Y,39.9681137,-86.1934911
PAST SALE,November-10-2017,Single Family Residential,2997 Walnut Creek Dr N,Carmel,IN,46032,461000,4,4.5,Clay,5095,23958,1995,125,90,67,Sold,,,http://www.redfin.com/IN/Carmel/2997-Walnut-Creek-Dr-N-46032/home/66954960,MIBOR,21481899,N,Y,39.9436167,-86.2119386
PAST SALE,October-31-2017,Single Family Residential,12577 Chyverton Cir,Carmel,IN,46032,692500,4,5,Clay,5591,28749,1994,135,124,67,Sold,,,http://www.redfin.com/IN/Carmel/12577-Chyverton-Cir-46032/home/82359564,MIBOR,21513839,N,Y,39.9696512,-86.1835785
PAST SALE,November-3-2017,Single Family Residential,10560 Chatham Ct,Carmel,IN,46032,870000,5,6,Clay,8265,26136,1997,132,105,50,Sold,,,http://www.redfin.com/IN/Carmel/10560-Chatham-Ct-46032/home/60003963,MIBOR,21460271,N,Y,39.9403746,-86.1979397
PAST SALE,December-4-2017,Single Family Residential,488 Sapphire Dr,Carmel,IN,46032,506500,5,4.5,Washington,5613,17424,1999,101,90,38,Sold,,,http://www.redfin.com/IN/Carmel/488-Sapphire-Dr-46032/home/82356221,MIBOR,21514405,N,Y,40.002538,-86.1499574
PAST SALE,December-13-2017,Single Family Residential,11716 Gables End Ct,Carmel,IN,46032,460000,4,4.5,Clay,5002,24393,2001,92,92,35,Sold,,,http://www.redfin.com/IN/Carmel/11716-Gables-End-Ct-46032/home/60008389,MIBOR,21495539,N,Y,39.9596599,-86.1333761
PAST SALE,December-15-2017,Single Family Residential,14044 Old Mill Cir,Carmel,IN,46032,348900,5,3.5,Clay,3826,16552,1995,90,91,54,Sold,,,http://www.redfin.com/IN/Carmel/14044-Old-Mill-Cir-46032/home/60161016,MIBOR,21495282,N,Y,39.9972659,-86.1642473
PAST SALE,December-15-2017,Single Family Residential,11660 Oak Tree,Carmel,IN,46032,110000,0,,Clay,,43560,1985,90,,,Sold,,,http://www.redfin.com/IN/Carmel/11660-Oak-Tree-Way-46032/home/66926410,MIBOR,21524734,N,Y,39.9571802,-86.219959
PAST SALE,December-15-2017,Single Family Residential,337 Terrents Ct,Carmel,IN,46032,269000,4,3.5,Clay,3361,17859,1990,90,80,40,Sold,,,http://www.redfin.com/IN/Carmel/337-Terrents-Ct-46032/home/66969623,MIBOR,21517590,N,Y,39.976229,-86.162886
PAST SALE,December-15-2017,Single Family Residential,14487 Blue Sky Ct,Carmel,IN,46032,510000,4,4.5,Clay,4667,22215,1996,90,109,31,Sold,,,http://www.redfin.com/IN/Carmel/14487-Blue-Sky-Ct-46032/home/67008159,MIBOR,21522236,N,Y,39.9980298,-86.1540517
PAST SALE,December-15-2017,Single Family Residential,2206 Burning Tree Ln,Carmel,IN,46032,350000,3,3.5,Clay,4415,26571,1981,90,79,19,Sold,,,http://www.redfin.com/IN/Carmel/2206-Burning-Tree-Ln-46032/home/67033519,MIBOR,21488972,N,Y,39.9483839,-86.1996277
PAST SALE,October-11-2017,Single Family Residential,12140 Teal Ln,Carmel,IN,46032,410000,5,5,Clay,4358,21780,2004,155,94,45,Sold,,,http://www.redfin.com/IN/Carmel/12140-Teal-Ln-46032/home/60045169,MIBOR,21496647,N,Y,39.9640019,-86.1640684
PAST SALE,November-30-2017,Single Family Residential,2067 Rhettsbury St,Carmel,IN,46032,308000,3,2.5,Clay,2640,3049,2004,105,117,231,Sold,,,http://www.redfin.com/IN/Carmel/2067-Rhettsbury-St-46032/home/59984638,MIBOR,21514352,N,Y,39.9712615,-86.2000543
PAST SALE,November-30-2017,Single Family Residential,124 W Greyhound Pass,Carmel,IN,46032,348000,4,3.5,Washington,4134,18730,1989,105,84,38,Sold,,,http://www.redfin.com/IN/Carmel/124-W-Greyhound-Pass-46032/home/82355619,MIBOR,21506507,N,Y,40.0084775,-86.160094
PAST SALE,November-16-2017,Single Family Residential,872 Joann Ct,Carmel,IN,46032,286250,4,2.5,Clay,2968,12196,1991,119,96,23,Sold,,,http://www.redfin.com/IN/Carmel/872-Joann-Ct-46032/home/82357577,MIBOR,21510903,N,Y,39.994271,-86.139699
PAST SALE,October-23-2017,Single Family Residential,13721 Nellis Ct,Carmel,IN,46032,230000,4,2,Clay,2221,15681,1988,143,104,7,Sold,,,http://www.redfin.com/IN/Carmel/13721-Nellis-Ct-46032/home/82357745,MIBOR,21504080,N,Y,39.9888118,-86.1416871
PAST SALE,October-12-2017,Single Family Residential,525 W Main St,Carmel,IN,46032,360000,2,2,Clay,1110,28314,1958,154,324,,Sold,,,http://www.redfin.com/IN/Carmel/525-W-Main-St-46032/home/59988564,MIBOR,21517315,N,Y,39.9780746,-86.1342908
PAST SALE,November-16-2017,Single Family Residential,59 Woodacre Dr,Carmel,IN,46032,182900,2,2,Clay,1152,6098,1983,119,159,20,Sold,,,http://www.redfin.com/IN/Carmel/59-Woodacre-Dr-46032/home/59988348,MIBOR,21522754,N,Y,39.9799678,-86.1352253
PAST SALE,November-21-2017,Single Family Residential,233 Boulder Ct,Carmel,IN,46032,226545,4,2.5,Clay,1972,10018,1984,114,115,,Sold,,,http://www.redfin.com/IN/Carmel/233-Boulder-Ct-46032/home/60083086,MIBOR,21510133,N,Y,39.9929901,-86.133386
PAST SALE,November-27-2017,Single Family Residential,42 Blairsden Ave,Carmel,IN,46032,200000,3,1.5,Clay,1152,17859,1956,108,174,,Sold,,,http://www.redfin.com/IN/Carmel/42-Blairsden-Ave-46032/home/66054114,MIBOR,21523943,N,Y,39.9773134,-86.1174661
PAST SALE,November-17-2017,Single Family Residential,311 Spring Mill Ct,Carmel,IN,46032,419000,3,2.5,Clay,2717,50965,1985,118,154,21,Sold,,,http://www.redfin.com/IN/Carmel/311-Spring-Mill-Ct-46032/home/66825064,MIBOR,21514902,N,Y,39.9466498,-86.1620213
PAST SALE,October-26-2017,Single Family Residential,13869 Berenger Ln,Carmel,IN,46032,649900,6,5,Clay,6521,23958,1999,140,100,78,Sold,,,http://www.redfin.com/IN/Carmel/13869-Berenger-Ln-46032/home/66946891,MIBOR,21516437,N,Y,39.9894692,-86.1730698
PAST SALE,November-29-2017,Single Family Residential,2908 Vinings Dr,Carmel,IN,46032,195000,3,2,Clay,1540,6098,1995,106,127,31,Sold,,,http://www.redfin.com/IN/Carmel/2908-Vinings-Dr-46032/home/67058801,MIBOR,21520831,N,Y,39.9364709,-86.1156362
PAST SALE,November-3-2017,Single Family Residential,3732 Trewithen Ln,Carmel,IN,46032,440000,4,3.5,Clay,4268,24393,1993,132,103,50,Sold,,,http://www.redfin.com/IN/Carmel/3732-Trewithen-Ln-46032/home/67105305,MIBOR,21496588,N,Y,39.9369422,-86.2235717
PAST SALE,February-13-2018,Single Family Residential,491 Dylan Dr,Carmel,IN,46032,774079,4,5,Clay,4065,12196,2017,30,190,,Sold,,,http://www.redfin.com/IN/Carmel/491-Dylan-Dr-46032/home/144870547,MIBOR,21546207,N,Y,39.9642111,-86.1669248
PAST SALE,February-16-2018,Single Family Residential,3726 Shelborne Ct,Carmel,IN,46032,494200,3,2.5,Clay,3401,47916,2017,27,145,,Sold,,,http://www.redfin.com/IN/Carmel/3726-Shelborne-Ct-46032/home/144383680,MIBOR,21525784,N,Y,39.9459298,-86.2260858
PAST SALE,February-23-2018,Single Family Residential,13004 Tuscany Blvd,Carmel,IN,46032,412500,4,3.5,Clay,5393,16117,2003,20,76,72,Sold,,,http://www.redfin.com/IN/Carmel/13004-Tuscany-Blvd-46032/home/66991150,MIBOR,21495937,N,Y,39.9758854,-86.2137652
PAST SALE,February-23-2018,Single Family Residential,13443 Rock Creek Dr,Carmel,IN,46032,377000,4,2.5,Clay,3815,12196,2010,20,99,65,Sold,,,http://www.redfin.com/IN/Carmel/13443-Rock-Creek-Dr-46032/home/114086686,MIBOR,21489434,N,Y,39.9693,-86.1650024
PAST SALE,January-5-2018,Single Family Residential,518 Concord Ln,Carmel,IN,46032,220760,4,2,Clay,2132,12196,1969,69,104,,Sold,,,http://www.redfin.com/IN/Carmel/518-Concord-Ln-46032/home/82364903,MIBOR,21510022,N,Y,39.9729463,-86.1187616
PAST SALE,February-15-2018,Single Family Residential,355 S Guilford Rd,Carmel,IN,46032,249000,4,2,Clay,2034,10890,1964,28,122,,Sold,,,http://www.redfin.com/IN/Carmel/355-S-Guilford-Rd-46032/home/60123204,MIBOR,21529122,N,Y,39.9739939,-86.1407427
PAST SALE,February-14-2018,Single Family Residential,11522 Perkins St,Carmel,IN,46032,260000,4,3.5,Clay,2528,7405,2001,29,103,40,Sold,,,http://www.redfin.com/IN/Carmel/11522-Perkins-St-46032/home/60126150,MIBOR,21529017,N,Y,39.9545442,-86.1409714
PAST SALE,February-28-2018,Single Family Residential,774 Woodview North Dr,Carmel,IN,46032,225000,2,2,Clay,1894,9583,1992,15,119,95,Sold,,,http://www.redfin.com/IN/Carmel/774-E-Woodview-North-Dr-46032/home/66923562,MIBOR,21539445,N,Y,39.955706,-86.143298
PAST SALE,December-19-2017,Single Family Residential,1045 Laurelwood,Carmel,IN,46032,1420000,5,7,Clay,10401,79714,1999,86,137,250,Sold,,,http://www.redfin.com/IN/Carmel/1045-Laurelwood-46032/home/82376250,MIBOR,21470123,N,Y,39.9396421,-86.175613
PAST SALE,November-21-2017,Single Family Residential,9601 Turnberry Ct,Carmel,IN,46032,339900,4,3,Clay,3600,15245,1997,114,94,50,Sold,,,http://www.redfin.com/IN/Carmel/9601-Turnberry-Ct-46032/home/60078799,MIBOR,21516375,N,Y,39.9269095,-86.2108665
PAST SALE,December-15-2017,Single Family Residential,12253 Gaskin Way,Carmel,IN,46032,565000,5,4.5,Clay,6078,24829,1999,90,93,64,Sold,,,http://www.redfin.com/IN/Carmel/12253-Gaskin-Way-46032/home/63615778,MIBOR,21522476,N,Y,39.9686043,-86.2060417
PAST SALE,December-28-2017,Single Family Residential,9611 Prairiewood Way,Carmel,IN,46032,355000,4,3,Clay,4614,30056,2005,77,77,47,Sold,,,http://www.redfin.com/IN/Carmel/9611-Prairiewood-Way-46032/home/66878792,MIBOR,21523555,N,Y,39.9270605,-86.2003185
PAST SALE,November-15-2017,Single Family Residential,355 Atherton Dr,Carmel,IN,46032,160500,3,2,Clay,1757,65,1997,120,91,17,Sold,,,http://www.redfin.com/IN/Carmel/355-Atherton-Dr-46032/home/66985602,MIBOR,21522648,N,Y,39.9718581,-86.1328697
PAST SALE,March-9-2018,Single Family Residential,2878 Hayne St,Carmel,IN,46032,439995,6,3.5,Clay,3965,10018,2012,6,111,145,Sold,,,http://www.redfin.com/IN/Carmel/2878-Hayne-St-46032/home/60140610,MIBOR,21542991,N,Y,39.973841,-86.2098774
PAST SALE,March-9-2018,Single Family Residential,1396 N Claridge Way,Carmel,IN,46032,430000,5,4,Clay,4667,19602,1994,6,92,67,Sold,,,http://www.redfin.com/IN/Carmel/1396-N-Claridge-Way-46032/home/59982738,MIBOR,21459531,N,Y,39.9681202,-86.1881879
PAST SALE,March-9-2018,Single Family Residential,2724 Silver Oaks Dr,Carmel,IN,46032,834900,4,3.5,Clay,4992,13939,2017,6,167,,Sold,,,http://www.redfin.com/IN/Carmel/2724-Silver-Oaks-Dr-46032/home/142960994,MIBOR,21501488,N,Y,39.9353807,-86.2075497
PAST SALE,October-11-2017,Single Family Residential,542 Ash Dr,Carmel,IN,46032,218000,3,2,Clay,1789,14810,1965,155,122,,Sold,,,http://www.redfin.com/IN/Carmel/542-Ash-Dr-46032/home/82365058,MIBOR,21518676,N,Y,39.9734521,-86.1175656
PAST SALE,November-8-2017,Single Family Residential,10435 Chester Dr,Carmel,IN,46032,232000,4,2,Clay,2273,104108,1970,127,102,,Sold,,,http://www.redfin.com/IN/Carmel/10435-Chester-Dr-46032/home/82379305,MIBOR,21496040,N,Y,39.9402689,-86.1188771
PAST SALE,October-23-2017,Single Family Residential,1193 Helford Ln,Carmel,IN,46032,550000,4,4,Clay,4710,37026,1992,143,117,67,Sold,,,http://www.redfin.com/IN/Carmel/1193-Helford-Ln-46032/home/60140916,MIBOR,21516920,N,Y,39.965267,-86.1828463
PAST SALE,November-1-2017,Single Family Residential,2255 W 136th St,Carmel,IN,46032,510000,4,5,Clay,5236,16552,2013,134,97,145,Sold,,,http://www.redfin.com/IN/Carmel/2255-W-136th-St-46032/home/60181327,MIBOR,21504265,N,Y,39.9843459,-86.197547
PAST SALE,November-3-2017,Single Family Residential,13541 Kingsbury Dr,Carmel,IN,46032,369900,4,4.5,Clay,4598,25700,1997,132,80,50,Sold,,,http://www.redfin.com/IN/Carmel/13541-Kingsbury-Dr-46032/home/66944068,MIBOR,21507757,N,Y,39.9838324,-86.162419
PAST SALE,October-23-2017,Single Family Residential,1159 Cavendish Dr,Carmel,IN,46032,189000,3,3.5,Clay,1844,1742,2004,143,102,125,Sold,,,http://www.redfin.com/IN/Carmel/1159-Cavendish-Dr-46032/home/107034827,MIBOR,21514228,N,Y,39.9725078,-86.1487643
PAST SALE,October-5-2017,Single Family Residential,211 1st Ave SE,Carmel,IN,46032,515000,0,1,Clay,1908,21344,1900,161,270,,Sold,,,http://www.redfin.com/IN/Carmel/211-1st-Ave-SE-46032/home/82364839,MIBOR,21501974,N,Y,39.9764611,-86.1256494
PAST SALE,February-16-2018,Single Family Residential,912 E Auman Dr,Carmel,IN,46032,180000,3,1,Clay,1323,13939,1956,27,136,,Sold,,,http://www.redfin.com/IN/Carmel/912-E-Auman-Dr-46032/home/82365294,MIBOR,21528416,N,Y,39.9677773,-86.1206386
PAST SALE,February-20-2018,Single Family Residential,50 Thornhurst Dr,Carmel,IN,46032,334000,3,2.5,Clay,2856,21780,1958,23,117,,Sold,,,http://www.redfin.com/IN/Carmel/50-Thornhurst-Dr-46032/home/66826024,MIBOR,21519011,N,Y,39.9797849,-86.1375517
PAST SALE,March-2-2018,Single Family Residential,13899 Royal Saddle Dr,Carmel,IN,46032,354000,5,2.5,Clay,4276,13939,1998,13,83,65,Sold,,,http://www.redfin.com/IN/Carmel/13899-Royal-Saddle-Dr-46032/home/60014215,MIBOR,21541435,N,Y,39.9879374,-86.1873735
PAST SALE,February-13-2018,Single Family Residential,87 Citation Ct,Carmel,IN,46032,375000,4,2.5,Washington,4131,14374,1974,30,91,38,Sold,,,http://www.redfin.com/IN/Carmel/87-Citation-Ct-46032/home/60161995,MIBOR,21523387,N,Y,40.0086764,-86.1444408
PAST SALE,March-5-2018,Single Family Residential,14925 Admiral Way N,Carmel,IN,46032,364000,4,2.5,Washington,3384,14810,1989,10,108,38,Sold,,,http://www.redfin.com/IN/Carmel/14925-Admiral-Way-N-46032/home/82355760,MIBOR,21539906,N,Y,40.004515,-86.159874
PAST SALE,March-8-2018,Single Family Residential,13638 Eglin Dr,Carmel,IN,46032,319130,4,2.5,Clay,3894,12632,1986,7,82,7,Sold,,,http://www.redfin.com/IN/Carmel/13638-Eglin-Dr-46032/home/66969632,MIBOR,21543046,N,Y,39.9864402,-86.142686
PAST SALE,March-9-2018,Single Family Residential,150 Beechmont Dr,Carmel,IN,46032,315000,4,2.5,Clay,3212,16988,1965,6,98,,Sold,,,http://www.redfin.com/IN/Carmel/150-Beechmont-Dr-46032/home/60122094,MIBOR,21540671,N,Y,39.9812218,-86.1171776
PAST SALE,March-14-2018,Single Family Residential,12321 Jackson Grant Blvd,Carmel,IN,46032,752000,5,6,Clay,5165,10890,2015,1,146,75,Sold,,,http://www.redfin.com/IN/Carmel/12321-Jackson-Grant-Blvd-46032/home/122593813,MIBOR,21492022,N,Y,39.9693,-86.165002
PAST SALE,December-4-2017,Single Family Residential,10737 Stratton Cir,Carmel,IN,46032,645000,4,5,Clay,7257,22651,2003,101,89,88,Sold,,,http://www.redfin.com/IN/Carmel/10737-Stratton-Cir-46032/home/59986169,MIBOR,21513767,N,Y,39.943534,-86.2192443
PAST SALE,November-27-2017,Single Family Residential,10107 Summerlakes Dr,Carmel,IN,46032,690000,4,5,Clay,6322,65340,1990,108,109,200,Sold,,,http://www.redfin.com/IN/Carmel/10107-Summerlakes-Dr-46032/home/60050260,MIBOR,21497660,N,Y,39.9284404,-86.1908693
PAST SALE,November-17-2017,Single Family Residential,10823 Putnam Pl,Carmel,IN,46032,299888,4,2.5,Clay,3546,11761,1997,118,85,43,Sold,,,http://www.redfin.com/IN/Carmel/10823-Putnam-Pl-46032/home/60101067,MIBOR,21515021,N,Y,39.9453596,-86.2304192
PAST SALE,October-12-2017,Single Family Residential,1145 Frenzel Pkwy,Carmel,IN,46032,766500,5,5.5,Clay,5378,10018,2017,154,143,75,Sold,,,http://www.redfin.com/IN/Carmel/1145-Frenzel-Pkwy-46032/home/133988787,MIBOR,21493860,N,Y,39.9693,-86.165002
PAST SALE,October-31-2017,Single Family Residential,528 Dylan Dr,Carmel,IN,46032,561378,2,2,Clay,2100,10018,2017,135,267,,Sold,,,http://www.redfin.com/IN/Carmel/528-Dylan-Dr-46032/home/144230641,MIBOR,21522808,N,Y,39.9642111,-86.1669248
PAST SALE,December-27-2017,Single Family Residential,529 Jackson's Grant Blvd,Carmel,IN,46032,695505,4,3.5,Clay,4563,,2018,78,152,,Sold,,,http://www.redfin.com/IN/Carmel/529-Jackson-Grant-Blvd-46032/home/144574936,MIBOR,21529277,N,Y,39.9634052,-86.1701247
PAST SALE,January-5-2018,Single Family Residential,12342 Ams Ct,Carmel,IN,46032,827750,5,5.5,Clay,5747,12632,2017,69,144,,Sold,,,http://www.redfin.com/IN/Carmel/12342-Ams-Ct-46032/home/144633453,MIBOR,21529381,N,Y,39.9639819,-86.1732092
PAST SALE,February-6-2018,Single Family Residential,12933 Grand Blvd,Carmel,IN,46032,311015,3,3.5,Clay,2337,1742,2018,37,133,127,Sold,,,http://www.redfin.com/IN/Carmel/12933-Grand-Blvd-46032/home/144826157,MIBOR,21542912,N,Y,39.9755078,-86.1516765
PAST SALE,February-21-2018,Single Family Residential,1051 Oswego Rd,Carmel,IN,46032,709133,4,3,Clay,3020,15681,2017,22,235,,Sold,,,http://www.redfin.com/IN/Carmel/1051-Oswego-Rd-46032/home/144283646,MIBOR,21457121,N,Y,39.9649035,-86.1232932
PAST SALE,January-25-2018,Single Family Residential,13991 Brookstone Dr,Carmel,IN,46032,744000,5,5.5,Clay,6183,20473,2001,49,120,46,Sold,,,http://www.redfin.com/IN/Carmel/13991-Brookstone-Dr-46032/home/60054456,MIBOR,21518933,N,Y,39.9890359,-86.1745004
PAST SALE,February-23-2018,Single Family Residential,469 Ash Dr,Carmel,IN,46032,223000,3,2,Clay,2238,13068,1962,20,100,,Sold,,,http://www.redfin.com/IN/Carmel/469-Ash-Dr-46032/home/82365439,MIBOR,21542266,N,Y,39.9741018,-86.116034
PAST SALE,March-12-2018,Single Family Residential,824 W 146th St,Carmel,IN,46032,247900,3,2,Clay,1624,19166,1984,3,153,,Sold,,,http://www.redfin.com/IN/Carmel/824-W-146th-St-46032/home/59992600,MIBOR,21542426,N,Y,39.9994456,-86.14121
PAST SALE,March-14-2018,Single Family Residential,686 Mayfair Ln,Carmel,IN,46032,725000,5,6,Clay,6841,24393,1993,1,106,75,Sold,,,http://www.redfin.com/IN/Carmel/686-Mayfair-Ln-46032/home/60160121,MIBOR,21484563,N,Y,39.9696106,-86.1750368
PAST SALE,December-4-2017,Single Family Residential,502 Bridgemont Ln,Carmel,IN,46032,815000,4,4.5,Clay,4834,11325,2016,101,169,75,Sold,,,http://www.redfin.com/IN/Carmel/502-Bridgemont-Ln-46032/home/132238451,MIBOR,21527221,N,Y,39.9632444,-86.1667313
PAST SALE,November-30-2017,Single Family Residential,14027 Old Mill Cir,Carmel,IN,46032,450000,5,5,Clay,4703,13068,1994,105,96,54,Sold,,,http://www.redfin.com/IN/Carmel/14027-Old-Mill-Cir-46032/home/82357610,MIBOR,21520096,N,Y,39.9969401,-86.1634722
PAST SALE,December-8-2017,Single Family Residential,329 S Guilford Rd,Carmel,IN,46032,230000,4,2.5,Clay,2790,10890,1969,97,82,,Sold,,,http://www.redfin.com/IN/Carmel/329-S-Guilford-Rd-46032/home/82358202,MIBOR,21510712,N,Y,39.9742833,-86.1407328
PAST SALE,December-5-2017,Single Family Residential,2503 Sutton Ave,Carmel,IN,46032,456000,3,2.5,Clay,4491,28749,1993,100,102,47,Sold,,,http://www.redfin.com/IN/Carmel/2503-Sutton-Ave-46032/home/82375245,MIBOR,21504069,N,Y,39.9522923,-86.1996873
PAST SALE,November-15-2017,Single Family Residential,519 E 116th St,Carmel,IN,46032,175000,3,2,Clay,1692,17859,1970,120,103,,Sold,,,http://www.redfin.com/IN/Carmel/519-E-116th-St-46032/home/60049898,MIBOR,21518152,N,Y,39.9560552,-86.1490824
PAST SALE,December-8-2017,Single Family Residential,2288 Glebe St,Carmel,IN,46032,366000,3,3,Clay,2337,6534,2003,97,157,165,Sold,,,http://www.redfin.com/IN/Carmel/2288-Glebe-St-46032/home/60062514,MIBOR,21517478,N,Y,39.9733023,-86.2004559
PAST SALE,November-30-2017,Single Family Residential,13829 Forest Ter,Carmel,IN,46032,372600,4,3.5,Clay,3914,21780,1988,105,95,38,Sold,,,http://www.redfin.com/IN/Carmel/13829-Forest-Ter-46032/home/60131031,MIBOR,21516887,N,Y,39.9917127,-86.160372
PAST SALE,November-21-2017,Single Family Residential,2315 Greencroft St,Carmel,IN,46032,530000,4,3.5,Clay,3806,7840,2013,114,139,165,Sold,,,http://www.redfin.com/IN/Carmel/2315-Greencroft-St-46032/home/60181301,MIBOR,21514020,N,Y,39.9769513,-86.2010178
PAST SALE,December-8-2017,Single Family Residential,13031 Brighton Ln,Carmel,IN,46032,950000,5,5,Clay,7106,52272,1989,97,134,27,Sold,,,http://www.redfin.com/IN/Carmel/13031-Brighton-Ln-46032/home/67100341,MIBOR,21486745,N,Y,39.9758492,-86.1771829
PAST SALE,October-30-2017,Single Family Residential,1580 W Main St,Carmel,IN,46032,635000,5,3.5,Clay,4710,78408,2001,136,135,,Sold,,,http://www.redfin.com/IN/Carmel/1580-W-Main-St-46032/home/107077409,MIBOR,21493267,N,Y,39.9780755,-86.1718181
PAST SALE,February-14-2018,Single Family Residential,10524 Chatham Ct,Carmel,IN,46032,962000,5,5.5,Clay,8982,33105,1999,29,107,63,Sold,,,http://www.redfin.com/IN/Carmel/10524-Chatham-Ct-46032/home/60067533,MIBOR,21517986,N,Y,39.9393468,-86.197761
PAST SALE,February-28-2018,Single Family Residential,2215 Pebble Beach Dr,Carmel,IN,46032,472500,5,4,Clay,4926,22651,1999,15,96,19,Sold,,,http://www.redfin.com/IN/Carmel/2215-Pebble-Beach-Dr-46032/home/60126239,MIBOR,21492058,N,Y,39.9451758,-86.2001639
PAST SALE,February-28-2018,Single Family Residential,12717 Brandenburg Dr,Carmel,IN,46032,462500,6,4.5,Clay,4672,11761,2011,15,99,145,Sold,,,http://www.redfin.com/IN/Carmel/12717-Brandenburg-Dr-46032/home/107151028,MIBOR,21504081,N,Y,39.9719199,-86.2099832
PAST SALE,December-20-2017,Single Family Residential,13996 Finnhorse Dr,Carmel,IN,46032,385000,3,3,Clay,4242,10890,2017,85,91,46,Sold,,,http://www.redfin.com/IN/Carmel/13996-Finnhorse-Dr-46032/home/113211603,MIBOR,21474708,N,Y,39.9903691,-86.195571
PAST SALE,March-9-2018,Single Family Residential,3487 Inverness Blvd,Carmel,IN,46032,295600,4,2.5,Clay,2438,12632,1997,6,121,55,Sold,,,http://www.redfin.com/IN/Carmel/3487-Inverness-Blvd-46032/home/60168172,MIBOR,21541172,N,Y,39.9291488,-86.2082457
PAST SALE,March-12-2018,Single Family Residential,13392 Birkenhead St,Carmel,IN,46032,510000,5,4.5,Clay,4654,20037,2011,3,110,165,Sold,,,http://www.redfin.com/IN/Carmel/13392-Birkenhead-St-46032/home/60100384,MIBOR,21544829,N,Y,39.9818636,-86.1975426
PAST SALE,March-9-2018,Single Family Residential,10761 Independence Way,Carmel,IN,46032,330000,4,3,Clay,3562,17424,1996,6,93,49,Sold,,,http://www.redfin.com/IN/Carmel/10761-Independence-Way-46032/home/82375490,MIBOR,21541612,N,Y,39.9434856,-86.2276208
PAST SALE,October-11-2017,Single Family Residential,36 Blairsden Ave,Carmel,IN,46032,190000,3,1.5,Clay,1364,33976,1958,155,139,,Sold,,,http://www.redfin.com/IN/Carmel/36-Blairsden-Ave-46032/home/60156172,MIBOR,21511013,N,Y,39.9776415,-86.1173964
PAST SALE,October-27-2017,Single Family Residential,20 Circle Dr,Carmel,IN,46032,137000,5,3.5,Clay,2784,37026,1955,139,49,,Sold,,,http://www.redfin.com/IN/Carmel/20-Circle-Dr-46032/home/67094358,MIBOR,21518811,N,Y,39.992472,-86.1331574
PAST SALE,November-9-2017,Single Family Residential,1364 Kingsgate Dr,Carmel,IN,46032,430000,4,3.5,Clay,6029,17859,2000,126,71,60,Sold,,,http://www.redfin.com/IN/Carmel/1364-Kingsgate-Dr-46032/home/66999483,MIBOR,21491825,N,Y,39.9928319,-86.1779176
PAST SALE,November-9-2017,Single Family Residential,12347 Jackson Grant Blvd,Carmel,IN,46032,649990,3,3.5,Clay,5339,13503,2017,126,122,83,Sold,,,http://www.redfin.com/IN/Carmel/12347-Jackson-Grant-Blvd-46032/home/110082490,MIBOR,21502732,N,Y,39.9693,-86.165002
PAST SALE,October-13-2017,Single Family Residential,1364 Kirklees Dr,Carmel,IN,46032,369900,4,3.5,Clay,4257,16988,2000,153,87,60,Sold,,,http://www.redfin.com/IN/Carmel/1364-Kirklees-Dr-46032/home/67054831,MIBOR,21509563,N,Y,39.9963428,-86.1756852
