SALE TYPE,SOLD DATE,PROPERTY TYPE,ADDRESS,CITY,STATE,ZIP,PRICE,BEDS,BATHS,LOCATION,SQUARE FEET,LOT SIZE,YEAR BUILT,DAYS ON MARKET,$/SQUARE FEET,HOA/MONTH,STATUS,NEXT OPEN HOUSE START TIME,NEXT OPEN HOUSE END TIME,URL (SEE http://www.redfin.com/buy-a-home/comparative-market-analysis FOR INFO ON PRICING),SOURCE,MLS#,FAVORITE,INTERESTED,LATITUDE,LONGITUDE
PAST SALE,October-16-2017,Single Family Residential,6133 Carrie Pl,Indianapolis,IN,46237,136900,3,2,Franklin,1483,10454,1992,152,92,,Sold,,,http://www.redfin.com/IN/Indianapolis/6133-Carrie-Pl-46237/home/66845982,MIBOR,21511573,N,Y,39.6637093,-86.060229
PAST SALE,September-21-2017,Single Family Residential,7757 Whitaker Valley Blvd,Indianapolis,IN,46237,180000,4,2.5,Perry,2382,9104,2003,177,76,33,Sold,,,http://www.redfin.com/IN/Indianapolis/7757-Whitaker-Valley-Blvd-46237/home/60071314,MIBOR,21504075,N,Y,39.6539429,-86.0899501
PAST SALE,September-18-2017,Single Family Residential,4411 Cardamon Ct,Indianapolis,IN,46237,207500,4,2.5,Perry,2222,16117,1993,180,93,25,Sold,,,http://www.redfin.com/IN/Indianapolis/4411-Cardamon-Ct-46237/home/66976906,MIBOR,21490806,N,Y,39.6593899,-86.0933133
PAST SALE,September-27-2017,Single Family Residential,4035 E Stop 11 Rd,Indianapolis,IN,46237,140000,3,2.5,Perry,2636,130680,1959,171,53,,Sold,,,http://www.redfin.com/IN/Indianapolis/4035-E-11-Rd-46237/home/82208860,MIBOR,21444546,N,Y,39.649896,-86.096886
PAST SALE,September-22-2017,Single Family Residential,3816 E Stop 10 Rd #0,Indianapolis,IN,46237,153000,3,1.5,Perry,1689,19602,1974,176,91,,Sold,,,http://www.redfin.com/IN/Indianapolis/3816-E-10-Rd-46237/unit-0/home/96242404,MIBOR,21506157,N,Y,39.6581653,-86.1006161
PAST SALE,September-29-2017,Single Family Residential,5318 Shelbyville Rd,Indianapolis,IN,46237,101500,3,1.5,Franklin,1080,8276,1978,169,94,,Sold,,,http://www.redfin.com/IN/Indianapolis/5318-Shelbyville-Rd-46237/home/82186119,MIBOR,21513215,N,Y,39.6856977,-86.0773511
PAST SALE,September-29-2017,Single Family Residential,8342 Penbrooke Pl,Indianapolis,IN,46237,235700,4,2.5,Perry,2263,7666,2017,169,104,33,Sold,,,http://www.redfin.com/IN/Indianapolis/8342-Penbrooke-Pl-46237/home/143513518,MIBOR,21510284,N,Y,39.6453028,-86.0888865
PAST SALE,December-14-2017,Single Family Residential,8430 Nuckols Ln,Indianapolis,IN,46237,181900,3,2.5,Franklin,2105,13503,2002,93,86,,Sold,,,http://www.redfin.com/IN/Indianapolis/8430-Nuckols-Ln-46237/home/60065838,MIBOR,21522241,N,Y,39.6446809,-86.0707618
PAST SALE,December-12-2017,Single Family Residential,6329 Brooks Bend Blvd,Indianapolis,IN,46237,146000,3,2,Franklin,1360,8276,2001,95,107,,Sold,,,http://www.redfin.com/IN/Indianapolis/6329-Brooks-Bend-Blvd-46237/home/66941392,MIBOR,21520720,N,Y,39.6547079,-86.0571226
PAST SALE,December-28-2017,Single Family Residential,6504 Nathan Ln,Indianapolis,IN,46237,225000,4,2,Franklin,2782,69696,1983,79,81,,Sold,,,http://www.redfin.com/IN/Indianapolis/6504-Nathan-Ln-46237/home/66981543,MIBOR,21520273,N,Y,39.6730671,-86.0751216
PAST SALE,January-25-2018,Single Family Residential,7803 Whitaker Valley Blvd,Indianapolis,IN,46237,201000,4,2.5,Perry,2416,9583,2002,51,83,17,Sold,,,http://www.redfin.com/IN/Indianapolis/7803-Whitaker-Valley-Blvd-46237/home/82295526,MIBOR,21527151,N,Y,39.6537013,-86.0899501
PAST SALE,February-2-2018,Single Family Residential,6619 Glenshire Way,Indianapolis,IN,46237,130000,3,1.5,Franklin,1648,11120,1978,43,79,,Sold,,,http://www.redfin.com/IN/Indianapolis/6619-Glenshire-Way-46237/home/82186342,MIBOR,21520023,N,Y,39.6589081,-86.0515862
PAST SALE,January-17-2018,Single Family Residential,6423 Nightshade Dr,Indianapolis,IN,46237,159000,4,2.5,Franklin,2353,8145,2002,59,68,,Sold,,,http://www.redfin.com/IN/Indianapolis/6423-Nightshade-Dr-46237/home/60063159,MIBOR,21513058,N,Y,39.6747411,-86.0472842
PAST SALE,January-5-2018,Single Family Residential,7823 Whitaker Farms Ln,Indianapolis,IN,46237,155000,3,2,Franklin,1520,8276,2002,71,102,21,Sold,,,http://www.redfin.com/IN/Indianapolis/7823-Whitaker-Farms-Ln-46237/home/60074608,MIBOR,21526530,N,Y,39.6541186,-86.0563658
PAST SALE,October-31-2017,Single Family Residential,4649 Plowman Dr,Indianapolis,IN,46237,150000,3,2.5,Franklin,1677,9147,2011,137,89,30,Sold,,,http://www.redfin.com/IN/Indianapolis/4649-Plowman-Dr-46237/home/60110346,MIBOR,21511663,N,Y,39.6994999,-86.056702
PAST SALE,December-12-2017,Single Family Residential,2007 E Werges Ave,Indianapolis,IN,46237,105000,3,2.5,Perry,1591,5880,1998,95,66,,Sold,,,http://www.redfin.com/IN/Indianapolis/2007-E-Werges-Ave-46237/home/60009776,MIBOR,21514306,N,Y,39.717585,-86.1242303
PAST SALE,January-29-2018,Single Family Residential,3925 S Sherman Dr,Indianapolis,IN,46237,85000,2,1,Perry,1218,51400,1951,47,70,,Sold,,,http://www.redfin.com/IN/Indianapolis/3925-S-Sherman-Dr-46237/home/82202159,MIBOR,21518943,N,Y,39.7094889,-86.1017502
PAST SALE,November-29-2017,Single Family Residential,6148 Riva Ridge Dr,Indianapolis,IN,46237,136000,2,2,Franklin,1320,8712,2005,108,103,45,Sold,,,http://www.redfin.com/IN/Indianapolis/6148-Riva-Ridge-Dr-46237/home/60037816,MIBOR,21518564,N,Y,39.7019673,-86.0599503
PAST SALE,December-27-2017,Single Family Residential,5441 Floating Leaf Dr,Indianapolis,IN,46237,155000,3,2,Franklin,1804,6969,2004,80,86,21,Sold,,,http://www.redfin.com/IN/Indianapolis/5441-Floating-Leaf-Dr-46237/home/67030898,MIBOR,21524173,N,Y,39.6887663,-86.0461488
PAST SALE,January-31-2018,Single Family Residential,4421 Vestry Pl,Indianapolis,IN,46237,126000,3,2,Franklin,1128,7200,1998,45,112,13,Sold,,,http://www.redfin.com/IN/Indianapolis/4421-Vestry-Pl-46237/home/82272591,MIBOR,21528893,N,Y,39.7035111,-86.0556489
PAST SALE,February-9-2018,Single Family Residential,3325 S Oakland Ave,Indianapolis,IN,46237,59500,2,1,Perry,858,9888,1949,36,69,,Sold,,,http://www.redfin.com/IN/Indianapolis/3325-S-Oakland-Ave-46237/home/82206300,MIBOR,21526478,N,Y,39.7176404,-86.112175
PAST SALE,November-16-2017,Single Family Residential,5253 Waterton Lakes Dr,Indianapolis,IN,46237,129900,3,2,Franklin,1390,6098,1999,121,93,,Sold,,,http://www.redfin.com/IN/Indianapolis/5253-Waterton-Lakes-Dr-46237/home/82273128,MIBOR,21517090,N,Y,39.6909599,-86.0580386
PAST SALE,December-21-2017,Single Family Residential,5858 Timber Lake Blvd,Indianapolis,IN,46237,110000,3,2.5,Franklin,1544,7405,1990,86,71,6,Sold,,,http://www.redfin.com/IN/Indianapolis/5858-Timber-Lake-Blvd-46237/home/82312548,MIBOR,21526080,N,Y,39.6908136,-86.0656052
PAST SALE,December-7-2017,Single Family Residential,4445 Vestry Pl,Indianapolis,IN,46237,100000,3,2,Franklin,1276,6969,1997,100,78,13,Sold,,,http://www.redfin.com/IN/Indianapolis/4445-Vestry-Pl-46237/home/66952440,MIBOR,21522518,N,Y,39.702844,-86.0555493
PAST SALE,,Single Family Residential,5343 Rocky Mountain Dr,Indianapolis,IN,46237,121000,2,1.5,,1209,6011,2000,,100,,,,,http://www.redfin.com/IN/Indianapolis/5343-Rocky-Mountain-Dr-46237/home/66957885,,,N,Y,39.6898788,-86.0570031
PAST SALE,January-5-2018,Single Family Residential,5609 Wagon Wheel Trl,Indianapolis,IN,46237,123000,3,2,Franklin,1380,10018,1978,71,89,,Sold,,,http://www.redfin.com/IN/Indianapolis/5609-Wagon-Wheel-Trl-46237/home/67014217,MIBOR,21527649,N,Y,39.6859115,-86.0778588
PAST SALE,November-3-2017,Single Family Residential,6362 Bonneville Dr,Indianapolis,IN,46237,215000,4,2.5,Franklin,3136,13068,2004,134,69,20,Sold,,,http://www.redfin.com/IN/Indianapolis/6362-Bonneville-Dr-46237/home/67035710,MIBOR,21505581,N,Y,39.6844855,-86.0557684
PAST SALE,September-27-2017,Single Family Residential,8404 Penbrooke Pl,Indianapolis,IN,46237,230000,4,2.5,Perry,2295,7840,2016,171,100,33,Sold,,,http://www.redfin.com/IN/Indianapolis/8404-Penbrooke-Pl-46237/home/113740570,MIBOR,21486642,N,Y,39.643593,-86.089948
PAST SALE,September-26-2017,Single Family Residential,6508 Emerald Crossing Way,Indianapolis,IN,46221,173160,3,2.5,Decatur,2128,,2017,172,81,,Sold,,,http://www.redfin.com/IN/Indianapolis/6508-Emerald-Hill-Ct-46237/home/144062644,MIBOR,21527214,N,Y,39.672781,-86.086029
PAST SALE,October-16-2017,Single Family Residential,3909 Ivory Way,Indianapolis,IN,46237,160500,3,2.5,Perry,1880,11325,1974,152,85,,Sold,,,http://www.redfin.com/IN/Indianapolis/3909-Ivory-Way-46237/home/60064656,MIBOR,21509586,N,Y,39.6545363,-86.0998401
PAST SALE,September-28-2017,Single Family Residential,8414 Welder Pl,Indianapolis,IN,46237,238000,3,2.5,Perry,2720,8276,2015,170,88,33,Sold,,,http://www.redfin.com/IN/Indianapolis/8414-Welder-Pl-46237/home/82303658,MIBOR,21505034,N,Y,39.6452065,-86.0917611
PAST SALE,October-12-2017,Single Family Residential,3830 S Dearborn St,Indianapolis,IN,46237,110000,3,1,Perry,1053,18295,1955,156,104,,Sold,,,http://www.redfin.com/IN/Indianapolis/3830-S-Dearborn-St-46237/home/60116124,MIBOR,21507182,N,Y,39.7113857,-86.1091512
PAST SALE,September-27-2017,Single Family Residential,6919 Millbrook Crk,Indianapolis,IN,46237,155000,3,2,Franklin,1405,9108,1998,171,110,10,Sold,,,http://www.redfin.com/IN/Indianapolis/6919-Millbrook-Cir-46237/home/66925347,MIBOR,21507237,N,Y,39.6687469,-86.0461687
PAST SALE,October-9-2017,Single Family Residential,6114 Miller Woods Ln,Indianapolis,IN,46237,146000,3,2,Franklin,1620,10323,1994,159,90,25,Sold,,,http://www.redfin.com/IN/Indianapolis/6114-Miller-Woods-Ln-46237/home/82188000,MIBOR,21511678,N,Y,39.704167,-86.0607866
PAST SALE,September-29-2017,Single Family Residential,4219 Terra Dr,Indianapolis,IN,46237,160000,5,2.5,Perry,2320,60112,1965,169,69,,Sold,,,http://www.redfin.com/IN/Indianapolis/4219-Terra-Dr-46237/home/82316551,MIBOR,21500886,N,Y,39.7064814,-86.1020287
PAST SALE,October-20-2017,Single Family Residential,5439 Durango Ct,Indianapolis,IN,46237,106000,3,1.5,Franklin,1348,11935,1979,148,79,,Sold,,,http://www.redfin.com/IN/Indianapolis/5439-Durango-Ct-46237/home/59984451,MIBOR,21511650,N,Y,39.6888783,-86.0732304
PAST SALE,October-16-2017,Single Family Residential,3923 Towhees Dr,Indianapolis,IN,46237,162000,3,2,Perry,1592,6534,2004,152,102,34,Sold,,,http://www.redfin.com/IN/Indianapolis/3923-Towhees-Dr-46237/home/60016331,MIBOR,21511673,N,Y,39.6446198,-86.0994819
PAST SALE,,Single Family Residential,4415 E Edgewood Ave,Indianapolis,IN,46237,94500,3,1.5,,1134,15420,1958,,83,,,,,http://www.redfin.com/IN/Indianapolis/4415-E-Edgewood-Ave-46237/home/60088022,,,N,Y,39.6799523,-86.0940433
PAST SALE,October-20-2017,Single Family Residential,6629 Breeds Hill Dr,Indianapolis,IN,46237,210000,4,2.5,Franklin,2126,15241,1982,148,99,,Sold,,,http://www.redfin.com/IN/Indianapolis/6629-Breeds-Hill-Dr-46237/home/66938518,MIBOR,21510279,N,Y,39.6715498,-86.0528608
PAST SALE,October-10-2017,Single Family Residential,7814 Gordon Way,Indianapolis,IN,46237,161000,5,2.5,Franklin,1744,13869,1981,158,92,,Sold,,,http://www.redfin.com/IN/Indianapolis/7814-Gordon-Way-46237/home/82186193,MIBOR,21507054,N,Y,39.6544372,-86.0467663
PAST SALE,October-17-2017,Single Family Residential,5947 S Oakcrest Dr,Indianapolis,IN,46237,154500,3,2.5,Franklin,2040,10240,1994,151,76,15,Sold,,,http://www.redfin.com/IN/Indianapolis/5947-Oakcrest-Dr-46237/home/82187084,MIBOR,21502548,N,Y,39.6817003,-86.0590741
PAST SALE,October-5-2017,Single Family Residential,6525 Moss Creek Pl,Indianapolis,IN,46237,261000,3,2.5,Perry,2328,11761,1992,163,112,18,Sold,,,http://www.redfin.com/IN/Indianapolis/6525-Moss-Creek-Pl-46237/home/82214039,MIBOR,21501496,N,Y,39.6720134,-86.0934526
PAST SALE,October-17-2017,Single Family Residential,6821 Harriet Dr,Indianapolis,IN,46237,199000,4,2.5,Franklin,3136,10454,2000,151,63,28,Sold,,,http://www.redfin.com/IN/Indianapolis/6821-Harriet-Dr-46237/home/82276006,MIBOR,21514216,N,Y,39.6456702,-86.0482402
PAST SALE,September-21-2017,Single Family Residential,8251 Southern Springs Blvd,Indianapolis,IN,46237,139500,3,2,Franklin,1400,8712,1994,177,100,16,Sold,,,http://www.redfin.com/IN/Indianapolis/8251-Southern-Springs-Blvd-46237/home/66959607,MIBOR,21506754,N,Y,39.6480258,-86.0654857
PAST SALE,,Single Family Residential,1609 E Troy Ave,Indianapolis,IN,46203,55000,3,,,1226,7579,1953,,45,,,,,http://www.redfin.com/IN/Indianapolis/1609-E-Troy-Ave-46203/home/82314908,,,N,Y,39.722761,-86.131679
PAST SALE,February-9-2018,Single Family Residential,2515 E Troy Ave,Indianapolis,IN,46203,62000,2,1,Perry,1116,8276,1941,36,56,,Sold,,,http://www.redfin.com/IN/Indianapolis/2515-E-Troy-Ave-46203/home/82203573,MIBOR,21528195,N,Y,39.722843,-86.118746
PAST SALE,October-19-2017,Single Family Residential,7687 Muirfield Pl,Indianapolis,IN,46237,155000,3,4,Franklin,1686,14483,1989,149,92,,Sold,,,http://www.redfin.com/IN/Indianapolis/7687-Muirfield-Pl-46237/home/82187115,MIBOR,21494085,N,Y,39.6561022,-86.057879
PAST SALE,November-20-2017,Single Family Residential,5844 Edelle Dr,Indianapolis,IN,46237,180000,3,2,Franklin,1666,8712,2013,117,108,31,Sold,,,http://www.redfin.com/IN/Indianapolis/5844-Edelle-Dr-46237/home/82303366,MIBOR,21511223,N,Y,39.653981,-86.065661
PAST SALE,December-15-2017,Single Family Residential,4633 Crosby Buck Dr,Indianapolis,IN,46237,210000,3,2.5,Perry,2144,7840,2017,92,98,33,Sold,,,http://www.redfin.com/IN/Indianapolis/4633-Crosby-Buck-Dr-46237/home/113684166,MIBOR,21488326,N,Y,39.643593,-86.089948
PAST SALE,December-29-2017,Single Family Residential,8329 Penbrooke Pl,Indianapolis,IN,46237,256155,5,4.5,Perry,2828,,2017,78,91,,Sold,,,http://www.redfin.com/IN/Indianapolis/8329-Penbrooke-Pl-46237/home/143948315,MIBOR,21530022,N,Y,39.6452009,-86.0888886
PAST SALE,January-26-2018,Single Family Residential,4617 Creighton Ln,Indianapolis,IN,46237,215000,3,2.5,Perry,2516,7840,2017,50,85,33,Sold,,,http://www.redfin.com/IN/Indianapolis/4617-Creighton-Ln-46237/home/82303647,MIBOR,21506357,N,Y,39.6438682,-86.0895324
PAST SALE,November-14-2017,Single Family Residential,5608 Woodworth Way,Indianapolis,IN,46237,537500,4,3,Franklin,5324,,2004,123,101,33,Sold,,,http://www.redfin.com/IN/Indianapolis/5608-Woodworth-Way-46237/home/60063835,MIBOR,21512083,N,Y,39.6721674,-86.0717174
PAST SALE,January-3-2018,Single Family Residential,4209 Tarragon Ter,Indianapolis,IN,46237,169900,3,2,Perry,1434,11325,1993,73,118,25,Sold,,,http://www.redfin.com/IN/Indianapolis/4209-Tarragon-Ter-46237/home/60078001,MIBOR,21526296,N,Y,39.6622489,-86.095741
PAST SALE,October-6-2017,Single Family Residential,4211 Tarragon Dr,Indianapolis,IN,46237,150000,3,2,Perry,1356,14636,1992,162,111,25,Sold,,,http://www.redfin.com/IN/Indianapolis/4211-Tarragon-Dr-46237/home/60164436,MIBOR,21510927,N,Y,39.6584427,-86.0952935
PAST SALE,November-22-2017,Single Family Residential,7912 S Sherman Dr,Indianapolis,IN,46227,130000,3,1.5,Perry,1220,10890,1975,115,107,,Sold,,,http://www.redfin.com/IN/Indianapolis/7912-S-Sherman-Dr-46237/home/66965452,MIBOR,21514911,N,Y,39.6521457,-86.10179
PAST SALE,December-19-2017,Single Family Residential,6750 E Stop 11 Rd,Indianapolis,IN,46237,121000,3,2,Franklin,1336,10105,1981,88,91,,Sold,,,http://www.redfin.com/IN/Indianapolis/6750-E-11-Rd-46237/home/67039001,MIBOR,21529662,N,Y,39.6521015,-86.0491165
PAST SALE,February-1-2018,Single Family Residential,4654 Whitridge Ln,Indianapolis,IN,46237,144000,3,2.5,Perry,1728,7840,2003,44,83,18,Sold,,,http://www.redfin.com/IN/Indianapolis/4654-Whitridge-Ln-46237/home/60043744,MIBOR,21520825,N,Y,39.6479676,-86.0888555
PAST SALE,January-26-2018,Single Family Residential,8107 Whitview Dr,Indianapolis,IN,46237,139900,3,2,Perry,1270,6969,2001,50,110,17,Sold,,,http://www.redfin.com/IN/Indianapolis/8107-Whitview-Dr-46237/home/60120614,MIBOR,21527845,N,Y,39.6492542,-86.0900708
PAST SALE,October-23-2017,Single Family Residential,6512 E Rosebush Ln,Indianapolis,IN,46237,142000,3,2,Franklin,1494,18722,1996,145,95,17,Sold,,,http://www.redfin.com/IN/Indianapolis/6512-Rosebush-Ln-46237/home/82187502,MIBOR,21509578,N,Y,39.6551541,-86.0536574
PAST SALE,February-28-2018,Single Family Residential,8408 Welder Pl,Indianapolis,IN,46237,215000,3,2.5,Perry,2516,8276,2017,17,85,33,Sold,,,http://www.redfin.com/IN/Indianapolis/8408-Welder-Pl-46237/home/82303665,MIBOR,21494354,N,Y,39.6453516,-86.0918125
PAST SALE,February-23-2018,Single Family Residential,6945 Smithfield Blvd,Indianapolis,IN,46237,163000,3,2.5,Franklin,1866,9147,2003,22,87,28,Sold,,,http://www.redfin.com/IN/Indianapolis/6945-Smithfield-Blvd-46237/home/60053833,MIBOR,21524179,N,Y,39.642996,-86.045372
PAST SALE,February-26-2018,Single Family Residential,6709 Smithfield Blvd,Indianapolis,IN,46237,159900,3,2,Franklin,1540,7405,1999,19,104,27,Sold,,,http://www.redfin.com/IN/Indianapolis/6709-Smithfield-Blvd-46237/home/60060467,MIBOR,21541508,N,Y,39.6426469,-86.0505107
PAST SALE,December-8-2017,Single Family Residential,7331 Saffron Dr,Indianapolis,IN,46237,235000,3,2.5,Perry,2358,13590,1993,99,100,50,Sold,,,http://www.redfin.com/IN/Indianapolis/7331-Saffron-Dr-46237/home/60130420,MIBOR,21520180,N,Y,39.660646,-86.0923581
PAST SALE,February-21-2018,Single Family Residential,8842 Rapp Dr,Indianapolis,IN,46237,200650,4,2.5,Franklin,3207,10497,2003,24,63,29,Sold,,,http://www.redfin.com/IN/Indianapolis/8842-Rapp-Dr-46237/home/60134647,MIBOR,21539678,N,Y,39.6391316,-86.0471846
PAST SALE,January-12-2018,Single Family Residential,8474 Southern Springs Dr,Indianapolis,IN,46237,147500,3,2,Franklin,1430,6695,1995,64,103,16,Sold,,,http://www.redfin.com/IN/Indianapolis/8474-Southern-Springs-Dr-46237/home/66985915,MIBOR,21527800,N,Y,39.6444774,-86.0665211
PAST SALE,December-5-2017,Single Family Residential,6602 Jarvis Dr,Indianapolis,IN,46237,159900,3,2.5,Franklin,2013,7840,2001,102,79,23,Sold,,,http://www.redfin.com/IN/Indianapolis/6602-Jarvis-Dr-46237/home/67082795,MIBOR,21522368,N,Y,39.6426661,-86.0522633
PAST SALE,March-1-2018,Single Family Residential,7356 Misty Woods Ln,Indianapolis,IN,46237,549000,5,3.5,Franklin,5396,15289,2015,16,102,53,Sold,,,http://www.redfin.com/IN/Indianapolis/7356-Misty-Woods-Ln-46237/home/60178003,MIBOR,21541633,N,Y,39.6603686,-86.0703636
PAST SALE,February-28-2018,Single Family Residential,7530 Tinsel Ave,Indianapolis,IN,46237,122000,4,1,Perry,1513,10018,1974,17,81,,Sold,,,http://www.redfin.com/IN/Indianapolis/7530-Tinsel-Ave-46237/home/82211236,MIBOR,21545977,N,Y,39.6569936,-86.098686
PAST SALE,March-2-2018,Single Family Residential,6342 Lonestar Dr,Indianapolis,IN,46237,179000,4,2.5,Franklin,2200,6098,2001,15,81,17,Sold,,,http://www.redfin.com/IN/Indianapolis/6342-Lonestar-Dr-46237/home/60010017,MIBOR,21540490,N,Y,39.6449432,-86.0564853
PAST SALE,February-20-2018,Single Family Residential,7950 Rock Rose Ct,Indianapolis,IN,46237,183900,4,2.5,Perry,2176,28575,1994,25,85,19,Sold,,,http://www.redfin.com/IN/Indianapolis/7950-Rock-Rose-Ct-46237/home/82317148,MIBOR,21530134,N,Y,39.6519144,-86.0891427
PAST SALE,December-1-2017,Single Family Residential,7711 Gordon Way,Indianapolis,IN,46237,143000,4,3,Franklin,2232,10018,1984,106,64,,Sold,,,http://www.redfin.com/IN/Indianapolis/7711-Gordon-Way-46237/home/60152515,MIBOR,21522305,N,Y,39.655947,-86.0473638
PAST SALE,March-9-2018,Single Family Residential,4555 Creighton Ln,Indianapolis,IN,46237,189995,3,2.5,Perry,2019,8450,2017,8,94,33,Sold,,,http://www.redfin.com/IN/Indianapolis/4555-Creighton-Ln-46237/home/82303645,MIBOR,21502038,N,Y,39.6438452,-86.0904142
PAST SALE,March-15-2018,Single Family Residential,8323 Penbrooke Pl,Indianapolis,IN,46237,215000,3,2.5,Perry,2019,8058,2017,2,106,33,Sold,,,http://www.redfin.com/IN/Indianapolis/8323-Penbrooke-Pl-46237/home/136771756,MIBOR,21503850,N,Y,39.643593,-86.089948
PAST SALE,October-10-2017,Single Family Residential,6045 Blue Fox Ln,Indianapolis,IN,46237,222610,3,2,Franklin,1564,8712,2017,158,142,20,Sold,,,http://www.redfin.com/IN/Indianapolis/6045-Blue-Fox-Ln-46237/home/82297157,MIBOR,21506440,N,Y,39.679695,-86.074966
PAST SALE,November-1-2017,Single Family Residential,6154 Franklin Villas Way,Indianapolis,IN,46237,175000,3,3,Franklin,1753,5357,2003,136,100,58,Sold,,,http://www.redfin.com/IN/Indianapolis/6154-Franklin-Villas-Way-46237/home/82284377,MIBOR,21510161,N,Y,39.69773,-86.059565
PAST SALE,November-17-2017,Single Family Residential,6829 Cedar Mill Way,Indianapolis,IN,46237,207000,4,2.5,Franklin,2560,10018,2007,120,81,36,Sold,,,http://www.redfin.com/IN/Indianapolis/6829-Cedar-Mill-Way-46237/home/60062728,MIBOR,21513469,N,Y,39.6923811,-86.0477931
PAST SALE,January-2-2018,Single Family Residential,5640 Gray Rd,Indianapolis,IN,46237,200000,4,2.5,Perry,3162,20908,1965,74,63,,Sold,,,http://www.redfin.com/IN/Indianapolis/5640-Gray-Rd-46237/home/60044694,MIBOR,21492550,N,Y,39.684524,-86.097363
PAST SALE,December-11-2017,Single Family Residential,6030 S Emerson Ave,Indianapolis,IN,46237,150000,3,1.5,Perry,2640,39465,1959,96,57,,Sold,,,http://www.redfin.com/IN/Indianapolis/6030-S-Emerson-Ave-46237/home/66885271,MIBOR,21519704,N,Y,39.6794409,-86.0832334
PAST SALE,January-22-2018,Single Family Residential,5506 S Arlington Ave,Indianapolis,IN,46237,125900,3,2,Franklin,1539,13503,1978,54,82,,Sold,,,http://www.redfin.com/IN/Indianapolis/5506-S-Arlington-Ave-46237/home/60133072,MIBOR,21528284,N,Y,39.687093,-86.0639278
PAST SALE,December-21-2017,Single Family Residential,5510 Skipping Stone Dr,Indianapolis,IN,46237,199000,4,2.5,Franklin,3252,8712,2004,86,61,13,Sold,,,http://www.redfin.com/IN/Indianapolis/5510-Skipping-Stone-Dr-46237/home/66992295,MIBOR,21492772,N,Y,39.6879758,-86.0489373
PAST SALE,January-30-2018,Single Family Residential,4942 Carry Back Ln,Indianapolis,IN,46237,129900,3,1.5,Franklin,1892,24829,1976,46,69,,Sold,,,http://www.redfin.com/IN/Indianapolis/4942-Carry-Back-Ln-46237/home/67006477,MIBOR,21526879,N,Y,39.6952623,-86.0686713
PAST SALE,December-7-2017,Single Family Residential,4006 Dundee Dr,Indianapolis,IN,46237,143500,3,2.5,Perry,2464,19906,1969,100,58,,Sold,,,http://www.redfin.com/IN/Indianapolis/4006-Dundee-Dr-46237/home/67081170,MIBOR,21503699,N,Y,39.7049482,-86.098288
PAST SALE,January-25-2018,Single Family Residential,6456 Bastani Pl,Indianapolis,IN,46239,379735,4,2.5,Franklin,4867,43560,2017,51,78,,Sold,,,http://www.redfin.com/IN/Indianapolis/6456-Bastani-Pl-46237/home/60175304,MIBOR,21542237,N,Y,39.677006,-86.0543299
PAST SALE,February-6-2018,Single Family Residential,4615 Copper Grove Dr,Indianapolis,IN,46237,154900,3,2,Franklin,1453,9583,2001,39,107,25,Sold,,,http://www.redfin.com/IN/Indianapolis/4615-Copper-Grove-Dr-46237/home/82329948,MIBOR,21530058,N,Y,39.7010335,-86.0466468
PAST SALE,December-15-2017,Single Family Residential,4616 Citation Blvd,Indianapolis,IN,46237,155000,4,2.5,Franklin,2929,10920,1976,92,53,,Sold,,,http://www.redfin.com/IN/Indianapolis/4616-Citation-Blvd-46237/home/82185853,MIBOR,21515180,N,Y,39.7002773,-86.0658839
PAST SALE,December-15-2017,Single Family Residential,6216 Buck Trail Rd,Indianapolis,IN,46237,220000,3,2.5,Franklin,3063,9583,1991,92,72,,Sold,,,http://www.redfin.com/IN/Indianapolis/6216-Buck-Trail-Rd-46237/home/82187272,MIBOR,21512122,N,Y,39.6764327,-86.0591936
PAST SALE,November-1-2017,Single Family Residential,3316 E Hanna Ave,Indianapolis,IN,46237,124900,3,2,Perry,1650,19994,1955,136,76,,Sold,,,http://www.redfin.com/IN/Indianapolis/3316-E-Hanna-Ave-46237/home/82203909,MIBOR,21496694,N,Y,39.7089676,-86.1066047
PAST SALE,December-27-2017,Single Family Residential,3245 E Hanna Ave,Indianapolis,IN,46237,79000,4,3,Perry,1853,27442,1956,80,43,,Sold,,,http://www.redfin.com/IN/Indianapolis/3245-E-Hanna-Ave-46237/home/82213023,MIBOR,21517759,N,Y,39.7082901,-86.1079973
PAST SALE,February-16-2018,Single Family Residential,6031 Buck Trail Rd,Indianapolis,IN,46237,217000,5,3,Franklin,2102,12196,1988,29,103,,Sold,,,http://www.redfin.com/IN/Indianapolis/6031-Buck-Trail-Rd-46237/home/60021046,MIBOR,21525585,N,Y,39.6764433,-86.0624791
PAST SALE,December-8-2017,Single Family Residential,5420 Grassy Bank Dr,Indianapolis,IN,46237,164000,3,2.5,Franklin,2687,6534,2004,99,61,15,Sold,,,http://www.redfin.com/IN/Indianapolis/5420-Grassy-Bank-Dr-46237/home/60072260,MIBOR,21518089,N,Y,39.6892329,-86.0456708
PAST SALE,October-31-2017,Single Family Residential,6102 Spire Pl,Indianapolis,IN,46237,127000,4,2,Franklin,1320,15245,1996,137,96,13,Sold,,,http://www.redfin.com/IN/Indianapolis/6102-Spire-Pl-46237/home/60119712,MIBOR,21514277,N,Y,39.7074549,-86.0616627
PAST SALE,February-23-2018,Single Family Residential,5779 Saint Simons Dr,Indianapolis,IN,46237,131900,3,2,Perry,1253,12632,1994,22,105,,Sold,,,http://www.redfin.com/IN/Indianapolis/5779-Saint-Simons-Dr-46237/home/60139818,MIBOR,21530300,N,Y,39.6830046,-86.0977635
PAST SALE,February-28-2018,Single Family Residential,4914 Franklin Villas Dr,Indianapolis,IN,46237,139500,3,2,Franklin,1708,5183,2007,17,82,58,Sold,,,http://www.redfin.com/IN/Indianapolis/4914-Franklin-Villas-Dr-46237/home/60164911,MIBOR,21544861,N,Y,39.6961644,-86.0602489
PAST SALE,November-27-2017,Single Family Residential,5741 Buck Rill Dr,Indianapolis,IN,46237,125000,3,2,Franklin,1700,8276,1995,110,74,,Sold,,,http://www.redfin.com/IN/Indianapolis/5741-Buck-Rill-Dr-46237/home/66999960,MIBOR,21512667,N,Y,39.6847717,-86.0677953
PAST SALE,December-13-2017,Single Family Residential,5501 Yucatan Dr,Indianapolis,IN,46237,86500,3,1,Franklin,984,11064,1981,94,88,,Sold,,,http://www.redfin.com/IN/Indianapolis/5501-Yucatan-Dr-46237/home/82186741,MIBOR,21506647,N,Y,39.6912367,-86.0733697
PAST SALE,December-29-2017,Single Family Residential,5373 Padre Ln,Indianapolis,IN,46237,83000,3,1.5,Franklin,1064,11064,1982,78,78,,Sold,,,http://www.redfin.com/IN/Indianapolis/5373-Padre-Ln-46237/home/82186571,MIBOR,21526318,N,Y,39.6919838,-86.0764354
PAST SALE,November-22-2017,Single Family Residential,5787 Woodland Trace Blvd,Indianapolis,IN,46237,152101,3,2.5,Franklin,1805,8712,2002,115,84,34,Sold,,,http://www.redfin.com/IN/Indianapolis/5787-Woodland-Trace-Blvd-46237/home/82276817,MIBOR,21504749,N,Y,39.6844396,-86.0496006
PAST SALE,November-30-2017,Single Family Residential,6152 Crystal View Dr,Indianapolis,IN,46237,138000,2,2,Franklin,1426,6098,2004,107,97,45,Sold,,,http://www.redfin.com/IN/Indianapolis/6152-Crystal-View-Dr-46237/home/82298226,MIBOR,21512902,N,Y,39.7005137,-86.0597909
PAST SALE,January-5-2018,Single Family Residential,6158 Glebe Cir,Indianapolis,IN,46237,168000,3,2.5,Franklin,1998,6098,1999,71,84,26,Sold,,,http://www.redfin.com/IN/Indianapolis/6158-Glebe-Dr-46237/home/82329357,MIBOR,21525600,N,Y,39.699736,-86.0597977
PAST SALE,February-15-2018,Single Family Residential,5344 Concho Dr,Indianapolis,IN,46237,120000,3,1.5,Franklin,1428,13982,1978,30,84,,Sold,,,http://www.redfin.com/IN/Indianapolis/5344-Concho-Dr-46237/home/82185885,MIBOR,21527281,N,Y,39.6868887,-86.075679
PAST SALE,March-5-2018,Single Family Residential,2904 E Murry St,Indianapolis,IN,46237,34750,3,1.5,Perry,1124,13939,1941,12,31,,Sold,,,http://www.redfin.com/IN/Indianapolis/2904-E-Murry-St-46237/home/67090024,MIBOR,21453754,N,Y,39.719841,-86.1142438
PAST SALE,March-12-2018,Single Family Residential,5817 Grassy Bank Dr,Indianapolis,IN,46237,195000,4,2.5,Franklin,2875,7710,2004,5,68,42,Sold,,,http://www.redfin.com/IN/Indianapolis/5817-Grassy-Bank-Dr-46237/home/82297065,MIBOR,21507224,N,Y,39.683726,-86.047326
PAST SALE,September-18-2017,Single Family Residential,4105 Terra Dr,Indianapolis,IN,46237,150000,3,2,Perry,1655,20429,1960,180,91,,Sold,,,http://www.redfin.com/IN/Indianapolis/4105-Terra-Dr-46237/home/60010609,MIBOR,21506799,N,Y,39.7076024,-86.1018696
PAST SALE,December-11-2017,Single Family Residential,8306 Flicker Ct,Indianapolis,IN,46237,172000,4,2.5,Perry,2451,9278,1999,96,70,34,Sold,,,http://www.redfin.com/IN/Indianapolis/8306-Flicker-Ct-46237/home/60143017,MIBOR,21513000,N,Y,39.6465898,-86.1005962
PAST SALE,December-12-2017,Single Family Residential,5409 Wagon Wheel Trl,Indianapolis,IN,46237,126900,3,1.5,Franklin,1604,6969,1979,95,79,,Sold,,,http://www.redfin.com/IN/Indianapolis/5409-Wagon-Wheel-Trl-46237/home/67001410,MIBOR,21512134,N,Y,39.6888412,-86.0765536
PAST SALE,January-30-2018,Single Family Residential,5903 Riva Ridge Dr,Indianapolis,IN,46237,125000,3,2,Franklin,1275,9147,1975,46,98,,Sold,,,http://www.redfin.com/IN/Indianapolis/5903-Riva-Ridge-Dr-46237/home/60016402,MIBOR,21530202,N,Y,39.7013727,-86.064968
PAST SALE,February-2-2018,Single Family Residential,6531 Orville Ln,Indianapolis,IN,46237,309250,3,3.5,Franklin,3212,50529,1985,43,96,,Sold,,,http://www.redfin.com/IN/Indianapolis/6531-Orville-Ln-46237/home/82186504,MIBOR,21526041,N,Y,39.6716101,-86.0772715
PAST SALE,December-29-2017,Single Family Residential,4619 Citation Cir,Indianapolis,IN,46237,149000,3,2,Franklin,1662,11199,1977,78,90,,Sold,,,http://www.redfin.com/IN/Indianapolis/4619-Citation-Cir-46237/home/82185833,MIBOR,21520202,N,Y,39.7003166,-86.064072
PAST SALE,October-30-2017,Single Family Residential,6209 E Edgewood Ave,Indianapolis,IN,46237,167000,2,1,Franklin,1072,212355,1920,138,156,,Sold,,,http://www.redfin.com/IN/Indianapolis/6209-E-Edgewood-Ave-46237/home/60103524,MIBOR,21503315,N,Y,39.679225,-86.059595
PAST SALE,November-17-2017,Single Family Residential,6260 Shelly Way,Indianapolis,IN,46237,322500,4,2.5,Franklin,4341,10890,2017,120,74,,Sold,,,http://www.redfin.com/IN/Indianapolis/6260-Shelly-Way-46237/home/113436773,MIBOR,21492133,N,Y,39.675771,-86.062782
PAST SALE,December-29-2017,Single Family Residential,6130 Blue Fox Ln,Indianapolis,IN,46237,229500,3,2,Franklin,1731,6708,2017,78,133,20,Sold,,,http://www.redfin.com/IN/Indianapolis/6130-Blue-Fox-Ln-46237/home/82297148,MIBOR,21525283,N,Y,39.678595,-86.073849
PAST SALE,January-3-2018,Single Family Residential,4205 Parma Ct,Indianapolis,IN,46237,230000,2,2,Perry,1890,8712,2013,73,122,54,Sold,,,http://www.redfin.com/IN/Indianapolis/4205-Parma-Ct-46237/home/60124461,MIBOR,21523339,N,Y,39.651143,-86.095128
PAST SALE,January-23-2018,Single Family Residential,5429 Armstrong Dr,Indianapolis,IN,46237,123500,4,2,Franklin,1788,12998,1976,53,69,,Sold,,,http://www.redfin.com/IN/Indianapolis/5429-Armstrong-Dr-46237/home/59998281,MIBOR,21526912,N,Y,39.6880483,-86.0707127
PAST SALE,December-15-2017,Single Family Residential,5333 Skipping Stone Dr,Indianapolis,IN,46237,185000,3,2.5,Franklin,3250,6534,2003,92,57,21,Sold,,,http://www.redfin.com/IN/Indianapolis/5333-Skipping-Stone-Dr-46237/home/60135536,MIBOR,21520038,N,Y,39.6900712,-86.0484394
PAST SALE,December-6-2017,Single Family Residential,6440 Whitaker Farms Dr,Indianapolis,IN,46237,172500,3,2,Franklin,1706,10010,1997,101,101,15,Sold,,,http://www.redfin.com/IN/Indianapolis/6440-Whitaker-Farms-Dr-46237/home/60151920,MIBOR,21517069,N,Y,39.6533427,-86.0548523
PAST SALE,January-30-2018,Single Family Residential,5546 E Edgewood Ave,Indianapolis,IN,46237,251111,2,3,Franklin,5371,223462,1952,46,47,,Sold,,,http://www.redfin.com/IN/Indianapolis/5546-E-Edgewood-Ave-46237/home/66970412,MIBOR,21505825,N,Y,39.6819895,-86.071797
PAST SALE,December-8-2017,Single Family Residential,6136 Franklin Villas Way,Indianapolis,IN,46237,168000,2,2,Franklin,1817,4965,2003,99,92,58,Sold,,,http://www.redfin.com/IN/Indianapolis/6136-Franklin-Villas-Way-46237/home/66991393,MIBOR,21516571,N,Y,39.6978504,-86.0601693
PAST SALE,December-14-2017,Single Family Residential,7519 Inverness Dr,Indianapolis,IN,46237,98150,3,2,Franklin,1428,14810,1979,93,69,,Sold,,,http://www.redfin.com/IN/Indianapolis/7519-Inverness-Dr-46237/home/66994725,MIBOR,21522434,N,Y,39.6582435,-86.0505175
PAST SALE,January-25-2018,Single Family Residential,7015 Henderickson Ln,Indianapolis,IN,46237,507219,4,3.5,Franklin,6262,43560,2018,51,81,54,Sold,,,http://www.redfin.com/IN/Indianapolis/Henderickson-Ln-46237/home/111930164,MIBOR,21542117,N,Y,39.665778,-86.067333
PAST SALE,February-9-2018,Single Family Residential,4704 Citation Cir,Indianapolis,IN,46237,136000,3,2.5,Franklin,1836,15333,1977,36,74,,Sold,,,http://www.redfin.com/IN/Indianapolis/4704-Citation-Cir-46237/home/82185864,MIBOR,21518645,N,Y,39.6995544,-86.0647291
PAST SALE,December-5-2017,Single Family Residential,4637 Citation Cir,Indianapolis,IN,46237,135000,3,2,Franklin,1380,11761,1977,102,98,,Sold,,,http://www.redfin.com/IN/Indianapolis/4637-Citation-Cir-46237/home/82312419,MIBOR,21522297,N,Y,39.6997735,-86.0640919
PAST SALE,December-4-2017,Single Family Residential,4304 Fairhope Dr,Indianapolis,IN,46237,144000,4,1.5,Perry,2600,15681,1956,103,55,,Sold,,,http://www.redfin.com/IN/Indianapolis/4304-Fairhope-Dr-46237/home/66981677,MIBOR,21505499,N,Y,39.6753461,-86.0951698
PAST SALE,January-12-2018,Single Family Residential,8052 Stonereath Ct,Indianapolis,IN,46237,185900,3,2,Franklin,1637,16552,1997,64,114,,Sold,,,http://www.redfin.com/IN/Indianapolis/8052-Stonereath-Ct-46237/home/82187742,MIBOR,21522185,N,Y,39.650272,-86.069408
PAST SALE,September-21-2017,Single Family Residential,6904 Amber Springs Way,Indianapolis,IN,46237,189900,4,2.5,Franklin,2584,8712,2003,177,73,25,Sold,,,http://www.redfin.com/IN/Indianapolis/6904-Amber-Springs-Way-46237/home/60078059,MIBOR,21509337,N,Y,39.6745825,-86.0461687
PAST SALE,October-6-2017,Single Family Residential,8348 Penbrooke Ln,Indianapolis,IN,46237,240305,3,2.5,Perry,2506,7840,2017,162,96,33,Sold,,,http://www.redfin.com/IN/Indianapolis/8348-Penbrooke-Pl-46237/home/144000275,MIBOR,21517455,N,Y,39.6453028,-86.0888865
PAST SALE,October-2-2017,Single Family Residential,7346 Misty Woods Ln,Indianapolis,IN,46237,398000,3,2.5,Franklin,4300,15245,2014,166,93,54,Sold,,,http://www.redfin.com/IN/Indianapolis/7346-Misty-Woods-Ln-46237/home/60178031,MIBOR,21496812,N,Y,39.6605907,-86.0703835
PAST SALE,October-11-2017,Single Family Residential,7205 Henderickson Ln,Indianapolis,IN,46237,442904,3,2.5,Franklin,4812,15280,2017,157,92,54,Sold,,,http://www.redfin.com/IN/Indianapolis/7205-Henderickson-Ln-46237/home/111930167,MIBOR,21518867,N,Y,39.662876,-86.0672388
PAST SALE,October-16-2017,Single Family Residential,3820 S Sherman Dr,Indianapolis,IN,46237,46000,3,1.5,Perry,2684,21997,1923,152,17,,Sold,,,http://www.redfin.com/IN/Indianapolis/3820-S-Sherman-Dr-46237/home/82279994,MIBOR,21511521,N,Y,39.7118887,-86.102546
PAST SALE,December-7-2017,Single Family Residential,5753 Bradston Way,Indianapolis,IN,46237,79900,2,2,Franklin,1134,1742,1978,100,70,299,Sold,,,http://www.redfin.com/IN/Indianapolis/5753-Bradston-Way-46237/home/82186443,MIBOR,21526486,N,Y,39.683104,-86.067836
PAST SALE,December-11-2017,Single Family Residential,5711 Autumn Breeze Ln,Indianapolis,IN,46237,523000,3,2.5,Franklin,4394,15289,2017,96,119,,Sold,,,http://www.redfin.com/IN/Indianapolis/5711-Autumn-Breeze-Ln-46237/home/60176448,MIBOR,21528104,N,Y,39.6608329,-86.069405
PAST SALE,December-8-2017,Single Family Residential,7228 Bruin Dr,Indianapolis,IN,46237,178000,4,2.5,Franklin,3526,8712,2005,99,50,30,Sold,,,http://www.redfin.com/IN/Indianapolis/7228-Bruin-Dr-46237/home/60137165,MIBOR,21504350,N,Y,39.6631925,-86.052104
PAST SALE,December-7-2017,Single Family Residential,5329 Straw Hat Ct,Indianapolis,IN,46237,119900,3,2,Franklin,1604,9016,1979,100,75,,Sold,,,http://www.redfin.com/IN/Indianapolis/5329-Straw-Hat-Ct-46237/home/60138226,MIBOR,21519013,N,Y,39.6875174,-86.0761269
PAST SALE,December-21-2017,Single Family Residential,5710 Skipping Stone Dr,Indianapolis,IN,46237,169900,3,2.5,Franklin,2014,7840,2004,86,84,21,Sold,,,http://www.redfin.com/IN/Indianapolis/5710-Skipping-Stone-Dr-46237/home/60168906,MIBOR,21519866,N,Y,39.6851825,-86.0489632
PAST SALE,December-4-2017,Single Family Residential,6652 Southern Cross Dr,Indianapolis,IN,46237,169900,4,2,Franklin,1698,7405,2003,103,100,24,Sold,,,http://www.redfin.com/IN/Indianapolis/6652-Southern-Cross-Dr-46237/home/60073955,MIBOR,21522099,N,Y,39.6486045,-86.0504709
PAST SALE,November-20-2017,Single Family Residential,6210 Glebe Cir,Indianapolis,IN,46237,137000,3,2,Franklin,1352,7971,1999,117,101,27,Sold,,,http://www.redfin.com/IN/Indianapolis/6210-Glebe-Dr-46237/home/82329354,MIBOR,21517471,N,Y,39.6997495,-86.0594682
PAST SALE,October-12-2017,Single Family Residential,6812 Cadwell Cir,Indianapolis,IN,46237,189500,3,2.5,Franklin,2156,10497,2000,156,88,23,Sold,,,http://www.redfin.com/IN/Indianapolis/6812-Cadwell-Cir-46237/home/59999121,MIBOR,21496980,N,Y,39.6718665,-86.0479613
PAST SALE,September-20-2017,Single Family Residential,5507 Pappas Dr,Indianapolis,IN,46237,130000,3,1.5,Franklin,1484,7801,1975,178,88,,Sold,,,http://www.redfin.com/IN/Indianapolis/5507-Pappas-Dr-46237/home/60003008,MIBOR,21507029,N,Y,39.6881105,-86.0722442
PAST SALE,October-26-2017,Single Family Residential,4662 Tim Tam Cir,Indianapolis,IN,46237,132000,3,1.5,Franklin,1642,10890,1974,142,80,,Sold,,,http://www.redfin.com/IN/Indianapolis/4662-Tim-Tam-Cir-46237/home/60049422,MIBOR,21515308,N,Y,39.6984887,-86.0677157
PAST SALE,October-27-2017,Single Family Residential,6806 Shoals Way,Indianapolis,IN,46237,172900,3,2.5,Franklin,2064,8712,2012,141,84,17,Sold,,,http://www.redfin.com/IN/Indianapolis/6806-Shoals-Way-46237/home/60062444,MIBOR,21502454,N,Y,39.6473626,-86.048281
PAST SALE,October-27-2017,Single Family Residential,8441 Crosser Dr,Indianapolis,IN,46237,139900,3,2,Franklin,1410,15681,1999,141,99,18,Sold,,,http://www.redfin.com/IN/Indianapolis/8441-Crosser-Dr-46237/home/60104998,MIBOR,21509605,N,Y,39.6447187,-86.0546133
PAST SALE,October-30-2017,Single Family Residential,4246 Bay Leaf Cir,Indianapolis,IN,46237,183000,3,2.5,Perry,1930,16988,1993,138,95,25,Sold,,,http://www.redfin.com/IN/Indianapolis/4246-Bay-Leaf-Cir-46237/home/60123252,MIBOR,21512557,N,Y,39.660576,-86.0938705
PAST SALE,November-13-2017,Single Family Residential,6232 Buck Trail Rd,Indianapolis,IN,46237,193000,3,2.5,Franklin,1764,10890,2001,124,109,,Sold,,,http://www.redfin.com/IN/Indianapolis/6232-Buck-Trail-Rd-46237/home/60133941,MIBOR,21517414,N,Y,39.6764943,-86.0586365
PAST SALE,October-12-2017,Single Family Residential,6810 Emerald Bay Ln,Indianapolis,IN,46237,152000,3,2.5,Franklin,1793,7405,2005,156,85,28,Sold,,,http://www.redfin.com/IN/Indianapolis/6810-Emerald-Bay-Ln-46237/home/60134678,MIBOR,21511604,N,Y,39.7021958,-86.0482999
PAST SALE,November-17-2017,Single Family Residential,5323 Waterton Lakes Dr,Indianapolis,IN,46237,130000,3,2,Franklin,1390,5662,1999,120,94,24,Sold,,,http://www.redfin.com/IN/Indianapolis/5323-Waterton-Lakes-Dr-46237/home/60141943,MIBOR,21510819,N,Y,39.690276,-86.0580386
PAST SALE,November-16-2017,Single Family Residential,6653 Panther Way,Indianapolis,IN,46237,190000,4,2.5,Franklin,3516,9104,2005,121,54,30,Sold,,,http://www.redfin.com/IN/Indianapolis/6653-Panther-Way-46237/home/60167537,MIBOR,21511753,N,Y,39.6641199,-86.0503713
PAST SALE,November-21-2017,Single Family Residential,6540 E Shelbyville Rd,Indianapolis,IN,46237,154000,3,2,Franklin,1341,21780,1991,116,115,,Sold,,,http://www.redfin.com/IN/Indianapolis/6540-Shelbyville-Rd-46237/home/66811392,MIBOR,21513657,N,Y,39.6685299,-86.052821
PAST SALE,October-30-2017,Single Family Residential,5914 Buck Rill Dr,Indianapolis,IN,46237,125000,4,2,Franklin,1598,6298,1996,138,78,,Sold,,,http://www.redfin.com/IN/Indianapolis/5914-Buck-Rill-Dr-46237/home/66879285,MIBOR,21496408,N,Y,39.6852878,-86.065207
PAST SALE,,Single Family Residential,5941 S Arlington Ave,Indianapolis,IN,46237,15850,2,,,1593,40729,1939,,10,,,,,http://www.redfin.com/IN/Indianapolis/5941-S-Arlington-Ave-46237/home/66953269,,,N,Y,39.6812234,-86.0628176
PAST SALE,November-17-2017,Single Family Residential,7736 Gordon Way,Indianapolis,IN,46237,115800,3,1.5,Franklin,1576,13599,1980,120,73,,Sold,,,http://www.redfin.com/IN/Indianapolis/7736-Gordon-Way-46237/home/66963511,MIBOR,21513144,N,Y,39.6549741,-86.0471646
PAST SALE,October-27-2017,Single Family Residential,6106 Amber Valley Ln,Indianapolis,IN,46237,172000,3,2.5,Franklin,2334,9452,2002,141,74,25,Sold,,,http://www.redfin.com/IN/Indianapolis/6106-Amber-Valley-Ln-46237/home/66974106,MIBOR,21513091,N,Y,39.6796987,-86.0463281
PAST SALE,November-13-2017,Single Family Residential,3915 E Brunswick Ave,Indianapolis,IN,46237,129900,3,2,Perry,1212,,1994,124,107,,Sold,,,http://www.redfin.com/IN/Indianapolis/3915-E-Brunswick-Ave-46237/home/66996891,MIBOR,21510223,N,Y,39.6818311,-86.0999983
PAST SALE,November-22-2017,Single Family Residential,5328 Lobo Dr,Indianapolis,IN,46237,129900,4,2,Franklin,2300,6934,1979,115,56,,Sold,,,http://www.redfin.com/IN/Indianapolis/5328-Lobo-Dr-46237/home/82185897,MIBOR,21485780,N,Y,39.6884,-86.0765382
PAST SALE,October-26-2017,Single Family Residential,5501 Prairie Dog Dr,Indianapolis,IN,46237,112000,4,2,Franklin,1552,9016,1978,142,72,,Sold,,,http://www.redfin.com/IN/Indianapolis/5501-Prairie-Dog-Dr-46237/home/82186141,MIBOR,21506606,N,Y,39.6878195,-86.0770214
PAST SALE,October-20-2017,Single Family Residential,6833 Kentland Dr,Indianapolis,IN,46237,140000,3,2,Franklin,1468,9104,1998,148,95,,Sold,,,http://www.redfin.com/IN/Indianapolis/6833-Kentland-Dr-46237/home/82187568,MIBOR,21505273,N,Y,39.6683723,-86.0475829
PAST SALE,October-26-2017,Single Family Residential,5639 Oakcrest Dr,Indianapolis,IN,46237,119000,3,2.5,Franklin,1652,10018,1996,142,72,,Sold,,,http://www.redfin.com/IN/Indianapolis/5639-Oakcrest-Dr-46237/home/82187740,MIBOR,21513318,N,Y,39.6863666,-86.0590343
PAST SALE,November-17-2017,Single Family Residential,7835 Connie Dr,Indianapolis,IN,46237,144900,3,2,Franklin,1450,12950,1994,120,100,,Sold,,,http://www.redfin.com/IN/Indianapolis/7835-Connie-Dr-46237/home/82187953,MIBOR,21520430,N,Y,39.6538547,-86.0592732
PAST SALE,October-13-2017,Single Family Residential,4407 E Epler Ave,Indianapolis,IN,46237,192500,3,2,Perry,2073,20386,1970,155,93,,Sold,,,http://www.redfin.com/IN/Indianapolis/4407-E-Epler-Ave-46237/home/82206537,MIBOR,21507557,N,Y,39.6875194,-86.0932337
PAST SALE,November-16-2017,Single Family Residential,3820 Maple Manor Dr,Indianapolis,IN,46237,111500,3,2,Perry,1212,25090,1994,121,92,,Sold,,,http://www.redfin.com/IN/Indianapolis/3820-Maple-Manor-Dr-46237/home/82214274,MIBOR,21501699,N,Y,39.6815734,-86.1007155
PAST SALE,November-15-2017,Single Family Residential,7102 Pheasant Ridge Dr,Indianapolis,IN,46237,185000,4,2.5,Franklin,2576,13155,1999,122,72,29,Sold,,,http://www.redfin.com/IN/Indianapolis/7102-Pheasant-Ridge-Dr-46237/home/82273601,MIBOR,21491645,N,Y,39.6649821,-86.0574013
PAST SALE,November-6-2017,Single Family Residential,6867 Flick Dr,Indianapolis,IN,46237,217000,4,2.5,Franklin,2890,9321,2000,131,75,30,Sold,,,http://www.redfin.com/IN/Indianapolis/6867-Flick-Dr-46237/home/82276405,MIBOR,21506354,N,Y,39.6447747,-86.0467663
PAST SALE,November-20-2017,Single Family Residential,6624 Southern Ridge Dr,Indianapolis,IN,46237,157000,3,2,Franklin,1500,7013,2001,117,105,24,Sold,,,http://www.redfin.com/IN/Indianapolis/6624-Southern-Ridge-Dr-46237/home/82276565,MIBOR,21516946,N,Y,39.6501428,-86.0519048
PAST SALE,October-30-2017,Single Family Residential,8128 Whitham Dr,Indianapolis,IN,46237,140000,3,2.5,Perry,1433,5009,2003,138,98,18,Sold,,,http://www.redfin.com/IN/Indianapolis/8128-Whitham-Dr-46237/home/82282906,MIBOR,21513698,N,Y,39.6488464,-86.0887174
PAST SALE,,Single Family Residential,5634 Riva Ridge Dr,Indianapolis,IN,46237,107000,3,1,,1413,12602,1978,,76,,,,,http://www.redfin.com/IN/Indianapolis/5634-Riva-Ridge-Dr-46237/home/82312443,,,N,Y,39.7017594,-86.0692686
PAST SALE,November-15-2017,Single Family Residential,5407 Yucatan Dr,Indianapolis,IN,46237,100000,3,1,Franklin,1086,9278,1985,122,92,,Sold,,,http://www.redfin.com/IN/Indianapolis/5407-Yucatan-Dr-46237/home/82312527,MIBOR,21512112,N,Y,39.6911956,-86.0753563
PAST SALE,October-27-2017,Single Family Residential,8431 Welder Pl,Indianapolis,IN,46237,204500,4,2.5,Perry,2313,,2014,141,88,33,Sold,,,http://www.redfin.com/IN/Indianapolis/8431-Welder-Pl-46237/home/59989333,MIBOR,21502060,N,Y,39.6447254,-86.0912238
PAST SALE,November-30-2017,Single Family Residential,5409 Sleet Dr,Indianapolis,IN,46237,104000,3,1.5,Franklin,1576,10454,1975,107,66,,Sold,,,http://www.redfin.com/IN/Indianapolis/5409-Sleet-Dr-46237/home/60038628,MIBOR,21520305,N,Y,39.6883552,-86.0654857
PAST SALE,November-29-2017,Single Family Residential,3948 Jekyll Ct,Indianapolis,IN,46237,152500,3,2.5,Perry,1868,16988,1995,108,82,,Sold,,,http://www.redfin.com/IN/Indianapolis/3948-Jekyll-Ct-46237/home/60041317,MIBOR,21510488,N,Y,39.6842028,-86.0987258
PAST SALE,November-6-2017,Single Family Residential,4613 Lois Ln,Indianapolis,IN,46237,136000,3,2,Perry,1320,20908,1965,131,103,,Sold,,,http://www.redfin.com/IN/Indianapolis/4613-Lois-Ln-46237/home/60105900,MIBOR,21511626,N,Y,39.6904262,-86.0899302
PAST SALE,November-14-2017,Single Family Residential,5546 Hill Rise Dr,Indianapolis,IN,46237,149900,3,2.5,Franklin,1827,10890,1976,123,82,,Sold,,,http://www.redfin.com/IN/Indianapolis/5546-Hill-Rise-Dr-46237/home/60108813,MIBOR,21512885,N,Y,39.6997177,-86.0710497
PAST SALE,November-30-2017,Single Family Residential,4427 Cardamon Ct,Indianapolis,IN,46237,215000,4,2.5,Perry,2464,10890,1992,107,87,25,Sold,,,http://www.redfin.com/IN/Indianapolis/4427-Cardamon-Ct-46237/home/60111161,MIBOR,21513859,N,Y,39.6594128,-86.0927959
PAST SALE,November-7-2017,Single Family Residential,5902 Sly Fox Ln,Indianapolis,IN,46239,227000,3,2,Franklin,2444,8712,2014,130,93,25,Sold,,,http://www.redfin.com/IN/Indianapolis/5902-Sly-Fox-Ln-46237/home/60134529,MIBOR,21509483,N,Y,39.6568439,-86.0655255
PAST SALE,October-27-2017,Single Family Residential,6356 Muirfield Way,Indianapolis,IN,46237,142400,3,2,Franklin,1404,9583,1990,141,101,,Sold,,,http://www.redfin.com/IN/Indianapolis/6356-Muirfield-Way-46237/home/66824405,MIBOR,21513792,N,Y,39.6562039,-86.0561269
PAST SALE,October-31-2017,Single Family Residential,5543 Thompson Park Blvd,Indianapolis,IN,46237,160000,3,2.5,Franklin,1880,10018,2001,137,85,24,Sold,,,http://www.redfin.com/IN/Indianapolis/5543-Thompson-Park-Blvd-46237/home/66969349,MIBOR,21510224,N,Y,39.6870769,-86.0562463
PAST SALE,November-30-2017,Single Family Residential,6640 Heritage Hill Dr,Indianapolis,IN,46237,151865,3,2,Franklin,1572,6534,2007,107,97,24,Sold,,,http://www.redfin.com/IN/Indianapolis/6640-Heritage-Hill-Dr-46237/home/82298335,MIBOR,21476870,N,Y,39.6469117,-86.0510086
PAST SALE,October-26-2017,Single Family Residential,4025 Oak Trail Dr,Indianapolis,IN,46237,170000,2,2,Perry,1618,6534,2005,142,105,45,Sold,,,http://www.redfin.com/IN/Indianapolis/4025-Oak-Trail-Dr-46237/home/82297650,MIBOR,21512192,N,Y,39.6890564,-86.0976712
PAST SALE,November-20-2017,Single Family Residential,4350 Switchgrass Way,Indianapolis,IN,46237,169900,2,2,Perry,1414,5549,2016,117,120,105,Sold,,,http://www.redfin.com/IN/Indianapolis/4350-Switchgrass-Way-46237/home/106772970,MIBOR,21480591,N,Y,39.6897338,-86.092696
PAST SALE,November-29-2017,Single Family Residential,4134 Switchgrass Way,Indianapolis,IN,46237,164900,2,2,Perry,1447,,2016,108,114,105,Sold,,,http://www.redfin.com/IN/Indianapolis/4134-Switchgrass-Way-46237/home/106773086,MIBOR,21431827,N,Y,39.6896431,-86.0956336
PAST SALE,October-25-2017,Single Family Residential,8332 Welder Pl,Indianapolis,IN,46237,214000,3,2.5,Perry,2085,8424,2017,143,103,33,Sold,,,http://www.redfin.com/IN/Indianapolis/8332-Welder-Pl-46237/home/111930232,MIBOR,21477047,N,Y,39.6463475,-86.0918096
PAST SALE,October-20-2017,Single Family Residential,6714 Churchman Ave,Indianapolis,IN,46237,170000,3,2,Franklin,1757,25264,1970,148,97,,Sold,,,http://www.redfin.com/IN/Indianapolis/6714-Churchman-Ave-46237/home/66949350,MIBOR,21507027,N,Y,39.6996583,-86.0487979
PAST SALE,October-12-2017,Single Family Residential,4717 Plowman Dr,Indianapolis,IN,46237,220900,4,2.5,Franklin,3200,8712,2013,156,69,30,Sold,,,http://www.redfin.com/IN/Indianapolis/4717-Plowman-Dr-46237/home/82303373,MIBOR,21503613,N,Y,39.6989859,-86.0574412
PAST SALE,October-27-2017,Single Family Residential,5472 Padre Ln,Indianapolis,IN,46237,102900,3,1,Franklin,1016,7797,1982,141,101,,Sold,,,http://www.redfin.com/IN/Indianapolis/5472-Padre-Ln-46237/home/60107772,MIBOR,21503905,N,Y,39.6923955,-86.0743253
PAST SALE,October-27-2017,Single Family Residential,4549 Angelica Dr,Indianapolis,IN,46237,154500,3,2,Franklin,1769,7405,2013,141,87,29,Sold,,,http://www.redfin.com/IN/Indianapolis/4549-Angelica-Dr-46237/home/60052936,MIBOR,21512322,N,Y,39.7009344,-86.0579589
PAST SALE,September-28-2017,Single Family Residential,6331 Dokey Ln,Indianapolis,IN,46237,395553,3,3,Franklin,4641,8890,2017,170,85,,Sold,,,http://www.redfin.com/IN/Indianapolis/6331-Dokey-Ln-46237/home/82312711,MIBOR,21516802,N,Y,39.676049,-86.056901
PAST SALE,October-20-2017,Single Family Residential,5139 Waybridge Ln,Indianapolis,IN,46237,129000,2,2,Franklin,1417,4316,1998,148,91,180,Sold,,,http://www.redfin.com/IN/Indianapolis/5139-Waybridge-Ln-46237/home/82188353,MIBOR,21514649,N,Y,39.6723756,-86.0810983
PAST SALE,October-3-2017,Single Family Residential,5444 Pappas Dr,Indianapolis,IN,46237,97500,3,1.5,Franklin,1282,9801,1974,165,76,,Sold,,,http://www.redfin.com/IN/Indianapolis/5444-Pappas-Dr-46237/home/60020268,MIBOR,21518068,N,Y,39.6884377,-86.0726929
PAST SALE,October-20-2017,Single Family Residential,5257 Cactus Ct,Indianapolis,IN,46237,109000,3,2,Franklin,1226,8407,1978,148,89,,Sold,,,http://www.redfin.com/IN/Indianapolis/5257-Cactus-Ct-46237/home/60089209,MIBOR,21503111,N,Y,39.6874564,-86.0781748
PAST SALE,October-10-2017,Single Family Residential,4552 Marshall Dr,Indianapolis,IN,46237,140000,2,2,Franklin,1506,6229,2003,158,93,45,Sold,,,http://www.redfin.com/IN/Indianapolis/4552-Marshall-Dr-46237/home/60119649,MIBOR,21511169,N,Y,39.7009884,-86.059552
PAST SALE,October-20-2017,Single Family Residential,8043 Southern Trails Pl,Indianapolis,IN,46237,150000,3,2,Franklin,1402,8276,1998,148,107,17,Sold,,,http://www.redfin.com/IN/Indianapolis/8043-Southern-Trails-Pl-46237/home/67053734,MIBOR,21514478,N,Y,39.6505527,-86.0544939
PAST SALE,October-20-2017,Single Family Residential,6330 Olympic Ct,Indianapolis,IN,46237,160000,4,2.5,Franklin,1994,8058,1999,148,80,24,Sold,,,http://www.redfin.com/IN/Indianapolis/6330-Olympic-Ct-46237/home/67087698,MIBOR,21514165,N,Y,39.6943031,-86.0569632
PAST SALE,October-6-2017,Single Family Residential,6551 Churchman Ave,Indianapolis,IN,46237,164900,3,2,Franklin,2040,45302,1972,162,81,,Sold,,,http://www.redfin.com/IN/Indianapolis/6551-Churchman-Ave-46237/home/82185993,MIBOR,21507489,N,Y,39.6999165,-86.0519393
PAST SALE,October-19-2017,Single Family Residential,4359 Switchgrass Way,Indianapolis,IN,46237,219900,3,2,Perry,1942,,2017,149,113,105,Sold,,,http://www.redfin.com/IN/Indianapolis/4359-Switchgrass-Way-46237/home/106773016,MIBOR,21478668,N,Y,39.6893082,-86.0924711
PAST SALE,,Single Family Residential,5218 Palisade Ct,Indianapolis,IN,46237,95900,3,,,1064,24873,1982,,90,,,,,http://www.redfin.com/IN/Indianapolis/5218-Palisade-Ct-46237/home/82312518,,,N,Y,39.690275,-86.0793256
PAST SALE,November-1-2017,Single Family Residential,8305 Southern Springs Dr,Indianapolis,IN,46237,139900,3,2,Franklin,1418,6804,1996,136,99,16,Sold,,,http://www.redfin.com/IN/Indianapolis/8305-Southern-Springs-Dr-46237/home/82187890,MIBOR,21514950,N,Y,39.647107,-86.067524
PAST SALE,October-10-2017,Single Family Residential,4311 Arlington Cir,Indianapolis,IN,46237,145000,3,2.5,Franklin,1696,7405,1993,158,85,13,Sold,,,http://www.redfin.com/IN/Indianapolis/4311-Arlington-Cir-46237/home/60016789,MIBOR,21491215,N,Y,39.7040046,-86.0630964
PAST SALE,November-3-2017,Single Family Residential,8159 Amarillo Dr,Indianapolis,IN,46237,143000,3,2,Franklin,1272,6969,1998,134,112,18,Sold,,,http://www.redfin.com/IN/Indianapolis/8159-Amarillo-Dr-46237/home/60019772,MIBOR,21513445,N,Y,39.6495649,-86.0580187
PAST SALE,October-31-2017,Single Family Residential,6316 Jakes Pl,Indianapolis,IN,46237,149000,4,2.5,Franklin,2118,8276,2000,137,70,15,Sold,,,http://www.redfin.com/IN/Indianapolis/6316-Jakes-Pl-46237/home/60055604,MIBOR,21511785,N,Y,39.6542007,-86.0576005
PAST SALE,October-27-2017,Single Family Residential,6833 Millbrook Cir,Indianapolis,IN,46237,164900,4,2,Franklin,1996,8712,1999,141,83,23,Sold,,,http://www.redfin.com/IN/Indianapolis/6833-Millbrook-Cir-46237/home/60066059,MIBOR,21514345,N,Y,39.6678414,-86.0467663
PAST SALE,October-30-2017,Single Family Residential,5532 Glen Canyon Dr,Indianapolis,IN,46237,128000,3,2,Franklin,1249,7840,2001,138,102,,Sold,,,http://www.redfin.com/IN/Indianapolis/5532-Glen-Canyon-Dr-46237/home/67007405,MIBOR,21511849,N,Y,39.6873925,-86.0584369
PAST SALE,October-31-2017,Single Family Residential,5437 Pappas Dr,Indianapolis,IN,46237,134900,3,1.5,Franklin,1864,8276,1976,137,72,,Sold,,,http://www.redfin.com/IN/Indianapolis/5437-Pappas-Dr-46237/home/82186021,MIBOR,21510990,N,Y,39.6886624,-86.0722376
PAST SALE,October-27-2017,Single Family Residential,6252 Glenshire Ln,Indianapolis,IN,46237,164900,3,2,Franklin,1528,10428,1989,141,108,,Sold,,,http://www.redfin.com/IN/Indianapolis/6252-Glenshire-Ln-46237/home/82187519,MIBOR,21509783,N,Y,39.6599602,-86.0588749
PAST SALE,October-27-2017,Single Family Residential,7618 Teasel Ct,Indianapolis,IN,46237,199900,4,2.5,Perry,2322,12196,1994,141,86,25,Sold,,,http://www.redfin.com/IN/Indianapolis/7618-Teasel-Ct-46237/home/82213786,MIBOR,21504887,N,Y,39.6559499,-86.0879198
PAST SALE,October-31-2017,Single Family Residential,5150 Mesa Verde Dr,Indianapolis,IN,46237,111750,3,2,Franklin,1390,7187,1999,137,80,24,Sold,,,http://www.redfin.com/IN/Indianapolis/5150-Mesa-Verde-Dr-46237/home/82276611,MIBOR,21516943,N,Y,39.6923433,-86.054932
PAST SALE,October-23-2017,Single Family Residential,7154 Bruin Dr,Indianapolis,IN,46237,184000,4,2.5,Franklin,3540,9104,2005,145,52,30,Sold,,,http://www.redfin.com/IN/Indianapolis/7154-Bruin-Dr-46237/home/82297012,MIBOR,21500444,N,Y,39.6639036,-86.0517057
PAST SALE,November-6-2017,Single Family Residential,8359 Andrusia Ln,Indianapolis,IN,46237,187000,3,2.5,Perry,2488,7535,2002,131,75,25,Sold,,,http://www.redfin.com/IN/Indianapolis/8359-Andrusia-Ln-46237/home/60046426,MIBOR,21511078,N,Y,39.6450896,-86.099084
PAST SALE,October-27-2017,Single Family Residential,6859 Flick Dr,Indianapolis,IN,46237,195000,4,2.5,Franklin,2428,9321,2001,141,80,28,Sold,,,http://www.redfin.com/IN/Indianapolis/6859-Flick-Dr-46237/home/60060706,MIBOR,21507123,N,Y,39.6447633,-86.0470252
PAST SALE,October-9-2017,Single Family Residential,6910 Shelbyville Rd,Indianapolis,IN,46237,190000,3,2,Franklin,1643,27442,1976,159,116,,Sold,,,http://www.redfin.com/IN/Indianapolis/6910-Shelbyville-Rd-46237/home/60118950,MIBOR,21518177,N,Y,39.6638418,-86.0463281
PAST SALE,November-3-2017,Single Family Residential,6634 Frankenberger Dr,Indianapolis,IN,46237,164900,4,2.5,Franklin,1779,9583,1999,134,93,28,Sold,,,http://www.redfin.com/IN/Indianapolis/6634-Frankenberger-Dr-46237/home/60150175,MIBOR,21509331,N,Y,39.6427988,-86.0514269
PAST SALE,November-6-2017,Single Family Residential,6103 Miller Woods Ln,Indianapolis,IN,46237,124900,3,2,Franklin,1411,7840,1993,131,89,13,Sold,,,http://www.redfin.com/IN/Indianapolis/6103-Miller-Woods-Ln-46237/home/82187518,MIBOR,21520889,N,Y,39.7036999,-86.0612247
PAST SALE,October-27-2017,Single Family Residential,5470 Meckes Ln,Indianapolis,IN,46237,147000,5,2.5,Franklin,1946,11586,1974,141,76,,Sold,,,http://www.redfin.com/IN/Indianapolis/5470-Meckes-Ln-46237/home/67001631,MIBOR,21511069,N,Y,39.6879169,-86.0679944
PAST SALE,October-30-2017,Single Family Residential,4042 Todd Rd,Indianapolis,IN,46237,139000,4,2,Perry,2260,16552,1966,138,62,,Sold,,,http://www.redfin.com/IN/Indianapolis/4042-Todd-Rd-46237/home/59994315,MIBOR,21467601,N,Y,39.6436083,-86.0969041
PAST SALE,November-1-2017,Single Family Residential,6527 Muirfield Way,Indianapolis,IN,46237,124900,4,2,Franklin,1872,15245,1977,136,67,,Sold,,,http://www.redfin.com/IN/Indianapolis/6527-Muirfield-Way-46237/home/66980003,MIBOR,21513357,N,Y,39.6557806,-86.0531396
PAST SALE,November-3-2017,Single Family Residential,4832 Blackstone Dr,Indianapolis,IN,46237,217500,3,3.5,Perry,3125,14679,1998,134,70,17,Sold,,,http://www.redfin.com/IN/Indianapolis/4832-Blackstone-Dr-46237/home/82214698,MIBOR,21486776,N,Y,39.6851247,-86.0854323
PAST SALE,November-3-2017,Single Family Residential,8356 Andrusia Ln,Indianapolis,IN,46237,190000,4,2.5,Perry,2749,6098,2004,134,69,34,Sold,,,http://www.redfin.com/IN/Indianapolis/8356-Andrusia-Ln-46237/home/82330108,MIBOR,21507059,N,Y,39.6452472,-86.0995814
PAST SALE,December-22-2017,Single Family Residential,8347 Penbrooke Pl,Indianapolis,IN,46237,214000,4,2.5,Perry,2201,7405,2017,85,97,33,Sold,,,http://www.redfin.com/IN/Indianapolis/8347-Penbrooke-Pl-46237/home/113965314,MIBOR,21494358,N,Y,39.643593,-86.089948
PAST SALE,January-25-2018,Single Family Residential,7422 Troon Dr,Indianapolis,IN,46237,140000,3,2,Franklin,2106,15028,1979,51,66,,Sold,,,http://www.redfin.com/IN/Indianapolis/7422-Troon-Dr-46237/home/82186351,MIBOR,21517253,N,Y,39.6597786,-86.0529206
PAST SALE,March-16-2018,Single Family Residential,7419 S Sherman Dr,Indianapolis,IN,46237,140000,3,1.5,Perry,1323,20473,1967,1,106,,Sold,,,http://www.redfin.com/IN/Indianapolis/7419-S-Sherman-Dr-46237/home/60099308,MIBOR,21544610,N,Y,39.6587418,-86.1011658
PAST SALE,February-20-2018,Single Family Residential,2311 E Werges Ave,Indianapolis,IN,46237,30000,2,1,Perry,624,10018,1934,25,48,,Sold,,,http://www.redfin.com/IN/Indianapolis/2311-E-Werges-Ave-46237/home/82315378,MIBOR,21510188,N,Y,39.7173786,-86.1212206
PAST SALE,March-16-2018,Single Family Residential,1913 Knox St,Indianapolis,IN,46237,67500,3,1,Perry,912,6011,1956,1,74,,Sold,,,http://www.redfin.com/IN/Indianapolis/1913-Knox-St-46237/home/82207306,MIBOR,21527346,N,Y,39.7220005,-86.1271099
PAST SALE,January-12-2018,Single Family Residential,5941 Edelle Dr,Indianapolis,IN,46237,182000,3,2.5,Franklin,1990,7448,2014,64,91,31,Sold,,,http://www.redfin.com/IN/Indianapolis/5941-Edelle-Dr-46237/home/59985155,MIBOR,21495709,N,Y,39.6535375,-86.0640961
PAST SALE,January-22-2018,Single Family Residential,4926 Royal Orbit Ct,Indianapolis,IN,46237,148000,4,2.5,Franklin,1885,10454,1974,54,79,,Sold,,,http://www.redfin.com/IN/Indianapolis/4926-Royal-Orbit-Ct-46237/home/82185740,MIBOR,21524929,N,Y,39.6955604,-86.0714142
PAST SALE,February-12-2018,Single Family Residential,6328 Rod Ct,Indianapolis,IN,46237,323700,4,2.5,Franklin,4135,11325,2017,33,78,,Sold,,,http://www.redfin.com/IN/Indianapolis/6328-S-Rod-Ct-46237/home/60175309,MIBOR,21513983,N,Y,39.676157,-86.056448
PAST SALE,February-20-2018,Single Family Residential,4632 Plowman Dr,Indianapolis,IN,46237,156000,3,2.5,Franklin,1677,7405,2011,25,93,30,Sold,,,http://www.redfin.com/IN/Indianapolis/4632-Plowman-Dr-46237/home/60109568,MIBOR,21530347,N,Y,39.7001002,-86.0570827
PAST SALE,December-18-2017,Single Family Residential,5548 Glen Canyon Dr,Indianapolis,IN,46237,127000,3,2,Franklin,1245,10062,2001,89,102,24,Sold,,,http://www.redfin.com/IN/Indianapolis/5548-Glen-Canyon-Dr-46237/home/82276509,MIBOR,21524164,N,Y,39.6870096,-86.0584169
PAST SALE,February-16-2018,Single Family Residential,5823 Sly Fox Ln,Indianapolis,IN,46237,240000,3,2.5,Franklin,2201,8842,2015,29,109,25,Sold,,,http://www.redfin.com/IN/Indianapolis/5823-Sly-Fox-Ln-46237/home/82285730,MIBOR,21541363,N,Y,39.6563999,-86.0666803
PAST SALE,February-23-2018,Single Family Residential,5737 Misty Ridge Dr,Indianapolis,IN,46237,109900,2,1,Franklin,1018,4356,1997,22,108,60,Sold,,,http://www.redfin.com/IN/Indianapolis/5737-Misty-Ridge-Dr-46237/home/82312747,MIBOR,21529820,N,Y,39.68405,-86.071096
PAST SALE,February-26-2018,Single Family Residential,6252 E Southport Rd,Indianapolis,IN,46237,77000,2,1,Franklin,2160,30056,1948,19,36,,Sold,,,http://www.redfin.com/IN/Indianapolis/6252-E-Southport-Rd-46237/home/82312218,MIBOR,21519480,N,Y,39.6668012,-86.0579291
PAST SALE,February-28-2018,Single Family Residential,6520 Kentland Dr,Indianapolis,IN,46237,187500,4,2.5,Franklin,2024,9787,1999,17,93,23,Sold,,,http://www.redfin.com/IN/Indianapolis/6520-Kentland-Dr-46237/home/82282101,MIBOR,21539947,N,Y,39.6737043,-86.047563
PAST SALE,December-29-2017,Single Family Residential,6815 Amber Springs Way,Indianapolis,IN,46237,154000,3,2.5,Franklin,2035,7797,2002,78,76,25,Sold,,,http://www.redfin.com/IN/Indianapolis/6815-Amber-Springs-Way-46237/home/60047424,MIBOR,21518297,N,Y,39.6741485,-86.0476028
PAST SALE,February-21-2018,Single Family Residential,5333 Padre Ln,Indianapolis,IN,46237,80250,4,1.5,Franklin,1868,11064,1984,24,43,,Sold,,,http://www.redfin.com/IN/Indianapolis/5333-Padre-Ln-46237/home/60146877,MIBOR,21525642,N,Y,39.6919753,-86.0772239
PAST SALE,January-2-2018,Single Family Residential,4652 Deacon Ln,Indianapolis,IN,46237,151000,3,2,Franklin,1812,7501,2014,74,83,29,Sold,,,http://www.redfin.com/IN/Indianapolis/4652-Deacon-Ln-46237/home/82303496,MIBOR,21517279,N,Y,39.6992136,-86.0558481
PAST SALE,,Single Family Residential,8322 Southern Springs Dr,Indianapolis,IN,46237,161513,3,1,,1400,7244,1996,,115,,,,,http://www.redfin.com/IN/Indianapolis/8322-Southern-Springs-Dr-46237/home/82312637,,,N,Y,39.6465403,-86.0679944
PAST SALE,March-15-2018,Single Family Residential,6136 Tree Fox Pl,Indianapolis,IN,46237,335900,3,2,Franklin,4636,12196,2017,2,72,20,Sold,,,http://www.redfin.com/IN/Indianapolis/6136-Tree-Fox-Pl-46237/home/111930220,MIBOR,21519952,N,Y,39.6787711,-86.0759872
PAST SALE,March-13-2018,Single Family Residential,5850 Skipping Stone Dr,Indianapolis,IN,46237,195000,3,2.5,Franklin,2849,9147,2004,4,68,21,Sold,,,http://www.redfin.com/IN/Indianapolis/5850-Skipping-Stone-Dr-46237/home/67010765,MIBOR,21541061,N,Y,39.6827789,-86.0481605
PAST SALE,December-29-2017,Single Family Residential,8312 Fieldfare Way,Indianapolis,IN,46237,192500,4,2.5,Perry,3391,6882,2003,78,57,34,Sold,,,http://www.redfin.com/IN/Indianapolis/8312-Fieldfare-Way-46237/home/82330232,MIBOR,21508165,N,Y,39.6462386,-86.0985268
PAST SALE,September-19-2017,Single Family Residential,5232 Heathwood Dr,Indianapolis,IN,46237,137000,3,2,Franklin,1306,8280,1985,179,105,,Sold,,,http://www.redfin.com/IN/Indianapolis/5232-Heathwood-Dr-46237/home/82288374,MIBOR,21505823,N,Y,39.6462204,-86.0789742
PAST SALE,February-26-2018,Single Family Residential,4306 E Cragmont Dr,Indianapolis,IN,46237,144000,3,2,Perry,1472,24219,1970,19,98,,Sold,,,http://www.redfin.com/IN/Indianapolis/4306-E-Cragmont-Dr-46237/home/82316358,MIBOR,21539737,N,Y,39.676001,-86.0941491
PAST SALE,February-28-2018,Single Family Residential,4623 Creighton Ln,Indianapolis,IN,46237,190000,3,2.5,Perry,2144,7840,2016,17,89,33,Sold,,,http://www.redfin.com/IN/Indianapolis/4623-Creighton-Ln-46237/home/82303648,MIBOR,21440504,N,Y,39.6438758,-86.0893001
PAST SALE,March-2-2018,Single Family Residential,6549 Moss Creek Pl,Indianapolis,IN,46237,275000,3,2.5,Perry,3036,11325,1992,15,91,18,Sold,,,http://www.redfin.com/IN/Indianapolis/6549-Moss-Creek-Pl-46237/home/82214038,MIBOR,21541365,N,Y,39.6714184,-86.0931143
PAST SALE,March-13-2018,Single Family Residential,3930 E Edgewood Ave,Indianapolis,IN,46237,97000,3,2,Perry,1188,20211,1961,4,82,,Sold,,,http://www.redfin.com/IN/Indianapolis/3930-E-Edgewood-Ave-46237/home/82209135,MIBOR,21548933,N,Y,39.6805249,-86.0982393
PAST SALE,January-26-2018,Single Family Residential,5219 Padre Ln,Indianapolis,IN,46237,73000,3,1.5,Franklin,1384,20255,1982,50,53,,Sold,,,http://www.redfin.com/IN/Indianapolis/5219-Padre-Ln-46237/home/82187150,MIBOR,21529913,N,Y,39.6918395,-86.0794651
PAST SALE,January-12-2018,Single Family Residential,4645 Creighton Ln,Indianapolis,IN,46237,223000,3,2.5,Perry,2156,8712,2015,64,103,33,Sold,,,http://www.redfin.com/IN/Indianapolis/4645-Creighton-Ln-46237/home/82303652,MIBOR,21512904,N,Y,39.6439252,-86.0883779
PAST SALE,December-11-2017,Single Family Residential,6121 S Arlington Ave,Indianapolis,IN,46237,290000,4,4,Franklin,2000,156816,1920,96,145,,Sold,,,http://www.redfin.com/IN/Indianapolis/6121-S-Arlington-Ave-46237/home/60012219,MIBOR,21514752,N,Y,39.679187,-86.062247
PAST SALE,November-13-2017,Single Family Residential,8244 Crosser Cir,Indianapolis,IN,46237,169000,4,2.5,Franklin,2317,8886,1999,124,73,18,Sold,,,http://www.redfin.com/IN/Indianapolis/8244-Crosser-Dr-46237/home/82329385,MIBOR,21506892,N,Y,39.6476667,-86.0550745
PAST SALE,December-15-2017,Single Family Residential,7250 Feather Run Cir,Indianapolis,IN,46237,175000,4,2.5,Franklin,2361,7840,2001,92,74,29,Sold,,,http://www.redfin.com/IN/Indianapolis/7250-Feather-Run-Cir-46237/home/60013503,MIBOR,21524059,N,Y,39.6620734,-86.0582775
PAST SALE,December-14-2017,Single Family Residential,6811 Emerald Bay Ln,Indianapolis,IN,46237,150000,3,2,Franklin,1416,7666,2005,93,106,25,Sold,,,http://www.redfin.com/IN/Indianapolis/6811-Emerald-Bay-Ln-46237/home/60021121,MIBOR,21520509,N,Y,39.7017714,-86.0482402
PAST SALE,November-15-2017,Single Family Residential,5246 Waterton Lakes Dr,Indianapolis,IN,46237,136500,3,2.5,Franklin,1672,7405,1999,122,82,,Sold,,,http://www.redfin.com/IN/Indianapolis/5246-Waterton-Lakes-Dr-46237/home/60026725,MIBOR,21516933,N,Y,39.6911086,-86.0585663
PAST SALE,December-15-2017,Single Family Residential,6514 Frankenberger Dr,Indianapolis,IN,46237,159900,3,2.5,Franklin,1982,12632,2002,92,81,28,Sold,,,http://www.redfin.com/IN/Indianapolis/6514-Frankenberger-Dr-46237/home/60153477,MIBOR,21514270,N,Y,39.6432784,-86.0536973
PAST SALE,December-19-2017,Single Family Residential,6946 Rose Tree Ct,Indianapolis,IN,46239,136500,3,2,Franklin,1247,9583,2000,88,109,25,Sold,,,http://www.redfin.com/IN/Indianapolis/6946-Rose-Tree-Ct-46237/home/67100832,MIBOR,21523476,N,Y,39.6973186,-86.0450533
PAST SALE,December-15-2017,Single Family Residential,5729 Spring Mist Cir,Indianapolis,IN,46237,135000,2,2,Franklin,1365,5227,1999,92,99,62,Sold,,,http://www.redfin.com/IN/Indianapolis/5729-Spring-Mist-Cir-46237/home/82273203,MIBOR,21521991,N,Y,39.6844117,-86.0791148
PAST SALE,October-30-2017,Single Family Residential,6404 Fiesta St,Indianapolis,IN,46237,206000,4,2.5,Franklin,3117,9496,2003,138,66,19,Sold,,,http://www.redfin.com/IN/Indianapolis/6404-Fiesta-St-46237/home/60039486,MIBOR,21507406,N,Y,39.6829954,-86.0557286
PAST SALE,December-11-2017,Single Family Residential,3823 Amigo Ave,Indianapolis,IN,46237,214000,3,3,Perry,2940,20908,1974,96,73,,Sold,,,http://www.redfin.com/IN/Indianapolis/3823-Amigo-Ave-46237/home/66844103,MIBOR,21514861,N,Y,39.6672954,-86.1009941
PAST SALE,December-5-2017,Single Family Residential,7926 Rock Rose Ct,Indianapolis,IN,46237,158000,4,2.5,Perry,2430,11238,1994,102,65,,Sold,,,http://www.redfin.com/IN/Indianapolis/7926-Rock-Rose-Ct-46237/home/82214162,MIBOR,21505425,N,Y,39.6519363,-86.0883546
PAST SALE,December-4-2017,Single Family Residential,4109 Switchgrass Way,Indianapolis,IN,46237,168100,2,2,Perry,1441,,2017,103,117,105,Sold,,,http://www.redfin.com/IN/Indianapolis/4109-Switchgrass-Way-46237/home/106772878,MIBOR,21478684,N,Y,39.689113,-86.0963294
PAST SALE,January-24-2018,Single Family Residential,5856 Riva Ridge Dr,Indianapolis,IN,46237,152000,4,2.5,Franklin,1861,13068,1974,52,82,,Sold,,,http://www.redfin.com/IN/Indianapolis/5856-Riva-Ridge-Dr-46237/home/60072179,MIBOR,21526973,N,Y,39.7018233,-86.065207
PAST SALE,,Single Family Residential,4402 Cardinal Dr,Indianapolis,IN,46237,80500,3,1,,1675,15682,1972,,48,,,,,http://www.redfin.com/IN/Indianapolis/4402-Cardinal-Dr-46237/home/82208421,,,N,Y,39.6744058,-86.0933919
PAST SALE,January-26-2018,Single Family Residential,5550 Rum Cherry Way,Indianapolis,IN,46237,190000,5,2.5,Perry,3446,15115,1996,50,55,,Sold,,,http://www.redfin.com/IN/Indianapolis/5550-Rum-Cherry-Way-46237/home/82214438,MIBOR,21523743,N,Y,39.6858895,-86.1022277
PAST SALE,March-6-2018,Single Family Residential,6106 Spire Pl,Indianapolis,IN,46237,136000,4,2.5,Franklin,1544,11238,1997,11,88,13,Sold,,,http://www.redfin.com/IN/Indianapolis/6106-Spire-Pl-46237/home/60055689,MIBOR,21541722,N,Y,39.7075266,-86.061384
PAST SALE,January-19-2018,Single Family Residential,5526 Yeager Ct,Indianapolis,IN,46237,146000,4,2,Franklin,2040,8712,1974,57,72,,Sold,,,http://www.redfin.com/IN/Indianapolis/5526-Yeager-Ct-46237/home/60083445,MIBOR,21525898,N,Y,39.6870397,-86.0670387
PAST SALE,March-6-2018,Single Family Residential,5523 Gateridge Ln,Indianapolis,IN,46237,97500,2,1,Franklin,1202,1742,2000,11,81,115,Sold,,,http://www.redfin.com/IN/Indianapolis/5523-Gateridge-Ln-46237/unit-14/home/82276978,MIBOR,21542307,N,Y,39.6870271,-86.0797794
PAST SALE,February-28-2018,Single Family Residential,5643 Apple Branch Way,Indianapolis,IN,46237,154000,3,2,Franklin,1502,9757,2003,17,103,34,Sold,,,http://www.redfin.com/IN/Indianapolis/5643-Apple-Branch-Way-46237/home/66990804,MIBOR,21539530,N,Y,39.6860265,-86.054932
PAST SALE,March-6-2018,Single Family Residential,5324 Helena Ave,Indianapolis,IN,46237,110000,3,1,Perry,1220,15115,1955,11,90,,Sold,,,http://www.redfin.com/IN/Indianapolis/5324-Helena-Ave-46237/home/82207010,MIBOR,21540678,N,Y,39.6897395,-86.0898506
PAST SALE,March-15-2018,Single Family Residential,7028 Lavender Ct,Indianapolis,IN,46237,205000,3,2,Franklin,1754,11761,1999,2,117,30,Sold,,,http://www.redfin.com/IN/Indianapolis/7028-Lavender-Ct-46237/home/60093917,MIBOR,21551150,N,Y,39.665193,-86.0719762
PAST SALE,September-29-2017,Single Family Residential,6067 Blue Fox Ln,Indianapolis,IN,46237,224900,3,2,Franklin,1822,7056,2017,169,123,20,Sold,,,http://www.redfin.com/IN/Indianapolis/6067-Blue-Fox-Ln-46237/home/82297152,MIBOR,21500395,N,Y,39.679703,-86.074135
PAST SALE,September-26-2017,Single Family Residential,6235 Buck Trail Rd,Indianapolis,IN,46237,323765,4,2.5,Franklin,3735,8624,2017,172,87,,Sold,,,http://www.redfin.com/IN/Indianapolis/6235-Buck-Trail-Rd-46237/home/60175320,MIBOR,21515231,N,Y,39.676038,-86.05841
PAST SALE,September-29-2017,Single Family Residential,5610 Skipping Stone Dr,Indianapolis,IN,46237,189500,3,2.5,Franklin,3036,9583,2003,169,62,21,Sold,,,http://www.redfin.com/IN/Indianapolis/5610-Skipping-Stone-Dr-46237/home/60006694,MIBOR,21503558,N,Y,39.6866297,-86.0489234
PAST SALE,October-2-2017,Single Family Residential,8261 Crosser Cir,Indianapolis,IN,46237,129000,3,2,Franklin,1211,6534,1999,166,107,18,Sold,,,http://www.redfin.com/IN/Indianapolis/8261-Crosser-Cir-46237/home/82273297,MIBOR,21510526,N,Y,39.6475668,-86.0554896
PAST SALE,September-22-2017,Single Family Residential,7902 Valley Stream Dr,Indianapolis,IN,46237,125000,3,2,Perry,2061,9104,2001,176,61,19,Sold,,,http://www.redfin.com/IN/Indianapolis/7902-Valley-Stream-Dr-46237/home/82277198,MIBOR,21507394,N,Y,39.65241,-86.0916417
PAST SALE,September-20-2017,Single Family Residential,6527 Southern Ridge Dr,Indianapolis,IN,46237,189000,4,2.5,Franklin,2326,7013,2000,178,81,24,Sold,,,http://www.redfin.com/IN/Indianapolis/6527-Southern-Ridge-Dr-46237/home/82329996,MIBOR,21502624,N,Y,39.6494211,-86.0531795
PAST SALE,September-25-2017,Single Family Residential,6535 Woodford Ln,Indianapolis,IN,46237,144000,3,2.5,Franklin,1938,15799,1980,173,74,,Sold,,,http://www.redfin.com/IN/Indianapolis/6535-Woodford-Ln-46237/home/60017057,MIBOR,21504771,N,Y,39.672419,-86.0523828
PAST SALE,,Single Family Residential,6714 Troon Way,Indianapolis,IN,46237,141000,3,,,1584,10001,1978,,89,,,,,http://www.redfin.com/IN/Indianapolis/6714-Troon-Way-46237/home/60020664,,,N,Y,39.6607393,-86.0497937
PAST SALE,September-20-2017,Single Family Residential,4819 Whirlaway Dr,Indianapolis,IN,46237,148000,4,2.5,Franklin,2730,13677,1976,178,54,,Sold,,,http://www.redfin.com/IN/Indianapolis/4819-Whirlaway-Dr-46237/home/60121663,MIBOR,21506179,N,Y,39.6975249,-86.0713391
PAST SALE,September-29-2017,Single Family Residential,7383 Poppyseed Dr,Indianapolis,IN,46237,203000,4,2.5,Perry,1848,13503,1992,169,110,25,Sold,,,http://www.redfin.com/IN/Indianapolis/7383-Poppyseed-Dr-46237/home/60076869,MIBOR,21509715,N,Y,39.659911,-86.0896574
PAST SALE,September-29-2017,Single Family Residential,8330 Penbrooke Pl,Indianapolis,IN,46237,235000,4,2.5,Perry,2263,7801,2017,169,104,33,Sold,,,http://www.redfin.com/IN/Indianapolis/8330-Penbrooke-Pl-46237/home/113616164,MIBOR,21478221,N,Y,39.643593,-86.089948
PAST SALE,October-20-2017,Single Family Residential,5743 Somers Dr,Indianapolis,IN,46237,125000,3,1.5,Franklin,1484,8712,1973,148,84,,Sold,,,http://www.redfin.com/IN/Indianapolis/5743-Somers-Dr-46237/home/66812632,MIBOR,21511019,N,Y,39.6857669,-86.0674767
PAST SALE,September-21-2017,Single Family Residential,6705 Revere Ln,Indianapolis,IN,46237,176000,4,2.5,Franklin,2488,22956,1981,177,71,,Sold,,,http://www.redfin.com/IN/Indianapolis/6705-Revere-Ln-46237/home/82312485,MIBOR,21500912,N,Y,39.6699607,-86.0501038
PAST SALE,November-6-2017,Single Family Residential,6157 Blue Fox Ln,Indianapolis,IN,46237,230500,3,2,Franklin,1784,9147,2017,131,129,20,Sold,,,http://www.redfin.com/IN/Indianapolis/6157-Blue-Fox-Ln-46237/home/111930214,MIBOR,21479883,N,Y,39.6784865,-86.0735307
PAST SALE,October-26-2017,Single Family Residential,6661 Harvest Ridge Ct,Indianapolis,IN,46237,159900,4,2,Franklin,1670,7840,2002,142,96,24,Sold,,,http://www.redfin.com/IN/Indianapolis/6661-Harvest-Ridge-Ct-46237/home/60093380,MIBOR,21513907,N,Y,39.6508162,-86.0503912
PAST SALE,September-18-2017,Single Family Residential,6050 First Lady Blvd,Indianapolis,IN,46237,240000,3,2.5,Franklin,2094,12632,1989,180,115,6,Sold,,,http://www.redfin.com/IN/Indianapolis/6050-First-Lady-Blvd-46237/home/66962763,MIBOR,21501454,N,Y,39.6793413,-86.0645798
PAST SALE,September-20-2017,Single Family Residential,6728 Valley Forge Ln,Indianapolis,IN,46237,165000,3,2.5,Franklin,3720,20908,1984,178,44,,Sold,,,http://www.redfin.com/IN/Indianapolis/6728-Valley-Forge-Ln-46237/home/82279535,MIBOR,21501626,N,Y,39.6696452,-86.0536992
PAST SALE,October-20-2017,Single Family Residential,5206 Gringo Dr,Indianapolis,IN,46237,100000,3,1.5,Franklin,912,7666,1978,148,110,,Sold,,,http://www.redfin.com/IN/Indianapolis/5206-Gringo-Dr-46237/home/60035763,MIBOR,21513097,N,Y,39.6918334,-86.0707815
PAST SALE,September-25-2017,Single Family Residential,4611 Riva Ridge Ct,Indianapolis,IN,46237,137000,3,2,Franklin,1461,9713,1978,173,94,,Sold,,,http://www.redfin.com/IN/Indianapolis/4611-Riva-Ridge-Ct-46237/home/66940737,MIBOR,21501908,N,Y,39.7001168,-86.0694677
PAST SALE,October-17-2017,Single Family Residential,5256 Heathwood Dr,Indianapolis,IN,46237,139900,3,2,Franklin,1324,10580,1985,151,106,,Sold,,,http://www.redfin.com/IN/Indianapolis/5256-Heathwood-Dr-46237/home/82186482,MIBOR,21511271,N,Y,39.6459798,-86.0781086
PAST SALE,October-20-2017,Single Family Residential,6748 Smithfield Blvd,Indianapolis,IN,46237,157000,3,2.5,Franklin,1603,5662,1999,148,98,29,Sold,,,http://www.redfin.com/IN/Indianapolis/6748-Smithfield-Blvd-46237/home/59988733,MIBOR,21513568,N,Y,39.6428372,-86.048997
PAST SALE,October-18-2017,Single Family Residential,8042 Southern Trails Pl,Indianapolis,IN,46237,130000,3,2,Franklin,1410,7405,1997,150,92,18,Sold,,,http://www.redfin.com/IN/Indianapolis/8042-Southern-Trails-Pl-46237/home/67017805,MIBOR,21496009,N,Y,39.6505118,-86.0550714
PAST SALE,October-23-2017,Single Family Residential,4241 Switchgrass Way,Indianapolis,IN,46237,210115,3,2,Perry,1739,7405,2017,145,121,200,Sold,,,http://www.redfin.com/IN/Indianapolis/4241-Switchgrass-Way-46237/home/106773121,MIBOR,21523123,N,Y,39.6892525,-86.0942232
PAST SALE,November-13-2017,Single Family Residential,3204 S Parker Ave,Indianapolis,IN,46237,36000,3,1,Perry,2870,30622,1945,124,13,,Sold,,,http://www.redfin.com/IN/Indianapolis/3204-S-Parker-Ave-46237/home/82211271,MIBOR,21518843,N,Y,39.7190889,-86.1139479
PAST SALE,October-20-2017,Single Family Residential,7922 S Sherman Dr,Indianapolis,IN,46237,125000,3,1.5,Perry,1176,10890,1975,148,106,,Sold,,,http://www.redfin.com/IN/Indianapolis/7922-S-Sherman-Dr-46237/home/66862643,MIBOR,21511330,N,Y,39.6518639,-86.10179
PAST SALE,December-8-2017,Single Family Residential,7807 Valley Stream Dr,Indianapolis,IN,46237,160000,3,2,Perry,2063,9757,2003,99,78,18,Sold,,,http://www.redfin.com/IN/Indianapolis/7807-Valley-Stream-Dr-46237/home/82295531,MIBOR,21520623,N,Y,39.653673,-86.0910687
PAST SALE,October-4-2017,Single Family Residential,6623 Stonepointe Way,Indianapolis,IN,46259,247000,3,2,Franklin,1780,6969,2007,164,139,167,Sold,,,http://www.redfin.com/IN/Indianapolis/6623-Stone-Pointe-Way-46237/home/66806148,MIBOR,21485714,N,Y,39.6718274,-86.0450334
PAST SALE,October-6-2017,Single Family Residential,7653 Gordon Way,Indianapolis,IN,46237,127000,3,2.5,Franklin,1508,10001,1978,162,84,,Sold,,,http://www.redfin.com/IN/Indianapolis/7653-Gordon-Way-46237/home/60161324,MIBOR,21508181,N,Y,39.6562823,-86.047625
PAST SALE,November-29-2017,Single Family Residential,6248 Shelly Way Unit WA,Indianapolis,IN,46237,266930,3,2,Franklin,2750,10890,2017,108,97,,Sold,,,http://www.redfin.com/IN/Indianapolis/6248-Shelly-Way-46237/unit-WA/home/82188189,MIBOR,21525727,N,Y,39.675719,-86.057751
PAST SALE,December-4-2017,Single Family Residential,6325 E Southport Rd,Indianapolis,IN,46237,152000,3,1,Franklin,2193,43560,1955,103,69,,Sold,,,http://www.redfin.com/IN/Indianapolis/6325-E-Southport-Rd-46237/home/60142766,MIBOR,21519691,N,Y,39.6661399,-86.0571226
PAST SALE,December-29-2017,Single Family Residential,4230 Redfern Dr,Indianapolis,IN,46237,97000,3,1.5,Perry,1170,14679,1972,78,83,,Sold,,,http://www.redfin.com/IN/Indianapolis/4230-Redfern-Dr-46237/home/60081732,MIBOR,21511478,N,Y,39.7012069,-86.0952834
PAST SALE,February-16-2018,Single Family Residential,4220 Southport Trace Dr,Indianapolis,IN,46237,194600,4,2.5,Perry,3526,10933,2005,29,55,22,Sold,,,http://www.redfin.com/IN/Indianapolis/4220-Southport-Trace-Dr-46237/home/66830464,MIBOR,21511502,N,Y,39.6784202,-86.0948854
PAST SALE,December-29-2017,Single Family Residential,6327 Black Oaks Way,Indianapolis,IN,46237,188500,4,3,Franklin,2575,9626,2001,78,73,24,Sold,,,http://www.redfin.com/IN/Indianapolis/6327-Black-Oaks-Way-46237/home/67071587,MIBOR,21505006,N,Y,39.6850867,-86.0568836
PAST SALE,January-31-2018,Single Family Residential,6913 Combs Rd,Indianapolis,IN,46237,149900,3,2,Franklin,1476,18730,1978,45,102,,Sold,,,http://www.redfin.com/IN/Indianapolis/6913-Combs-Rd-46237/home/67099932,MIBOR,21513251,N,Y,39.667434,-86.0537371
PAST SALE,November-17-2017,Single Family Residential,5354 Padre Ln,Indianapolis,IN,46237,98900,3,1,Franklin,1040,8102,1982,120,95,,Sold,,,http://www.redfin.com/IN/Indianapolis/5354-Padre-Ln-46237/home/82187054,MIBOR,21511084,N,Y,39.6923552,-86.0768048
PAST SALE,December-19-2017,Single Family Residential,4560 S Sherman Dr,Indianapolis,IN,46237,130000,3,1.5,Perry,2106,20908,1958,88,62,,Sold,,,http://www.redfin.com/IN/Indianapolis/4560-S-Sherman-Dr-46237/home/82209452,MIBOR,21524484,N,Y,39.7002215,-86.1018895
PAST SALE,November-14-2017,Single Family Residential,4308 Moss Creek Blvd,Indianapolis,IN,46237,262500,3,2,Perry,2454,18556,1989,123,107,18,Sold,,,http://www.redfin.com/IN/Indianapolis/4308-Moss-Creek-Blvd-46237/home/82213335,MIBOR,21488318,N,Y,39.6728738,-86.0945073
PAST SALE,February-16-2018,Single Family Residential,5618 Grassy Bank Dr,Indianapolis,IN,46237,181000,4,2.5,Franklin,2842,11761,2004,29,64,21,Sold,,,http://www.redfin.com/IN/Indianapolis/5618-Grassy-Bank-Dr-46237/home/82297058,MIBOR,21525070,N,Y,39.6866242,-86.0476427
PAST SALE,February-21-2018,Single Family Residential,4333 Dudley South Dr,Indianapolis,IN,46237,96400,3,1.5,Perry,2138,17424,1956,24,45,,Sold,,,http://www.redfin.com/IN/Indianapolis/4333-S-Dudley-Dr-46237/home/67042997,MIBOR,21528603,N,Y,39.6853773,-86.0941491
PAST SALE,February-22-2018,Single Family Residential,5819 Dan Patch Dr,Indianapolis,IN,46237,216750,3,2.5,Franklin,2031,23958,1991,23,107,,Sold,,,http://www.redfin.com/IN/Indianapolis/5819-Dan-Patch-Dr-46237/home/82187049,MIBOR,21519303,N,Y,39.6779254,-86.0664414
PAST SALE,February-16-2018,Single Family Residential,5532 Pappas Dr,Indianapolis,IN,46237,129900,3,1.5,Franklin,1457,8276,1973,29,89,,Sold,,,http://www.redfin.com/IN/Indianapolis/5532-Pappas-Dr-46237/home/67087072,MIBOR,21513365,N,Y,39.6873494,-86.0727044
PAST SALE,February-28-2018,Single Family Residential,5314 Rocky Mountain Dr,Indianapolis,IN,46237,125000,3,2,Franklin,1196,6011,1999,17,105,24,Sold,,,http://www.redfin.com/IN/Indianapolis/5314-Rocky-Mountain-Dr-46237/home/66955826,MIBOR,21541355,N,Y,39.6905414,-86.0575607
PAST SALE,February-23-2018,Single Family Residential,5720 Bahia Ct,Indianapolis,IN,46237,114000,3,2,Franklin,1028,16552,1979,22,111,,Sold,,,http://www.redfin.com/IN/Indianapolis/5720-Bahia-Ct-46237/home/60052505,MIBOR,21540064,N,Y,39.6918067,-86.0685021
PAST SALE,March-2-2018,Single Family Residential,6815 Woodford Ln,Indianapolis,IN,46237,213000,4,2.5,Franklin,2881,13939,2000,15,74,23,Sold,,,http://www.redfin.com/IN/Indianapolis/6815-Woodford-Ln-46237/home/60061881,MIBOR,21528112,N,Y,39.6723051,-86.0478418
PAST SALE,December-8-2017,Single Family Residential,7354 Sycamore Run Dr,Indianapolis,IN,46237,169900,3,2,Franklin,1797,8276,2002,99,95,30,Sold,,,http://www.redfin.com/IN/Indianapolis/7354-Sycamore-Run-Dr-46237/home/66805642,MIBOR,21504033,N,Y,39.6603251,-86.0720558
PAST SALE,January-12-2018,Single Family Residential,6045 Arlington Way,Indianapolis,IN,46237,119000,3,2,Franklin,1422,7056,1992,64,84,13,Sold,,,http://www.redfin.com/IN/Indianapolis/6045-Arlington-Way-46237/home/82187127,MIBOR,21523725,N,Y,39.7025228,-86.0621008
PAST SALE,March-2-2018,Single Family Residential,7149 Carrie Dr,Indianapolis,IN,46237,138000,3,2,Franklin,1302,10079,1991,15,106,,Sold,,,http://www.redfin.com/IN/Indianapolis/7149-Carrie-Dr-46237/home/60046581,MIBOR,21540298,N,Y,39.6637815,-86.0587953
PAST SALE,March-5-2018,Single Family Residential,4204 Cardinal Dr,Indianapolis,IN,46237,144900,3,1.5,Perry,1398,15681,1960,12,104,,Sold,,,http://www.redfin.com/IN/Indianapolis/4204-Cardinal-Dr-46237/home/82207983,MIBOR,21542553,N,Y,39.6743089,-86.0964972
PAST SALE,March-9-2018,Single Family Residential,5603 Cherry Field Dr,Indianapolis,IN,46237,181500,3,2.5,Perry,2184,12806,1997,8,83,21,Sold,,,http://www.redfin.com/IN/Indianapolis/5603-Cherry-Field-Dr-46237/home/82214409,MIBOR,21529509,N,Y,39.6855276,-86.1010339
PAST SALE,February-15-2018,Single Family Residential,5733 Misty Ridge Cir,Indianapolis,IN,46237,123500,2,2,Franklin,1138,4356,1998,30,109,60,Sold,,,http://www.redfin.com/IN/Indianapolis/5733-Misty-Ridge-Cir-46237/home/82312744,MIBOR,21524993,N,Y,39.6842102,-86.071119
PAST SALE,March-13-2018,Single Family Residential,5853 Oakcrest Dr,Indianapolis,IN,46237,152500,3,2,Franklin,1361,11761,1994,4,112,10,Sold,,,http://www.redfin.com/IN/Indianapolis/5853-Oakcrest-Dr-46237/home/60005822,MIBOR,21545718,N,Y,39.6831489,-86.0590741
PAST SALE,March-13-2018,Single Family Residential,4803 Blackstone Dr,Indianapolis,IN,46237,286000,3,3.5,Perry,2746,13677,2000,4,104,17,Sold,,,http://www.redfin.com/IN/Indianapolis/4803-Blackstone-Dr-46237/home/82214695,MIBOR,21530364,N,Y,39.6846377,-86.0865071
PAST SALE,March-14-2018,Single Family Residential,8424 Nuckols Ln,Indianapolis,IN,46237,181000,4,2.5,Franklin,2118,12632,2003,3,85,,Sold,,,http://www.redfin.com/IN/Indianapolis/8424-Nuckols-Ln-46237/home/60086086,MIBOR,21530344,N,Y,39.6449031,-86.0707817
PAST SALE,March-16-2018,Single Family Residential,6621 Woodford Ln,Indianapolis,IN,46237,114900,3,1.5,Franklin,1854,16801,1983,1,62,,Sold,,,http://www.redfin.com/IN/Indianapolis/6621-Woodford-Ln-46237/home/82186816,MIBOR,21525823,N,Y,39.6721985,-86.0506302
PAST SALE,,Single Family Residential,1878 E Werges Ave,Indianapolis,IN,46237,71100,,1,,1300,6229,1997,,55,,,,,http://www.redfin.com/IN/Indianapolis/1878-E-Werges-Ave-46237/home/66934785,,,N,Y,39.7184242,-86.1253099
PAST SALE,February-1-2018,Single Family Residential,3223 S Temple Ave,Indianapolis,IN,46237,117000,3,1.5,Perry,2016,20473,1930,44,58,,Sold,,,http://www.redfin.com/IN/Indianapolis/3223-S-Temple-Ave-46237/home/82202897,MIBOR,21529286,N,Y,39.7186496,-86.1180131
PAST SALE,December-20-2017,Single Family Residential,6246 Jakes Pl,Indianapolis,IN,46237,145000,3,2,Franklin,1552,10454,2001,87,93,17,Sold,,,http://www.redfin.com/IN/Indianapolis/6246-Jakes-Pl-46237/home/60070193,MIBOR,21525320,N,Y,39.6542544,-86.0579988
PAST SALE,February-28-2018,Single Family Residential,8306 Fieldfare Way,Indianapolis,IN,46237,219900,4,3.5,Perry,3222,8276,2002,17,68,63,Sold,,,http://www.redfin.com/IN/Indianapolis/8306-Fieldfare-Way-46237/home/60072934,MIBOR,21541628,N,Y,39.646401,-86.0985666
PAST SALE,February-28-2018,Single Family Residential,7618 Inverness Dr,Indianapolis,IN,46237,133000,4,1.5,Franklin,1860,11878,1978,17,72,,Sold,,,http://www.redfin.com/IN/Indianapolis/7618-Inverness-Dr-46237/home/82186405,MIBOR,21510165,N,Y,39.6570652,-86.0506302
PAST SALE,February-16-2018,Single Family Residential,7849 Santolina Dr,Indianapolis,IN,46237,175000,4,2.5,Perry,1844,17946,1993,29,95,31,Sold,,,http://www.redfin.com/IN/Indianapolis/7849-Santolina-Dr-46237/home/82213822,MIBOR,21520428,N,Y,39.6525856,-86.0851768
PAST SALE,March-8-2018,Single Family Residential,6627 Jarvis Dr,Indianapolis,IN,46237,156000,3,2,Franklin,1540,11325,2000,9,101,27,Sold,,,http://www.redfin.com/IN/Indianapolis/6627-Jarvis-Dr-46237/home/66924478,MIBOR,21539989,N,Y,39.6423891,-86.0512277
PAST SALE,September-18-2017,Single Family Residential,8409 Penbrooke Pl,Indianapolis,IN,46237,208215,3,2.5,Perry,2597,8276,2017,180,80,33,Sold,,,http://www.redfin.com/IN/Indianapolis/8409-Penbrooke-Pl-46237/home/143841029,MIBOR,21513513,N,Y,39.6452009,-86.0888886
PAST SALE,March-9-2018,Single Family Residential,8519 Smithfield Ln,Indianapolis,IN,46237,163550,3,2.5,Franklin,1882,6098,2002,8,87,20,Sold,,,http://www.redfin.com/IN/Indianapolis/8519-Smithfield-Ln-46237/home/60089100,MIBOR,21542159,N,Y,39.6439214,-86.05069
