SALE TYPE,SOLD DATE,PROPERTY TYPE,ADDRESS,CITY,STATE,ZIP,PRICE,BEDS,BATHS,LOCATION,SQUARE FEET,LOT SIZE,YEAR BUILT,DAYS ON MARKET,$/SQUARE FEET,HOA/MONTH,STATUS,NEXT OPEN HOUSE START TIME,NEXT OPEN HOUSE END TIME,URL (SEE http://www.redfin.com/buy-a-home/comparative-market-analysis FOR INFO ON PRICING),SOURCE,MLS#,FAVORITE,INTERESTED,LATITUDE,LONGITUDE
PAST SALE,December-22-2017,Single Family Residential,611 Longford Way,Noblesville,IN,46062,317500,4,3.5,Noblesville,3340,16552,1995,83,95,13,Sold,,,http://www.redfin.com/IN/Noblesville/611-Longford-Way-46062/home/82348278,MIBOR,21513688,N,Y,40.090739,-86.048568
PAST SALE,September-22-2017,Single Family Residential,16337 Red Clover Ln,Noblesville,IN,46062,421592,4,2.5,Noblesville,5137,16552,2017,174,82,33,Sold,,,http://www.redfin.com/IN/Noblesville/16337-Red-Clover-Ln-46062/home/144168824,MIBOR,21521985,N,Y,40.0247704,-86.0771956
PAST SALE,September-29-2017,Single Family Residential,18172 Kinder Oak Dr,Noblesville,IN,46062,213500,3,2,Noblesville,1786,15245,2001,167,120,52,Sold,,,http://www.redfin.com/IN/Noblesville/18172-Kinder-Oak-Dr-46062/home/82352022,MIBOR,21495804,N,Y,40.0514583,-86.0458501
PAST SALE,September-18-2017,Single Family Residential,7031 Oakbay Dr,Noblesville,IN,46062,295000,4,3.5,Noblesville,3932,19166,1988,178,75,8,Sold,,,http://www.redfin.com/IN/Noblesville/7031-Oakbay-Dr-46062/home/60016755,MIBOR,21437286,N,Y,40.0957889,-86.0491564
PAST SALE,September-22-2017,Single Family Residential,17034 Williamson Ln,Westfield,IN,46062,299900,5,3,Washington,4645,13068,2008,174,65,29,Sold,,,http://www.redfin.com/IN/Noblesville/17034-Williamson-Ln-46062/home/60159959,MIBOR,21503177,N,Y,40.0358695,-86.0928954
PAST SALE,September-29-2017,Single Family Residential,16409 Haddam Ln,Westfield,IN,46062,570000,4,3.5,Washington,5690,89733,1999,167,100,13,Sold,,,http://www.redfin.com/IN/Noblesville/16409-Haddam-Ln-46062/home/82361073,MIBOR,21496247,N,Y,40.0261927,-86.0954426
PAST SALE,September-18-2017,Single Family Residential,17304 Meggs St,Westfield,IN,46062,185000,3,2.5,Washington,1792,13503,2003,178,103,24,Sold,,,http://www.redfin.com/IN/Noblesville/17304-Meggs-St-46062/home/60135516,MIBOR,21504750,N,Y,40.039007,-86.0913489
PAST SALE,September-22-2017,Single Family Residential,619 White Pine Dr,Noblesville,IN,46062,173000,3,2,Noblesville,1520,21344,1987,174,114,33,Sold,,,http://www.redfin.com/IN/Noblesville/619-White-Pine-Dr-46062/home/82349540,MIBOR,21504805,N,Y,40.080704,-86.070731
PAST SALE,October-2-2017,Single Family Residential,6211 Edenshall Ln,Noblesville,IN,46062,375000,4,2.5,Noblesville,4580,7840,2012,164,82,107,Sold,,,http://www.redfin.com/IN/Noblesville/6211-Edenshall-Ln-46062/home/107147696,MIBOR,21491340,N,Y,40.0058719,-86.062807
PAST SALE,October-5-2017,Single Family Residential,233 Coventry Way,Noblesville,IN,46062,250000,4,3,Noblesville,3165,16988,1976,161,79,13,Sold,,,http://www.redfin.com/IN/Noblesville/233-Coventry-Way-46062/home/82349071,MIBOR,21480559,N,Y,40.0870641,-86.0629371
PAST SALE,October-4-2017,Single Family Residential,1509 Persimmon Pl,Noblesville,IN,46062,530000,5,3.5,Noblesville,3833,13503,1974,162,138,33,Sold,,,http://www.redfin.com/IN/Noblesville/1509-Persimmon-Pl-46062/home/82349454,MIBOR,21495056,N,Y,40.0835008,-86.0651273
PAST SALE,October-6-2017,Single Family Residential,19385 Tradewinds Dr,Noblesville,IN,46062,152500,3,2,Noblesville,1569,10018,1998,160,97,18,Sold,,,http://www.redfin.com/IN/Noblesville/19385-Tradewinds-Dr-46062/home/82350213,MIBOR,21511409,N,Y,40.0691235,-86.0379419
PAST SALE,October-6-2017,Single Family Residential,5503 Bruce Blvd,Noblesville,IN,46062,205000,3,2,Noblesville,2938,9583,2003,160,70,40,Sold,,,http://www.redfin.com/IN/Noblesville/5503-Bruce-Blvd-46062/home/60108528,MIBOR,21505630,N,Y,40.0358921,-86.0763558
PAST SALE,October-6-2017,Single Family Residential,296 Myers Lake Dr,Noblesville,IN,46062,220000,4,2.5,Noblesville,2304,13503,1997,160,95,,Sold,,,http://www.redfin.com/IN/Noblesville/296-Myers-Lake-Dr-46062/home/67112359,MIBOR,21508142,N,Y,40.08161,-86.077549
PAST SALE,October-31-2017,Single Family Residential,16264 Red Clover Ln,Noblesville,IN,46062,407595,4,3.5,Noblesville,5204,,2017,135,78,,Sold,,,http://www.redfin.com/IN/Noblesville/16264-Red-Clover-Ln-46062/home/144635749,MIBOR,21539592,N,Y,40.0247704,-86.0771956
PAST SALE,November-10-2017,Single Family Residential,333 Riverwood Dr,Noblesville,IN,46062,43500,2,1,White River,1728,58806,1950,125,25,,Sold,,,http://www.redfin.com/IN/Noblesville/333-Riverwood-Dr-46062/home/82352130,MIBOR,21512775,N,Y,40.0976359,-85.9691877
PAST SALE,October-12-2017,Single Family Residential,6625 E 171st St,Noblesville,IN,46062,394500,3,3,Noblesville,2256,217800,1990,154,175,,Sold,,,http://www.redfin.com/IN/Noblesville/6625-E-171st-St-46062/home/82360549,MIBOR,21509662,N,Y,40.0364093,-86.0550116
PAST SALE,November-9-2017,Single Family Residential,17811 Captiva Way,Westfield,IN,46062,134000,3,2,Washington,1200,9016,1997,126,112,21,Sold,,,http://www.redfin.com/IN/Noblesville/17811-Captiva-Way-46062/home/59990863,MIBOR,21522589,N,Y,40.0464516,-86.0964972
PAST SALE,November-10-2017,Single Family Residential,5154 Gateway Ave,Noblesville,IN,46062,155000,3,2,Noblesville,1410,9583,1997,125,110,,Sold,,,http://www.redfin.com/IN/Noblesville/5154-Gateway-Ave-46062/home/60069215,MIBOR,21512229,N,Y,40.0894337,-86.0833624
PAST SALE,November-3-2017,Single Family Residential,17182 Timberstream Dr,Noblesville,IN,46062,400000,4,3.5,Noblesville,5149,12196,2016,132,78,75,Sold,,,http://www.redfin.com/IN/Noblesville/17182-Timberstream-Dr-46062/home/104302281,MIBOR,21419227,N,Y,40.037853,-86.083427
PAST SALE,September-21-2017,Single Family Residential,5124 Sweetwater Dr,Noblesville,IN,46062,523634,4,2.5,Noblesville,5091,14810,2017,175,103,75,Sold,,,http://www.redfin.com/IN/Noblesville/5124-Sweetwater-Dr-46062/home/113612112,MIBOR,21483900,N,Y,40.0370508,-86.0838337
PAST SALE,October-9-2017,Single Family Residential,1550 Persimmon Pl,Noblesville,IN,46062,176000,4,2.5,Noblesville,2458,18295,1980,157,72,33,Sold,,,http://www.redfin.com/IN/Noblesville/1550-Persimmon-Pl-46062/home/60032187,MIBOR,21511816,N,Y,40.082686,-86.0679446
PAST SALE,October-18-2017,Single Family Residential,17162 Linda Way,Noblesville,IN,46062,165257,3,2,Noblesville,1555,8712,2002,148,106,33,Sold,,,http://www.redfin.com/IN/Noblesville/17162-Linda-Way-46062/home/60093700,MIBOR,21512433,N,Y,40.0381621,-86.0725555
PAST SALE,October-2-2017,Single Family Residential,5631 Doe Way,Noblesville,IN,46062,203000,4,2.5,Noblesville,2445,10454,2014,164,83,,Sold,,,http://www.redfin.com/IN/Noblesville/5631-Doe-Way-46062/home/60039623,MIBOR,21497297,N,Y,40.100668,-86.074451
PAST SALE,October-5-2017,Single Family Residential,18651 Fairway Dr,Noblesville,IN,46062,412000,5,3.5,Noblesville,4660,13939,2017,161,88,66,Sold,,,http://www.redfin.com/IN/Noblesville/18651-Fairway-Dr-46062/home/112713755,MIBOR,21458961,N,Y,40.058313,-86.07373
PAST SALE,October-20-2017,Single Family Residential,4684 Andover Pkwy,Westfield,IN,46062,251250,3,2.5,Noblesville,1962,,2017,146,128,70,Sold,,,http://www.redfin.com/IN/Westfield/4684-Andover-Pkwy-46062/home/113740566,MIBOR,21488370,N,Y,40.057737,-86.090584
PAST SALE,November-1-2017,Single Family Residential,4728 Andover Pkwy,Westfield,IN,46062,299995,5,3,Washington,3095,,2017,134,97,70,Sold,,,http://www.redfin.com/IN/Westfield/4728-Andover-Pkwy-46062/home/113716911,MIBOR,21480369,N,Y,40.057737,-86.090584
PAST SALE,November-9-2017,Single Family Residential,18549 Griswald Ct,Westfield,IN,46062,338634,4,2.5,Washington,3295,11761,2017,126,103,42,Sold,,,http://www.redfin.com/IN/Westfield/18549-Griswald-Ct-46062/home/144283433,MIBOR,21523629,N,Y,40.0563892,-86.0921973
PAST SALE,November-29-2017,Single Family Residential,204 Deerberry Ct,Noblesville,IN,46062,212500,4,2.5,Noblesville,1950,12632,1986,106,109,33,Sold,,,http://www.redfin.com/IN/Noblesville/204-Deerberry-Ct-46062/home/82349531,MIBOR,21517188,N,Y,40.081774,-86.069121
PAST SALE,November-30-2017,Single Family Residential,18846 Brookston Ln,Noblesville,IN,46062,368000,5,3.5,Noblesville,3972,10890,2017,105,93,66,Sold,,,http://www.redfin.com/IN/Noblesville/18846-Brookston-Ln-46062/home/113684157,MIBOR,21482238,N,Y,40.062195,-86.073181
PAST SALE,November-30-2017,Single Family Residential,16607 Gray Rd,Noblesville,IN,46060,289900,3,2,Noblesville,1934,174240,1985,105,150,,Sold,,,http://www.redfin.com/IN/Noblesville/16607-Gray-Rd-46062/home/107077442,MIBOR,21516624,N,Y,40.029068,-86.087608
PAST SALE,December-8-2017,Single Family Residential,4897 Sherlock Dr,Westfield,IN,46062,300530,4,3.5,Washington,2620,14810,2017,97,115,,Sold,,,http://www.redfin.com/IN/Westfield/4897-Sherlock-Dr-46062/home/144453136,MIBOR,21527857,N,Y,40.0557483,-86.0918656
PAST SALE,December-8-2017,Single Family Residential,18513 Griswald Ct,Westfield,IN,46062,298950,4,2.5,Washington,2899,10890,2017,97,103,42,Sold,,,http://www.redfin.com/IN/Westfield/18513-Griswald-Ct-46062/home/113974298,MIBOR,21492324,N,Y,40.056543,-86.091078
PAST SALE,December-18-2017,Single Family Residential,4818 Abigail Dr,Westfield,IN,46062,330000,5,3.5,Washington,3026,8712,2017,87,109,70,Sold,,,http://www.redfin.com/IN/Westfield/4818-Abigail-Dr-46062/home/130768169,MIBOR,21494042,N,Y,40.057737,-86.090584
PAST SALE,December-29-2017,Single Family Residential,5075 Waterhaven Dr,Noblesville,IN,46062,406367,5,4.5,Noblesville,4739,10454,2017,76,86,75,Sold,,,http://www.redfin.com/IN/Noblesville/5075-Waterhaven-Dr-46062/home/144641161,MIBOR,21528908,N,Y,40.0393626,-86.0865041
PAST SALE,January-23-2018,Single Family Residential,20456 Country Lake Blvd,Noblesville,IN,46062,235000,3,2,Noblesville,3672,31363,1999,51,64,,Sold,,,http://www.redfin.com/IN/Noblesville/20456-Country-Lake-Blvd-46062/home/82349013,MIBOR,21527446,N,Y,40.084854,-86.0735739
PAST SALE,January-26-2018,Single Family Residential,4242 Amesbury Pl,Westfield,IN,46062,232000,4,2.5,Washington,2977,7405,2008,48,78,42,Sold,,,http://www.redfin.com/IN/Noblesville/4242-Amesbury-Pl-46062/home/59998720,MIBOR,21518073,N,Y,40.052556,-86.096742
PAST SALE,February-5-2018,Single Family Residential,621 White Pine Dr,Noblesville,IN,46062,209000,4,2.5,Noblesville,2372,16117,1986,38,88,33,Sold,,,http://www.redfin.com/IN/Noblesville/621-White-Pine-Dr-46062/home/82349541,MIBOR,21525093,N,Y,40.080983,-86.070782
PAST SALE,January-23-2018,Single Family Residential,18589 Pebble Brook Ct,Noblesville,IN,46062,419000,4,3.5,Noblesville,4482,27878,2015,51,93,66,Sold,,,http://www.redfin.com/IN/Noblesville/18589-Pebble-Brook-Ct-46062/home/98662677,MIBOR,21479950,N,Y,40.057455,-86.072458
PAST SALE,December-15-2017,Single Family Residential,115 Edgewater Dr,Noblesville,IN,46062,680000,4,5.5,Noblesville,4314,13068,1986,90,158,16,Sold,,,http://www.redfin.com/IN/Noblesville/115-Edgewater-Dr-46062/home/82348622,MIBOR,21461729,N,Y,40.0888255,-86.037165
PAST SALE,February-2-2018,Single Family Residential,18567 Pilot Mills Ct,Noblesville,IN,46062,290000,5,3.5,Noblesville,3468,9583,2008,41,84,33,Sold,,,http://www.redfin.com/IN/Noblesville/18567-Pilot-Mills-Ct-46062/home/63731326,MIBOR,21507047,N,Y,40.0575836,-86.0694973
PAST SALE,February-15-2018,Single Family Residential,5102 Saddle Creek Ln,Noblesville,IN,46062,415500,4,3,Noblesville,5986,13503,2016,28,69,75,Sold,,,http://www.redfin.com/IN/Noblesville/5102-Saddle-Creek-Ln-46062/home/104204022,MIBOR,21456067,N,Y,40.032767,-86.082099
PAST SALE,February-16-2018,Single Family Residential,4010 Solitude Ct,Westfield,IN,46062,579900,6,5.5,Washington,6018,20908,2005,27,96,58,Sold,,,http://www.redfin.com/IN/Noblesville/4010-Solitude-Ct-46062/home/82360644,MIBOR,21489472,N,Y,40.0303836,-86.0987059
PAST SALE,January-4-2018,Single Family Residential,19435 Links Ln,Noblesville,IN,46062,163500,3,2.5,Noblesville,1733,6098,2010,70,94,21,Sold,,,http://www.redfin.com/IN/Noblesville/19435-Links-Ln-46062/home/60098696,MIBOR,21519047,N,Y,40.0700065,-86.030431
PAST SALE,December-18-2017,Single Family Residential,18733 Hewes Ct,Noblesville,IN,46062,220000,3,2.5,Noblesville,2688,11761,1997,87,82,29,Sold,,,http://www.redfin.com/IN/Noblesville/18733-Hewes-Ct-46062/home/60041593,MIBOR,21514241,N,Y,40.0597655,-86.0455314
PAST SALE,January-16-2018,Single Family Residential,19582 Tradewinds Dr,Noblesville,IN,46062,178000,3,2.5,Noblesville,2334,7840,1999,58,76,18,Sold,,,http://www.redfin.com/IN/Noblesville/19582-Tradewinds-Dr-46062/home/60065320,MIBOR,21525489,N,Y,40.071183,-86.0356111
PAST SALE,January-26-2018,Single Family Residential,18866 Mill Grove Dr,Noblesville,IN,46062,255500,4,3.5,Noblesville,2882,13503,2003,48,89,33,Sold,,,http://www.redfin.com/IN/Noblesville/18866-Mill-Grove-Dr-46062/home/60020095,MIBOR,21516474,N,Y,40.0617884,-86.0626981
PAST SALE,February-27-2018,Single Family Residential,18803 Pilot Mills Dr,Noblesville,IN,46062,217000,4,2.5,Noblesville,2181,10890,2007,16,99,33,Sold,,,http://www.redfin.com/IN/Noblesville/18803-Pilot-Mills-Dr-46062/home/67111082,MIBOR,21520455,N,Y,40.0611963,-86.0706025
PAST SALE,February-16-2018,Single Family Residential,17062 Black Cherry Ct,Noblesville,IN,46062,173500,3,2,Noblesville,1538,16117,2007,27,113,27,Sold,,,http://www.redfin.com/IN/Noblesville/17062-Black-Cherry-Ct-46062/home/60079658,MIBOR,21540660,N,Y,40.0364259,-86.0484394
PAST SALE,February-16-2018,Single Family Residential,7249 Burlat Ln,Noblesville,IN,46062,168000,3,2,Noblesville,1560,8712,2006,27,108,27,Sold,,,http://www.redfin.com/IN/Noblesville/7249-Burlat-Ln-46062/home/60105556,MIBOR,21539715,N,Y,40.0354913,-86.0439179
PAST SALE,February-27-2018,Single Family Residential,4639 Whitney Rd,Westfield,IN,46062,248000,4,2.5,Washington,2605,12196,2010,16,95,29,Sold,,,http://www.redfin.com/IN/Noblesville/4639-Whitney-Rd-46062/home/60168252,MIBOR,21540019,N,Y,40.0358933,-86.0912238
PAST SALE,February-28-2018,Single Family Residential,7214 Morello Ln,Noblesville,IN,46062,179000,3,2.5,Noblesville,2140,8276,2008,15,84,27,Sold,,,http://www.redfin.com/IN/Noblesville/7214-Morello-Ln-46062/home/66882544,MIBOR,21500808,N,Y,40.0322805,-86.0435992
PAST SALE,March-5-2018,Single Family Residential,2147 Walnut Way,Noblesville,IN,46062,285000,4,2.5,Noblesville,1811,13068,1977,10,157,33,Sold,,,http://www.redfin.com/IN/Noblesville/2147-Walnut-Way-46062/home/60022264,MIBOR,21513196,N,Y,40.0866853,-86.0700461
PAST SALE,February-28-2018,Single Family Residential,18419 Jaden Dr,Westfield,IN,46062,316569,4,2.5,Washington,3307,13503,2017,15,96,42,Sold,,,http://www.redfin.com/IN/Westfield/18419-Jaden-Dr-46062/home/143527482,MIBOR,21519869,N,Y,40.056543,-86.091078
PAST SALE,December-14-2017,Single Family Residential,19322 Tradewinds Dr,Noblesville,IN,46062,140000,3,2,Noblesville,1257,6969,1998,91,111,18,Sold,,,http://www.redfin.com/IN/Noblesville/19322-Tradewinds-Dr-46062/home/66897660,MIBOR,21523496,N,Y,40.0684827,-86.0373243
PAST SALE,December-8-2017,Single Family Residential,5914 Darby Cir,Noblesville,IN,46062,219900,4,2.5,Noblesville,3112,15681,1994,97,71,14,Sold,,,http://www.redfin.com/IN/Noblesville/5914-Darby-Cir-46062/home/82348709,MIBOR,21522054,N,Y,40.0990513,-86.0693283
PAST SALE,October-16-2017,Single Family Residential,18664 Pilot Mills Dr,Noblesville,IN,46062,277500,4,2.5,Noblesville,3976,9583,2004,150,70,33,Sold,,,http://www.redfin.com/IN/Noblesville/18664-Pilot-Mills-Dr-46062/home/82350824,MIBOR,21497533,N,Y,40.0590811,-86.0701091
PAST SALE,December-1-2017,Single Family Residential,19240 Outer Bank Rd,Noblesville,IN,46062,215000,3,2.5,Noblesville,3420,10018,2006,104,63,18,Sold,,,http://www.redfin.com/IN/Noblesville/19240-Outer-Bank-Rd-46062/home/82351057,MIBOR,21520489,N,Y,40.0674111,-86.0610654
PAST SALE,February-28-2018,Single Family Residential,18580 Wychwood Pl,Noblesville,IN,46062,385000,6,3,Noblesville,4522,15681,2011,15,85,31,Sold,,,http://www.redfin.com/IN/Noblesville/18580-Wychwood-Pl-46062/home/59999925,MIBOR,21500488,N,Y,40.0577093,-86.0526816
PAST SALE,October-24-2017,Single Family Residential,5443 Longview Dr,Noblesville,IN,46060,180000,3,2,Noblesville,1850,7405,1998,142,97,28,Sold,,,http://www.redfin.com/IN/Noblesville/5443-Longview-Dr-46062/home/60021722,MIBOR,21516652,N,Y,40.0463287,-86.078008
PAST SALE,November-3-2017,Single Family Residential,20079 Gregory Cir,Noblesville,IN,46062,184500,4,2.5,Noblesville,1890,23958,2000,132,98,17,Sold,,,http://www.redfin.com/IN/Noblesville/20079-Gregory-Cir-46062/home/60073800,MIBOR,21520834,N,Y,40.079515,-86.0360892
PAST SALE,October-31-2017,Single Family Residential,19232 Links Ln,Noblesville,IN,46062,149900,3,2,Noblesville,1336,7840,2000,135,112,20,Sold,,,http://www.redfin.com/IN/Noblesville/19232-Links-Ln-46062/home/60089057,MIBOR,21512474,N,Y,40.0671022,-86.0320249
PAST SALE,December-14-2017,Single Family Residential,4104 Manasota Ct,Westfield,IN,46062,160000,3,2.5,Washington,1540,11325,2001,91,104,21,Sold,,,http://www.redfin.com/IN/Noblesville/4104-Manasota-Ct-46062/home/60104269,MIBOR,21525255,N,Y,40.0482171,-86.0990442
PAST SALE,October-2-2017,Single Family Residential,6144 Maple Grove Way,Noblesville,IN,46062,282000,4,2.5,Noblesville,3479,12632,2004,164,81,33,Sold,,,http://www.redfin.com/IN/Noblesville/6144-Maple-Grove-Way-46062/home/60155799,MIBOR,21507647,N,Y,40.0631334,-86.0646096
PAST SALE,March-12-2018,Single Family Residential,18977 Prairie Crossing Dr,Noblesville,IN,46062,165000,2,2,Noblesville,1564,6534,2001,3,105,20,Sold,,,http://www.redfin.com/IN/Noblesville/18977-Prairie-Crossing-Dr-46062/home/82349756,MIBOR,21542616,N,Y,40.0633422,-86.0319851
PAST SALE,October-31-2017,Single Family Residential,15535 Kennewick Bnd,Noblesville,IN,46062,319267,3,2.5,Noblesville,3618,10890,2017,135,88,,Sold,,,http://www.redfin.com/IN/Noblesville/15535-Kennewick-Bnd-46062/home/144236757,MIBOR,21522481,N,Y,40.0138729,-86.075676
PAST SALE,November-20-2017,Single Family Residential,15387 Merritt Pass,Noblesville,IN,46062,495000,5,4.5,Noblesville,4513,13939,2016,115,110,67,Sold,,,http://www.redfin.com/IN/Noblesville/15387-Merritt-Pass-46062/home/132196486,MIBOR,21507163,N,Y,40.01159,-86.07456
PAST SALE,January-30-2018,Single Family Residential,16321 Red Clover Ln,Noblesville,IN,46060,406070,4,3.5,Noblesville,4874,11325,2017,44,83,33,Sold,,,http://www.redfin.com/IN/Noblesville/16321-Red-Clover-Ln-46062/home/144831807,MIBOR,21541808,N,Y,40.0247704,-86.0771956
PAST SALE,December-5-2017,Single Family Residential,5695 Kenyon Trl,Noblesville,IN,46062,355000,5,3.5,Noblesville,4053,16552,2012,100,88,67,Sold,,,http://www.redfin.com/IN/Noblesville/5695-Kenyon-Trl-46062/home/107146491,MIBOR,21519158,N,Y,40.0075595,-86.071578
PAST SALE,October-13-2017,Single Family Residential,1066 Pebble Brook Dr,Noblesville,IN,46062,450000,4,3.5,Noblesville,4928,16988,1995,153,91,13,Sold,,,http://www.redfin.com/IN/Noblesville/1066-Pebble-Brook-Dr-46062/home/82351482,MIBOR,21471863,N,Y,40.0572587,-86.0795208
PAST SALE,October-23-2017,Single Family Residential,16021 Bounds Ct,Noblesville,IN,46062,399270,5,4.5,Noblesville,4719,13503,2017,143,85,40,Sold,,,http://www.redfin.com/IN/Noblesville/16021-Bounds-Ct-46062/home/130719039,MIBOR,21493963,N,Y,40.017623,-86.068096
PAST SALE,October-20-2017,Single Family Residential,4230 Boyd Pl,Westfield,IN,46062,275855,4,2.5,Washington,2662,8712,2017,146,104,42,Sold,,,http://www.redfin.com/IN/Westfield/4230-Boyd-Pl-46062/home/138655723,MIBOR,21501054,N,Y,40.058628,-86.097965
PAST SALE,October-2-2017,Single Family Residential,17811 Sundial Ct,Westfield,IN,46062,168000,3,2,Washington,1410,9147,1998,164,119,21,Sold,,,http://www.redfin.com/IN/Noblesville/17811-Sundial-Dr-46062/home/60029923,MIBOR,21507702,N,Y,40.0465713,-86.0941093
PAST SALE,November-13-2017,Single Family Residential,15027 Carrick Rd,Noblesville,IN,46062,386800,5,3.5,Noblesville,3863,10890,2017,122,100,107,Sold,,,http://www.redfin.com/IN/Noblesville/15027-Carrick-Rd-46062/home/113616517,MIBOR,21484475,N,Y,40.006755,-86.060612
PAST SALE,February-14-2018,Single Family Residential,6014 Ramsey Dr,Noblesville,IN,46062,291000,4,3,Noblesville,3440,10890,2005,29,85,50,Sold,,,http://www.redfin.com/IN/Noblesville/6014-Ramsey-Dr-46062/home/60133736,MIBOR,21520795,N,Y,40.014485,-86.0663098
PAST SALE,March-1-2018,Single Family Residential,15684 Barnard Dr,Noblesville,IN,46062,354995,5,3.5,Noblesville,4719,8276,2017,14,75,40,Sold,,,http://www.redfin.com/IN/Noblesville/15684-Barnard-Dr-46062/home/142254899,MIBOR,21509711,N,Y,40.017623,-86.068096
PAST SALE,March-5-2018,Single Family Residential,6102 Ruthven Dr,Noblesville,IN,46062,390000,4,3.5,Noblesville,4793,13068,2014,10,81,107,Sold,,,http://www.redfin.com/IN/Noblesville/6102-Ruthven-Dr-46062/home/59990883,MIBOR,21526943,N,Y,40.0081075,-86.0647092
PAST SALE,November-6-2017,Single Family Residential,16053 Bounds Ct,Noblesville,IN,46062,360000,5,3.5,Noblesville,4841,10454,2017,129,74,40,Sold,,,http://www.redfin.com/IN/Noblesville/16053-Bounds-Ct-46062/home/113712897,MIBOR,21481445,N,Y,40.0214441,-86.0642837
PAST SALE,December-29-2017,Single Family Residential,15675 Myland Dr,Noblesville,IN,46062,291110,5,3,Noblesville,3095,8276,2017,76,94,40,Sold,,,http://www.redfin.com/IN/Noblesville/15675-Myland-Dr-46062/home/114026306,MIBOR,21488352,N,Y,40.0158962,-86.0665654
PAST SALE,December-28-2017,Single Family Residential,4204 Dunedin Ct,Westfield,IN,46062,186800,4,2.5,Washington,2254,9147,2002,77,83,21,Sold,,,http://www.redfin.com/IN/Noblesville/4204-Dunedin-Ct-46062/home/82351322,MIBOR,21508171,N,Y,40.049137,-86.0978503
PAST SALE,November-17-2017,Single Family Residential,7159 Morello Ln,Noblesville,IN,46062,165000,3,2,Noblesville,1570,8276,2006,118,105,27,Sold,,,http://www.redfin.com/IN/Noblesville/7159-Morello-Ln-46062/home/82360526,MIBOR,21519657,N,Y,40.0318781,-86.0452923
PAST SALE,October-13-2017,Single Family Residential,15424 Slateford Rd,Noblesville,IN,46062,429000,4,3.5,Noblesville,3751,12196,2017,153,114,107,Sold,,,http://www.redfin.com/IN/Noblesville/15424-Slateford-Rd-46062/home/113857858,MIBOR,21497819,N,Y,40.0125499,-86.0626777
PAST SALE,October-31-2017,Single Family Residential,16141 Kinsale Dr,Westfield,IN,46062,485000,3,3,Washington,3315,8712,2013,135,146,395,Sold,,,http://www.redfin.com/IN/Westfield/16141-Kinsale-Dr-46062/home/60158977,MIBOR,21502419,N,Y,40.0227226,-86.1065053
PAST SALE,January-26-2018,Single Family Residential,7328 Hardin Oak Dr,Noblesville,IN,46062,210000,4,2.5,Noblesville,2188,14374,1997,48,96,52,Sold,,,http://www.redfin.com/IN/Noblesville/7328-Hardin-Oak-Dr-46062/home/67103337,MIBOR,21518219,N,Y,40.0503413,-86.042424
PAST SALE,February-1-2018,Single Family Residential,18830 Hewes Ct,Noblesville,IN,46062,250000,4,2.5,Noblesville,3931,11761,1999,42,64,33,Sold,,,http://www.redfin.com/IN/Noblesville/18830-Hewes-Ct-46062/home/82350217,MIBOR,21524843,N,Y,40.0602446,-86.0443362
PAST SALE,January-16-2018,Single Family Residential,7184 Braxton Dr,Noblesville,IN,46062,233000,4,2.5,Noblesville,2962,10018,2001,58,79,30,Sold,,,http://www.redfin.com/IN/Noblesville/7184-Braxton-Dr-46062/home/60135213,MIBOR,21517053,N,Y,40.0651062,-86.0450135
PAST SALE,January-26-2018,Single Family Residential,18831 Big Circle Dr,Noblesville,IN,46062,190000,4,2.5,Noblesville,2442,6969,2010,48,78,18,Sold,,,http://www.redfin.com/IN/Noblesville/18831-Big-Cir-Dr-46062/home/59994034,MIBOR,21524550,N,Y,40.0616582,-86.0330211
PAST SALE,February-12-2018,Single Family Residential,321 Catalpa Ct,Noblesville,IN,46062,125000,3,2,Noblesville,1586,15681,1973,31,79,33,Sold,,,http://www.redfin.com/IN/Noblesville/321-Catalpa-Ct-46062/home/82350407,MIBOR,21529442,N,Y,40.0670201,-86.0495547
PAST SALE,October-20-2017,Single Family Residential,15244 Merritt Pass,Noblesville,IN,46062,375000,4,2.5,Hamilton,3808,12632,2017,146,98,67,Sold,,,http://www.redfin.com/IN/Noblesville/15244-Merritt-Pass-46062/home/113212426,MIBOR,21468514,N,Y,40.0094383,-86.0734092
PAST SALE,October-19-2017,Single Family Residential,5810 Mill Oak Dr,Noblesville,IN,46062,210000,3,2.5,Noblesville,2280,7405,2001,147,92,33,Sold,,,http://www.redfin.com/IN/Noblesville/5810-Mill-Oak-Dr-46062/home/82350568,MIBOR,21511254,N,Y,40.062283,-86.0702242
PAST SALE,September-29-2017,Single Family Residential,7627 Foxglove Ln,Noblesville,IN,46062,160000,3,2,Noblesville,1702,6969,1999,167,94,20,Sold,,,http://www.redfin.com/IN/Noblesville/7627-Foxglove-Ln-46062/home/59988602,MIBOR,21504886,N,Y,40.0705004,-86.0361091
PAST SALE,September-27-2017,Single Family Residential,7317 Wythe Dr,Noblesville,IN,46062,255500,4,2.5,Noblesville,3513,11325,1998,169,73,33,Sold,,,http://www.redfin.com/IN/Noblesville/7317-Wythe-Dr-46062/home/60071465,MIBOR,21497561,N,Y,40.0607746,-86.0434598
PAST SALE,September-29-2017,Single Family Residential,16037 Bounds Ct,Noblesville,IN,46062,345000,4,3.5,Noblesville,2676,12196,2017,167,129,40,Sold,,,http://www.redfin.com/IN/Noblesville/16037-Bounds-Ct-46062/home/113740567,MIBOR,21485723,N,Y,40.0211962,-86.0642809
PAST SALE,September-20-2017,Single Family Residential,16718 Birdbrook Rd,Noblesville,IN,46062,394673,5,2.5,Jackson,2971,13939,2017,176,133,46,Sold,,,http://www.redfin.com/IN/Noblesville/16718-Birdbrook-Rd-46062/home/143847360,MIBOR,21513892,N,Y,40.031528,-86.0680117
PAST SALE,October-16-2017,Single Family Residential,404 Trilbey Ct,Noblesville,IN,46062,515000,3,3.5,Noblesville,3904,29620,1976,150,132,13,Sold,,,http://www.redfin.com/IN/Noblesville/404-Trilbey-Ct-46062/home/59982750,MIBOR,21480507,N,Y,40.080321,-86.051529
PAST SALE,October-30-2017,Single Family Residential,18812 Brookston Ln,Noblesville,IN,46062,350000,5,3.5,Noblesville,3874,10890,2017,136,90,66,Sold,,,http://www.redfin.com/IN/Noblesville/18812-Brookston-Ln-46062/home/113616163,MIBOR,21478247,N,Y,40.061478,-86.0723919
PAST SALE,October-24-2017,Single Family Residential,4924 Holston Hills Dr,Noblesville,IN,46062,356015,3,2,Noblesville,2268,8276,2017,142,157,,Sold,,,http://www.redfin.com/IN/Unknown/4924-Holston-Hills-Dr-46062/home/144278130,MIBOR,21523928,N,Y,40.0051538,-86.0863352
PAST SALE,November-21-2017,Single Family Residential,16476 Maines Valley Dr,Noblesville,IN,46062,436265,4,3.5,Noblesville,4169,14810,2017,114,105,75,Sold,,,http://www.redfin.com/IN/Noblesville/16476-Maines-Valley-Dr-46062/home/109537598,MIBOR,21525178,N,Y,40.029998,-86.081397
PAST SALE,November-27-2017,Single Family Residential,18606 Moontown Rd,Noblesville,IN,46062,154000,4,2,Noblesville,2010,70131,1976,108,77,,Sold,,,http://www.redfin.com/IN/Noblesville/18606-Moontown-Rd-46062/home/60024639,MIBOR,21523125,N,Y,40.057788,-86.089069
PAST SALE,November-28-2017,Single Family Residential,15037 Carrick Rd,Noblesville,IN,46062,390000,4,3.5,Noblesville,3823,6534,2017,107,102,107,Sold,,,http://www.redfin.com/IN/Noblesville/15037-Carrick-Rd-46062/home/113684754,MIBOR,21480923,N,Y,40.006892,-86.060609
PAST SALE,November-30-2017,Single Family Residential,4772 Andover Pkwy,Westfield,IN,46062,316125,4,2.5,Washington,4151,9583,2017,105,76,70,Sold,,,http://www.redfin.com/IN/Westfield/4772-Andover-Pkwy-46062/home/144403366,MIBOR,21526876,N,Y,40.0593451,-86.0973259
PAST SALE,November-30-2017,Single Family Residential,20852 Summitt Rd,Noblesville,IN,46060,170500,3,2,Noblesville,1568,10454,1995,105,109,,Sold,,,http://www.redfin.com/IN/Noblesville/20852-Summit-Rd-46062/home/60074712,MIBOR,21519929,N,Y,40.090249,-86.0826
PAST SALE,November-20-2017,Single Family Residential,4860 Andover Pkwy,Westfield,IN,46062,254995,4,3,Washington,2085,,2017,115,122,70,Sold,,,http://www.redfin.com/IN/Westfield/4860-Andover-Pkwy-46062/home/113684156,MIBOR,21480394,N,Y,40.057737,-86.090584
PAST SALE,December-13-2017,Single Family Residential,17204 Bluestone Dr,Noblesville,IN,46062,513591,5,4.5,Noblesville,4920,12196,2017,92,104,47,Sold,,,http://www.redfin.com/IN/Noblesville/17204-Bluestone-Dr-46062/home/144479028,MIBOR,21528552,N,Y,40.038227,-86.087056
PAST SALE,December-14-2017,Single Family Residential,5534 Veranda Dr,Noblesville,IN,46062,280734,4,2.5,Noblesville,3578,11325,2017,91,78,67,Sold,,,http://www.redfin.com/IN/Noblesville/5534-Veranda-Dr-46062/home/144480468,MIBOR,21528626,N,Y,40.013634,-86.075678
PAST SALE,December-29-2017,Single Family Residential,18732 Brookston Ln,Noblesville,IN,46062,369705,3,3.5,Noblesville,3772,9583,2017,76,98,66,Sold,,,http://www.redfin.com/IN/Noblesville/18732-Brookston-Ln-46062/home/142254894,MIBOR,21528586,N,Y,40.059865,-86.073469
PAST SALE,December-27-2017,Single Family Residential,18759 Brookston Ln,Noblesville,IN,46062,315500,4,2.5,Noblesville,3557,9583,2017,78,89,66,Sold,,,http://www.redfin.com/IN/Noblesville/18759-Brookston-Ln-46062/home/113495159,MIBOR,21472616,N,Y,40.060605,-86.073571
PAST SALE,December-14-2017,Single Family Residential,16710 Birdbrook Rd,Noblesville,IN,46062,377028,4,3.5,Jackson,2782,13068,2017,91,136,46,Sold,,,http://www.redfin.com/IN/Noblesville/16710-Birdbrook-Rd-46062/home/144625400,MIBOR,21528352,N,Y,40.031528,-86.0680117
PAST SALE,January-24-2018,Single Family Residential,631 White Pine Dr,Noblesville,IN,46062,160000,3,2.5,Noblesville,1607,17772,1988,50,100,31,Sold,,,http://www.redfin.com/IN/Noblesville/631-White-Pine-Dr-46062/home/67093479,MIBOR,21503769,N,Y,40.082223,-86.070695
PAST SALE,January-30-2018,Single Family Residential,5647 Hare Dr,Noblesville,IN,46062,237000,4,2.5,Noblesville,4056,10890,2005,44,58,23,Sold,,,http://www.redfin.com/IN/Noblesville/5647-Hare-Dr-46062/home/59986405,MIBOR,21515327,N,Y,40.099144,-86.074
PAST SALE,January-31-2018,Single Family Residential,5463 Golden Aster Dr,Noblesville,IN,46062,425000,4,3.5,Noblesville,4854,11325,2017,43,88,33,Sold,,,http://www.redfin.com/IN/Noblesville/5463-Golden-Aster-Dr-46062/home/113969613,MIBOR,21487618,N,Y,40.022701,-86.073954
PAST SALE,January-31-2018,Single Family Residential,5116 Sweetwater Dr,Noblesville,IN,46062,435888,3,2,Noblesville,3292,12632,2017,43,132,75,Sold,,,http://www.redfin.com/IN/Noblesville/5116-Sweetwater-Dr-46062/home/144799238,MIBOR,21542959,N,Y,40.0371162,-86.0832678
PAST SALE,February-8-2018,Single Family Residential,21335 N Banbury Rd,Noblesville,IN,46062,386600,5,3,Noblesville,4544,13939,2018,35,85,29,Sold,,,http://www.redfin.com/IN/Noblesville/21335-N-Banbury-Rd-46062/home/143370955,MIBOR,21507329,N,Y,40.0979246,-86.064244
PAST SALE,February-15-2018,Single Family Residential,15792 Barnard Dr,Noblesville,IN,46062,306140,4,2.5,Noblesville,2820,8276,2018,28,109,,Sold,,,http://www.redfin.com/IN/Noblesville/15792-Barnard-Dr-46062/home/144873945,MIBOR,21546369,N,Y,40.0153191,-86.0673111
PAST SALE,February-15-2018,Single Family Residential,16443 Maines Valley Dr,Noblesville,IN,46062,427500,3,4,Noblesville,3652,14810,2017,28,117,75,Sold,,,http://www.redfin.com/IN/Noblesville/16443-Maines-Valley-Dr-46062/home/143948036,MIBOR,21517039,N,Y,40.032309,-86.080708
PAST SALE,February-20-2018,Single Family Residential,846 Dorchester Dr,Noblesville,IN,46062,237500,4,2.5,Noblesville,2252,13503,1986,23,105,13,Sold,,,http://www.redfin.com/IN/Noblesville/846-Dorchester-Dr-46062/home/67003292,MIBOR,21519752,N,Y,40.089641,-86.0549
PAST SALE,February-15-2018,Single Family Residential,19124 Key Club Dr,Noblesville,IN,46062,176000,4,2.5,Noblesville,1920,13503,1998,28,92,18,Sold,,,http://www.redfin.com/IN/Noblesville/19124-Club-Dr-46062/home/82350369,MIBOR,21529840,N,Y,40.0655466,-86.0556091
PAST SALE,January-19-2018,Single Family Residential,6495 Angel Falls Dr,Noblesville,IN,46062,223000,4,3,Noblesville,2990,10890,2003,55,75,20,Sold,,,http://www.redfin.com/IN/Noblesville/6495-Angel-Falls-Dr-46062/home/82350692,MIBOR,21526143,N,Y,40.0713868,-86.0580386
PAST SALE,February-23-2018,Single Family Residential,16505 Brookhollow Dr,Westfield,IN,46062,712500,5,5,Washington,6926,15245,2005,20,103,58,Sold,,,http://www.redfin.com/IN/Noblesville/16505-Brookhollow-Dr-46062/home/107119482,MIBOR,21518941,N,Y,40.027652,-86.102777
PAST SALE,January-19-2018,Single Family Residential,18826 Wychwood Pl,Noblesville,IN,46062,332000,4,3.5,Noblesville,4074,15681,2012,55,81,29,Sold,,,http://www.redfin.com/IN/Noblesville/18826-Wychwood-Pl-46062/home/60109434,MIBOR,21520612,N,Y,40.0617164,-86.0529206
PAST SALE,December-28-2017,Single Family Residential,4360 Boyd Pl,Westfield,IN,46062,293815,4,2.5,Washington,2000,7840,2017,77,147,,Sold,,,http://www.redfin.com/IN/Westfield/4360-Boyd-Pl-46062/home/144952735,MIBOR,21529796,N,Y,40.0683417,-86.0631561
PAST SALE,February-27-2018,Single Family Residential,5697 Noble Crossing Pkwy E,Noblesville,IN,46062,410000,4,4.5,Noblesville,4856,12632,2006,16,84,67,Sold,,,http://www.redfin.com/IN/Noblesville/5697-Noble-Crossing-Pkwy-46062/home/60071185,MIBOR,21516849,N,Y,40.0113086,-86.0723953
PAST SALE,February-14-2018,Single Family Residential,18870 Pilot Mills Dr,Noblesville,IN,46062,203500,4,2.5,Noblesville,2329,8276,2002,29,87,33,Sold,,,http://www.redfin.com/IN/Noblesville/18870-Pilot-Mills-Dr-46062/home/60136080,MIBOR,21530052,N,Y,40.0620083,-86.069189
PAST SALE,February-20-2018,Single Family Residential,19528 Windwood Pkwy,Noblesville,IN,46062,198000,3,2.5,Noblesville,2914,6969,1999,23,68,15,Sold,,,http://www.redfin.com/IN/Noblesville/19528-Windwood-Pkwy-46062/home/60138533,MIBOR,21525128,N,Y,40.0710454,-86.0350931
PAST SALE,February-28-2018,Single Family Residential,514 Currant Dr,Noblesville,IN,46062,245000,4,2.5,Noblesville,2805,15681,1987,15,87,33,Sold,,,http://www.redfin.com/IN/Noblesville/514-Currant-Dr-46062/home/60148783,MIBOR,21542807,N,Y,40.06983,-86.051677
PAST SALE,February-27-2018,Single Family Residential,16611 Meadow Wood Dr,Noblesville,IN,46062,439995,6,3.5,Noblesville,4202,18730,2017,16,105,,Sold,,,http://www.redfin.com/IN/Noblesville/16611-Meadow-Wood-Dr-46062/home/143344244,MIBOR,21509777,N,Y,40.0289203,-86.0846599
PAST SALE,December-8-2017,Single Family Residential,18003 Sun Ridge Cir,Noblesville,IN,46067,190000,2,2,Noblesville,1940,8276,1995,97,98,30,Sold,,,http://www.redfin.com/IN/Noblesville/18003-Sun-Ridge-Cir-46062/home/67050452,MIBOR,21517021,N,Y,40.0498991,-86.0889949
PAST SALE,March-2-2018,Single Family Residential,7252 Clear Oak Cir,Noblesville,IN,46062,305000,4,2.5,Noblesville,3071,8712,1999,13,99,52,Sold,,,http://www.redfin.com/IN/Noblesville/7252-Clear-Oak-Cir-46062/home/96239618,MIBOR,21541049,N,Y,40.0506396,-86.0441371
PAST SALE,December-18-2017,Single Family Residential,4521 Walcott Dr,Westfield,IN,46062,225000,4,2.5,Washington,2130,7840,2013,87,106,28,Sold,,,http://www.redfin.com/IN/Westfield/4521-Walcott-Dr-46062/home/107080356,MIBOR,21509181,N,Y,40.0520684,-86.0946267
PAST SALE,February-23-2018,Single Family Residential,5423 Cottage Grove Ln,Noblesville,IN,46062,406000,4,2.5,Noblesville,4587,16988,2014,20,89,66,Sold,,,http://www.redfin.com/IN/Noblesville/5423-Cottage-Grove-Ln-46062/home/109526985,MIBOR,21530108,N,Y,40.0590427,-86.0784658
PAST SALE,March-9-2018,Single Family Residential,218 Ironwood Cir,Noblesville,IN,46062,215000,4,2.5,Noblesville,2019,11717,1980,6,106,34,Sold,,,http://www.redfin.com/IN/Noblesville/218-Ironwood-Cir-46062/home/82349560,MIBOR,21542893,N,Y,40.0820411,-86.0668794
PAST SALE,March-13-2018,Single Family Residential,15431 Dunrobin Dr,Noblesville,IN,46062,395000,3,2.5,Noblesville,4282,12632,2017,2,92,107,Sold,,,http://www.redfin.com/IN/Noblesville/15431-Dunrobin-Dr-46062/home/109311296,MIBOR,21540800,N,Y,40.012655,-86.059786
PAST SALE,March-14-2018,Single Family Residential,5588 Buttonwood Dr,Noblesville,IN,46062,227500,4,2.5,Noblesville,2060,16117,1981,1,110,33,Sold,,,http://www.redfin.com/IN/Noblesville/5588-Buttonwood-Dr-46062/home/60095199,MIBOR,21546416,N,Y,40.08008,-86.067175
PAST SALE,March-13-2018,Single Family Residential,18788 Brookston Ln,Noblesville,IN,46062,337000,3,2.5,Noblesville,3237,9583,2017,2,104,66,Sold,,,http://www.redfin.com/IN/Noblesville/18788-Brookston-Ln-46062/home/144279408,MIBOR,21524087,N,Y,40.060923,-86.072495
PAST SALE,October-2-2017,Single Family Residential,6863 Carters Grove Dr,Noblesville,IN,46062,239000,5,2.5,Noblesville,3000,10890,1998,164,80,31,Sold,,,http://www.redfin.com/IN/Noblesville/6863-Carters-Grove-Dr-46062/home/60009603,MIBOR,21496178,N,Y,40.058247,-86.0514271
PAST SALE,October-25-2017,Single Family Residential,15723 Barnard Dr,Noblesville,IN,46062,326395,3,2.5,Noblesville,2206,8276,2017,141,148,,Sold,,,http://www.redfin.com/IN/Noblesville/15723-Barnard-Dr-46062/home/144168806,MIBOR,21518876,N,Y,40.0175052,-86.0682065
PAST SALE,October-27-2017,Single Family Residential,5545 Pine Hill Dr,Noblesville,IN,46062,158900,3,2,Noblesville,1220,10018,1992,139,130,,Sold,,,http://www.redfin.com/IN/Noblesville/5545-Pine-Hill-Dr-46062/home/82348928,MIBOR,21507490,N,Y,40.087069,-86.076106
PAST SALE,October-31-2017,Single Family Residential,17243 Timberstream Dr,Noblesville,IN,46062,504857,4,4.5,Noblesville,5935,13068,2017,135,85,75,Sold,,,http://www.redfin.com/IN/Noblesville/17243-Timberstream-Dr-46062/home/144228518,MIBOR,21520900,N,Y,40.0381705,-86.0842913
PAST SALE,November-3-2017,Single Family Residential,5123 Pine Hill Dr,Noblesville,IN,46062,178000,3,2,Noblesville,1664,15245,1997,132,107,,Sold,,,http://www.redfin.com/IN/Noblesville/5123-Pine-Hill-Dr-46062/home/82349142,MIBOR,21506041,N,Y,40.087763,-86.08526
PAST SALE,November-21-2017,Single Family Residential,6042 Chickney Dr,Noblesville,IN,46062,278000,4,2.5,Noblesville,2494,12196,2016,114,111,46,Sold,,,http://www.redfin.com/IN/Noblesville/6042-Chickney-Dr-46062/home/132234436,MIBOR,21518029,N,Y,40.0322615,-86.0675093
PAST SALE,November-21-2017,Single Family Residential,20655 Bearsdale Way,Noblesville,IN,46062,185000,4,2.5,Noblesville,2496,12632,1998,114,74,,Sold,,,http://www.redfin.com/IN/Noblesville/20655-Bearsdale-Way-46062/home/82349154,MIBOR,21517131,N,Y,40.087688,-86.083982
PAST SALE,November-29-2017,Single Family Residential,4437 Boyd Pl,Westfield,IN,46062,254345,3,2,Washington,1870,7840,2017,106,136,,Sold,,,http://www.redfin.com/IN/Westfield/4437-Boyd-Pl-46062/home/144395180,MIBOR,21526520,N,Y,40.0683417,-86.0631561
PAST SALE,November-29-2017,Single Family Residential,5055 Waterhaven Dr,Noblesville,IN,46062,355650,4,2.5,Noblesville,4041,10454,2017,106,88,75,Sold,,,http://www.redfin.com/IN/Noblesville/5055-Waterhaven-Dr-46062/home/113764607,MIBOR,21488532,N,Y,40.032767,-86.082099
PAST SALE,December-14-2017,Single Family Residential,20486 Country Lake Blvd,Noblesville,IN,46062,199999,3,2.5,Noblesville,1911,13068,1995,91,105,,Sold,,,http://www.redfin.com/IN/Noblesville/20486-Country-Lake-Blvd-46062/home/66811257,MIBOR,21520237,N,Y,40.085512,-86.07458
PAST SALE,December-8-2017,Single Family Residential,19650 James Rd,Noblesville,IN,46062,175000,3,2,Noblesville,1431,15245,1964,97,122,,Sold,,,http://www.redfin.com/IN/Noblesville/19650-James-Rd-46062/home/82349909,MIBOR,21508053,N,Y,40.073898,-86.023603
PAST SALE,December-22-2017,Single Family Residential,7159 N Spayside Dr N,Noblesville,IN,46060,651833,5,4.5,Noblesville,6600,19602,2017,83,99,,Sold,,,http://www.redfin.com/IN/Noblesville/7159-Spayside-Dr-N-46062/home/144543736,MIBOR,21529477,N,Y,40.0075108,-86.0456388
PAST SALE,December-28-2017,Single Family Residential,5072 Waterhaven Dr,Noblesville,IN,46062,379906,3,3,Noblesville,3784,13068,2017,77,100,75,Sold,,,http://www.redfin.com/IN/Noblesville/5072-Waterhaven-Dr-46062/home/114015761,MIBOR,21528889,N,Y,40.032767,-86.082099
PAST SALE,January-25-2018,Single Family Residential,7068 Morello Ln,Noblesville,IN,46062,199900,3,2.5,Noblesville,1947,9147,2006,49,103,27,Sold,,,http://www.redfin.com/IN/Noblesville/7068-Morello-Ln-46062/home/60152169,MIBOR,21522590,N,Y,40.0331601,-86.0463799
PAST SALE,February-5-2018,Single Family Residential,211 Banbury Rd,Noblesville,IN,46060,207000,4,2.5,Noblesville,2240,20908,1983,38,92,13,Sold,,,http://www.redfin.com/IN/Noblesville/211-Banbury-Rd-46062/home/66961264,MIBOR,21519386,N,Y,40.092821,-86.06349
PAST SALE,February-8-2018,Single Family Residential,18663 Pilot Mills Dr,Noblesville,IN,46062,207500,4,2.5,Noblesville,2138,7840,2007,35,97,33,Sold,,,http://www.redfin.com/IN/Noblesville/18663-Pilot-Mills-Dr-46062/home/66843753,MIBOR,21525035,N,Y,40.0590189,-86.0706631
PAST SALE,February-9-2018,Single Family Residential,17018 Flinchum Way W,Noblesville,IN,46062,229000,4,2.5,Noblesville,2858,9147,2003,34,80,40,Sold,,,http://www.redfin.com/IN/Noblesville/17018-Flinchum-Way-S-46062/home/67103200,MIBOR,21500347,N,Y,40.0352328,-86.074604
PAST SALE,January-12-2018,Single Family Residential,851 Westridge North Dr,Noblesville,IN,46062,147500,3,2,Noblesville,1309,7405,1986,62,113,,Sold,,,http://www.redfin.com/IN/Noblesville/851-N-Westridge-Dr-46062/home/82360041,MIBOR,21528558,N,Y,40.0417503,-86.0303713
PAST SALE,January-24-2018,Single Family Residential,17849 Village Center Dr,Noblesville,IN,46062,178500,3,2.5,Noblesville,1803,8276,2000,50,99,29,Sold,,,http://www.redfin.com/IN/Noblesville/17849-Village-Center-Dr-46062/home/59993931,MIBOR,21525714,N,Y,40.04759,-86.075679
PAST SALE,January-2-2018,Single Family Residential,17094 Linda Way,Noblesville,IN,46062,198500,3,2.5,Noblesville,1926,8712,2003,72,103,35,Sold,,,http://www.redfin.com/IN/Noblesville/17094-Linda-Way-46062/home/82360477,MIBOR,21518990,N,Y,40.0370519,-86.0751614
PAST SALE,February-2-2018,Single Family Residential,203 Amhurst Cir,Noblesville,IN,46062,230000,3,2.5,Noblesville,2176,18295,1980,41,106,13,Sold,,,http://www.redfin.com/IN/Noblesville/203-Amhurst-Cir-46062/home/60036350,MIBOR,21528517,N,Y,40.0829641,-86.0599104
PAST SALE,February-6-2018,Single Family Residential,19531 Kailey Way,Noblesville,IN,46062,173000,4,2.5,Noblesville,2082,8276,2012,37,83,20,Sold,,,http://www.redfin.com/IN/Noblesville/19531-Kailey-Way-46062/home/60121072,MIBOR,21524652,N,Y,40.0715317,-86.0329414
PAST SALE,February-2-2018,Single Family Residential,16018 Bounds Ct,Noblesville,IN,46062,247900,3,2,Noblesville,2068,10454,2008,41,120,40,Sold,,,http://www.redfin.com/IN/Noblesville/16018-Bounds-Ct-46062/home/60163753,MIBOR,21513495,N,Y,40.0209562,-86.0635942
PAST SALE,December-18-2017,Single Family Residential,19069 Walter Grove Dr,Noblesville,IN,46062,288900,4,3.5,Noblesville,3173,16552,2004,87,91,38,Sold,,,http://www.redfin.com/IN/Noblesville/19069-Walter-Grove-Dr-46062/home/67012752,MIBOR,21509875,N,Y,40.0645283,-86.0644902
PAST SALE,December-15-2017,Single Family Residential,4250 Zachary Ln,Westfield,IN,46062,184087,4,2.5,Washington,2868,7405,2011,90,64,35,Sold,,,http://www.redfin.com/IN/Westfield/4250-Zachary-Ln-46062/home/60065995,MIBOR,21514855,N,Y,40.0517721,-86.0971141
PAST SALE,December-15-2017,Single Family Residential,19522 Sandbar Dr,Noblesville,IN,46062,164900,3,2,Noblesville,1505,10018,2004,90,110,18,Sold,,,http://www.redfin.com/IN/Noblesville/19522-Sandbar-Dr-46062/home/60108441,MIBOR,21516384,N,Y,40.0711538,-86.06001
PAST SALE,February-9-2018,Single Family Residential,6042 Bartley Dr,Noblesville,IN,46062,340000,5,3.5,Noblesville,4377,11325,2016,34,78,40,Sold,,,http://www.redfin.com/IN/Noblesville/6042-Bartley-Dr-46062/home/102833818,MIBOR,21513499,N,Y,40.0155635,-86.0649424
PAST SALE,December-27-2017,Single Family Residential,15687 Myland Dr,Noblesville,IN,46062,295000,4,2.5,Noblesville,3044,,2017,78,97,40,Sold,,,http://www.redfin.com/IN/Noblesville/15687-Myland-Dr-46062/home/113729500,MIBOR,21479014,N,Y,40.0160883,-86.0665663
PAST SALE,September-27-2017,Single Family Residential,5275 Sweetwater Dr,Noblesville,IN,46062,515746,4,3.5,Noblesville,5530,18295,2017,169,93,75,Sold,,,http://www.redfin.com/IN/Noblesville/5275-Sweetwater-Dr-46062/home/143995726,MIBOR,21516450,N,Y,40.0373313,-86.0824952
PAST SALE,September-28-2017,Single Family Residential,17818 Aviara Dr,Noblesville,IN,46062,188000,3,2.5,Noblesville,1788,13503,1997,168,105,28,Sold,,,http://www.redfin.com/IN/Noblesville/17818-Aviara-Dr-46062/home/60062314,MIBOR,21506351,N,Y,40.0464956,-86.0764354
PAST SALE,February-2-2018,Single Family Residential,7564 Hollow Reed Ct,Noblesville,IN,46060,180000,3,2.5,Noblesville,2334,10890,1999,41,77,18,Sold,,,http://www.redfin.com/IN/Noblesville/7564-Hollow-Reed-Ct-46062/home/67021239,MIBOR,21526766,N,Y,40.0722959,-86.0375326
PAST SALE,September-28-2017,Single Family Residential,6382 Ederline Ln,Noblesville,IN,46062,419620,3,3.5,Noblesville,3614,15681,2017,168,116,107,Sold,,,http://www.redfin.com/IN/Noblesville/6382-Ederline-Ln-46062/home/113657824,MIBOR,21481455,N,Y,40.0092,-86.060034
PAST SALE,September-27-2017,Single Family Residential,6257 Ederline Ln,Noblesville,IN,46062,439662,4,3.5,Noblesville,4970,13503,2017,169,88,107,Sold,,,http://www.redfin.com/IN/Noblesville/6257-Ederline-Ln-46062/home/143016294,MIBOR,21502831,N,Y,40.0132564,-86.0611546
PAST SALE,September-29-2017,Single Family Residential,5512 Golden Aster Dr,Noblesville,IN,46062,380637,4,2.5,Noblesville,4637,12196,2017,167,82,,Sold,,,http://www.redfin.com/IN/Noblesville/5512-Golden-Aster-Dr-46062/home/143943214,MIBOR,21516446,N,Y,40.0230259,-86.0752251
PAST SALE,October-20-2017,Single Family Residential,5054 Saddle Creek Ln,Noblesville,IN,46062,426590,4,2.5,Noblesville,4393,13503,2017,146,97,,Sold,,,http://www.redfin.com/IN/Noblesville/5054-Saddle-Creek-Ln-46062/home/112359562,MIBOR,21519161,N,Y,40.032767,-86.082099
PAST SALE,October-3-2017,Single Family Residential,4509 Walcott Dr,Westfield,IN,46062,253000,3,2.5,Washington,2748,9147,2007,163,92,28,Sold,,,http://www.redfin.com/IN/Noblesville/4509-Walcott-Dr-46062/home/60049180,MIBOR,21489032,N,Y,40.0522684,-86.094626
PAST SALE,October-17-2017,Single Family Residential,7418 Wythe Dr,Noblesville,IN,46062,271000,4,2.5,Noblesville,3856,16988,2004,149,70,33,Sold,,,http://www.redfin.com/IN/Noblesville/7418-Wythe-Dr-46062/home/60117197,MIBOR,21509740,N,Y,40.0590747,-86.0428622
PAST SALE,September-27-2017,Single Family Residential,7311 Hardin Oak Dr,Noblesville,IN,46062,290000,4,2.5,Noblesville,3815,9583,1998,169,76,52,Sold,,,http://www.redfin.com/IN/Noblesville/7311-Hardin-Oak-Dr-46062/home/82351538,MIBOR,21494853,N,Y,40.0497617,-86.0430216
PAST SALE,October-4-2017,Single Family Residential,17190 Linda Way,Noblesville,IN,46062,250000,4,2.5,Noblesville,3595,12196,2003,162,70,38,Sold,,,http://www.redfin.com/IN/Noblesville/17190-Linda-Way-46062/home/82360497,MIBOR,21497578,N,Y,40.0376163,-86.0713578
PAST SALE,September-28-2017,Single Family Residential,5980 Doverton Dr,Noblesville,IN,46060,176000,3,2,Noblesville,1738,11325,1995,168,101,14,Sold,,,http://www.redfin.com/IN/Noblesville/5980-Doverton-Dr-46062/home/67001189,MIBOR,21507823,N,Y,40.098157,-86.068035
PAST SALE,October-2-2017,Single Family Residential,5273 Pine Hill Dr,Noblesville,IN,46060,144900,3,2,Noblesville,1268,10018,1995,164,114,,Sold,,,http://www.redfin.com/IN/Noblesville/5273-Pine-Hill-Dr-46062/home/67116147,MIBOR,21507013,N,Y,40.0869961,-86.0810137
PAST SALE,September-19-2017,Single Family Residential,4538 E 169th St,Westfield,IN,46062,350000,3,2,Washington,4116,87120,1973,177,85,,Sold,,,http://www.redfin.com/IN/Westfield/4538-E-169th-St-46062/home/82360725,MIBOR,21510328,N,Y,40.032583,-86.094223
PAST SALE,September-28-2017,Single Family Residential,4895 Bentbrook Dr,Noblesville,IN,46062,220000,4,2.5,Noblesville,2307,16117,1993,168,95,30,Sold,,,http://www.redfin.com/IN/Noblesville/4895-Bentbrook-Dr-46062/home/82351508,MIBOR,21506522,N,Y,40.0475064,-86.0886167
PAST SALE,September-28-2017,Single Family Residential,18693 Pilot Mills Dr,Noblesville,IN,46062,239900,3,2.5,Noblesville,2877,10018,2007,168,83,33,Sold,,,http://www.redfin.com/IN/Noblesville/18693-Pilot-Mills-Dr-46062/home/60003124,MIBOR,21500700,N,Y,40.0594988,-86.0706622
PAST SALE,October-2-2017,Single Family Residential,4173 Pearson Dr,Westfield,IN,46062,240000,4,2.5,Washington,2562,10018,2010,164,94,28,Sold,,,http://www.redfin.com/IN/Westfield/4173-Pearson-Dr-46062/home/60101000,MIBOR,21510208,N,Y,40.0505303,-86.0988452
PAST SALE,October-20-2017,Single Family Residential,6145 Buttonwood Dr,Noblesville,IN,46062,198500,4,2.5,Noblesville,3056,9147,1973,146,65,33,Sold,,,http://www.redfin.com/IN/Noblesville/6145-Buttonwood-Dr-46062/home/82349404,MIBOR,21512149,N,Y,40.0756884,-86.0616826
PAST SALE,October-17-2017,Single Family Residential,17665 River Rd,Noblesville,IN,46062,108000,2,2,Noblesville,1066,34848,1974,149,101,,Sold,,,http://www.redfin.com/IN/Noblesville/17665-River-Rd-46062/home/82351871,MIBOR,21511273,N,Y,40.0452846,-86.0290363
PAST SALE,October-12-2017,Single Family Residential,17930 Hollow Brook Ct,Noblesville,IN,46062,239900,4,2.5,Noblesville,2986,14810,1993,154,80,30,Sold,,,http://www.redfin.com/IN/Noblesville/17930-Hollow-Brook-Ct-46062/home/60123824,MIBOR,21510274,N,Y,40.0482053,-86.0861898
PAST SALE,September-28-2017,Single Family Residential,15435 Slateford Rd,Noblesville,IN,46062,440000,3,2.5,Noblesville,4042,12196,2017,168,109,107,Sold,,,http://www.redfin.com/IN/Noblesville/15435-Slateford-Rd-46062/home/113923977,MIBOR,21501580,N,Y,40.0123252,-86.0638195
PAST SALE,October-13-2017,Single Family Residential,380 Pebble Brook Cir,Noblesville,IN,46062,340000,4,2.5,Noblesville,3532,15245,1989,153,96,,Sold,,,http://www.redfin.com/IN/Noblesville/380-Pebble-Brook-Cir-46062/home/60010296,MIBOR,21503414,N,Y,40.055479,-86.0726311
PAST SALE,September-21-2017,Single Family Residential,417 Chris Ln,Noblesville,IN,46062,807000,4,5.5,Noblesville,5530,16117,1987,175,146,,Sold,,,http://www.redfin.com/IN/Noblesville/417-Chris-Ln-46062/home/60019498,MIBOR,21489431,N,Y,40.093375,-86.04496
PAST SALE,October-25-2017,Single Family Residential,5830 Mill Oak Dr,Noblesville,IN,46062,184900,3,2,Noblesville,1845,7840,2004,141,100,33,Sold,,,http://www.redfin.com/IN/Noblesville/5830-Mill-Oak-Dr-46062/home/67029654,MIBOR,21513712,N,Y,40.0630412,-86.0707618
PAST SALE,November-1-2017,Single Family Residential,17843 Village Center Dr,Noblesville,IN,46060,181000,3,2,Noblesville,1891,10018,1999,134,96,28,Sold,,,http://www.redfin.com/IN/Noblesville/17843-Village-Center-Dr-46062/home/67029656,MIBOR,21510700,N,Y,40.0474327,-86.0757586
PAST SALE,November-3-2017,Single Family Residential,7128 Summer Oak Dr,Noblesville,IN,46062,300000,4,3.5,Noblesville,3481,11325,2004,132,86,52,Sold,,,http://www.redfin.com/IN/Noblesville/7128-Summer-Oak-Dr-46062/home/67021233,MIBOR,21502579,N,Y,40.0523128,-86.0474435
PAST SALE,October-27-2017,Single Family Residential,20918 Overdorf Rd,Noblesville,IN,46062,154200,3,2,Noblesville,1380,22651,1987,139,112,,Sold,,,http://www.redfin.com/IN/Noblesville/20918-Overdorf-Rd-46062/home/67021024,MIBOR,21479856,N,Y,40.096384,-85.985382
PAST SALE,February-28-2018,Single Family Residential,21033 Rustic Wood Ct,Noblesville,IN,46062,120000,3,2,Noblesville,3400,43560,1991,15,35,,Sold,,,http://www.redfin.com/IN/Noblesville/21033-Rustic-Wood-Ct-46062/home/67083090,MIBOR,21540478,N,Y,40.0931719,-85.9752913
PAST SALE,October-27-2017,Single Family Residential,18840 Big Circle Dr,Noblesville,IN,46062,200000,4,2.5,Noblesville,2101,6534,2009,139,95,20,Sold,,,http://www.redfin.com/IN/Noblesville/18840-Big-Circle-Dr-46062/home/60080638,MIBOR,21511713,N,Y,40.0616804,-86.0325031
PAST SALE,October-26-2017,Single Family Residential,15489 Slateford Rd,Noblesville,IN,46062,429990,4,4,Noblesville,4542,17424,2017,140,95,107,Sold,,,http://www.redfin.com/IN/Noblesville/15489-Slateford-Rd-46062/home/113623150,MIBOR,21478418,N,Y,40.0135971,-86.0644147
PAST SALE,October-31-2017,Single Family Residential,941 Elmwood Cir,Noblesville,IN,46062,199500,4,2,Noblesville,1886,23522,1973,135,106,33,Sold,,,http://www.redfin.com/IN/Noblesville/941-Elmwood-Cir-46062/home/82350429,MIBOR,21513079,N,Y,40.0658537,-86.0442307
PAST SALE,November-3-2017,Single Family Residential,1066 Elmwood Cir,Noblesville,IN,46062,185000,4,2,Noblesville,1922,52272,1973,132,96,38,Sold,,,http://www.redfin.com/IN/Noblesville/1066-Elmwood-Cir-46062/home/82350157,MIBOR,21514125,N,Y,40.0655588,-86.0418663
PAST SALE,November-3-2017,Single Family Residential,111 Bayley Cir,Noblesville,IN,46062,380000,4,3.5,Noblesville,3126,23086,1976,132,122,,Sold,,,http://www.redfin.com/IN/Noblesville/111-Bayley-Cir-46062/home/60085337,MIBOR,21510120,N,Y,40.0839311,-86.0501323
PAST SALE,November-3-2017,Single Family Residential,6188 Saw Mill Dr,Noblesville,IN,46062,245000,4,2.5,Noblesville,2472,8712,2006,132,99,33,Sold,,,http://www.redfin.com/IN/Noblesville/6188-Saw-Mill-Dr-46062/home/60162760,MIBOR,21513585,N,Y,40.0593679,-86.0632557
PAST SALE,October-20-2017,Single Family Residential,5522 Pine Knoll Blvd,Noblesville,IN,46062,160000,3,2,Noblesville,1260,10454,1991,146,127,,Sold,,,http://www.redfin.com/IN/Noblesville/5522-Pine-Knoll-Blvd-46062/home/66939956,MIBOR,21512118,N,Y,40.09005,-86.076663
PAST SALE,September-18-2017,Single Family Residential,4720 Beach Club Dr,Westfield,IN,46062,197000,3,2.5,Washington,1802,7405,2003,178,109,23,Sold,,,http://www.redfin.com/IN/Noblesville/4720-Beach-Club-Dr-46062/home/60135729,MIBOR,21504766,N,Y,40.0461683,-86.0916417
PAST SALE,September-28-2017,Single Family Residential,5526 Lacosta Ln,Noblesville,IN,46062,176000,3,2.5,Noblesville,1552,7840,1997,168,113,28,Sold,,,http://www.redfin.com/IN/Noblesville/5526-Lacosta-Ln-46062/home/66968758,MIBOR,21506173,N,Y,40.0481836,-86.0766743
PAST SALE,September-27-2017,Single Family Residential,4307 Elkhorn Dr,Westfield,IN,46062,237000,3,2.5,Washington,2936,24393,2000,169,81,,Sold,,,http://www.redfin.com/IN/Noblesville/4307-Elkhorn-Dr-46062/home/82360862,MIBOR,21490961,N,Y,40.0368935,-86.0965768
PAST SALE,September-29-2017,Single Family Residential,16812 Palmetto Way,Noblesville,IN,46062,199000,4,2.5,Noblesville,2860,13068,2004,167,70,27,Sold,,,http://www.redfin.com/IN/Noblesville/16812-Palmetto-Way-46062/home/60122771,MIBOR,21501210,N,Y,40.032514,-86.0498734
PAST SALE,October-6-2017,Single Family Residential,4673 Mckinley Ct,Westfield,IN,46062,281500,4,3,Washington,3804,13939,2006,160,74,29,Sold,,,http://www.redfin.com/IN/Noblesville/4673-McKinley-Ct-46062/home/60124644,MIBOR,21500504,N,Y,40.034503,-86.0909253
PAST SALE,December-8-2017,Single Family Residential,229 Riverwood Dr,Noblesville,IN,46062,30100,2,1,Noblesville,860,5000,1945,97,35,,Sold,,,http://www.redfin.com/IN/Noblesville/229-Riverwood-Dr-46062/home/60078551,MIBOR,21526538,N,Y,40.1029791,-85.9665545
PAST SALE,September-26-2017,Single Family Residential,7215 Oak Cove Ln,Noblesville,IN,46060,770000,5,3.5,Noblesville,5378,28314,1989,170,143,8,Sold,,,http://www.redfin.com/IN/Noblesville/7215-Oak-Cove-Ln-46062/home/67042851,MIBOR,21488621,N,Y,40.09715,-86.041683
PAST SALE,September-29-2017,Single Family Residential,125 Lake Terrace Ct,Noblesville,IN,46062,257000,4,3,Noblesville,3426,15245,1989,167,75,,Sold,,,http://www.redfin.com/IN/Noblesville/125-Lake-Terrace-Ct-46062/home/59998731,MIBOR,21506707,N,Y,40.08354,-86.073195
PAST SALE,September-29-2017,Single Family Residential,21010 Cumberland Rd,Noblesville,IN,46062,183100,3,1.5,Noblesville,2456,174240,1900,167,75,,Sold,,,http://www.redfin.com/IN/Noblesville/21010-Cumberland-Rd-46062/home/82352487,MIBOR,21510523,N,Y,40.095017,-85.992837
PAST SALE,October-2-2017,Single Family Residential,20476 Country Lake Blvd,Noblesville,IN,46062,276000,4,3,Noblesville,3638,13068,2000,164,76,,Sold,,,http://www.redfin.com/IN/Noblesville/20476-Country-Lake-Blvd-46062/home/60070672,MIBOR,21507819,N,Y,40.0852829,-86.074389
PAST SALE,September-22-2017,Single Family Residential,5031 Trull Brook Dr,Noblesville,IN,46062,220000,3,2,Noblesville,2567,11761,1992,174,86,30,Sold,,,http://www.redfin.com/IN/Noblesville/5031-Trull-Brook-Dr-46062/home/82351286,MIBOR,21503330,N,Y,40.0466179,-86.0859896
PAST SALE,October-13-2017,Single Family Residential,101 Elderberry Cir,Noblesville,IN,46062,200000,4,2.5,Noblesville,1824,13068,1974,153,110,33,Sold,,,http://www.redfin.com/IN/Noblesville/101-Elderberry-Cir-46062/home/60081938,MIBOR,21510194,N,Y,40.0788901,-86.0647291
PAST SALE,September-28-2017,Single Family Residential,17011 Bluestone Dr,Noblesville,IN,46062,565000,5,4.5,Noblesville,5690,13939,2012,168,99,75,Sold,,,http://www.redfin.com/IN/Noblesville/17011-Bluestone-Dr-46062/home/107043643,MIBOR,21488710,N,Y,40.0345559,-86.0847755
PAST SALE,November-17-2017,Single Family Residential,664 Dogwood Ct,Noblesville,IN,46062,239900,5,2.5,Noblesville,2820,14810,1972,118,85,28,Sold,,,http://www.redfin.com/IN/Noblesville/664-Dogwood-Ct-46062/home/60120183,MIBOR,21503506,N,Y,40.0738038,-86.0597511
PAST SALE,October-31-2017,Single Family Residential,18582 Piers End Dr,Noblesville,IN,46062,181000,3,2,Noblesville,1702,8276,1999,135,106,65,Sold,,,http://www.redfin.com/IN/Noblesville/18582-Piers-End-Dr-46062/home/66826025,MIBOR,21513629,N,Y,40.0578012,-86.0512683
PAST SALE,November-22-2017,Single Family Residential,303 Redbay Dr,Noblesville,IN,46062,177000,4,2.5,Noblesville,1896,9583,1985,113,93,29,Sold,,,http://www.redfin.com/IN/Noblesville/303-Redbay-Dr-46062/home/67059934,MIBOR,21491232,N,Y,40.0792765,-86.0678749
PAST SALE,November-15-2017,Single Family Residential,17442 Trailview Cir,Noblesville,IN,46062,159900,3,2,Noblesville,1538,6534,1994,120,104,17,Sold,,,http://www.redfin.com/IN/Noblesville/17442-Trailview-Cir-46062/home/82360297,MIBOR,21503331,N,Y,40.0410206,-86.0271634
PAST SALE,November-30-2017,Single Family Residential,16864 Peach Ln,Noblesville,IN,46062,194000,3,2.5,Noblesville,2160,12196,2004,105,90,27,Sold,,,http://www.redfin.com/IN/Noblesville/16864-Peach-Ln-46062/home/60014196,MIBOR,21518203,N,Y,40.0338255,-86.0484394
PAST SALE,November-27-2017,Single Family Residential,6035 Mill Oak Dr,Noblesville,IN,46062,267500,4,2.5,Noblesville,2992,9147,2000,108,89,33,Sold,,,http://www.redfin.com/IN/Noblesville/6035-Mill-Oak-Dr-46062/home/60096822,MIBOR,21519470,N,Y,40.0660403,-86.0667062
PAST SALE,November-20-2017,Single Family Residential,7445 Wythe Dr,Noblesville,IN,46062,255000,4,2.5,Noblesville,2671,15245,2003,115,95,30,Sold,,,http://www.redfin.com/IN/Noblesville/7445-Wythe-Dr-46062/home/60106305,MIBOR,21502327,N,Y,40.0583143,-86.0440175
PAST SALE,November-20-2017,Single Family Residential,18726 Mill Grove Dr,Noblesville,IN,46062,274900,4,2.5,Noblesville,3966,8712,2004,115,69,33,Sold,,,http://www.redfin.com/IN/Noblesville/18726-Mill-Grove-Dr-46062/home/60113638,MIBOR,21517678,N,Y,40.0598753,-86.0652468
PAST SALE,November-20-2017,Single Family Residential,7594 Pacific Smt,Noblesville,IN,46062,274000,4,2.5,Noblesville,3421,5227,2011,115,80,29,Sold,,,http://www.redfin.com/IN/Noblesville/7594-Pacific-Smt-46062/home/60137305,MIBOR,21513678,N,Y,40.0613731,-86.0364079
PAST SALE,October-23-2017,Single Family Residential,17896 Hollow Brook Ct,Noblesville,IN,46062,243500,4,2.5,Noblesville,3090,14810,1993,143,79,30,Sold,,,http://www.redfin.com/IN/Noblesville/17896-Hollow-Brook-Ct-46062/home/82351292,MIBOR,21502467,N,Y,40.0476582,-86.0871838
PAST SALE,November-22-2017,Single Family Residential,16751 George Gang Blvd,Westfield,IN,46062,655450,5,5.5,Washington,6596,23958,2017,113,99,58,Sold,,,http://www.redfin.com/IN/Westfield/16751-George-Gang-Blvd-46062/home/101628792,MIBOR,21509243,N,Y,40.030771,-86.091686
PAST SALE,November-22-2017,Single Family Residential,4203 Tarpon Bay Dr,Westfield,IN,46062,145000,3,2,Washington,1203,10454,2001,113,121,21,Sold,,,http://www.redfin.com/IN/Noblesville/4203-Tarpon-Bay-Dr-46062/home/66823583,MIBOR,21511453,N,Y,40.046981,-86.0979697
PAST SALE,September-25-2017,Single Family Residential,2203 Walnut Way,Noblesville,IN,46062,209000,4,2.5,Noblesville,2398,11761,1977,171,87,33,Sold,,,http://www.redfin.com/IN/Noblesville/2203-Walnut-Way-46062/home/66950132,MIBOR,21502491,N,Y,40.0860547,-86.0709011
PAST SALE,October-23-2017,Single Family Residential,20642 Summitt Dr,Noblesville,IN,46062,175000,3,2.5,Noblesville,1650,11761,1995,143,106,,Sold,,,http://www.redfin.com/IN/Noblesville/20642-Summit-Rd-46062/home/67075404,MIBOR,21506245,N,Y,40.0874724,-86.0785455
PAST SALE,November-10-2017,Single Family Residential,18022 Sun Ridge Cir,Noblesville,IN,46062,191500,3,2,Noblesville,1609,11325,1993,125,119,30,Sold,,,http://www.redfin.com/IN/Noblesville/18022-Sun-Ridge-Cir-46062/home/82351505,MIBOR,21512198,N,Y,40.0505313,-86.0869848
PAST SALE,November-24-2017,Single Family Residential,5567 E 169th St,Noblesville,IN,46062,440000,3,3.5,Noblesville,4943,279219,2003,111,89,,Sold,,,http://www.redfin.com/IN/Noblesville/5567-E-169th-St-46062/home/82360490,MIBOR,21494371,N,Y,40.0305905,-86.0745642
PAST SALE,November-16-2017,Single Family Residential,4539 Whitney Rd,Westfield,IN,46062,251000,4,2.5,Washington,2967,14810,2007,119,85,29,Sold,,,http://www.redfin.com/IN/Noblesville/4539-Whitney-Rd-46062/home/82360849,MIBOR,21511614,N,Y,40.0359076,-86.0934327
PAST SALE,November-14-2017,Single Family Residential,6335 Edenshall Ln,Noblesville,IN,46062,385000,4,2.5,Noblesville,5905,9583,2008,121,65,107,Sold,,,http://www.redfin.com/IN/Noblesville/6335-Edenshall-Ln-46062/home/66864428,MIBOR,21504169,N,Y,40.0060486,-86.0606472
PAST SALE,November-27-2017,Single Family Residential,18537 Griswald Ct,Westfield,IN,46062,274506,4,2.5,Washington,2458,10890,2017,108,112,42,Sold,,,http://www.redfin.com/IN/Westfield/18537-Griswald-Ct-46062/home/144574126,MIBOR,21529664,N,Y,40.0563892,-86.0921973
PAST SALE,September-21-2017,Single Family Residential,18768 Stones Crossing Ln,Noblesville,IN,46062,300000,3,2,Noblesville,2984,,2017,175,101,66,Sold,,,http://www.redfin.com/IN/Noblesville/18768-Stones-Crossing-Ln-46062/home/67096233,MIBOR,21457730,N,Y,40.060559,-86.074172
PAST SALE,September-22-2017,Single Family Residential,15505 Shellbark Dr,Noblesville,IN,46062,280000,4,2.5,Noblesville,3470,13068,2005,174,81,,Sold,,,http://www.redfin.com/IN/Noblesville/15505-Shellbark-Dr-46062/home/67043859,MIBOR,21499978,N,Y,40.0133763,-86.0658839
PAST SALE,December-28-2017,Single Family Residential,18735 Brookston Ln,Noblesville,IN,46062,372740,4,3.5,Noblesville,4702,9583,2017,77,79,66,Sold,,,http://www.redfin.com/IN/Noblesville/18735-Brookston-Ln-46062/home/144479923,MIBOR,21528587,N,Y,40.060125,-86.074106
PAST SALE,January-18-2018,Single Family Residential,4624 Muscatine Way,Westfield,IN,46062,190000,3,2,Washington,1447,9583,2013,56,131,,Sold,,,http://www.redfin.com/IN/Westfield/4624-Muscatine-Way-46062/home/60139949,MIBOR,21528887,N,Y,40.050968,-86.0938611
PAST SALE,January-19-2018,Single Family Residential,5629 Buck Dr,Noblesville,IN,46062,200000,3,2.5,Noblesville,2840,12632,2005,55,70,,Sold,,,http://www.redfin.com/IN/Noblesville/5629-Buck-Dr-46062/home/82349171,MIBOR,21516586,N,Y,40.098329,-86.074613
PAST SALE,January-30-2018,Single Family Residential,41 Miami Dr,Noblesville,IN,46062,49900,2,1,Noblesville,1728,14810,1928,44,29,,Sold,,,http://www.redfin.com/IN/Noblesville/41-Miami-Dr-46062/home/82352659,MIBOR,21493430,N,Y,40.09984,-85.968838
PAST SALE,December-28-2017,Single Family Residential,5193 Rangewood Dr,Noblesville,IN,46062,482500,4,4.5,Noblesville,4958,13068,2017,77,97,75,Sold,,,http://www.redfin.com/IN/Noblesville/5193-Rangewood-Dr-46062/home/113596601,MIBOR,21474732,N,Y,40.0293741,-86.0825043
PAST SALE,February-1-2018,Single Family Residential,19218 Chestnut Grove Ln,Noblesville,IN,46062,351454,3,3,Noblesville,2379,8232,2017,42,148,150,Sold,,,http://www.redfin.com/IN/Noblesville/19218-Chestnut-Grove-Ln-46062/home/144630496,MIBOR,21529489,N,Y,40.0674459,-86.069557
PAST SALE,January-3-2018,Single Family Residential,774 Westridge South Dr,Noblesville,IN,46062,150000,4,3,Noblesville,1720,7840,1989,71,87,,Sold,,,http://www.redfin.com/IN/Noblesville/774-S-Westridge-Dr-46062/home/82360311,MIBOR,21522352,N,Y,40.0414036,-86.0313475
PAST SALE,February-21-2018,Single Family Residential,16589 Brookhollow Dr,Westfield,IN,46062,598000,5,4,Washington,6004,24393,2005,22,100,64,Sold,,,http://www.redfin.com/IN/Noblesville/16589-Brookhollow-Dr-46062/home/107149981,MIBOR,21520406,N,Y,40.029702,-86.102896
PAST SALE,February-9-2018,Single Family Residential,5287 Sweetwater Dr,Noblesville,IN,46062,409605,4,3.5,Noblesville,4940,15681,2017,34,83,75,Sold,,,http://www.redfin.com/IN/Noblesville/5287-Sweetwater-Dr-46062/home/144873593,MIBOR,21546248,N,Y,40.0373313,-86.0824952
PAST SALE,February-20-2018,Single Family Residential,5229 Sweetwater Dr,Noblesville,IN,46062,464190,4,4,Noblesville,5438,13503,2017,23,85,75,Sold,,,http://www.redfin.com/IN/Noblesville/5229-Sweetwater-Dr-46062/home/144957768,MIBOR,21546879,N,Y,40.037377,-86.0823217
PAST SALE,February-6-2018,Single Family Residential,17065 Peach Ln,Noblesville,IN,46062,205000,3,2.5,Noblesville,2240,13068,2007,37,92,27,Sold,,,http://www.redfin.com/IN/Noblesville/17065-Peach-Ln-46062/home/59996047,MIBOR,21528339,N,Y,40.0364347,-86.0498734
PAST SALE,February-21-2018,Single Family Residential,18718 Hewes Ct,Noblesville,IN,46062,232000,3,2.5,Noblesville,3977,11325,1997,22,58,65,Sold,,,http://www.redfin.com/IN/Noblesville/18718-Hewes-Ct-46062/home/60029629,MIBOR,21510582,N,Y,40.0593107,-86.0450932
PAST SALE,December-22-2017,Single Family Residential,19369 Pathway Pointe,Noblesville,IN,46060,128000,3,2,Noblesville,1211,10018,2002,83,106,18,Sold,,,http://www.redfin.com/IN/Noblesville/19369-Pathway-Pt-46062/home/82350992,MIBOR,21518946,N,Y,40.0691384,-86.0595321
PAST SALE,December-28-2017,Single Family Residential,,Noblesville,IN,46062,345000,4,2.5,,4296,14374,2004,77,80,58,Sold,,,http://www.redfin.com/IN/Noblesville/Undisclosed-address-46062/home/60021333,MIBOR,21526195,N,Y,40.0094155,-86.0724724
PAST SALE,December-8-2017,Single Family Residential,19230 Links Ln,Noblesville,IN,46062,188500,4,2.5,Noblesville,2254,6098,2001,97,84,20,Sold,,,http://www.redfin.com/IN/Noblesville/19230-Links-Ln-46062/home/60107189,MIBOR,21518247,N,Y,40.0670691,-86.0322242
PAST SALE,March-7-2018,Single Family Residential,17031 Flinchum Way E,Noblesville,IN,46062,248000,4,2.5,Noblesville,2712,9583,2000,8,91,42,Sold,,,http://www.redfin.com/IN/Noblesville/17031-Flinchum-Way-S-46062/home/60123384,MIBOR,21544422,N,Y,40.0354056,-86.0726132
PAST SALE,March-7-2018,Single Family Residential,18761 Big Circle Dr,Noblesville,IN,46062,180000,3,2,Noblesville,1447,8712,2011,8,124,21,Sold,,,http://www.redfin.com/IN/Noblesville/18761-Big-Circle-Dr-46062/home/60102251,MIBOR,21542660,N,Y,40.0605026,-86.0331406
PAST SALE,February-26-2018,Single Family Residential,15501 Slateford Rd,Noblesville,IN,46062,420000,5,3.5,Noblesville,5087,14374,2017,17,83,107,Sold,,,http://www.redfin.com/IN/Noblesville/15501-Slateford-Rd-46062/home/113857857,MIBOR,21526548,N,Y,40.0137865,-86.0644969
PAST SALE,March-1-2018,Single Family Residential,6190 Ederline Ln,Noblesville,IN,46062,422000,4,4.5,Noblesville,5087,14374,2017,14,83,107,Sold,,,http://www.redfin.com/IN/Noblesville/6190-Ederline-Ln-46062/home/113923976,MIBOR,21526544,N,Y,40.0131448,-86.0634429
PAST SALE,March-9-2018,Single Family Residential,18741 Wychwood Pl,Noblesville,IN,46062,270000,3,2.5,Noblesville,2601,10890,2006,6,104,31,Sold,,,http://www.redfin.com/IN/Noblesville/18741-Wychwood-Pl-46062/home/60164644,MIBOR,21541416,N,Y,40.0601483,-86.0532591
PAST SALE,March-14-2018,Single Family Residential,5868 Bladen Dr,Noblesville,IN,46062,364715,5,3.5,Noblesville,4719,8276,2017,1,77,40,Sold,,,http://www.redfin.com/IN/Noblesville/5868-Bladen-Dr-46062/home/143667258,MIBOR,21511065,N,Y,40.0192684,-86.0693661
PAST SALE,December-21-2017,Single Family Residential,706 Firethorn Cir,Noblesville,IN,46062,180250,3,2,Noblesville,1476,15158,1987,84,122,33,Sold,,,http://www.redfin.com/IN/Noblesville/706-Firethorn-Cir-46062/home/82349553,MIBOR,21525811,N,Y,40.083488,-86.070297
PAST SALE,November-15-2017,Single Family Residential,7615 Foxglove Ln,Noblesville,IN,46062,157900,4,2,Noblesville,1756,6969,1999,120,90,18,Sold,,,http://www.redfin.com/IN/Noblesville/7615-Foxglove-Ln-46062/home/82350380,MIBOR,21514579,N,Y,40.0705085,-86.036348
PAST SALE,December-15-2017,Single Family Residential,7122 Braxton Dr,Noblesville,IN,46062,237500,4,3.5,Noblesville,2588,15245,2001,90,92,33,Sold,,,http://www.redfin.com/IN/Noblesville/7122-Braxton-Dr-46062/home/82350566,MIBOR,21516398,N,Y,40.0646393,-86.0465671
PAST SALE,December-18-2017,Single Family Residential,17080 Bittner Way,Noblesville,IN,46062,243000,4,2.5,Noblesville,2519,12196,2005,87,96,40,Sold,,,http://www.redfin.com/IN/Noblesville/17080-Bittner-Way-46062/home/60078373,MIBOR,21523621,N,Y,40.0359089,-86.0792222
PAST SALE,December-11-2017,Single Family Residential,17761 Sundial Ct,Noblesville,IN,46060,123000,3,2,Washington,1200,10454,1998,94,103,11,Sold,,,http://www.redfin.com/IN/Noblesville/17761-Sundial-Ct-46062/home/60163922,MIBOR,21525998,N,Y,40.0459106,-86.0940894
PAST SALE,December-19-2017,Single Family Residential,18834 Tillamook Run E,Noblesville,IN,46062,250000,3,2,Noblesville,1949,7405,2014,86,128,29,Sold,,,http://www.redfin.com/IN/Noblesville/18834-Tillamook-Run-E-46062/home/60166306,MIBOR,21522028,N,Y,40.0614536,-86.0340571
PAST SALE,November-30-2017,Single Family Residential,6899 Trophy Ln,Noblesville,IN,46062,269000,3,3,Noblesville,2064,8276,2004,105,130,72,Sold,,,http://www.redfin.com/IN/Noblesville/6899-Trophy-Ln-46062/home/60020121,MIBOR,21518283,N,Y,40.0382322,-86.0497937
PAST SALE,December-7-2017,Single Family Residential,4905 Andover Pkwy,Westfield,IN,46062,359995,5,3.5,Washington,3861,,2017,98,93,70,Sold,,,http://www.redfin.com/IN/Westfield/4905-Andover-Pkwy-46062/home/113659721,MIBOR,21476536,N,Y,40.057737,-86.090584
PAST SALE,December-4-2017,Single Family Residential,7152 Braxton Dr,Noblesville,IN,46062,224500,4,2.5,Noblesville,2498,10890,2001,101,90,33,Sold,,,http://www.redfin.com/IN/Noblesville/7152-Braxton-Dr-46062/home/60086669,MIBOR,21522726,N,Y,40.0651459,-86.0455911
PAST SALE,October-23-2017,Single Family Residential,17194 Linda Way,Noblesville,IN,46062,260000,3,2.5,Noblesville,2864,10890,2006,143,91,38,Sold,,,http://www.redfin.com/IN/Noblesville/17194-Linda-Way-46062/home/60056954,MIBOR,21500770,N,Y,40.0373794,-86.0712396
PAST SALE,November-17-2017,Single Family Residential,630 White Pine Dr,Noblesville,IN,46062,245500,4,2.5,Noblesville,2881,11151,1988,118,85,33,Sold,,,http://www.redfin.com/IN/Noblesville/630-White-Pine-Dr-46062/home/82349539,MIBOR,21519084,N,Y,40.08176,-86.070074
PAST SALE,November-28-2017,Single Family Residential,5221 Arrowgrass Ct,Noblesville,IN,46062,369068,4,2.5,Noblesville,3300,9147,2017,107,112,33,Sold,,,http://www.redfin.com/IN/Noblesville/5221-Arrowgrass-Ct-46062/home/144387858,MIBOR,21526525,N,Y,40.0243488,-86.0752123
PAST SALE,December-4-2017,Single Family Residential,5022 Holston Hills Dr,Noblesville,IN,46062,342185,3,3.5,Noblesville,3990,8712,2017,101,86,,Sold,,,http://www.redfin.com/IN/Unknown/5022-Holston-Hills-Dr-46062/home/144441458,MIBOR,21526495,N,Y,40.0051538,-86.0863352
PAST SALE,December-6-2017,Single Family Residential,17507 Natchez Ct,Noblesville,IN,46062,393193,3,2,Noblesville,4540,8712,2017,99,87,40,Sold,,,http://www.redfin.com/IN/Noblesville/17507-Natchez-Ct-46062/home/144580723,MIBOR,21528696,N,Y,40.0412106,-86.0824542
PAST SALE,November-3-2017,Single Family Residential,5918 Mill Oak Dr,Noblesville,IN,46062,253500,4,2.5,Noblesville,2832,17424,2002,132,90,35,Sold,,,http://www.redfin.com/IN/Noblesville/5918-Mill-Oak-Dr-46062/home/60018273,MIBOR,21510807,N,Y,40.065449,-86.0692436
PAST SALE,December-7-2017,Single Family Residential,14749 Redcliff Dr,Noblesville,IN,46062,226000,3,2.5,Noblesville,2760,15681,1999,98,82,24,Sold,,,http://www.redfin.com/IN/Noblesville/14749-Redcliff-Dr-46062/home/66958467,MIBOR,21518417,N,Y,40.0021126,-86.0797796
PAST SALE,November-27-2017,Single Family Residential,7858 Vics Ct,Noblesville,IN,46062,161000,3,2,Noblesville,1414,9147,2004,108,114,20,Sold,,,http://www.redfin.com/IN/Noblesville/7858-Vics-Ct-46062/home/67084952,MIBOR,21518635,N,Y,40.0597528,-86.032264
PAST SALE,October-23-2017,Single Family Residential,311 Harbour Trees Ln,Noblesville,IN,46062,249000,4,2.5,Noblesville,3670,21780,1978,143,68,13,Sold,,,http://www.redfin.com/IN/Noblesville/311-Harbour-Trees-Ln-46062/home/82349777,MIBOR,21512396,N,Y,40.0870299,-86.0495746
PAST SALE,October-30-2017,Single Family Residential,20008 Tahoe Cir,Noblesville,IN,46062,166500,3,2,Noblesville,1873,12632,2000,136,89,17,Sold,,,http://www.redfin.com/IN/Noblesville/20008-Tahoe-Cir-46062/home/60160942,MIBOR,21513897,N,Y,40.0781286,-86.0352923
PAST SALE,October-11-2017,Single Family Residential,17884 Cristin Way,Westfield,IN,46062,200000,3,2.5,Washington,2153,8276,2006,155,93,23,Sold,,,http://www.redfin.com/IN/Noblesville/17884-Cristin-Way-46062/home/67090234,MIBOR,21493057,N,Y,40.0473537,-86.0923979
PAST SALE,November-13-2017,Single Family Residential,18775 W Tillamook Run,Noblesville,IN,46062,304500,4,3.5,Noblesville,3592,13068,2011,122,85,29,Sold,,,http://www.redfin.com/IN/Noblesville/18775-Tillamook-Run-W-46062/home/60163473,MIBOR,21511172,N,Y,40.0605627,-86.0372447
PAST SALE,October-27-2017,Single Family Residential,21596 Anchor Bay Dr,Noblesville,IN,46062,547900,6,6,Noblesville,5200,20473,2017,139,105,21,Sold,,,http://www.redfin.com/IN/Noblesville/21596-Anchor-Bay-Dr-46062/home/109526233,MIBOR,21512204,N,Y,40.1014314,-86.033559
PAST SALE,December-19-2017,Single Family Residential,20376 Country Lake Blvd,Noblesville,IN,46062,198500,3,2,Noblesville,1980,20037,1995,86,100,17,Sold,,,http://www.redfin.com/IN/Noblesville/20376-Country-Lake-Blvd-46062/home/67043112,MIBOR,21514482,N,Y,40.083584,-86.074086
PAST SALE,December-15-2017,Single Family Residential,1410 Cottonwood Cir,Noblesville,IN,46062,372900,3,2.5,Noblesville,3105,12632,1977,90,120,25,Sold,,,http://www.redfin.com/IN/Noblesville/1410-Cottonwood-Cir-46062/home/66842611,MIBOR,21519910,N,Y,40.0815204,-86.0644902
PAST SALE,December-21-2017,Single Family Residential,16765 Palmetto Way,Noblesville,IN,46062,160000,3,2,Noblesville,1640,8276,2005,84,98,27,Sold,,,http://www.redfin.com/IN/Noblesville/16765-Palmetto-Way-46062/home/66803054,MIBOR,21522903,N,Y,40.0317701,-86.0503514
PAST SALE,December-8-2017,Single Family Residential,6074 Roxburgh Pl,Noblesville,IN,46062,409900,4,3.5,Noblesville,5118,15245,2014,97,80,107,Sold,,,http://www.redfin.com/IN/Noblesville/6074-Roxburgh-Pl-46062/home/109537823,MIBOR,21509281,N,Y,40.0069256,-86.0652667
PAST SALE,December-19-2017,Single Family Residential,15365 Cherry Tree Rd,Noblesville,IN,46062,340000,3,2.5,Noblesville,3308,117176,1984,86,103,,Sold,,,http://www.redfin.com/IN/Noblesville/15365-Cherry-Tree-Rd-46062/home/82361305,MIBOR,21522818,N,Y,40.012966,-86.051365
PAST SALE,December-15-2017,Single Family Residential,6273 Ederline Ln,Noblesville,IN,46062,432985,4,4.5,Noblesville,4426,13503,2017,90,98,,Sold,,,http://www.redfin.com/IN/Noblesville/6273-Ederline-Ln-46062/home/144520463,MIBOR,21528971,N,Y,40.0132564,-86.0611546
PAST SALE,December-18-2017,Single Family Residential,6022 Stroup Dr,Noblesville,IN,46062,395110,5,4.5,Noblesville,4877,8276,2017,87,81,40,Sold,,,http://www.redfin.com/IN/Noblesville/6022-Stroup-Dr-46062/home/144283564,MIBOR,21524202,N,Y,40.0207071,-86.0662228
PAST SALE,December-28-2017,Single Family Residential,14933 Spayside Dr E,Noblesville,IN,46062,424212,2,2.5,Noblesville,4791,21344,2017,77,89,,Sold,,,http://www.redfin.com/IN/Noblesville/14933-Spayside-Dr-E-46062/home/144581653,MIBOR,21529269,N,Y,40.0040695,-86.0448208
PAST SALE,December-28-2017,Single Family Residential,5403 Golden Aster Dr,Noblesville,IN,46062,389000,4,2.5,Noblesville,4414,11325,2017,77,88,33,Sold,,,http://www.redfin.com/IN/Noblesville/5403-Golden-Aster-Dr-46062/home/122512953,MIBOR,21491940,N,Y,40.022701,-86.073954
PAST SALE,December-29-2017,Single Family Residential,15043 Spayside Dr E,Noblesville,IN,46062,505100,3,2.5,Noblesville,5625,18295,2017,76,90,107,Sold,,,http://www.redfin.com/IN/Noblesville/15043-Spayside-Dr-E-46062/home/144621810,MIBOR,21518334,N,Y,40.0040695,-86.0448208
PAST SALE,January-5-2018,Single Family Residential,5953 Bartley Dr,Noblesville,IN,46062,329970,5,3.5,Noblesville,3179,9147,2017,69,104,40,Sold,,,http://www.redfin.com/IN/Noblesville/5953-Bartley-Dr-46062/home/144088422,MIBOR,21519298,N,Y,40.017623,-86.068096
PAST SALE,January-24-2018,Single Family Residential,15307 Merritt Pass,Noblesville,IN,46062,412000,4,4.5,Noblesville,3915,10890,2017,50,105,67,Sold,,,http://www.redfin.com/IN/Noblesville/15307-Merritt-Pass-46062/home/113895805,MIBOR,21484695,N,Y,40.010578,-86.074496
PAST SALE,February-14-2018,Single Family Residential,15708 Barnard Dr,Noblesville,IN,46062,330000,5,3.5,Noblesville,3179,9147,2018,29,104,40,Sold,,,http://www.redfin.com/IN/Noblesville/15708-Barnard-Dr-46062/home/143036787,MIBOR,21514720,N,Y,40.017623,-86.068096
PAST SALE,January-5-2018,Single Family Residential,6144 Salisbury Ln,Noblesville,IN,46062,315000,4,2.5,Noblesville,3877,13939,2004,69,81,40,Sold,,,http://www.redfin.com/IN/Noblesville/6144-Salisbury-Ln-46062/home/67025448,MIBOR,21509261,N,Y,40.0116464,-86.0644018
PAST SALE,February-28-2018,Single Family Residential,6529 Pennan Ct,Noblesville,IN,46062,680000,4,3.5,Noblesville,6252,15681,2001,15,109,107,Sold,,,http://www.redfin.com/IN/Noblesville/6529-Pennan-Ct-46062/home/66942411,MIBOR,21539511,N,Y,40.0045839,-86.0552307
PAST SALE,February-9-2018,Single Family Residential,16703 Maraschino Dr,Noblesville,IN,46062,167500,3,2,Noblesville,1584,9583,2006,34,106,53,Sold,,,http://www.redfin.com/IN/Noblesville/16703-Maraschino-Dr-46062/home/59991723,MIBOR,21529804,N,Y,40.0310965,-86.048778
PAST SALE,March-2-2018,Single Family Residential,5220 Rangewood Dr,Noblesville,IN,46062,435000,4,3.5,Noblesville,4981,13939,2017,13,87,75,Sold,,,http://www.redfin.com/IN/Noblesville/5220-Rangewood-Dr-46062/home/130484304,MIBOR,21506071,N,Y,40.032309,-86.080708
PAST SALE,February-23-2018,Single Family Residential,16991 Flinchum Way,Noblesville,IN,46062,229900,4,2.5,Noblesville,3080,10890,2002,20,75,41,Sold,,,http://www.redfin.com/IN/Noblesville/16991-Flinchum-Way-W-46062/home/63699334,MIBOR,21514235,N,Y,40.0348113,-86.0749207
PAST SALE,March-2-2018,Single Family Residential,6763 Braemar Ave N,Noblesville,IN,46062,497500,5,5,Noblesville,5328,18730,2005,13,93,80,Sold,,,http://www.redfin.com/IN/Noblesville/6763-Braemar-Ave-N-46062/home/60016038,MIBOR,21522013,N,Y,40.0065934,-86.0513472
PAST SALE,February-20-2018,Single Family Residential,15447 Slateford Rd,Noblesville,IN,46062,435000,4,3.5,Noblesville,4291,15681,2018,23,101,107,Sold,,,http://www.redfin.com/IN/Noblesville/15447-Slateford-Rd-46062/home/114016349,MIBOR,21511632,N,Y,40.0125259,-86.0644179
PAST SALE,January-18-2018,Single Family Residential,15663 Myland Dr,Noblesville,IN,46062,300000,4,3,Noblesville,2339,9147,2017,56,128,40,Sold,,,http://www.redfin.com/IN/Noblesville/15663-Myland-Dr-46062/home/114021461,MIBOR,21497184,N,Y,40.015704,-86.0665646
PAST SALE,March-13-2018,Single Family Residential,6199 Burleigh Pl,Noblesville,IN,46062,342000,3,2.5,Noblesville,4129,7840,2012,2,83,107,Sold,,,http://www.redfin.com/IN/Noblesville/6199-Burleigh-Pl-46062/home/107061818,MIBOR,21542974,N,Y,40.005011,-86.0630089
PAST SALE,January-22-2018,Single Family Residential,224 Riverwood Dr,Noblesville,IN,46062,150000,3,3,White River,2400,5000,2011,52,63,,Sold,,,http://www.redfin.com/IN/Noblesville/224-Riverwood-Dr-46062/home/107135183,MIBOR,21528498,N,Y,40.103444,-85.967433
PAST SALE,March-1-2018,Single Family Residential,18780 Big Circle Dr,Noblesville,IN,46062,221500,4,2.5,Noblesville,2556,7840,2005,14,87,18,Sold,,,http://www.redfin.com/IN/Noblesville/18780-Big-Circle-Dr-46062/home/82349702,MIBOR,21539793,N,Y,40.0607221,-86.0325429
PAST SALE,November-30-2017,Single Family Residential,433 Hemlock Ct,Noblesville,IN,46062,205001,4,2.5,Noblesville,1976,10977,1983,105,104,31,Sold,,,http://www.redfin.com/IN/Noblesville/433-Hemlock-Ct-46062/home/67033982,MIBOR,21519803,N,Y,40.078046,-86.069276
PAST SALE,November-27-2017,Single Family Residential,4830 Abigail Dr,Westfield,IN,46062,320000,4,2.5,Washington,3231,8712,2017,108,99,70,Sold,,,http://www.redfin.com/IN/Westfield/4830-Abigail-Dr-46062/home/143287726,MIBOR,21506067,N,Y,40.057737,-86.090584
PAST SALE,November-17-2017,Single Family Residential,4196 Pearson Dr,Westfield,IN,46062,178900,3,2,Washington,1447,9583,2012,118,124,28,Sold,,,http://www.redfin.com/IN/Westfield/4196-Pearson-Dr-46062/home/60115132,MIBOR,21522080,N,Y,40.0509376,-86.0984671
PAST SALE,November-3-2017,Single Family Residential,18787 Prairie Crossing Dr,Noblesville,IN,46062,169900,3,2,Noblesville,1418,10454,2003,132,120,20,Sold,,,http://www.redfin.com/IN/Noblesville/18787-Prairie-Crossing-Dr-46062/home/60152082,MIBOR,21496141,N,Y,40.0603818,-86.0319452
PAST SALE,December-1-2017,Single Family Residential,15449 Shellbark Dr,Noblesville,IN,46062,312000,4,3.5,Noblesville,3321,13939,2004,104,94,50,Sold,,,http://www.redfin.com/IN/Noblesville/15449-Shellbark-Dr-46062/home/67018479,MIBOR,21518722,N,Y,40.012525,-86.0657598
PAST SALE,October-24-2017,Single Family Residential,6366 Ederline Ln,Noblesville,IN,46062,429900,5,3.5,Noblesville,5087,12632,2017,142,85,107,Sold,,,http://www.redfin.com/IN/Noblesville/6366-Ederline-Ln-46062/home/110009014,MIBOR,21459970,N,Y,40.0135337,-86.0600972
PAST SALE,October-4-2017,Single Family Residential,20496 Country Lake Blvd,Noblesville,IN,46062,209000,4,2.5,Noblesville,1995,12196,1999,162,105,,Sold,,,http://www.redfin.com/IN/Noblesville/20496-Country-Lake-Blvd-46062/home/66973260,MIBOR,21497909,N,Y,40.085675,-86.074812
PAST SALE,December-15-2017,Single Family Residential,19558 Diamond Way,Noblesville,IN,46062,230000,4,2.5,Noblesville,3351,8712,2001,90,69,,Sold,,,http://www.redfin.com/IN/Noblesville/19558-Diamond-Way-46062/home/67087883,MIBOR,21511506,N,Y,40.071867,-86.039399
PAST SALE,December-29-2017,Single Family Residential,5373 Cottage Grove Ln,Noblesville,IN,46062,465000,4,3.5,Noblesville,5084,15681,2017,76,91,66,Sold,,,http://www.redfin.com/IN/Noblesville/5373-Cottage-Grove-Ln-46062/home/113764218,MIBOR,21479369,N,Y,40.058914,-86.079497
PAST SALE,January-9-2018,Single Family Residential,579 S Harbour Dr,Noblesville,IN,46062,182000,3,2.5,Noblesville,1904,13068,1976,65,96,33,Sold,,,http://www.redfin.com/IN/Noblesville/579-S-Harbour-Dr-46060/home/60148669,MIBOR,21526064,N,Y,40.065373,-86.050076
PAST SALE,January-22-2018,Single Family Residential,18841 Elder Ridge Dr,Noblesville,IN,46062,374500,5,4.5,Noblesville,4993,8712,2012,52,75,29,Sold,,,http://www.redfin.com/IN/Noblesville/18841-Elder-Ridge-Dr-46062/home/60120579,MIBOR,21520494,N,Y,40.061524,-86.037763
PAST SALE,January-30-2018,Single Family Residential,5588 Buck Dr,Noblesville,IN,46062,195000,3,2.5,Noblesville,2632,10454,2007,44,74,23,Sold,,,http://www.redfin.com/IN/Noblesville/5588-Buck-Dr-46062/home/60084893,MIBOR,21506689,N,Y,40.098869,-86.075175
PAST SALE,February-9-2018,Single Family Residential,288 Westchester Blvd,Noblesville,IN,46062,370000,6,3.5,Noblesville,4238,28314,1980,34,87,13,Sold,,,http://www.redfin.com/IN/Noblesville/288-Westchester-Blvd-46062/home/59984186,MIBOR,21525411,N,Y,40.081314,-86.052138
PAST SALE,February-9-2018,Single Family Residential,241 Myers Lake Dr,Noblesville,IN,46062,185000,4,2.5,Noblesville,2580,15681,1993,34,72,,Sold,,,http://www.redfin.com/IN/Noblesville/241-Myers-Lake-Dr-46062/home/60168021,MIBOR,21479913,N,Y,40.082099,-86.076399
PAST SALE,February-9-2018,Single Family Residential,18396 Jaden Dr,Westfield,IN,46062,334650,4,2.5,Washington,3126,13068,2018,34,107,42,Sold,,,http://www.redfin.com/IN/Westfield/18396-Jaden-Dr-46062/home/144837895,MIBOR,21545171,N,Y,40.0559987,-86.0908245
PAST SALE,February-12-2018,Single Family Residential,142 Chadwick Ct,Noblesville,IN,46062,310000,4,2.5,Noblesville,4074,17859,1992,31,76,8,Sold,,,http://www.redfin.com/IN/Noblesville/142-Chadwick-Ct-46062/home/67106683,MIBOR,21512999,N,Y,40.09204,-86.047958
PAST SALE,February-23-2018,Single Family Residential,5123 Trull Brook Dr,Noblesville,IN,46062,211000,4,2.5,Noblesville,3255,9147,1992,20,65,30,Sold,,,http://www.redfin.com/IN/Noblesville/5123-Trull-Brook-Dr-46062/home/82351224,MIBOR,21541142,N,Y,40.0465177,-86.0840625
PAST SALE,February-23-2018,Single Family Residential,7201 Wythe Dr,Noblesville,IN,46062,239900,3,3.5,Noblesville,3375,12196,2000,20,71,33,Sold,,,http://www.redfin.com/IN/Noblesville/7201-Wythe-Dr-46062/home/82350269,MIBOR,21517472,N,Y,40.0634458,-86.0455712
PAST SALE,February-22-2018,Single Family Residential,5942 Dado Dr,Noblesville,IN,46062,259900,4,2.5,Noblesville,3826,9583,2004,21,68,33,Sold,,,http://www.redfin.com/IN/Noblesville/5942-Dado-Dr-46062/home/82350821,MIBOR,21513685,N,Y,40.0584659,-86.0697998
PAST SALE,February-23-2018,Single Family Residential,18791 Brookston Ln,Noblesville,IN,46062,350000,4,3,Noblesville,3778,10454,2017,20,93,66,Sold,,,http://www.redfin.com/IN/Noblesville/18791-Brookston-Ln-46062/home/131407310,MIBOR,21502762,N,Y,40.061083,-86.073192
PAST SALE,February-5-2018,Single Family Residential,6142 Dado Dr,Noblesville,IN,46062,247000,4,3.5,Noblesville,3078,13503,2002,38,80,33,Sold,,,http://www.redfin.com/IN/Noblesville/6142-Dado-Dr-46062/home/60064028,MIBOR,21526570,N,Y,40.0609707,-86.06453
PAST SALE,February-28-2018,Single Family Residential,733 Longford Way,Noblesville,IN,46062,312000,4,2.5,Noblesville,3850,14810,1992,15,81,13,Sold,,,http://www.redfin.com/IN/Noblesville/733-Longford-Way-46062/home/82348274,MIBOR,21528354,N,Y,40.091912,-86.047327
PAST SALE,February-22-2018,Single Family Residential,17918 Sanibel Cir,Westfield,IN,46062,185000,4,2.5,Washington,1808,9147,2000,21,102,22,Sold,,,http://www.redfin.com/IN/Noblesville/17918-Sanibel-Cir-46062/home/67000601,MIBOR,21541341,N,Y,40.0477512,-86.0935123
PAST SALE,March-1-2018,Single Family Residential,20531 Country Lake Blvd,Noblesville,IN,46062,198000,3,2,Noblesville,1928,24393,1994,14,103,,Sold,,,http://www.redfin.com/IN/Noblesville/20531-Country-Lake-Blvd-46062/home/82348997,MIBOR,21546104,N,Y,40.086661,-86.075678
PAST SALE,March-5-2018,Single Family Residential,422 Banbury Rd,Noblesville,IN,46062,585000,3,2.5,Noblesville,3186,11325,1980,10,184,13,Sold,,,http://www.redfin.com/IN/Noblesville/422-Banbury-Rd-46062/home/60137545,MIBOR,21540489,N,Y,40.090335,-86.064164
PAST SALE,December-22-2017,Single Family Residential,6231 Maple Grove Way,Noblesville,IN,46062,280000,4,3,Noblesville,3108,13939,2004,83,90,33,Sold,,,http://www.redfin.com/IN/Noblesville/6231-Maple-Grove-Way-46062/home/59994675,MIBOR,21525036,N,Y,40.0622169,-86.0635344
PAST SALE,October-27-2017,Single Family Residential,590 S Harbour Dr,Noblesville,IN,46062,248000,4,2.5,Noblesville,3183,19602,1973,139,78,33,Sold,,,http://www.redfin.com/IN/Noblesville/590-S-Harbour-Dr-46060/home/60140485,MIBOR,21514704,N,Y,40.065793,-86.049367
PAST SALE,November-21-2017,Single Family Residential,311 Redbay Dr,Noblesville,IN,46062,214000,4,2.5,Noblesville,2120,12196,1984,114,101,33,Sold,,,http://www.redfin.com/IN/Noblesville/311-Redbay-Dr-46062/home/67083479,MIBOR,21512153,N,Y,40.078376,-86.0678159
PAST SALE,January-18-2018,Single Family Residential,19318 Links Ln,Noblesville,IN,46062,178000,3,2.5,Noblesville,2082,6098,2013,56,85,20,Sold,,,http://www.redfin.com/IN/Noblesville/19318-Links-Ln-46062/home/60129108,MIBOR,21528329,N,Y,40.06848,-86.031294
PAST SALE,January-12-2018,Single Family Residential,7890 Busby Bend Dr,Noblesville,IN,46062,150000,3,2,Noblesville,1497,8276,2012,62,100,25,Sold,,,http://www.redfin.com/IN/Noblesville/7890-Busby-Bend-Dr-46062/home/81561501,MIBOR,21540505,N,Y,40.0722159,-86.0319054
PAST SALE,January-12-2018,Single Family Residential,5211 Elderberry Rd,Noblesville,IN,46062,160000,3,2,Noblesville,1536,12632,1978,62,104,25,Sold,,,http://www.redfin.com/IN/Noblesville/5211-Elderberry-Rd-46062/home/60088438,MIBOR,21527698,N,Y,40.0846957,-86.0709011
PAST SALE,February-28-2018,Single Family Residential,20689 Summitt Rd,Noblesville,IN,46062,160000,3,2,Noblesville,1212,10018,1995,15,132,,Sold,,,http://www.redfin.com/IN/Noblesville/20689-Summit-Rd-46062/home/82348846,MIBOR,21530205,N,Y,40.0881321,-86.0791426
PAST SALE,February-23-2018,Single Family Residential,7702 Winterberry Ct,Noblesville,IN,46062,197500,4,2.5,Noblesville,2857,25264,1999,20,69,18,Sold,,,http://www.redfin.com/IN/Noblesville/7702-Winterberry-Ct-46062/home/60146977,MIBOR,21541140,N,Y,40.0720577,-86.0342962
PAST SALE,March-9-2018,Single Family Residential,1810 Walnut Way,Noblesville,IN,46062,200000,3,2.5,Noblesville,1812,11761,1975,6,110,34,Sold,,,http://www.redfin.com/IN/Noblesville/1810-Walnut-Way-46062/home/60140267,MIBOR,21544732,N,Y,40.0861639,-86.068007
PAST SALE,November-8-2017,Single Family Residential,5746 Pennycress Dr,Noblesville,IN,46062,286175,4,3.5,Noblesville,3300,9147,2017,127,87,33,Sold,,,http://www.redfin.com/IN/Noblesville/5746-Pennycress-Dr-46062/home/144277896,MIBOR,21523913,N,Y,40.0251529,-86.073896
PAST SALE,October-27-2017,Single Family Residential,4817 Ashbrook Dr,Noblesville,IN,46062,220000,4,2.5,Noblesville,1944,12632,1995,139,113,30,Sold,,,http://www.redfin.com/IN/Noblesville/4817-Ashbrook-Dr-46062/home/60013148,MIBOR,21509916,N,Y,40.05273,-86.0881391
PAST SALE,September-22-2017,Single Family Residential,6916 Cobb Cir,Noblesville,IN,46062,192000,3,2.5,Noblesville,2280,9147,2007,174,84,27,Sold,,,http://www.redfin.com/IN/Noblesville/6916-Cobb-Cir-46062/home/60101235,MIBOR,21506052,N,Y,40.0320591,-86.0494352
PAST SALE,December-1-2017,Single Family Residential,18565 Piers End Dr,Noblesville,IN,46062,199999,3,2,Noblesville,1702,8712,1999,104,118,58,Sold,,,http://www.redfin.com/IN/Noblesville/18565-Piers-End-Dr-46062/home/60079208,MIBOR,21508001,N,Y,40.0572942,-86.0504709
