SALE TYPE,SOLD DATE,PROPERTY TYPE,ADDRESS,CITY,STATE,ZIP,PRICE,BEDS,BATHS,LOCATION,SQUARE FEET,LOT SIZE,YEAR BUILT,DAYS ON MARKET,$/SQUARE FEET,HOA/MONTH,STATUS,NEXT OPEN HOUSE START TIME,NEXT OPEN HOUSE END TIME,URL (SEE http://www.redfin.com/buy-a-home/comparative-market-analysis FOR INFO ON PRICING),SOURCE,MLS#,FAVORITE,INTERESTED,LATITUDE,LONGITUDE
PAST SALE,February-23-2018,Single Family Residential,8753 Corinthian Ln,Indianapolis,IN,46236,329900,4,2.5,Lawrence,3444,16552,1990,22,96,38,Sold,,,http://www.redfin.com/IN/Indianapolis/8753-Corinthian-Ln-46236/home/82199812,MIBOR,21540629,N,Y,39.9150923,-85.9462368
PAST SALE,September-28-2017,Single Family Residential,6410 Harrison Ridge Blvd,Indianapolis,IN,46236,235000,4,2.5,Lawrence,3147,10454,2002,170,75,27,Sold,,,http://www.redfin.com/IN/Indianapolis/6410-Harrison-Ridge-Blvd-46236/home/66929312,MIBOR,21482102,N,Y,39.8742938,-85.9977567
PAST SALE,February-28-2018,Single Family Residential,7745 Sparrows Point Ct,Indianapolis,IN,46236,157500,3,2,Lawrence,1308,9583,1991,17,120,21,Sold,,,http://www.redfin.com/IN/Indianapolis/7745-Sparrow-s-Point-Ct-46236/home/67098347,MIBOR,21539492,N,Y,39.8956511,-85.9786154
PAST SALE,November-27-2017,Single Family Residential,6068 Draycott Dr,Indianapolis,IN,46236,145700,4,2.5,Lawrence,1980,4356,2001,110,74,14,Sold,,,http://www.redfin.com/IN/Indianapolis/6068-Draycott-Dr-46236/home/82277125,MIBOR,21512769,N,Y,39.866937,-85.9866989
PAST SALE,December-5-2017,Single Family Residential,11614 Peacock Dr,Indianapolis,IN,46236,145000,3,1.5,Lawrence,2110,20573,1960,102,69,,Sold,,,http://www.redfin.com/IN/Indianapolis/11614-Peacock-Dr-46236/home/82190299,MIBOR,21517139,N,Y,39.873018,-85.962894
PAST SALE,October-3-2017,Single Family Residential,12117 E 75th St,Indianapolis,IN,46236,186000,3,2,Lawrence,2239,43124,1910,165,83,,Sold,,,http://www.redfin.com/IN/Indianapolis/12117-E-75th-St-46236/home/59982385,MIBOR,21503776,N,Y,39.8910436,-85.9507146
PAST SALE,October-31-2017,Single Family Residential,12573 Marina View Dr,Fishers,IN,46256,759457,4,3.5,Fall Creek,3453,6969,2017,137,220,175,Sold,,,http://www.redfin.com/IN/Indianapolis/12573-Marina-View-Dr-46256/home/113102634,MIBOR,21465016,N,Y,39.9298336,-85.94291
PAST SALE,October-30-2017,Single Family Residential,12144 Trolley Rd,Indianapolis,IN,46236,128500,3,2,Lawrence,1638,17380,1969,138,78,,Sold,,,http://www.redfin.com/IN/Indianapolis/12144-Trolley-Rd-46236/home/60002670,MIBOR,21494071,N,Y,39.8818743,-85.950154
PAST SALE,October-15-2017,Single Family Residential,11627 Sterrett Blvd,Indianapolis,IN,46236,160000,3,2,Lawrence,1510,21344,1986,153,106,,Sold,,,http://www.redfin.com/IN/Indianapolis/11627-Sterrett-Blvd-46236/home/60017411,MIBOR,21508016,N,Y,39.8921002,-85.959951
PAST SALE,October-24-2017,Single Family Residential,10506 E 79th St,Indianapolis,IN,46236,275000,4,3.5,Lawrence,2784,65383,1976,144,99,,Sold,,,http://www.redfin.com/IN/Indianapolis/10506-E-79th-St-46236/home/60030976,MIBOR,21504755,N,Y,39.9000192,-85.9816436
PAST SALE,November-7-2017,Single Family Residential,7954 Arvada Pl,Indianapolis,IN,46236,190000,3,2,Lawrence,2237,9147,2000,130,85,27,Sold,,,http://www.redfin.com/IN/Indianapolis/7954-Arvada-Pl-46236/home/60100625,MIBOR,21503406,N,Y,39.9000745,-85.9425506
PAST SALE,November-6-2017,Single Family Residential,12629 Tealwood Dr,Indianapolis,IN,46236,195000,4,2.5,Lawrence,2194,10018,1995,131,89,20,Sold,,,http://www.redfin.com/IN/Indianapolis/12629-Tealwood-Dr-46236/home/60150652,MIBOR,21511495,N,Y,39.9082607,-85.9410538
PAST SALE,November-6-2017,Single Family Residential,10253 Winlee Ct,Indianapolis,IN,46236,200000,4,3.5,Lawrence,3382,9583,1996,131,59,37,Sold,,,http://www.redfin.com/IN/Indianapolis/10253-Winlee-Ct-46236/home/66968859,MIBOR,21502613,N,Y,39.8695252,-85.9861405
PAST SALE,October-31-2017,Single Family Residential,10427 Fawn Ridge Ln,Indianapolis,IN,46236,189900,4,2.5,Lawrence,3113,10018,1994,137,61,,Sold,,,http://www.redfin.com/IN/Indianapolis/10427-Fawn-Ridge-Ln-46236/home/67082653,MIBOR,21512234,N,Y,39.8867413,-85.9829498
PAST SALE,October-23-2017,Single Family Residential,7916 Cherrybark Ct,Indianapolis,IN,46236,132900,3,2,Lawrence,1460,13372,1992,145,91,9,Sold,,,http://www.redfin.com/IN/Indianapolis/7916-Cherrybark-Ct-46236/home/82200536,MIBOR,21503878,N,Y,39.8989256,-85.9481186
PAST SALE,October-23-2017,Single Family Residential,11155 Turfgrass Way,Indianapolis,IN,46236,296500,4,3,Lawrence,3171,11761,2002,145,94,5,Sold,,,http://www.redfin.com/IN/Indianapolis/11155-Turfgrass-Way-46236/home/82273381,MIBOR,21477743,N,Y,39.8813478,-85.969048
PAST SALE,October-30-2017,Single Family Residential,8728 Corinthian Ln,Indianapolis,IN,46236,256000,4,3,Lawrence,3588,30491,1990,138,71,40,Sold,,,http://www.redfin.com/IN/Indianapolis/8728-Corinthian-Ln-46236/home/59989501,MIBOR,21496260,N,Y,39.915087,-85.9472346
PAST SALE,October-31-2017,Single Family Residential,7924 Dillon Pl,Indianapolis,IN,46236,168000,4,2.5,Lawrence,2082,6534,2001,137,81,23,Sold,,,http://www.redfin.com/IN/Indianapolis/7924-Dillon-Pl-46236/home/60079225,MIBOR,21516809,N,Y,39.8993356,-85.9403352
PAST SALE,November-9-2017,Single Family Residential,6410 Timber Walk Dr,Indianapolis,IN,46236,237500,4,2.5,Lawrence,3529,17424,2004,128,67,29,Sold,,,http://www.redfin.com/IN/Indianapolis/6410-Timber-Walk-Dr-46236/home/67014449,MIBOR,21504818,N,Y,39.8742395,-85.9832689
PAST SALE,October-3-2017,Single Family Residential,8510 Captains Ct,Indianapolis,IN,46236,1350000,5,6,Lawrence,8893,30491,1986,165,152,38,Sold,,,http://www.redfin.com/IN/Indianapolis/8510-Captains-Ct-46236/home/60028731,MIBOR,21472127,N,Y,39.9101829,-85.9763181
PAST SALE,December-29-2017,Single Family Residential,7136 Oaklandon Rd,Indianapolis,IN,46236,379000,3,2.5,Lawrence,3250,168141,1976,78,117,,Sold,,,http://www.redfin.com/IN/Indianapolis/7136-Oaklandon-Rd-46236/home/60017162,MIBOR,21506349,N,Y,39.8849648,-85.9577164
PAST SALE,January-4-2018,Single Family Residential,10335 Indian Lake Bl Dr S,Lawrence,IN,46236,259500,3,3,Lawrence,2004,46609,1956,72,129,58,Sold,,,http://www.redfin.com/IN/Indianapolis/10335-Indian-Lake-Blvd-N-46236/home/66943001,MIBOR,21522393,N,Y,39.8853993,-85.9856336
PAST SALE,November-8-2017,Single Family Residential,10319 Kensil St,Indianapolis,IN,46236,120000,3,2.5,Lawrence,1699,4356,2001,129,71,16,Sold,,,http://www.redfin.com/IN/Indianapolis/10319-Kensil-St-46236/home/67094464,MIBOR,21519280,N,Y,39.8657186,-85.9851035
PAST SALE,January-26-2018,Single Family Residential,6645 Fountain Springs Blvd,Indianapolis,IN,46236,179900,4,3,Lawrence,2326,8276,1999,50,77,,Sold,,,http://www.redfin.com/IN/Indianapolis/6645-Fountain-Springs-Blvd-46236/home/60046861,MIBOR,21522873,N,Y,39.8790332,-85.9920029
PAST SALE,January-8-2018,Single Family Residential,7025 Dewester Dr,Indianapolis,IN,46236,134900,3,2,Lawrence,1128,8276,1995,68,120,,Sold,,,http://www.redfin.com/IN/Indianapolis/7025-Dewester-Dr-46236/home/60161368,MIBOR,21526439,N,Y,39.8839956,-85.9385389
PAST SALE,December-29-2017,Single Family Residential,12405 Cobblestone Ct,Indianapolis,IN,46236,143500,3,2,Lawrence,1438,12632,1989,78,100,,Sold,,,http://www.redfin.com/IN/Indianapolis/12405-Cobblestone-Ct-46236/home/66936775,MIBOR,21520848,N,Y,39.889003,-85.944706
PAST SALE,December-18-2017,Single Family Residential,7122 Ember Ct,Indianapolis,IN,46236,485000,5,4.5,Lawrence,5880,37026,1999,89,82,42,Sold,,,http://www.redfin.com/IN/Indianapolis/7122-Ember-Ct-46236/home/82201473,MIBOR,21484620,N,Y,39.8842446,-85.9793444
PAST SALE,February-23-2018,Single Family Residential,6139 Parrington Dr,Indianapolis,IN,46236,204000,4,2.5,Lawrence,2315,10454,1997,22,88,29,Sold,,,http://www.redfin.com/IN/Indianapolis/6139-Parrington-Dr-46236/home/82314895,MIBOR,21530158,N,Y,39.8694438,-85.984944
PAST SALE,January-18-2018,Single Family Residential,12354 Cobblestone Ct,Indianapolis,IN,46236,130500,3,2,Lawrence,1380,11891,1989,58,95,,Sold,,,http://www.redfin.com/IN/Indianapolis/12354-Cobblestone-Ct-46236/home/67021878,MIBOR,21526706,N,Y,39.8894802,-85.945165
PAST SALE,December-13-2017,Single Family Residential,9777 Trevia Dr,Indianapolis,IN,46236,289900,4,4,Lawrence,3985,20908,2004,94,73,27,Sold,,,http://www.redfin.com/IN/Indianapolis/9777-Trevia-Dr-46236/home/67090910,MIBOR,21456054,N,Y,39.875944,-85.9954722
PAST SALE,December-8-2017,Single Family Residential,7139 Maple Bluff Ln,Indianapolis,IN,46236,292000,3,2.5,Lawrence,4356,9583,2006,99,67,30,Sold,,,http://www.redfin.com/IN/Indianapolis/7139-Maple-Bluff-Ln-46236/home/67106740,MIBOR,21472708,N,Y,39.8854965,-85.972459
PAST SALE,December-1-2017,Single Family Residential,10137 Indian Lake Blvd S,Indianapolis,IN,46236,165000,5,3.5,Lawrence,3752,172933,1971,106,44,,Sold,,,http://www.redfin.com/IN/Indianapolis/10137-Indian-Lake-Blvd-S-46236/home/82195045,MIBOR,21517357,N,Y,39.8800697,-85.9886231
PAST SALE,March-2-2018,Single Family Residential,12305 Riley Rd,Indianapolis,IN,46236,123625,3,2,Lawrence,2840,17424,1970,15,44,,Sold,,,http://www.redfin.com/IN/Indianapolis/12305-Riley-Rd-46236/home/60158165,MIBOR,21541427,N,Y,39.8853104,-85.9474103
PAST SALE,January-11-2018,Single Family Residential,6469 Falling Tree Way,Indianapolis,IN,46236,264000,4,3,Lawrence,3375,13939,2002,65,78,27,Sold,,,http://www.redfin.com/IN/Indianapolis/6469-Falling-Tree-Way-46236/home/82282938,MIBOR,21513408,N,Y,39.8755399,-85.9814342
PAST SALE,March-8-2018,Single Family Residential,7360 Fairway Circle Dr W,Indianapolis,IN,46236,188000,4,2.5,Lawrence,2214,13503,1984,9,85,,Sold,,,http://www.redfin.com/IN/Indianapolis/7360-W-Fairway-Circle-Dr-46236/home/82314376,MIBOR,21524776,N,Y,39.8886511,-85.9552831
PAST SALE,March-13-2018,Single Family Residential,11014 Sunny Bluff Dr,Indianapolis,IN,46236,347000,5,3.5,Lawrence,4407,9147,2009,4,79,29,Sold,,,http://www.redfin.com/IN/Indianapolis/11014-Sunny-Bluff-Dr-46236/home/60065145,MIBOR,21528194,N,Y,39.884606,-85.9727981
PAST SALE,March-15-2018,Single Family Residential,11506 E 75th St,Indianapolis,IN,46236,167000,3,2,Lawrence,2181,11543,1988,2,77,,Sold,,,http://www.redfin.com/IN/Indianapolis/11506-E-75th-St-46236/home/82197186,MIBOR,21513454,N,Y,39.8914257,-85.9630434
PAST SALE,November-3-2017,Single Family Residential,12460 E 79th St,Indianapolis,IN,46236,550900,4,3.5,Lawrence,5012,348480,1979,134,110,,Sold,,,http://www.redfin.com/IN/Indianapolis/12460-E-79th-St-46236/home/82196105,MIBOR,21509425,N,Y,39.900381,-85.943313
PAST SALE,October-26-2017,Single Family Residential,7844 Evian Dr,Indianapolis,IN,46236,158500,3,2,Lawrence,1492,,1999,142,106,23,Sold,,,http://www.redfin.com/IN/Indianapolis/7844-Evian-Dr-46236/home/60044429,MIBOR,21511855,N,Y,39.8975262,-85.9539852
PAST SALE,December-16-2017,Single Family Residential,8317 Twin Pointe Cir,Indianapolis,IN,46236,185000,4,2.5,Lawrence,2492,20473,1986,91,74,38,Sold,,,http://www.redfin.com/IN/Indianapolis/8317-Twin-Pointe-Cir-46236/home/66841026,MIBOR,21524692,N,Y,39.9077921,-85.9655225
PAST SALE,December-27-2017,Single Family Residential,12736 Bent Oak Ct,Indianapolis,IN,46236,212000,4,2.5,Lawrence,2776,10890,1997,80,76,18,Sold,,,http://www.redfin.com/IN/Indianapolis/12736-Bent-Oak-Ct-46236/home/66938255,MIBOR,21496380,N,Y,39.9064425,-85.9394969
PAST SALE,December-28-2017,Single Family Residential,9026 Bay Breeze Ct,Indianapolis,IN,46236,1010000,6,6,Lawrence,7443,39204,1998,79,136,38,Sold,,,http://www.redfin.com/IN/Indianapolis/9026-Bay-Breeze-Ct-46236/home/82199587,MIBOR,21519528,N,Y,39.9204947,-85.9648987
PAST SALE,January-31-2018,Single Family Residential,8315 Coral Bay Ct,Indianapolis,IN,46236,293000,4,2.5,Lawrence,3396,14810,1991,45,86,39,Sold,,,http://www.redfin.com/IN/Indianapolis/8315-Coral-Bay-Ct-46236/home/60077708,MIBOR,21513913,N,Y,39.9072555,-85.9478786
PAST SALE,November-10-2017,Single Family Residential,7988 Alamosa Ln,Indianapolis,IN,46236,194500,3,2.5,Lawrence,2473,6664,2004,127,79,,Sold,,,http://www.redfin.com/IN/Indianapolis/7988-Alamosa-Ln-46236/home/80144064,MIBOR,21524539,N,Y,39.9008616,-85.9392574
PAST SALE,February-28-2018,Single Family Residential,7939 Alamosa Ln,Indianapolis,IN,46236,142000,3,2,Lawrence,1420,6534,2001,17,100,27,Sold,,,http://www.redfin.com/IN/Indianapolis/7939-Alamosa-Ln-46236/home/67033707,MIBOR,21524281,N,Y,39.8996766,-85.9386187
PAST SALE,January-8-2018,Single Family Residential,12131 Admirals Pointe Cir,Indianapolis,IN,46236,560000,5,5,Lawrence,7122,32670,1988,68,79,38,Sold,,,http://www.redfin.com/IN/Indianapolis/12131-Admirals-Pointe-Cir-46236/home/59982587,MIBOR,21483896,N,Y,39.9196949,-85.950425
PAST SALE,January-12-2018,Single Family Residential,8573 Twin Pointe Cir,Indianapolis,IN,46236,780000,6,5,Lawrence,5332,26136,1989,64,146,38,Sold,,,http://www.redfin.com/IN/Indianapolis/8573-Twin-Pointe-Cir-46236/home/59990704,MIBOR,21520152,N,Y,39.9115411,-85.9661954
PAST SALE,,Single Family Residential,8213 Briarhill Ln,Indianapolis,IN,46236,146000,,1.5,,2233,10890,2000,,65,,,,,http://www.redfin.com/IN/Indianapolis/8213-Briarhill-Ln-46236/home/66956377,,,N,Y,39.9063257,-85.941892
PAST SALE,March-1-2018,Single Family Residential,8447 Admirals Lndg,Indianapolis,IN,46236,285000,4,2.5,Lawrence,3846,16988,1989,16,74,39,Sold,,,http://www.redfin.com/IN/Indianapolis/8447-Admirals-Landing-Way-46236/home/82199307,MIBOR,21527356,N,Y,39.9104203,-85.9514958
PAST SALE,January-19-2018,Single Family Residential,8524 Glen Scott Ln,Indianapolis,IN,46236,228000,4,2.5,Lawrence,3285,10890,1993,57,69,19,Sold,,,http://www.redfin.com/IN/Indianapolis/8524-Glen-Scott-Ln-46236/home/82200635,MIBOR,21521930,N,Y,39.9110135,-85.9532467
PAST SALE,February-20-2018,Single Family Residential,11116 Catamaran Ct,Indianapolis,IN,46236,1030000,4,6.5,Lawrence,7165,30491,1987,25,144,25,Sold,,,http://www.redfin.com/IN/Indianapolis/11116-Catamaran-Ct-46236/home/66940982,MIBOR,21497237,N,Y,39.9098494,-85.9700055
PAST SALE,March-9-2018,Single Family Residential,11331 Echo Ridge Ln,Indianapolis,IN,46236,272500,3,2,Lawrence,2272,18730,1993,8,120,10,Sold,,,http://www.redfin.com/IN/Indianapolis/11331-Echo-Ridge-Ln-46236/home/82314771,MIBOR,21519455,N,Y,39.9010641,-85.9669535
PAST SALE,October-17-2017,Single Family Residential,7453 Cobblestone Dr E,Indianapolis,IN,46236,144900,3,2,Lawrence,1278,13068,1990,151,113,,Sold,,,http://www.redfin.com/IN/Indianapolis/7453-E-Cobblestone-Dr-46236/home/60053166,MIBOR,21513190,N,Y,39.8907395,-85.9439077
PAST SALE,September-28-2017,Single Family Residential,11408 Geist Bluff Cir,Indianapolis,IN,46236,155000,3,2.5,Lawrence,1774,12893,1990,170,87,,Sold,,,http://www.redfin.com/IN/Indianapolis/11408-Geist-Bluff-Cir-46236/home/66800726,MIBOR,21501613,N,Y,39.8972109,-85.9656767
PAST SALE,November-8-2017,Single Family Residential,6547 Haddix Woods Ct,Indianapolis,IN,46236,382920,3,2.5,Lawrence,5104,10798,2017,129,75,58,Sold,,,http://www.redfin.com/IN/Indianapolis/6547-Haddix-Woods-Ct-46236/home/82303462,MIBOR,21524065,N,Y,39.87801,-85.9892064
PAST SALE,November-17-2017,Single Family Residential,6238 Raintree Ln,Indianapolis,IN,46236,143000,3,1.5,Lawrence,1604,19166,1966,120,89,,Sold,,,http://www.redfin.com/IN/Indianapolis/6238-Raintree-Ln-46236/home/60095969,MIBOR,21518071,N,Y,39.8705939,-85.9646455
PAST SALE,December-5-2017,Single Family Residential,8009 Kersey Dr,Indianapolis,IN,46236,170000,4,2.5,Lawrence,2180,6098,2004,102,78,29,Sold,,,http://www.redfin.com/IN/Indianapolis/8009-Kersey-Dr-46236/home/60154650,MIBOR,21518420,N,Y,39.9007389,-85.9403352
PAST SALE,December-5-2017,Single Family Residential,12012 Kingfisher Ct,Indianapolis,IN,46236,390000,4,2.5,Lawrence,4358,20473,1990,102,89,38,Sold,,,http://www.redfin.com/IN/Indianapolis/12012-Kingfisher-Ct-46236/home/82198965,MIBOR,21516434,N,Y,39.9144906,-85.9530275
PAST SALE,December-6-2017,Single Family Residential,6115 Kenzie Ct,Indianapolis,IN,46236,162000,4,2.5,Lawrence,2291,6534,1995,101,71,41,Sold,,,http://www.redfin.com/IN/Indianapolis/6115-Kenzie-Ct-46236/home/82200879,MIBOR,21494693,N,Y,39.8683567,-85.9836677
PAST SALE,November-22-2017,Single Family Residential,6249 Raintree Ln,Indianapolis,IN,46236,160000,3,1.5,Lawrence,1920,18687,1963,115,83,,Sold,,,http://www.redfin.com/IN/Indianapolis/6249-Raintree-Ln-46236/home/82313330,MIBOR,21506941,N,Y,39.8707423,-85.9639411
PAST SALE,December-13-2017,Single Family Residential,7515 Dry Branch Ct,Indianapolis,IN,46236,121000,3,2,Lawrence,1363,8276,1992,94,89,12,Sold,,,http://www.redfin.com/IN/Indianapolis/7515-Dry-Branch-Ct-46236/home/60056880,MIBOR,21507878,N,Y,39.891925,-85.9526084
PAST SALE,November-21-2017,Single Family Residential,8342 Tequista Ct,Indianapolis,IN,46236,182000,4,2,Lawrence,1766,11761,1986,116,103,33,Sold,,,http://www.redfin.com/IN/Indianapolis/8342-Tequista-Ct-46236/home/82333279,MIBOR,21481251,N,Y,39.9093026,-85.9594522
PAST SALE,December-12-2017,Single Family Residential,11157 Baycreek Dr,Indianapolis,IN,46236,158025,3,2,Lawrence,1613,10018,1990,95,98,,Sold,,,http://www.redfin.com/IN/Indianapolis/11157-Baycreek-Dr-46236/home/60108606,MIBOR,21524038,N,Y,39.897495,-85.9690522
PAST SALE,December-5-2017,Single Family Residential,12248 Voyageur Ct,Indianapolis,IN,46236,362000,4,3,Lawrence,4046,20473,1994,102,89,38,Sold,,,http://www.redfin.com/IN/Indianapolis/12248-Voyageur-Ct-46236/home/82200379,MIBOR,21514660,N,Y,39.9178287,-85.9475997
PAST SALE,November-27-2017,Single Family Residential,11350 Geist Bluff Ct,Indianapolis,IN,46236,125000,5,2.5,Lawrence,2304,18208,1990,110,54,,Sold,,,http://www.redfin.com/IN/Indianapolis/11350-Geist-Bluff-Ct-46236/home/82314542,MIBOR,21494918,N,Y,39.896613,-85.966446
PAST SALE,January-31-2018,Single Family Residential,8336 Coral Bay Ct,Indianapolis,IN,46236,290000,4,2.5,Lawrence,3986,12632,1993,45,73,39,Sold,,,http://www.redfin.com/IN/Indianapolis/8336-Coral-Bay-Ct-46236/home/60077759,MIBOR,21518597,N,Y,39.90764,-85.9485571
PAST SALE,January-9-2018,Single Family Residential,11584 Woods Bay Ln,Indianapolis,IN,46236,350000,5,3.5,Lawrence,4210,22215,1994,67,83,38,Sold,,,http://www.redfin.com/IN/Indianapolis/11584-Woods-Bay-Ln-46236/home/59994182,MIBOR,21492768,N,Y,39.9169837,-85.9607491
PAST SALE,December-18-2017,Single Family Residential,8339 Misty Dr,Indianapolis,IN,46236,320000,4,3,Lawrence,3883,26136,1990,89,82,39,Sold,,,http://www.redfin.com/IN/Indianapolis/8339-Misty-Dr-46236/home/60011088,MIBOR,21524915,N,Y,39.908324,-85.9515226
PAST SALE,January-2-2018,Single Family Residential,11823 Golf Course Dr,Indianapolis,IN,46236,135000,4,2,Lawrence,1368,10454,1984,74,99,,Sold,,,http://www.redfin.com/IN/Indianapolis/11823-Golf-Course-Dr-46236/home/60053910,MIBOR,21520865,N,Y,39.8892795,-85.9564603
PAST SALE,December-15-2017,Single Family Residential,12155 Sycamore Dr,Indianapolis,IN,46236,94000,4,2,Lawrence,1584,17511,1968,92,59,,Sold,,,http://www.redfin.com/IN/Indianapolis/12155-Sycamore-Dr-46236/home/60054299,MIBOR,21493200,N,Y,39.8854407,-85.9500742
PAST SALE,November-16-2017,Single Family Residential,12512 Winding Creek Ln,Indianapolis,IN,46236,157000,3,2,Lawrence,1434,10890,1992,121,109,16,Sold,,,http://www.redfin.com/IN/Indianapolis/12512-Winding-Creek-Ln-46236/home/60147462,MIBOR,21516967,N,Y,39.8948374,-85.9424109
PAST SALE,November-30-2017,Single Family Residential,6442 Royal Oakland Dr,Indianapolis,IN,46236,227000,4,2.5,Lawrence,2242,10890,1994,107,101,13,Sold,,,http://www.redfin.com/IN/Indianapolis/6442-Royal-Oakland-Dr-46236/home/66844821,MIBOR,21513194,N,Y,39.8756192,-85.9640409
PAST SALE,January-30-2018,Single Family Residential,12413 Gann Ct,Indianapolis,IN,46236,133500,3,2,Lawrence,1200,12196,1991,46,111,,Sold,,,http://www.redfin.com/IN/Indianapolis/12413-Gann-Ct-46236/home/67083067,MIBOR,21528241,N,Y,39.8901106,-85.9448457
PAST SALE,December-28-2017,Single Family Residential,6956 Copper Mountain Ct,Indianapolis,IN,46236,180000,3,2.5,Lawrence,2034,18251,1989,79,88,10,Sold,,,http://www.redfin.com/IN/Indianapolis/6956-Copper-Mountain-Ct-46236/home/67095361,MIBOR,21525278,N,Y,39.8826032,-85.9613077
PAST SALE,January-26-2018,Single Family Residential,11224 Baywood Ln,Indianapolis,IN,46236,219000,4,2.5,Lawrence,3644,10890,1989,50,60,,Sold,,,http://www.redfin.com/IN/Indianapolis/11224-Baywood-Ln-46236/home/62114359,MIBOR,21527944,N,Y,39.8962956,-85.9682124
PAST SALE,February-7-2018,Single Family Residential,7741 Bayhill Dr,Indianapolis,IN,46236,205000,3,3,Lawrence,2419,10384,1989,38,85,,Sold,,,http://www.redfin.com/IN/Indianapolis/7741-Bayhill-Dr-46236/home/82199619,MIBOR,21484603,N,Y,39.8956901,-85.9692276
PAST SALE,January-8-2018,Single Family Residential,8376 Glen Highlands Dr,Indianapolis,IN,46236,215000,4,2.5,Lawrence,2285,12893,1994,68,94,17,Sold,,,http://www.redfin.com/IN/Indianapolis/8376-Glen-Highlands-Dr-46236/home/66976789,MIBOR,21522568,N,Y,39.9088222,-85.9542845
PAST SALE,December-29-2017,Single Family Residential,8341 Tequista Cir,Indianapolis,IN,46236,190000,3,2.5,Lawrence,2014,16988,1986,78,94,33,Sold,,,http://www.redfin.com/IN/Indianapolis/8341-Tequista-Cir-46236/home/82196892,MIBOR,21519205,N,Y,39.9091858,-85.9604882
PAST SALE,November-30-2017,Single Family Residential,11536 Old Stone Dr,Indianapolis,IN,46236,325000,5,3.5,Lawrence,6920,13939,1991,107,47,38,Sold,,,http://www.redfin.com/IN/Indianapolis/11536-Old-Stone-Dr-46236/home/82198499,MIBOR,21475388,N,Y,39.9151868,-85.9613803
PAST SALE,December-12-2017,Single Family Residential,12336 S Cobblestone Dr,Indianapolis,IN,46236,140000,3,2,Lawrence,1204,12196,1990,95,116,,Sold,,,http://www.redfin.com/IN/Indianapolis/12336-S-Cobblestone-Dr-46236/home/82314703,MIBOR,21522399,N,Y,39.8884654,-85.9459633
PAST SALE,December-11-2017,Single Family Residential,7704 Geist Estates Ct,Indianapolis,IN,46236,155000,3,2,Lawrence,1403,15376,1992,96,110,,Sold,,,http://www.redfin.com/IN/Indianapolis/7704-Geist-Estates-Ct-46236/home/66997913,MIBOR,21524345,N,Y,39.8945023,-85.9650384
PAST SALE,January-19-2018,Single Family Residential,12440 Winding Creek Ln,Indianapolis,IN,46236,151250,3,2,Lawrence,1379,12632,1992,57,110,16,Sold,,,http://www.redfin.com/IN/Indianapolis/12440-Winding-Creek-Ln-46236/home/60149544,MIBOR,21524619,N,Y,39.8947153,-85.9435285
PAST SALE,November-2-2017,Single Family Residential,12561 Marina View Dr,Fishers,IN,46256,802395,4,3.5,Fall Creek,3453,6969,2017,135,232,175,Sold,,,http://www.redfin.com/IN/Indianapolis/12561-Marina-View-Dr-46256/home/113607366,MIBOR,21475144,N,Y,39.9297611,-85.9430351
PAST SALE,December-20-2017,Single Family Residential,6918 Copper Mountain Ct,Indianapolis,IN,46236,176000,3,2.5,Lawrence,1825,10105,1991,87,96,10,Sold,,,http://www.redfin.com/IN/Indianapolis/6918-Copper-Mountain-Ct-46236/home/59989164,MIBOR,21523341,N,Y,39.8819815,-85.9602891
PAST SALE,December-29-2017,Single Family Residential,8311 Glen Highlands Dr,Indianapolis,IN,46236,221500,4,2.5,Lawrence,2712,10890,1992,78,82,19,Sold,,,http://www.redfin.com/IN/Indianapolis/8311-Glen-Highlands-Dr-46236/home/59999021,MIBOR,21525603,N,Y,39.906932,-85.9559532
PAST SALE,November-17-2017,Single Family Residential,8272 Glengarry Ct,Indianapolis,IN,46236,218500,4,2.5,Lawrence,2727,11325,1994,120,80,17,Sold,,,http://www.redfin.com/IN/Indianapolis/8272-Glengarry-Ct-46236/home/60105524,MIBOR,21516526,N,Y,39.9071716,-85.9557714
PAST SALE,October-26-2017,Single Family Residential,10328 Ridge Line Ct,Indianapolis,IN,46236,246000,4,2.5,Lawrence,3149,11325,2004,142,78,27,Sold,,,http://www.redfin.com/IN/Indianapolis/10328-Ridge-Line-Ct-46236/home/60151727,MIBOR,21507827,N,Y,39.8747469,-85.9851833
PAST SALE,December-14-2017,Single Family Residential,6258 Raintree Ln,Lawrence,IN,46236,170000,3,2.5,Lawrence,2676,19166,1965,93,64,,Sold,,,http://www.redfin.com/IN/Indianapolis/6258-Raintree-Ln-46236/home/67100252,MIBOR,21522750,N,Y,39.8711891,-85.9646793
PAST SALE,February-7-2018,Single Family Residential,7557 Geist Estates Dr,Indianapolis,IN,46236,154900,3,2,Lawrence,1510,14200,1991,38,103,,Sold,,,http://www.redfin.com/IN/Indianapolis/7557-Geist-Estates-Dr-46236/home/82198653,MIBOR,21536409,N,Y,39.892644,-85.9657964
PAST SALE,January-31-2018,Single Family Residential,11227 Woods Bay Ln,Indianapolis,IN,46236,499900,5,4.5,Lawrence,5830,15681,1994,45,86,38,Sold,,,http://www.redfin.com/IN/Indianapolis/11227-Woods-Bay-Ln-46236/home/60010094,MIBOR,21525799,N,Y,39.9168489,-85.9678312
PAST SALE,December-7-2017,Single Family Residential,11029 Tenacious Dr,Indianapolis,IN,46236,400000,4,3.5,Lawrence,3884,15245,1982,100,103,38,Sold,,,http://www.redfin.com/IN/Indianapolis/11029-Tenacious-Dr-46236/home/82196376,MIBOR,21517195,N,Y,39.9036308,-85.9715813
PAST SALE,January-17-2018,Single Family Residential,6244 Twyckenham Dr,Indianapolis,IN,46236,174900,4,2.5,Lawrence,1988,7405,1994,59,88,29,Sold,,,http://www.redfin.com/IN/Indianapolis/6244-Twyckenham-Dr-46236/home/82200919,MIBOR,21525200,N,Y,39.8709048,-85.9912452
PAST SALE,October-4-2017,Single Family Residential,8119 Madrone Ct,Indianapolis,IN,46236,148900,3,2,Lawrence,1208,11107,1993,164,123,9,Sold,,,http://www.redfin.com/IN/Indianapolis/8119-Madrone-Ct-46236/home/82201133,MIBOR,21504658,N,Y,39.904011,-85.9513912
PAST SALE,October-3-2017,Single Family Residential,12555 Marina View Dr,Fishers,IN,46256,715000,4,3.5,Fall Creek,3453,6969,2017,165,207,175,Sold,,,http://www.redfin.com/IN/Indianapolis/12555-Marina-View-Dr-46256/home/82382734,MIBOR,21476032,N,Y,39.9296341,-85.9431687
PAST SALE,September-20-2017,Single Family Residential,11027 Baycreek Dr,Indianapolis,IN,46236,165000,4,2.5,Lawrence,3117,10018,1991,178,53,,Sold,,,http://www.redfin.com/IN/Indianapolis/11027-Baycreek-Dr-46236/home/60043545,MIBOR,21502672,N,Y,39.8974551,-85.9717192
PAST SALE,October-1-2017,Single Family Residential,7636 Blackthorn Ct,Indianapolis,IN,46236,152500,3,2.5,Lawrence,1454,9147,2000,167,105,13,Sold,,,http://www.redfin.com/IN/Indianapolis/7636-Blackthorn-Ct-46236/home/60128148,MIBOR,21510056,N,Y,39.8950828,-85.9517504
PAST SALE,October-3-2017,Single Family Residential,11427 E 63rd St,Indianapolis,IN,46236,73000,2,1,Lawrence,1384,19602,1940,165,53,,Sold,,,http://www.redfin.com/IN/Indianapolis/11427-E-63rd-St-46236/home/66997934,MIBOR,21501547,N,Y,39.8746068,-85.9637616
PAST SALE,September-27-2017,Single Family Residential,11905 Laurel Oaks Dr,Indianapolis,IN,46236,255000,5,3,Lawrence,3848,14810,1995,171,66,8,Sold,,,http://www.redfin.com/IN/Indianapolis/11905-Laurel-Oak-Dr-46236/home/82198844,MIBOR,21495002,N,Y,39.8880463,-85.9557285
PAST SALE,September-20-2017,Single Family Residential,7714 Camfield Ct,Indianapolis,IN,46236,227500,4,2.5,Lawrence,3096,14723,1996,178,73,30,Sold,,,http://www.redfin.com/IN/Indianapolis/7714-Camfield-Ct-46236/home/82201428,MIBOR,21506062,N,Y,39.895083,-85.9529077
PAST SALE,October-2-2017,Single Family Residential,8116 Madrone Ct,Indianapolis,IN,46236,150000,3,2,Lawrence,1400,10454,1995,166,107,9,Sold,,,http://www.redfin.com/IN/Indianapolis/8116-Madrone-Ct-46236/home/60109675,MIBOR,21507106,N,Y,39.9036956,-85.9517753
PAST SALE,November-1-2017,Single Family Residential,6105 Sandcherry Dr,Indianapolis,IN,46236,133000,4,2.5,Lawrence,2012,10454,1997,136,66,27,Sold,,,http://www.redfin.com/IN/Indianapolis/6105-Sandcherry-Dr-46236/home/60005908,MIBOR,21506556,N,Y,39.8675594,-85.9872971
PAST SALE,October-13-2017,Single Family Residential,6483 Titania Dr,Indianapolis,IN,46236,110000,2,2,Lawrence,1380,4356,2001,155,80,20,Sold,,,http://www.redfin.com/IN/Indianapolis/6483-Titania-Dr-46236/home/59987341,MIBOR,21495927,N,Y,39.876282,-85.9531073
PAST SALE,November-30-2017,Single Family Residential,10209 Colville Ln,Indianapolis,IN,46236,345351,3,3,Lawrence,3776,19118,2017,107,91,58,Sold,,,http://www.redfin.com/IN/Indianapolis/10209-Colville-Ln-46236/home/82303472,MIBOR,21525583,N,Y,39.877649,-85.987425
PAST SALE,November-20-2017,Single Family Residential,6109 Kenzie Ct,Indianapolis,IN,46236,185000,4,2.5,Lawrence,2070,7405,1994,117,89,36,Sold,,,http://www.redfin.com/IN/Indianapolis/6109-Kenzie-Ct-46236/home/60068614,MIBOR,21517425,N,Y,39.8681534,-85.983588
PAST SALE,December-12-2017,Single Family Residential,10904 Echo Spring Cir,Indianapolis,IN,46236,225000,4,2.5,Lawrence,2832,29795,1991,95,79,,Sold,,,http://www.redfin.com/IN/Indianapolis/10904-Echo-Spring-Cir-46236/home/82199471,MIBOR,21501017,N,Y,39.9001558,-85.9755511
PAST SALE,December-18-2017,Single Family Residential,,Indianapolis,IN,46236,175651,3,2.5,,1978,8712,1993,89,89,,Sold,,,http://www.redfin.com/IN/Indianapolis/Undisclosed-address-46236/home/82289506,MIBOR,21522768,N,Y,39.8793439,-85.9708237
PAST SALE,January-19-2018,Single Family Residential,10516 Prestbury Dr,Indianapolis,IN,46236,200000,4,2.5,Lawrence,3488,10890,1995,57,57,33,Sold,,,http://www.redfin.com/IN/Indianapolis/10516-Prestbury-Dr-46236/home/66877657,MIBOR,21522827,N,Y,39.8700058,-85.981474
PAST SALE,September-29-2017,Single Family Residential,9011 Promontory Rd,Indianapolis,IN,46236,550000,5,4,Lawrence,7667,20037,2006,169,72,25,Sold,,,http://www.redfin.com/IN/Indianapolis/9011-Promontory-Rd-46236/home/59986098,MIBOR,21451485,N,Y,39.9192212,-85.9513313
PAST SALE,November-3-2017,Single Family Residential,12430 Cobblestone Dr S,Indianapolis,IN,46236,158500,3,2.5,Lawrence,1814,10454,1991,134,87,,Sold,,,http://www.redfin.com/IN/Indianapolis/12430-S-Cobblestone-Dr-46236/home/82314720,MIBOR,21508172,N,Y,39.8884871,-85.9442869
PAST SALE,October-18-2017,Single Family Residential,6276 Welker Dr,Lawrence,IN,46236,210000,4,2.5,Lawrence,2953,11325,1998,150,71,36,Sold,,,http://www.redfin.com/IN/Indianapolis/6276-Welker-Dr-46236/home/67025531,MIBOR,21488885,N,Y,39.8713299,-85.9884536
PAST SALE,October-10-2017,Single Family Residential,10378 Courageous Dr,Indianapolis,IN,46236,492000,4,3.5,Lawrence,5522,44431,1988,158,89,38,Sold,,,http://www.redfin.com/IN/Indianapolis/10378-Courageous-Dr-46236/home/82198311,MIBOR,21505287,N,Y,39.9008945,-85.9863798
PAST SALE,October-2-2017,Single Family Residential,11110 Indian Lake Blvd,Indianapolis,IN,46236,133014,3,1,Lawrence,2368,7405,1993,166,56,,Sold,,,http://www.redfin.com/IN/Indianapolis/11110-Indian-Lake-Blvd-46236/home/82200786,MIBOR,21502817,N,Y,39.8805578,-85.9703413
PAST SALE,November-10-2017,Single Family Residential,7918 Bitternut Dr,Indianapolis,IN,46236,143000,3,2,Lawrence,1400,9583,1997,127,102,9,Sold,,,http://www.redfin.com/IN/Indianapolis/7918-Bitternut-Dr-46236/home/66981094,MIBOR,21514019,N,Y,39.8992719,-85.9511518
PAST SALE,November-10-2017,Single Family Residential,12443 Clearview Ln,Indianapolis,IN,46236,126000,3,2,Lawrence,1212,11761,1995,127,104,18,Sold,,,http://www.redfin.com/IN/Indianapolis/12443-Clearview-Ln-46236/home/66989187,MIBOR,21501282,N,Y,39.896302,-85.9441671
PAST SALE,November-10-2017,Single Family Residential,5526 La Pinta Dr,Indianapolis,IN,46236,39500,2,1,Lawrence,912,11979,1957,127,43,,Sold,,,http://www.redfin.com/IN/Indianapolis/5526-La-Pinta-Dr-46236/home/82190641,MIBOR,21522654,N,Y,39.8551385,-85.9959108
PAST SALE,October-27-2017,Single Family Residential,11022 Palatka Ct,Indianapolis,IN,46236,165000,3,2.5,Lawrence,1812,6969,1994,141,91,21,Sold,,,http://www.redfin.com/IN/Indianapolis/11022-Palatka-Ct-46236/home/82200425,MIBOR,21511651,N,Y,39.8803147,-85.9722196
PAST SALE,September-26-2017,Single Family Residential,11577 Nicole Ct,Indianapolis,IN,46236,190000,3,2.5,Lawrence,1540,11761,1986,172,123,33,Sold,,,http://www.redfin.com/IN/Indianapolis/11577-Nicole-Ct-46236/home/66986423,MIBOR,21507379,N,Y,39.908103,-85.961722
PAST SALE,October-6-2017,Single Family Residential,10605 Simsbury Ct,Indianapolis,IN,46236,153900,3,2.5,Lawrence,1696,8276,1997,162,91,40,Sold,,,http://www.redfin.com/IN/Indianapolis/10605-Simsbury-Ct-46236/home/59993080,MIBOR,21485001,N,Y,39.8671884,-85.9800381
PAST SALE,October-13-2017,Single Family Residential,12325 Geist Cove Dr,Indianapolis,IN,46236,226500,4,2.5,Lawrence,3256,12458,2000,155,70,20,Sold,,,http://www.redfin.com/IN/Indianapolis/12325-Geist-Cove-Dr-46236/home/66804840,MIBOR,21505146,N,Y,39.9088741,-85.9471602
PAST SALE,October-12-2017,Single Family Residential,12060 Broadway St,Indianapolis,IN,46236,27510,3,2,Lawrence,1152,11761,1949,156,24,,Sold,,,http://www.redfin.com/IN/Indianapolis/12060-Broadway-St-46236/home/66824751,MIBOR,21490086,N,Y,39.8791419,-85.9523091
PAST SALE,October-10-2017,Single Family Residential,11257 Echo Grove Ct,Indianapolis,IN,46236,205000,4,2.5,Lawrence,3192,18295,1993,158,64,10,Sold,,,http://www.redfin.com/IN/Indianapolis/11257-Echo-Grove-Ct-46236/home/66970059,MIBOR,21488119,N,Y,39.8988493,-85.9678312
PAST SALE,November-2-2017,Single Family Residential,10836 Tolliston Ln,Indianapolis,IN,46236,175000,4,2,Lawrence,2192,10454,2001,135,80,50,Sold,,,http://www.redfin.com/IN/Indianapolis/10836-Tolliston-Ln-46236/home/60167925,MIBOR,21513071,N,Y,39.872213,-85.975785
PAST SALE,November-20-2017,Single Family Residential,6158 Benz Ct,Indianapolis,IN,46236,185000,3,2,Lawrence,1838,9583,1994,117,101,33,Sold,,,http://www.redfin.com/IN/Indianapolis/6158-Benz-Ct-46236/home/60103781,MIBOR,21524304,N,Y,39.869721,-85.9792329
PAST SALE,December-15-2017,Single Family Residential,8816 Bay Pointe Cir,Indianapolis,IN,46236,445000,5,3.5,Lawrence,5163,31711,1992,92,86,38,Sold,,,http://www.redfin.com/IN/Indianapolis/8816-Bay-Pointe-Cir-46236/home/60053698,MIBOR,21480500,N,Y,39.917045,-85.9423709
PAST SALE,,Single Family Residential,6116 Kenzie Ct,Indianapolis,IN,46236,150000,,1.5,,1764,6970,1995,,85,,,,,http://www.redfin.com/IN/Indianapolis/6116-Kenzie-Ct-46236/home/60133803,,,N,Y,39.8683373,-85.984266
PAST SALE,February-15-2018,Single Family Residential,6485 Lee Rd,Indianapolis,IN,46236,140000,4,1.5,Lawrence,2400,100187,1953,30,58,,Sold,,,http://www.redfin.com/IN/Indianapolis/6485-Lee-Rd-46236/home/82189863,MIBOR,21541658,N,Y,39.876175,-85.9989
PAST SALE,November-8-2017,Single Family Residential,11650 E Verdin St,Indianapolis,IN,46236,119000,3,2,Lawrence,1358,28314,1958,129,88,,Sold,,,http://www.redfin.com/IN/Indianapolis/11650-Verdin-St-46236/home/67073704,MIBOR,21490128,N,Y,39.8765926,-85.9597316
PAST SALE,January-31-2018,Single Family Residential,11053 Echo Grove Ln,Indianapolis,IN,46236,255000,4,2.5,Lawrence,4346,15681,1988,45,59,10,Sold,,,http://www.redfin.com/IN/Indianapolis/11053-Echo-Grove-Ln-46236/home/82199643,MIBOR,21513514,N,Y,39.9007293,-85.97136
PAST SALE,February-9-2018,Single Family Residential,10416 Hornton St,Indianapolis,IN,46236,102000,3,2.5,Lawrence,1699,4356,2001,36,60,,Sold,,,http://www.redfin.com/IN/Indianapolis/10416-Hornton-St-46236/home/60012048,MIBOR,21457643,N,Y,39.8653494,-85.9837076
PAST SALE,January-5-2018,Single Family Residential,11615 Seafan Ct,Indianapolis,IN,46236,370000,5,3,Lawrence,5077,17859,1988,71,73,40,Sold,,,http://www.redfin.com/IN/Indianapolis/11615-Seafan-Ct-46236/home/82198135,MIBOR,21524405,N,Y,39.911437,-85.9608887
PAST SALE,December-21-2017,Single Family Residential,7424 Campfire Run,Indianapolis,IN,46236,294250,4,3.5,Lawrence,4014,33105,1994,86,73,67,Sold,,,http://www.redfin.com/IN/Indianapolis/7424-Campfire-Run-46236/home/82200302,MIBOR,21504219,N,Y,39.8905866,-85.9783591
PAST SALE,December-27-2017,Single Family Residential,12703 Castilla Pl,Indianapolis,IN,46236,180000,2,2,Lawrence,2426,13285,2000,80,74,29,Sold,,,http://www.redfin.com/IN/Indianapolis/12703-Castilla-Pl-46236/home/82277061,MIBOR,21503396,N,Y,39.9028456,-85.9398163
PAST SALE,December-21-2017,Single Family Residential,7732 Evian Dr,Indianapolis,IN,46236,159900,4,2.5,Lawrence,2166,9147,2002,86,74,30,Sold,,,http://www.redfin.com/IN/Indianapolis/7732-Evian-Dr-46236/home/66952835,MIBOR,21524356,N,Y,39.8957551,-85.9537857
PAST SALE,February-23-2018,Single Family Residential,10931 Running Tide Ct,Indianapolis,IN,46236,389500,4,3.5,Lawrence,4598,20908,1985,22,85,42,Sold,,,http://www.redfin.com/IN/Indianapolis/10931-Running-Tide-Ct-46236/home/66923126,MIBOR,21503969,N,Y,39.9049282,-85.9731771
PAST SALE,February-21-2018,Single Family Residential,12207 Southcreek Ct,Lawrence,IN,46236,187000,4,2.5,Lawrence,2210,20037,1993,24,85,36,Sold,,,http://www.redfin.com/IN/Indianapolis/12207-Southcreek-Ct-46236/home/60012103,MIBOR,21540572,N,Y,39.9105326,-85.9499043
PAST SALE,February-28-2018,Single Family Residential,12437 Stone Dr,Indianapolis,IN,46236,333430,4,3,Lawrence,4144,15245,1990,17,80,38,Sold,,,http://www.redfin.com/IN/Indianapolis/12437-Stone-Dr-46236/home/82200229,MIBOR,21540409,N,Y,39.9145466,-85.9442869
PAST SALE,February-16-2018,Single Family Residential,12574 Geist Cove Dr,Indianapolis,IN,46236,199900,4,2.5,Lawrence,2412,10454,1998,29,83,20,Sold,,,http://www.redfin.com/IN/Indianapolis/12574-Geist-Cove-Dr-46236/home/67097960,MIBOR,21523316,N,Y,39.9097233,-85.9416125
PAST SALE,February-23-2018,Single Family Residential,8635 Admirals Woods Dr,Indianapolis,IN,46236,500250,5,4.5,Lawrence,4947,56802,2001,22,101,38,Sold,,,http://www.redfin.com/IN/Indianapolis/8635-Admirals-Woods-Dr-46236/home/67115694,MIBOR,21398121,N,Y,39.9136263,-85.9555561
PAST SALE,March-9-2018,Single Family Residential,6482 Timber Leaf,Indianapolis,IN,46236,265000,4,3.5,Lawrence,3604,15681,2002,8,74,25,Sold,,,http://www.redfin.com/IN/Indianapolis/6482-Timber-Leaf-Ln-46236/home/60093752,MIBOR,21542129,N,Y,39.8762331,-85.9864197
PAST SALE,February-23-2018,Single Family Residential,7921 Alamosa Ln,Indianapolis,IN,46236,193000,3,2.5,Lawrence,2200,9147,2001,22,88,30,Sold,,,http://www.redfin.com/IN/Indianapolis/7921-Alamosa-Ln-46236/home/82276812,MIBOR,21541101,N,Y,39.8991139,-85.9385788
PAST SALE,February-27-2018,Single Family Residential,7815 Bayridge Dr,Indianapolis,IN,46236,200000,3,2.5,Lawrence,2428,14810,1990,18,82,,Sold,,,http://www.redfin.com/IN/Indianapolis/7815-Bayridge-Dr-46236/home/60120189,MIBOR,21541668,N,Y,39.8959514,-85.967512
PAST SALE,March-5-2018,Single Family Residential,7940 Cherrybark Dr,Indianapolis,IN,46236,143000,3,2,Lawrence,1400,7840,1992,12,102,9,Sold,,,http://www.redfin.com/IN/Indianapolis/7940-Cherrybark-Dr-46236/home/66976665,MIBOR,21542751,N,Y,39.8996336,-85.9488769
PAST SALE,September-28-2017,Single Family Residential,10140 Pendula Dr,Indianapolis,IN,46236,189900,4,2.5,Lawrence,2604,9713,1995,170,73,27,Sold,,,http://www.redfin.com/IN/Indianapolis/10140-Pendula-Dr-46236/home/67017200,MIBOR,21508104,N,Y,39.8682309,-85.9881345
PAST SALE,September-29-2017,Single Family Residential,6130 Chadworth Way,Indianapolis,IN,46236,235000,5,3.5,Lawrence,3721,13939,1996,169,63,36,Sold,,,http://www.redfin.com/IN/Indianapolis/6130-Chadworth-Way-46236/home/82201614,MIBOR,21511136,N,Y,39.8697328,-85.9832431
PAST SALE,October-13-2017,Single Family Residential,8002 Sugar Berry Ct,Indianapolis,IN,46236,150000,3,2,Lawrence,1400,8276,1992,155,107,10,Sold,,,http://www.redfin.com/IN/Indianapolis/8002-Sugarberry-Ct-46236/home/59986790,MIBOR,21504694,N,Y,39.9008005,-85.9489966
PAST SALE,,Single Family Residential,11011 Brave Ct,Indianapolis,IN,46236,160000,,1.5,,2046,15246,1994,,78,,,,,http://www.redfin.com/IN/Indianapolis/11011-Brave-Ct-46236/home/59988783,,,N,Y,39.8789663,-85.9726585
PAST SALE,October-26-2017,Single Family Residential,7982 Kersey Dr,Indianapolis,IN,46236,205900,4,2.5,Lawrence,2489,10759,2001,142,83,27,Sold,,,http://www.redfin.com/IN/Indianapolis/7982-Kersey-Dr-46236/home/82273877,MIBOR,21502968,N,Y,39.9008856,-85.9410931
PAST SALE,October-10-2017,Single Family Residential,11647 Indian Creek Rd,Indianapolis,IN,46236,110000,3,1,Lawrence,1235,20473,1959,158,89,,Sold,,,http://www.redfin.com/IN/Indianapolis/11647-Indian-Creek-Rd-46236/home/82191438,MIBOR,21505724,N,Y,39.8704032,-85.9605296
PAST SALE,September-28-2017,Single Family Residential,11117 Sloop Ct,Indianapolis,IN,46236,610000,4,3.5,Lawrence,5066,17424,1986,170,120,38,Sold,,,http://www.redfin.com/IN/Indianapolis/11117-Sloop-Ct-46236/home/82196529,MIBOR,21475216,N,Y,39.910394,-85.9701053
PAST SALE,September-22-2017,Single Family Residential,11710 Bluefin Ct,Indianapolis,IN,46236,550000,4,3.5,Lawrence,4622,29620,1988,176,119,38,Sold,,,http://www.redfin.com/IN/Indianapolis/11710-Bluefin-Ct-46236/home/66882504,MIBOR,21490930,N,Y,39.9117386,-85.9587217
PAST SALE,September-20-2017,Single Family Residential,6132 Albury Dr,Indianapolis,IN,46236,189900,4,2.5,Lawrence,2690,11325,1995,178,71,40,Sold,,,http://www.redfin.com/IN/Indianapolis/6132-Albury-Dr-46236/home/59996180,MIBOR,21502697,N,Y,39.8690352,-85.9771861
PAST SALE,September-21-2017,Single Family Residential,7542 Geist Pointe Cir,Indianapolis,IN,46236,157000,3,2.5,Lawrence,2089,15986,1989,177,75,,Sold,,,http://www.redfin.com/IN/Indianapolis/7542-Geist-Pointe-Cir-46236/home/66922560,MIBOR,21491288,N,Y,39.8923657,-85.9508724
PAST SALE,October-13-2017,Single Family Residential,7383 E Pebblebrooke Dr,Indianapolis,IN,46236,131000,3,2,Lawrence,1281,9583,1989,155,102,,Sold,,,http://www.redfin.com/IN/Indianapolis/7383-E-Pebblebrook-Dr-46236/home/60047085,MIBOR,21510909,N,Y,39.8892749,-85.9484778
PAST SALE,October-9-2017,Single Family Residential,10708 Birch Tree Ct,Indianapolis,IN,46236,240000,3,2,Lawrence,2182,16988,1994,159,110,67,Sold,,,http://www.redfin.com/IN/Indianapolis/10708-Birch-Tree-Ct-46236/home/67023361,MIBOR,21503283,N,Y,39.8869386,-85.9782033
PAST SALE,October-20-2017,Single Family Residential,6456 Titania Dr,Indianapolis,IN,46236,133000,3,2.5,Lawrence,1460,4356,1999,148,91,20,Sold,,,http://www.redfin.com/IN/Indianapolis/6456-Titania-Dr-46236/home/82273492,MIBOR,21502743,N,Y,39.8756196,-85.953666
PAST SALE,October-13-2017,Single Family Residential,12567 Marina View Dr,Fishers,IN,46256,1178500,4,3.5,Fall Creek,3453,10018,2017,155,341,175,Sold,,,http://www.redfin.com/IN/Indianapolis/12567-Marina-View-Dr-46256/home/82382739,MIBOR,21461460,N,Y,39.9296341,-85.9431687
PAST SALE,December-4-2017,Single Family Residential,6931 Royal Oakland Dr,Indianapolis,IN,46236,390000,4,3.5,Lawrence,4441,13372,2010,103,88,13,Sold,,,http://www.redfin.com/IN/Indianapolis/6931-Royal-Oakland-Dr-46236/home/60179576,MIBOR,21511473,N,Y,39.882347,-85.96211
PAST SALE,December-22-2017,Single Family Residential,6421 Falling Tree Way,Indianapolis,IN,46236,220000,3,2.5,Lawrence,2314,10018,2001,85,95,27,Sold,,,http://www.redfin.com/IN/Indianapolis/6421-Falling-Tree-Way-46236/home/60086929,MIBOR,21512119,N,Y,39.8743195,-85.9820309
PAST SALE,January-24-2018,Single Family Residential,12266 Pentwater Ct,Indianapolis,IN,46236,344000,4,2.5,Lawrence,2993,20037,1989,52,115,38,Sold,,,http://www.redfin.com/IN/Indianapolis/12266-Pentwater-Ct-46236/home/60039720,MIBOR,21519423,N,Y,39.9139131,-85.9472238
PAST SALE,January-17-2018,Single Family Residential,6158 Welker Dr,Indianapolis,IN,46236,228000,4,3.5,Lawrence,3226,11151,1995,59,71,29,Sold,,,http://www.redfin.com/IN/Indianapolis/6158-Welker-Dr-46236/home/82201668,MIBOR,21525927,N,Y,39.8691372,-85.990009
PAST SALE,December-15-2017,Single Family Residential,12218 Fireberry Ct,Indianapolis,IN,46236,162500,3,2.5,Lawrence,1597,,1997,92,102,13,Sold,,,http://www.redfin.com/IN/Indianapolis/12218-Fireberry-Ct-46236/home/60010214,MIBOR,21518875,N,Y,39.8961329,-85.9485177
PAST SALE,January-29-2018,Single Family Residential,10785 Oyster Bay Ct,Indianapolis,IN,46236,211000,3,2,Lawrence,1820,5227,1990,47,116,23,Sold,,,http://www.redfin.com/IN/Indianapolis/10785-Oyster-Bay-Ct-46236/home/60124576,MIBOR,21527020,N,Y,39.8975759,-85.9773656
PAST SALE,December-15-2017,Single Family Residential,7117 Spurrington Cir,Indianapolis,IN,46236,108500,3,2,Lawrence,1169,6708,1998,92,93,,Sold,,,http://www.redfin.com/IN/Indianapolis/7117-Spurrington-Cir-46236/home/82201193,MIBOR,21520697,N,Y,39.8851132,-85.9395371
PAST SALE,February-9-2018,Single Family Residential,7244 Maple Bluff Pl,Indianapolis,IN,46236,345000,5,3.5,Lawrence,5390,13503,2006,36,64,30,Sold,,,http://www.redfin.com/IN/Indianapolis/7244-Maple-Bluff-Pl-46236/home/82298807,MIBOR,21497648,N,Y,39.8872748,-85.9740148
PAST SALE,February-23-2018,Single Family Residential,12273 Misty Way,Indianapolis,IN,46236,295000,4,2.5,Lawrence,3316,16988,1992,22,89,39,Sold,,,http://www.redfin.com/IN/Indianapolis/12273-Misty-Way-46236/home/66820713,MIBOR,21527799,N,Y,39.9059546,-85.9473597
PAST SALE,February-26-2018,Single Family Residential,10676 Courageous Dr,Indianapolis,IN,46236,240000,4,3,Lawrence,2566,20908,1988,19,94,27,Sold,,,http://www.redfin.com/IN/Indianapolis/10676-Courageous-Dr-46236/home/66947724,MIBOR,21510376,N,Y,39.903681,-85.9788415
PAST SALE,February-26-2018,Single Family Residential,10858 Tenacious Dr,Indianapolis,IN,46236,216300,3,2,Lawrence,1836,18730,1987,19,118,40,Sold,,,http://www.redfin.com/IN/Indianapolis/10858-Tenacious-Dr-46236/home/66945453,MIBOR,21539903,N,Y,39.9028904,-85.9745334
PAST SALE,February-26-2018,Single Family Residential,6168 Chadworth Way,Indianapolis,IN,46236,209000,4,2.5,Lawrence,3828,7405,1996,19,55,33,Sold,,,http://www.redfin.com/IN/Indianapolis/6168-Chadworth-Way-46236/home/60123432,MIBOR,21518589,N,Y,39.8708284,-85.9834479
PAST SALE,February-23-2018,Single Family Residential,11428 Old Oakland Blvd North Dr,Indianapolis,IN,46236,170000,3,2,Lawrence,1926,12719,1986,22,88,,Sold,,,http://www.redfin.com/IN/Indianapolis/11428-N-Old-Oakland-Boulevard-Dr-46236/home/82279581,MIBOR,21540469,N,Y,39.8956927,-85.9641007
PAST SALE,February-27-2018,Single Family Residential,6215 Vancouver Ct,Indianapolis,IN,46236,285000,4,2.5,Lawrence,3779,10890,1996,18,75,31,Sold,,,http://www.redfin.com/IN/Indianapolis/6215-Vancouver-Ct-46236/home/67035425,MIBOR,21542099,N,Y,39.8724238,-85.9800581
PAST SALE,February-27-2018,Single Family Residential,11929 Titania Cir,Indianapolis,IN,46236,137000,3,2.5,Lawrence,1840,,1999,18,74,20,Sold,,,http://www.redfin.com/IN/Indianapolis/11929-Titania-Cir-46236/home/66979679,MIBOR,21540403,N,Y,39.8756716,-85.9548732
PAST SALE,February-26-2018,Single Family Residential,6262 Winford Dr,Indianapolis,IN,46236,219000,4,2.5,Lawrence,2430,,1994,19,90,33,Sold,,,http://www.redfin.com/IN/Indianapolis/6262-Winford-Dr-46236/home/67016591,MIBOR,21519940,N,Y,39.8722031,-85.978303
PAST SALE,February-14-2018,Single Family Residential,8253 Glengarry Ct,Indianapolis,IN,46236,226500,4,2.5,Lawrence,3222,11761,1994,31,70,21,Sold,,,http://www.redfin.com/IN/Indianapolis/8253-Glengarry-Ct-46236/home/59990290,MIBOR,21528054,N,Y,39.907057,-85.9548467
PAST SALE,February-21-2018,Single Family Residential,12062 Kingfisher Ct,Indianapolis,IN,46236,342860,4,2.5,Lawrence,4639,24393,1989,24,74,38,Sold,,,http://www.redfin.com/IN/Indianapolis/12062-Kingfisher-Ct-46236/home/60137012,MIBOR,21520389,N,Y,39.9147515,-85.9513114
PAST SALE,February-28-2018,Single Family Residential,11250 Echo Grove Ct,Indianapolis,IN,46236,265000,3,2.5,Lawrence,3084,14461,1993,17,86,10,Sold,,,http://www.redfin.com/IN/Indianapolis/11250-Echo-Grove-Ct-46236/home/66953024,MIBOR,21525408,N,Y,39.8992544,-85.9679337
PAST SALE,March-2-2018,Single Family Residential,12708 Bay Run Ct,Indianapolis,IN,46236,314000,4,3.5,Lawrence,3351,14810,1991,15,94,38,Sold,,,http://www.redfin.com/IN/Indianapolis/12708-Bay-Run-Ct-46236/home/60044270,MIBOR,21507834,N,Y,39.9190011,-85.9398562
PAST SALE,January-5-2018,Single Family Residential,12435 Silver Bay Cir,Indianapolis,IN,46236,435000,4,3.5,Lawrence,4798,17424,1991,71,91,38,Sold,,,http://www.redfin.com/IN/Indianapolis/12435-Silver-Bay-Cir-46236/home/70325457,MIBOR,21519341,N,Y,39.9167456,-85.9441272
PAST SALE,March-2-2018,Single Family Residential,10060 E 63rd St,Indianapolis,IN,46236,178000,3,2,Lawrence,1538,15245,1974,15,116,,Sold,,,http://www.redfin.com/IN/Indianapolis/10060-E-63rd-St-46236/home/67088313,MIBOR,21522122,N,Y,39.8741458,-85.9898494
PAST SALE,March-2-2018,Single Family Residential,11624 Breckenridge Ct,Indianapolis,IN,46236,185000,3,2.5,Lawrence,1767,9147,1992,15,105,10,Sold,,,http://www.redfin.com/IN/Indianapolis/11624-Breckenridge-Ct-46236/home/82200730,MIBOR,21519104,N,Y,39.878504,-85.9604897
PAST SALE,December-18-2017,Single Family Residential,7041 Indian Lake Rd,Indianapolis,IN,46236,297000,5,3,Lawrence,2204,43560,1946,89,135,,Sold,,,http://www.redfin.com/IN/Indianapolis/7041-Indian-Lake-Rd-46236/home/82189619,MIBOR,21494814,N,Y,39.8836281,-85.9805057
PAST SALE,December-18-2017,Single Family Residential,12235 Pentwater Ct,Indianapolis,IN,46236,220000,4,2.5,Lawrence,2157,15245,1990,89,102,38,Sold,,,http://www.redfin.com/IN/Indianapolis/12235-Pentwater-Ct-46236/home/67069092,MIBOR,21494902,N,Y,39.914007,-85.9484946
PAST SALE,October-23-2017,Single Family Residential,7955 Oaklandon Rd,Indianapolis,IN,46236,415000,6,4.5,Lawrence,7389,104979,1997,145,56,,Sold,,,http://www.redfin.com/IN/Indianapolis/7955-Oaklandon-Rd-46236/home/60028158,MIBOR,21478921,N,Y,39.9000152,-85.9563796
PAST SALE,October-5-2017,Single Family Residential,6223 Welker Dr,Lawrence,IN,46236,259000,4,2.5,Lawrence,3404,13503,1998,163,76,36,Sold,,,http://www.redfin.com/IN/Indianapolis/6223-Welker-Dr-46236/home/66963924,MIBOR,21488146,N,Y,39.8698801,-85.9894506
PAST SALE,October-20-2017,Single Family Residential,10837 Tallow Wood Ln,Indianapolis,IN,46236,324000,4,3.5,Lawrence,4410,14331,2005,148,73,42,Sold,,,http://www.redfin.com/IN/Indianapolis/10837-Tallow-Wood-Ln-46236/home/67072586,MIBOR,21511199,N,Y,39.8817113,-85.9752425
PAST SALE,October-19-2017,Single Family Residential,10312 Cadogan Dr,Indianapolis,IN,46236,149900,4,2.5,Lawrence,1968,3920,2000,149,76,14,Sold,,,http://www.redfin.com/IN/Indianapolis/10312-Cadogan-Dr-46236/home/82282280,MIBOR,21504246,N,Y,39.866655,-85.9855024
PAST SALE,September-29-2017,Single Family Residential,6646 Breckenridge Dr,Indianapolis,IN,46236,219000,4,2.5,Lawrence,2430,12196,1991,169,90,10,Sold,,,http://www.redfin.com/IN/Indianapolis/6646-Breckenridge-Dr-46236/home/60163982,MIBOR,21502307,N,Y,39.8793822,-85.96037
PAST SALE,October-13-2017,Single Family Residential,11919 Sand Dollar Cir,Indianapolis,IN,46256,419000,4,3.5,Fall Creek,4239,18730,1987,155,99,38,Sold,,,http://www.redfin.com/IN/Indianapolis/11919-Sand-Dollar-Cir-46256/home/60027869,MIBOR,21492205,N,Y,39.9337133,-85.9516337
PAST SALE,November-6-2017,Single Family Residential,11329 Peacock Dr,Indianapolis,IN,46236,143000,4,2.5,Lawrence,1836,15681,1966,131,78,,Sold,,,http://www.redfin.com/IN/Indianapolis/11329-Peacock-Dr-46236/home/60140185,MIBOR,21509775,N,Y,39.8706774,-85.9661156
PAST SALE,September-29-2017,Single Family Residential,11502 Grace Ter,Indianapolis,IN,46236,175000,3,2,Lawrence,1758,11325,1989,169,100,,Sold,,,http://www.redfin.com/IN/Indianapolis/11502-Grace-Ter-46236/home/82197876,MIBOR,21512934,N,Y,39.9076355,-85.9633133
PAST SALE,October-10-2017,Single Family Residential,12535 Bay Run Cir,Indianapolis,IN,46236,522000,5,4.5,Lawrence,5809,23435,1993,158,90,38,Sold,,,http://www.redfin.com/IN/Indianapolis/12535-Bay-Run-Cir-46236/home/82200203,MIBOR,21439878,N,Y,39.9181589,-85.9421314
PAST SALE,November-3-2017,Single Family Residential,10635 Simsbury Ct,Indianapolis,IN,46236,127000,3,2,Lawrence,1287,6969,1998,134,99,36,Sold,,,http://www.redfin.com/IN/Indianapolis/10635-Simsbury-Ct-46236/home/60045873,MIBOR,21514393,N,Y,39.8670902,-85.9789412
PAST SALE,November-3-2017,Single Family Residential,10214 Alexia Dr,Indianapolis,IN,46236,146000,3,2,Lawrence,1361,7405,1999,134,107,27,Sold,,,http://www.redfin.com/IN/Indianapolis/10214-Alexia-Dr-46236/home/66969116,MIBOR,21511061,N,Y,39.8690673,-85.9868185
PAST SALE,November-6-2017,Single Family Residential,10345 Indian Lake Blvd N,Indianapolis,IN,46236,191500,3,2,Lawrence,2991,12893,1957,131,64,40,Sold,,,http://www.redfin.com/IN/Indianapolis/10345-Indian-Lake-Blvd-N-46236/home/82188625,MIBOR,21513413,N,Y,39.8850725,-85.9845452
PAST SALE,November-28-2017,Single Family Residential,6511 Brandon St,Indianapolis,IN,46236,90000,3,2,Lawrence,1268,10454,1980,109,71,,Sold,,,http://www.redfin.com/IN/Indianapolis/6511-N-Brandon-St-46236/home/79106069,MIBOR,21507784,N,Y,39.8773377,-85.9528008
PAST SALE,October-27-2017,Single Family Residential,10779 Tallow Wood Ln,Indianapolis,IN,46236,373000,5,3.5,Lawrence,5725,18730,2005,141,65,42,Sold,,,http://www.redfin.com/IN/Indianapolis/10779-Tallow-Wood-Ln-46236/home/60048324,MIBOR,21507479,N,Y,39.8815873,-85.976589
PAST SALE,,Single Family Residential,11612 Breckenridge Ct,Indianapolis,IN,46236,170000,,1,,1966,11326,1992,,86,,,,,http://www.redfin.com/IN/Indianapolis/11612-Breckenridge-Ct-46236/home/60049443,,,N,Y,39.8785013,-85.9609885
PAST SALE,November-16-2017,Single Family Residential,6401 Oaklandon Rd,Indianapolis,IN,46236,100000,3,1,Lawrence,2052,6534,1920,121,49,,Sold,,,http://www.redfin.com/IN/Indianapolis/6401-Oaklandon-Rd-46236/home/60103872,MIBOR,21511784,N,Y,39.874685,-85.9568473
PAST SALE,November-28-2017,Single Family Residential,7338 Quartz Rock Rd,Indianapolis,IN,46236,160000,3,2.5,Lawrence,2091,10018,1992,109,77,,Sold,,,http://www.redfin.com/IN/Indianapolis/7338-Quartz-Rock-Rd-46236/home/60158644,MIBOR,21522793,N,Y,39.88872,-85.9411934
PAST SALE,October-26-2017,Single Family Residential,6426 Harrison Ridge Blvd,Indianapolis,IN,46236,283100,4,3.5,Lawrence,3651,10454,1999,142,78,27,Sold,,,http://www.redfin.com/IN/Indianapolis/6426-Harrison-Ridge-Blvd-46236/home/67016632,MIBOR,21510648,N,Y,39.8747374,-85.9977051
PAST SALE,November-20-2017,Single Family Residential,6711 Breckenridge Dr,Indianapolis,IN,46236,164500,3,2,Lawrence,1632,11325,1992,117,101,10,Sold,,,http://www.redfin.com/IN/Indianapolis/6711-Breckenridge-Dr-46236/home/67047904,MIBOR,21520134,N,Y,39.87988,-85.9596568
PAST SALE,November-15-2017,Single Family Residential,12713 Briarhill Dr,Indianapolis,IN,46236,95000,4,2.5,Lawrence,2431,9147,1997,122,39,17,Sold,,,http://www.redfin.com/IN/Indianapolis/12713-Briarhill-Dr-46236/home/67094381,MIBOR,21514423,N,Y,39.9067482,-85.9402154
PAST SALE,November-17-2017,Single Family Residential,8261 Twin Pointe Cir,Indianapolis,IN,46236,365000,4,2.5,Lawrence,4203,27007,1989,120,87,38,Sold,,,http://www.redfin.com/IN/Indianapolis/8261-Twin-Pointe-Cir-46236/home/77087840,MIBOR,21495245,N,Y,39.9057472,-85.9669298
PAST SALE,November-28-2017,Single Family Residential,7018 Elias Cir,Indianapolis,IN,46236,132000,3,2,Lawrence,1534,13503,1993,109,86,,Sold,,,http://www.redfin.com/IN/Indianapolis/7018-Elias-Cir-46236/home/82200820,MIBOR,21523181,N,Y,39.8836551,-85.9425705
PAST SALE,November-17-2017,Single Family Residential,7037 Elias Cir,Indianapolis,IN,46236,139900,3,2.5,Lawrence,1581,8363,1994,120,88,,Sold,,,http://www.redfin.com/IN/Indianapolis/7037-Elias-Cir-46236/home/82200822,MIBOR,21519562,N,Y,39.8839551,-85.9419855
PAST SALE,November-9-2017,Single Family Residential,11225 Baywood Dr E,Indianapolis,IN,46236,168000,4,2.5,Lawrence,2780,12240,1988,128,60,,Sold,,,http://www.redfin.com/IN/Indianapolis/11225-Baywood-Dr-S-46236/home/59989223,MIBOR,21503804,N,Y,39.892426,-85.9676317
PAST SALE,November-29-2017,Single Family Residential,8328 Bent Oak Dr,Indianapolis,IN,46236,237500,4,2.5,Lawrence,3330,15681,2000,108,71,18,Sold,,,http://www.redfin.com/IN/Indianapolis/8328-Bent-Oak-Dr-46236/home/60000838,MIBOR,21513157,N,Y,39.9078716,-85.9460027
PAST SALE,November-2-2017,Single Family Residential,11033 Tenacious Dr,Indianapolis,IN,46236,412500,4,3,Lawrence,3808,23522,1982,135,108,40,Sold,,,http://www.redfin.com/IN/Indianapolis/11033-Tenacious-Dr-46236/home/60138246,MIBOR,21510842,N,Y,39.9037669,-85.9711924
PAST SALE,November-15-2017,Single Family Residential,6819 Meadowgreen Dr,Indianapolis,IN,46236,174000,4,2.5,Lawrence,1895,9583,1995,122,92,17,Sold,,,http://www.redfin.com/IN/Indianapolis/6819-Meadowgreen-Dr-46236/home/60139005,MIBOR,21511466,N,Y,39.8809067,-85.9684695
PAST SALE,November-17-2017,Single Family Residential,6421 Harrison Ridge Blvd,Indianapolis,IN,46236,270000,4,2.5,Lawrence,3593,10454,2003,120,75,27,Sold,,,http://www.redfin.com/IN/Indianapolis/6421-Harrison-Ridge-Blvd-46236/home/66929319,MIBOR,21517134,N,Y,39.874519,-85.9971868
PAST SALE,November-9-2017,Single Family Residential,8909 Bay Breeze Ln,Indianapolis,IN,46236,490000,5,3.5,Lawrence,4974,18730,1991,128,99,38,Sold,,,http://www.redfin.com/IN/Indianapolis/8909-Bay-Breeze-Ln-46236/home/59995296,MIBOR,21496625,N,Y,39.9174885,-85.9631631
PAST SALE,November-28-2017,Single Family Residential,8809 Anchor Bay Ct,Indianapolis,IN,46236,345000,4,3.5,Lawrence,3966,27878,1994,109,87,38,Sold,,,http://www.redfin.com/IN/Indianapolis/8809-Anchor-Bay-Ct-46236/home/60054148,MIBOR,21493553,N,Y,39.9162754,-85.9386985
PAST SALE,November-20-2017,Single Family Residential,12020 Laurel Oaks Dr,Indianapolis,IN,46236,174000,3,2.5,Lawrence,1710,19166,1989,117,102,8,Sold,,,http://www.redfin.com/IN/Indianapolis/12020-Laurel-Oak-Dr-46236/home/60062974,MIBOR,21503536,N,Y,39.8881044,-85.9535998
PAST SALE,October-31-2017,Single Family Residential,12355 Cobblestone Ct,Indianapolis,IN,46236,147500,3,2.5,Lawrence,1565,12022,1989,137,94,,Sold,,,http://www.redfin.com/IN/Indianapolis/12355-Cobblestone-Ct-46236/home/82199750,MIBOR,21506054,N,Y,39.8890349,-85.9450453
PAST SALE,November-16-2017,Single Family Residential,8091 Lower Bay Ln,Indianapolis,IN,46236,467900,4,3.5,Lawrence,4310,8712,1994,121,109,148,Sold,,,http://www.redfin.com/IN/Indianapolis/8091-Lower-Bay-Ln-46236/home/82201258,MIBOR,21517990,N,Y,39.9032471,-85.9692076
PAST SALE,October-31-2017,Single Family Residential,12716 Telluride Dr,Indianapolis,IN,46236,152000,3,2,Lawrence,1476,11456,1998,137,103,29,Sold,,,http://www.redfin.com/IN/Indianapolis/12716-Telluride-Dr-46236/home/60037941,MIBOR,21513979,N,Y,39.9042184,-85.9400957
PAST SALE,November-3-2017,Single Family Residential,7412 Pebblebrooke West Dr,Indianapolis,IN,46236,142000,3,2,Lawrence,1388,10018,1988,134,102,,Sold,,,http://www.redfin.com/IN/Indianapolis/7412-W-Pebblebrook-Dr-46236/home/60087377,MIBOR,21508163,N,Y,39.8896807,-85.9520697
PAST SALE,November-20-2017,Single Family Residential,8025 Kersey Dr,Indianapolis,IN,46236,159900,3,2,Lawrence,1494,7405,2004,117,107,29,Sold,,,http://www.redfin.com/IN/Indianapolis/8025-Kersey-Dr-46236/home/67023872,MIBOR,21517546,N,Y,39.9008562,-85.9396765
PAST SALE,October-25-2017,Single Family Residential,7340 Pebblebrooke East Dr,Indianapolis,IN,46236,126000,4,2,Lawrence,1320,14374,1989,143,95,,Sold,,,http://www.redfin.com/IN/Indianapolis/7340-E-Pebblebrook-Dr-46236/home/82198482,MIBOR,21502460,N,Y,39.8887399,-85.9492361
PAST SALE,November-13-2017,Single Family Residential,12325 Bayside Ct,Indianapolis,IN,46256,770000,5,4.5,Fall Creek,4572,31798,1994,124,168,133,Sold,,,http://www.redfin.com/IN/Indianapolis/12325-Bayside-Ct-46256/home/82382324,MIBOR,21512615,N,Y,39.9326175,-85.9453247
PAST SALE,January-26-2018,Single Family Residential,6011 Twyckenham Dr,Indianapolis,IN,46236,133000,3,2,Lawrence,1281,7840,1999,50,104,27,Sold,,,http://www.redfin.com/IN/Indianapolis/6011-Twyckenham-Dr-46236/home/60164484,MIBOR,21524422,N,Y,39.8655103,-85.9895304
PAST SALE,February-27-2018,Single Family Residential,6126 Chadworth Way,Indianapolis,IN,46236,242000,4,3.5,Lawrence,3938,17859,1996,18,61,36,Sold,,,http://www.redfin.com/IN/Indianapolis/6126-Chadworth-Way-46236/home/59995933,MIBOR,21520792,N,Y,39.8695369,-85.98311
PAST SALE,December-29-2017,Single Family Residential,10405 Kira Ct,Indianapolis,IN,46236,146000,4,2.5,Lawrence,1640,10890,1996,78,89,36,Sold,,,http://www.redfin.com/IN/Indianapolis/10405-Kira-Ct-46236/home/60035325,MIBOR,21518192,N,Y,39.867607,-85.9840267
PAST SALE,January-11-2018,Single Family Residential,11537 Crescent Ct,Indianapolis,IN,46236,177080,4,2.5,Lawrence,1861,10454,1985,65,95,33,Sold,,,http://www.redfin.com/IN/Indianapolis/11537-Crescent-Ct-46236/home/66967796,MIBOR,21517314,N,Y,39.908652,-85.962514
PAST SALE,January-29-2018,Single Family Residential,10706 Birch Tree Cir,Lawrence,IN,46236,329000,4,2.5,Lawrence,3180,20037,1994,47,103,67,Sold,,,http://www.redfin.com/IN/Indianapolis/10706-Birch-Tree-Cir-46236/unit-0/home/144326741,MIBOR,21525342,N,Y,39.8880715,-85.9782843
PAST SALE,February-2-2018,Single Family Residential,7724 Blackthorn Dr,Indianapolis,IN,46236,157500,3,2,Lawrence,1492,7405,1997,43,106,13,Sold,,,http://www.redfin.com/IN/Indianapolis/7724-Blackthorn-Dr-46236/home/60061549,MIBOR,21529641,N,Y,39.895397,-85.951436
PAST SALE,January-30-2018,Single Family Residential,7879 Chesapeake Dr E,Indianapolis,IN,46236,155000,2,2,Lawrence,1303,5662,1988,46,119,27,Sold,,,http://www.redfin.com/IN/Indianapolis/7879-Chesapeake-Dr-E-46236/home/82199210,MIBOR,21526566,N,Y,39.8975054,-85.976488
PAST SALE,January-24-2018,Single Family Residential,7844 Indian Pointe Dr,Indianapolis,IN,46236,225000,3,2,Lawrence,2671,15245,1995,52,84,29,Sold,,,http://www.redfin.com/IN/Indianapolis/7844-Indian-Pointe-Dr-46236/home/82201271,MIBOR,21528306,N,Y,39.8969699,-85.9824512
PAST SALE,February-9-2018,Single Family Residential,9714 Marina Village Dr,Fishers,IN,46256,687000,4,3.5,Fall Creek,3453,6969,2015,36,199,250,Sold,,,http://www.redfin.com/IN/Indianapolis/9714-Marina-Village-Dr-46256/home/60035785,MIBOR,21458775,N,Y,39.9292109,-85.9435884
PAST SALE,December-22-2017,Single Family Residential,6644 Sparrowood Blvd,Indianapolis,IN,46236,129000,3,2,Lawrence,1308,8145,1996,85,99,18,Sold,,,http://www.redfin.com/IN/Indianapolis/6644-Sparrowood-Blvd-46236/home/60088287,MIBOR,21509210,N,Y,39.8793307,-85.9485177
PAST SALE,January-5-2018,Single Family Residential,11845 Discovery Cir,Indianapolis,IN,46236,360000,4,2.5,Lawrence,3892,18295,1988,71,92,27,Sold,,,http://www.redfin.com/IN/Indianapolis/11845-Discovery-Cir-46236/home/66939014,MIBOR,21522823,N,Y,39.916356,-85.9557148
PAST SALE,February-1-2018,Single Family Residential,6182 Ledgestone Ct,Indianapolis,IN,46236,192000,4,2.5,Lawrence,2834,10018,1997,44,68,36,Sold,,,http://www.redfin.com/IN/Indianapolis/6182-Ledgestone-Ct-46236/home/66944721,MIBOR,21517474,N,Y,39.8707925,-85.9845053
PAST SALE,February-2-2018,Single Family Residential,7670 Baywood Dr S,Indianapolis,IN,46236,150000,3,2.5,Lawrence,2010,10123,1988,43,75,,Sold,,,http://www.redfin.com/IN/Indianapolis/7670-Baywood-Dr-S-46236/home/66956784,MIBOR,21518887,N,Y,39.8942286,-85.9675519
PAST SALE,February-12-2018,Single Family Residential,7364 Red Rock Rd,Lawrence,IN,46236,140000,3,2,Lawrence,1224,11325,1992,33,114,,Sold,,,http://www.redfin.com/IN/Indianapolis/7364-Red-Rock-Rd-46236/home/67002331,MIBOR,21527965,N,Y,39.8894836,-85.9423909
PAST SALE,January-31-2018,Single Family Residential,7403 Fairway Ci Dr E,Indianapolis,IN,46236,185000,3,2.5,Lawrence,2138,10105,1984,45,87,,Sold,,,http://www.redfin.com/IN/Indianapolis/7403-E-Fairway-Cir-Dr-46236/home/82197283,MIBOR,21530068,N,Y,39.8895038,-85.9527481
PAST SALE,December-26-2017,Single Family Residential,7838 Chesapeake Dr E,Indianapolis,IN,46236,165000,3,2,Lawrence,1452,5227,1988,81,114,,Sold,,,http://www.redfin.com/IN/Indianapolis/7838-Chesapeake-Dr-E-46236/home/82289085,MIBOR,21524537,N,Y,39.8969427,-85.9770265
PAST SALE,February-8-2018,Single Family Residential,8924 Anchor Bay Dr,Indianapolis,IN,46236,385000,4,3.5,Lawrence,4723,18513,1993,37,82,38,Sold,,,http://www.redfin.com/IN/Indianapolis/8924-Anchor-Bay-Dr-46236/home/63064137,MIBOR,21500294,N,Y,39.9178459,-85.9400683
PAST SALE,February-9-2018,Single Family Residential,12615 E 75th St,Indianapolis,IN,46236,124900,3,2,Lawrence,1416,19602,1978,36,88,,Sold,,,http://www.redfin.com/IN/Indianapolis/12615-E-75th-St-46236/home/60047458,MIBOR,21530326,N,Y,39.8910063,-85.940924
PAST SALE,January-15-2018,Single Family Residential,12441 Old Stone Dr,Indianapolis,IN,46236,321000,4,3.5,Lawrence,3938,16552,1994,61,82,,Sold,,,http://www.redfin.com/IN/Indianapolis/12441-Old-Stone-Dr-46236/home/60098579,MIBOR,21514700,N,Y,39.915633,-85.9444066
PAST SALE,January-23-2018,Single Family Residential,12728 Gunnison Dr,Indianapolis,IN,46236,227900,4,2.5,Lawrence,3345,11325,2001,53,68,27,Sold,,,http://www.redfin.com/IN/Indianapolis/12728-Gunnison-Dr-46236/home/60125043,MIBOR,21522045,N,Y,39.9046357,-85.9394171
PAST SALE,January-12-2018,Single Family Residential,9956 Fountain Cove Ln,Indianapolis,IN,46236,179900,3,2.5,Lawrence,2400,11369,2001,64,75,23,Sold,,,http://www.redfin.com/IN/Indianapolis/9956-Fountain-Cove-Ln-46236/home/60765683,MIBOR,21523909,N,Y,39.8782503,-85.9925612
PAST SALE,March-2-2018,Single Family Residential,11016 Palatka Ct,Lawrence,IN,46236,179900,3,2.5,Lawrence,1967,9147,1993,15,91,20,Sold,,,http://www.redfin.com/IN/Indianapolis/11016-Palatka-Ct-46236/home/66939407,MIBOR,21540048,N,Y,39.8803438,-85.9724789
PAST SALE,January-11-2018,Single Family Residential,6414 Titania Dr,Indianapolis,IN,46236,113000,2,2,Lawrence,1260,5662,2000,65,90,20,Sold,,,http://www.redfin.com/IN/Indianapolis/6414-Titania-Dr-46236/home/66977055,MIBOR,21520110,N,Y,39.8747248,-85.9544799
PAST SALE,March-7-2018,Single Family Residential,8121 Lawrence Woods Pl,Indianapolis,IN,46236,200000,3,3,Lawrence,2725,10018,2006,10,73,28,Sold,,,http://www.redfin.com/IN/Indianapolis/8121-Lawrence-Woods-Pl-46236/home/82298612,MIBOR,21519738,N,Y,39.9033493,-85.9467815
PAST SALE,March-6-2018,Single Family Residential,10446 Kensil St,Indianapolis,IN,46236,118000,3,2,Lawrence,1408,7405,2001,11,84,15,Sold,,,http://www.redfin.com/IN/Indianapolis/10446-Kensil-St-46236/home/82294256,MIBOR,21526797,N,Y,39.8661063,-85.9823914
PAST SALE,March-7-2018,Single Family Residential,12255 Ridgeside Rd,Indianapolis,IN,46256,625000,4,3.5,Fall Creek,4872,26571,1997,10,128,100,Sold,,,http://www.redfin.com/IN/Indianapolis/12255-Ridgeside-Rd-46256/home/60049355,MIBOR,21525605,N,Y,39.9329065,-85.9461429
PAST SALE,March-8-2018,Single Family Residential,10304 Hornton St,Indianapolis,IN,46236,139900,3,2.5,Lawrence,1699,3920,2001,9,82,14,Sold,,,http://www.redfin.com/IN/Indianapolis/10304-Hornton-St-46236/home/82277131,MIBOR,21528240,N,Y,39.8653809,-85.9857816
PAST SALE,March-9-2018,Single Family Residential,7327 Cobblestone Dr E,Indianapolis,IN,46236,154500,3,2,Lawrence,1424,16117,1991,8,108,,Sold,,,http://www.redfin.com/IN/Indianapolis/7327-E-Cobblestone-Dr-46236/home/82314724,MIBOR,21541116,N,Y,39.8886909,-85.9432491
PAST SALE,March-16-2018,Single Family Residential,7977 Lawrence Woods Ct,Indianapolis,IN,46236,201900,4,2.5,Lawrence,2831,10018,2004,1,71,29,Sold,,,http://www.redfin.com/IN/Indianapolis/7977-Lawrence-Woods-Ct-46236/home/60057305,MIBOR,21545638,N,Y,39.9006452,-85.9468414
PAST SALE,September-27-2017,Single Family Residential,11244 Woods Bay Ln,Indianapolis,IN,46236,469900,4,3,Lawrence,3956,16988,1991,171,119,38,Sold,,,http://www.redfin.com/IN/Indianapolis/11244-Woods-Bay-Ln-46236/home/74267884,MIBOR,21503781,N,Y,39.9174943,-85.9679509
PAST SALE,November-30-2017,Single Family Residential,8096 Lawrence Woods Pl,Indianapolis,IN,46236,235000,3,2.5,Lawrence,3959,10193,2006,107,59,28,Sold,,,http://www.redfin.com/IN/Indianapolis/8096-Lawrence-Woods-Pl-46236/home/60129526,MIBOR,21494870,N,Y,39.9027867,-85.9473203
