SALE TYPE,SOLD DATE,PROPERTY TYPE,ADDRESS,CITY,STATE,ZIP,PRICE,BEDS,BATHS,LOCATION,SQUARE FEET,LOT SIZE,YEAR BUILT,DAYS ON MARKET,$/SQUARE FEET,HOA/MONTH,STATUS,NEXT OPEN HOUSE START TIME,NEXT OPEN HOUSE END TIME,URL (SEE http://www.redfin.com/buy-a-home/comparative-market-analysis FOR INFO ON PRICING),SOURCE,MLS#,FAVORITE,INTERESTED,LATITUDE,LONGITUDE
PAST SALE,September-18-2017,Single Family Residential,2834 Pyrenean Pl,Westfield,IN,46074,525000,4,4.5,Washington,4142,14374,2015,167,127,50,Sold,,,http://www.redfin.com/IN/Westfield/2834-Pyrenean-Pl-46074/home/71327230,MIBOR,21504094,N,Y,40.0363967,-86.11212
PAST SALE,October-30-2017,Single Family Residential,16711 Hawk Creek Cir,Westfield,IN,46074,456900,5,4,Washington,4576,36154,2014,125,100,75,Sold,,,http://www.redfin.com/IN/Westfield/16711-Hawk-Creek-Cir-46074/home/60138501,MIBOR,21514101,N,Y,40.0306565,-86.1055538
PAST SALE,November-7-2017,Single Family Residential,16279 Dursley Ct,Westfield,IN,46074,330000,3,3,Washington,4190,8276,2006,117,79,35,Sold,,,http://www.redfin.com/IN/Westfield/16279-Dursley-Ct-46074/home/67096003,MIBOR,21506810,N,Y,40.0235793,-86.1731194
PAST SALE,November-13-2017,Single Family Residential,16410 Oak Manor Dr,Westfield,IN,46074,540000,5,4.5,Washington,6083,17859,2004,111,89,50,Sold,,,http://www.redfin.com/IN/Westfield/16410-Oak-Manor-Dr-46074/home/66998199,MIBOR,21507461,N,Y,40.0262823,-86.1169836
PAST SALE,November-13-2017,Single Family Residential,16716 Burket Dr,Westfield,IN,46074,249000,4,2.5,Washington,2711,11325,2002,111,92,42,Sold,,,http://www.redfin.com/IN/Westfield/16716-Burket-Dr-46074/home/66955186,MIBOR,21510098,N,Y,40.0302102,-86.1532979
PAST SALE,November-10-2017,Single Family Residential,16450 Clarks Hill Way,Westfield,IN,46074,215000,4,2.5,Washington,1872,11325,2005,114,115,42,Sold,,,http://www.redfin.com/IN/Westfield/16450-Clarks-Hill-Way-46074/home/59993126,MIBOR,21514750,N,Y,40.0257206,-86.1537972
PAST SALE,November-17-2017,Single Family Residential,17324 Pine Wood Ln,Westfield,IN,46074,195000,4,2.5,Washington,2180,6534,2002,107,89,15,Sold,,,http://www.redfin.com/IN/Westfield/17324-Pine-Wood-Ln-46074/home/60168551,MIBOR,21517798,N,Y,40.0379351,-86.1573872
PAST SALE,November-15-2017,Single Family Residential,16149 Morning Dr,Westfield,IN,46074,451955,3,3.5,Washington,4719,8276,2017,109,96,67,Sold,,,http://www.redfin.com/IN/Westfield/16149-Morning-Dr-46074/home/123430411,MIBOR,21492988,N,Y,40.022372,-86.124874
PAST SALE,November-27-2017,Single Family Residential,16349 Oldenburg Cir,Westfield,IN,46074,264000,4,2.5,Washington,3029,10890,2005,97,87,42,Sold,,,http://www.redfin.com/IN/Westfield/16349-Oldenburg-Cir-46074/home/67040846,MIBOR,21500519,N,Y,40.0269029,-86.1574532
PAST SALE,December-14-2017,Single Family Residential,16550 Connolly Dr,Westfield,IN,46074,311700,3,2.5,Washington,2583,11761,2017,80,121,35,Sold,,,http://www.redfin.com/IN/Westfield/16550-Connolly-Dr-46074/home/144050676,MIBOR,21518857,N,Y,40.026332,-86.165729
PAST SALE,December-26-2017,Single Family Residential,552 Gosford Ct,Westfield,IN,46074,365000,4,2.5,Washington,4859,11761,2014,68,75,49,Sold,,,http://www.redfin.com/IN/Westfield/552-Gosford-Ct-46074/home/109537404,MIBOR,21514208,N,Y,40.0306356,-86.1673069
PAST SALE,December-29-2017,Single Family Residential,715 Hadleigh Pass,Westfield,IN,46074,230000,3,2,Washington,1680,9583,2006,65,137,38,Sold,,,http://www.redfin.com/IN/Westfield/715-Hadleigh-Pass-46074/home/60021189,MIBOR,21525544,N,Y,40.0223695,-86.1708936
PAST SALE,September-22-2017,Single Family Residential,1114 Windsor Estates Ct,Westfield,IN,46074,450000,4,3.5,Washington,4771,14810,2017,163,94,325,Sold,,,http://www.redfin.com/IN/Westfield/1114-Windsor-Estates-Ct-46074/home/144721630,MIBOR,21492207,N,Y,40.0743663,-86.1393028
PAST SALE,January-23-2018,Single Family Residential,17366 Haxby Ln,Westfield,IN,46074,260000,2,2,Washington,2195,5662,2017,40,118,195,Sold,,,http://www.redfin.com/IN/Westfield/17366-Haxby-Ln-46074/home/133921203,MIBOR,21496591,N,Y,40.037566,-86.171715
PAST SALE,January-29-2018,Single Family Residential,1019 Adlo Ln,Westfield,IN,46074,319805,4,2.5,Washington,3307,16552,2017,34,97,35,Sold,,,http://www.redfin.com/IN/Westfield/1019-Adlo-Ln-46074/home/143926236,MIBOR,21520857,N,Y,40.026332,-86.165729
PAST SALE,February-5-2018,Single Family Residential,858 Oaklawn Dr,Westfield,IN,46074,296714,4,2.5,Washington,2698,8276,2018,27,110,54,Sold,,,http://www.redfin.com/IN/Westfield/858-Oaklawn-Dr-46074/home/143850834,MIBOR,21515024,N,Y,40.029783,-86.166238
PAST SALE,February-6-2018,Single Family Residential,686 Farnham Dr,Westfield,IN,46074,198593,3,2.5,Washington,1797,5662,2018,26,111,,Sold,,,http://www.redfin.com/IN/Westfield/686-Farnham-Dr-46074/home/144830084,MIBOR,21539621,N,Y,40.0360344,-86.1686136
PAST SALE,February-7-2018,Single Family Residential,18155 Pennsy Way,Westfield,IN,46074,231027,4,2.5,Washington,2433,7840,2018,25,95,32,Sold,,,http://www.redfin.com/IN/Westfield/18155-Pennsy-Way-46074/home/144833218,MIBOR,21540515,N,Y,40.0512207,-86.1731312
PAST SALE,December-21-2017,Single Family Residential,15709 Sundew Cir,Westfield,IN,46074,272500,5,2.5,Washington,3661,14374,1997,73,74,24,Sold,,,http://www.redfin.com/IN/Westfield/15709-Sundew-Cir-46074/home/66924824,MIBOR,21519994,N,Y,40.015462,-86.1570728
PAST SALE,February-15-2018,Single Family Residential,688 Featherstone Dr,Westfield,IN,46074,290000,4,2.5,Washington,3172,11761,2012,17,91,38,Sold,,,http://www.redfin.com/IN/Westfield/688-Featherstone-Dr-46074/home/107060682,MIBOR,21502618,N,Y,40.0259727,-86.171393
PAST SALE,January-5-2018,Single Family Residential,135 E Hoover St,Westfield,IN,46074,127500,3,1.5,Washington,1590,10454,1977,58,80,,Sold,,,http://www.redfin.com/IN/Westfield/135-E-Hoover-St-46074/home/82351051,MIBOR,21520773,N,Y,40.0498965,-86.126761
PAST SALE,January-25-2018,Single Family Residential,629 Southridge Ct,Westfield,IN,46074,109250,3,2,Washington,1798,6534,1990,38,61,,Sold,,,http://www.redfin.com/IN/Westfield/629-Southridge-Ct-46074/home/82354728,MIBOR,21494166,N,Y,40.0357833,-86.1300293
PAST SALE,January-17-2018,Single Family Residential,15860 Viking Meadows Dr,Westfield,IN,46074,392500,4,3.5,Washington,3898,12196,2014,46,101,78,Sold,,,http://www.redfin.com/IN/Westfield/15860-Viking-Meadows-Dr-46074/home/109537508,MIBOR,21526668,N,Y,40.0181727,-86.1428601
PAST SALE,February-21-2018,Single Family Residential,246 E Clear Lake Ln,Westfield,IN,46074,270000,4,3.5,Washington,3123,10454,2001,11,86,42,Sold,,,http://www.redfin.com/IN/Westfield/246-E-Clear-Lake-Ln-46074/home/59994990,MIBOR,21526115,N,Y,40.0337807,-86.1531771
PAST SALE,September-5-2017,Single Family Residential,424 Grabill Dr,Westfield,IN,46074,185000,3,2.5,Washington,1745,5227,2002,180,106,42,Sold,,,http://www.redfin.com/IN/Westfield/424-Grabill-Dr-46074/home/60002809,MIBOR,21492095,N,Y,40.0347551,-86.1511894
PAST SALE,February-27-2018,Single Family Residential,1727 Emerald Pines Ln,Westfield,IN,46074,265000,4,2.5,Washington,2964,9147,1999,5,89,11,Sold,,,http://www.redfin.com/IN/Westfield/1727-Emerald-Pines-Ln-46074/home/60079413,MIBOR,21541691,N,Y,40.0346134,-86.1263771
PAST SALE,September-15-2017,Single Family Residential,1528 Cherrywood Ct,Westfield,IN,46074,155000,3,2,Washington,1304,7840,1994,170,119,,Sold,,,http://www.redfin.com/IN/Westfield/1528-Cherry-Wood-Ct-46074/home/82354439,MIBOR,21505239,N,Y,40.0343954,-86.1303186
PAST SALE,September-11-2017,Single Family Residential,16475 Clarks Hill Way,Westfield,IN,46074,212000,3,2.5,Washington,2184,9147,2005,174,97,35,Sold,,,http://www.redfin.com/IN/Westfield/16475-Clarks-Hill-Way-46074/home/82355473,MIBOR,21503707,N,Y,40.0259742,-86.1530579
PAST SALE,February-23-2018,Single Family Residential,14704 Warner Trl,Westfield,IN,46074,349000,3,3.5,Washington,4396,14810,2000,9,79,53,Sold,,,http://www.redfin.com/IN/Westfield/14704-Warner-Trl-46074/home/82355980,MIBOR,21529602,N,Y,40.0013608,-86.1718777
PAST SALE,February-23-2018,Single Family Residential,14663 Linn Ct,Westfield,IN,46074,389900,4,3.5,Washington,4127,18730,1995,9,94,53,Sold,,,http://www.redfin.com/IN/Westfield/14663-Linn-Ct-46074/home/60161007,MIBOR,21529648,N,Y,40.0004492,-86.1666915
PAST SALE,November-20-2017,Single Family Residential,3537 Moorland Ln,Carmel,IN,46074,758135,6,6.5,Clay,6140,18730,2017,104,123,,Sold,,,http://www.redfin.com/IN/Carmel/3537-Moorland-Ln-46032/home/144348041,MIBOR,21524331,N,Y,39.9749841,-86.2231504
PAST SALE,November-27-2017,Single Family Residential,3453 Yancey Pl,Carmel,IN,46074,770000,6,5.5,Clay,6310,14374,2017,97,122,58,Sold,,,http://www.redfin.com/IN/Carmel/3453-Yancey-Pl-46074/home/113740572,MIBOR,21490321,N,Y,39.976775,-86.224826
PAST SALE,December-4-2017,Single Family Residential,13767 Marylou Dr,Carmel,IN,46074,507000,5,5,Clay,5568,14810,2011,90,91,66,Sold,,,http://www.redfin.com/IN/Westfield/13767-Marylou-Dr-46074/home/60034070,MIBOR,21509987,N,Y,39.986914,-86.229874
PAST SALE,November-10-2017,Single Family Residential,13188 Carmichael Ln,Carmel,IN,46074,760000,5,4.5,Clay,5917,16552,2006,114,128,79,Sold,,,http://www.redfin.com/IN/Westfield/13188-Carmichael-Ln-46074/home/60157039,MIBOR,21516908,N,Y,39.978345,-86.240145
PAST SALE,December-4-2017,Single Family Residential,3513 Cardinal Way,Carmel,IN,46074,297000,3,2.5,Clay,3544,5227,2005,90,84,67,Sold,,,http://www.redfin.com/IN/Westfield/3513-Cardinal-Way-46074/home/59987665,MIBOR,21522144,N,Y,39.982267,-86.219689
PAST SALE,December-11-2017,Single Family Residential,2564 Hadley Grove South Dr,Carmel,IN,46074,371718,3,2,Clay,2486,10890,2017,83,150,52,Sold,,,http://www.redfin.com/IN/Carmel/2564-S-Hadley-Grove-Dr-46074/home/142995081,MIBOR,21513030,N,Y,39.977919,-86.203915
PAST SALE,November-7-2017,Single Family Residential,3971 Long Ridge Blvd,Carmel,IN,46074,510000,4,4.5,Clay,5556,18295,2007,117,92,74,Sold,,,http://www.redfin.com/IN/Westfield/3971-Long-Ridge-Blvd-46074/home/82356414,MIBOR,21514222,N,Y,39.9856902,-86.2282218
PAST SALE,December-15-2017,Single Family Residential,3834 Earhart Dr,Carmel,IN,46074,415000,4,3.5,Clay,5279,16988,2004,79,79,66,Sold,,,http://www.redfin.com/IN/Westfield/3834-Earhart-Dr-46074/home/82359354,MIBOR,21519032,N,Y,39.9816471,-86.2260642
PAST SALE,November-20-2017,Single Family Residential,4417 Panthera Leo Dr,Carmel,IN,46074,768750,5,4.5,Clay,7433,77101,2015,104,103,250,Sold,,,http://www.redfin.com/IN/Westfield/4417-Panthera-Leo-Dr-46074/home/60176416,MIBOR,21491739,N,Y,39.9859849,-86.2380397
PAST SALE,January-4-2018,Single Family Residential,13656 Sunnyvale Ln,Carmel,IN,46074,318000,4,2.5,Clay,3436,6534,2007,59,93,33,Sold,,,http://www.redfin.com/IN/Westfield/13656-Sunnyvale-Ln-46074/home/82356487,MIBOR,21526144,N,Y,39.9853083,-86.217815
PAST SALE,September-15-2017,Single Family Residential,13724 Stanford Dr,Carmel,IN,46074,303000,4,2.5,Clay,4080,6534,2005,170,74,33,Sold,,,http://www.redfin.com/IN/Westfield/13724-Stanford-Dr-46074/home/60007852,MIBOR,21502736,N,Y,39.9860718,-86.220356
PAST SALE,February-12-2018,Single Family Residential,2530 Heathermoor Park Dr N,Carmel,IN,46074,518000,6,5,Clay,5731,14374,2006,20,90,92,Sold,,,http://www.redfin.com/IN/Westfield/2530-Heathermoor-Park-Dr-N-46074/home/60088531,MIBOR,21513065,N,Y,39.9880653,-86.2053467
PAST SALE,October-2-2017,Single Family Residential,3526 Heathcliff Ct,Westfield,IN,46074,214900,3,2,Washington,3288,6098,2008,153,65,165,Sold,,,http://www.redfin.com/IN/Westfield/3526-Heathcliff-Ct-46074/home/82360877,MIBOR,21509360,N,Y,40.0377986,-86.1060088
PAST SALE,September-15-2017,Single Family Residential,337 East St,Westfield,IN,46074,193000,3,2,Washington,1498,16117,1987,170,129,,Sold,,,http://www.redfin.com/IN/Westfield/337-North-East-St-46074/home/60063195,MIBOR,21503607,N,Y,40.0461026,-86.1237273
PAST SALE,September-15-2017,Single Family Residential,15760 Viking Meadows Dr,Westfield,IN,46074,450000,5,4,Washington,4676,14374,2011,170,96,78,Sold,,,http://www.redfin.com/IN/Westfield/15760-Viking-Meadows-Dr-46074/home/60108350,MIBOR,21482520,N,Y,40.0166783,-86.1418462
PAST SALE,September-15-2017,Single Family Residential,957 Commander Ct,Westfield,IN,46074,398000,4,3.5,Washington,3989,16117,2015,170,100,78,Sold,,,http://www.redfin.com/IN/Westfield/957-Commander-Ct-46074/home/63536153,MIBOR,21500300,N,Y,40.0167399,-86.1424823
PAST SALE,September-7-2017,Single Family Residential,13229 Carver Ct,Carmel,IN,46074,413000,4,4.5,Clay,5367,16552,2005,178,77,50,Sold,,,http://www.redfin.com/IN/Westfield/13229-Carver-Ct-46074/home/67026903,MIBOR,21485337,N,Y,39.979048,-86.222916
PAST SALE,October-12-2017,Single Family Residential,13267 Carmichael Ln,Carmel,IN,46074,544500,5,4.5,Clay,5411,16117,2014,143,101,79,Sold,,,http://www.redfin.com/IN/Westfield/13267-Carmichael-Ln-46074/home/59986805,MIBOR,21489234,N,Y,39.980087,-86.240273
PAST SALE,December-20-2017,Single Family Residential,16159 Morning Dr,Westfield,IN,46074,484801,4,3.5,Washington,4896,9147,2017,74,99,,Sold,,,http://www.redfin.com/IN/Westfield/16159-Morning-Dr-46074/home/144574653,MIBOR,21529716,N,Y,40.0236281,-86.123738
PAST SALE,November-14-2017,Single Family Residential,1365 Burgess Hill Pass,Westfield,IN,46074,464402,4,3.5,Jackson,3734,13068,2017,110,124,,Sold,,,http://www.redfin.com/IN/Westfield/1365-Burgess-Hill-Pass-46074/home/144325043,MIBOR,21525252,N,Y,40.0273239,-86.1817569
PAST SALE,November-15-2017,Single Family Residential,932 Parker Ln,Westfield,IN,46074,309358,4,2.5,Washington,3063,8712,2017,109,101,37,Sold,,,http://www.redfin.com/IN/Westfield/932-Parker-Ln-46074/home/113965439,MIBOR,21487231,N,Y,40.05642,-86.17493
PAST SALE,November-20-2017,Single Family Residential,21 Spring Lake Dr,Westfield,IN,46074,194000,3,2.5,Washington,2069,10890,2004,104,94,44,Sold,,,http://www.redfin.com/IN/Westfield/21-Spring-Lake-Dr-46074/home/60023262,MIBOR,21518862,N,Y,40.0344625,-86.1565396
PAST SALE,November-22-2017,Single Family Residential,16259 Dursley Ct,Westfield,IN,46074,322000,2,2.5,Washington,3860,9583,2006,102,83,35,Sold,,,http://www.redfin.com/IN/Westfield/16259-Dursley-Ct-46074/home/82354767,MIBOR,21502977,N,Y,40.0232867,-86.1727796
PAST SALE,November-22-2017,Single Family Residential,15984 Viking Warrior Dr,Westfield,IN,46074,309183,3,3,Washington,2309,9147,2017,102,134,,Sold,,,http://www.redfin.com/IN/Westfield/15984-Viking-Warrior-Dr-46074/home/144355323,MIBOR,21523775,N,Y,40.0200757,-86.1500806
PAST SALE,November-29-2017,Single Family Residential,135 Genesis Dr,Westfield,IN,46074,482000,4,3.5,Washington,5271,15245,2017,95,91,56,Sold,,,http://www.redfin.com/IN/Westfield/135-Genesis-Dr-46074/home/114014846,MIBOR,21487724,N,Y,40.029619,-86.164972
PAST SALE,November-28-2017,Single Family Residential,14240 Kodiak Dr,Carmel,IN,46074,554853,4,3.5,Clay,6400,17424,2017,96,87,,Sold,,,http://www.redfin.com/IN/Carmel/14240-Kodiak-Dr-46074/home/144394399,MIBOR,21526581,N,Y,40.0215499,-86.1955169
PAST SALE,November-30-2017,Single Family Residential,765 Canberra Blvd,Westfield,IN,46074,375000,4,3.5,Washington,3967,7840,2015,94,95,54,Sold,,,http://www.redfin.com/IN/Westfield/765-Canberra-Blvd-46074/home/62769612,MIBOR,21518736,N,Y,40.03049,-86.171624
PAST SALE,December-1-2017,Single Family Residential,1528 Rossmay Dr,Westfield,IN,46074,370000,3,2,Washington,1960,6098,2017,93,189,100,Sold,,,http://www.redfin.com/IN/Westfield/1528-Rossmay-Dr-46074/home/143015111,MIBOR,21507749,N,Y,40.000122,-86.183506
PAST SALE,December-1-2017,Single Family Residential,16615 Lakeville,Westfield,IN,46074,292900,4,3.5,Washington,3026,11325,2002,93,97,44,Sold,,,http://www.redfin.com/IN/Westfield/16615-Lakeville-Xing-46074/home/60130356,MIBOR,21514727,N,Y,40.0277406,-86.1616438
PAST SALE,November-30-2017,Single Family Residential,1075 Watertown Dr,Westfield,IN,46074,386500,4,2.5,Washington,4991,12196,2004,94,77,68,Sold,,,http://www.redfin.com/IN/Westfield/1075-Watertown-Dr-46074/home/82356405,MIBOR,21514284,N,Y,40.0116349,-86.177918
PAST SALE,December-7-2017,Single Family Residential,623 Hythe Way,Westfield,IN,46074,370000,5,3.5,Washington,4187,11325,2010,87,88,35,Sold,,,http://www.redfin.com/IN/Westfield/623-Hythe-Way-46074/home/60091721,MIBOR,21512753,N,Y,40.0250795,-86.1698767
PAST SALE,December-8-2017,Single Family Residential,676 Featherstone Dr,Westfield,IN,46074,395000,5,3.5,Washington,5325,13503,2011,86,74,35,Sold,,,http://www.redfin.com/IN/Westfield/676-Featherstone-Dr-46074/home/101682711,MIBOR,21517905,N,Y,40.0255758,-86.1716696
PAST SALE,December-11-2017,Single Family Residential,410 Gateshead Ct,Westfield,IN,46074,345601,5,3.5,Washington,5008,12196,2013,83,69,,Sold,,,http://www.redfin.com/IN/Westfield/410-Gateshead-Ct-46074/home/60128137,MIBOR,21517793,N,Y,40.0149649,-86.151157
PAST SALE,December-11-2017,Single Family Residential,15138 New Haven Dr,Westfield,IN,46074,365000,4,2.5,Washington,4685,13503,2002,83,78,70,Sold,,,http://www.redfin.com/IN/Westfield/15138-New-Haven-Dr-46074/home/82356304,MIBOR,21514328,N,Y,40.0072933,-86.1739833
PAST SALE,December-1-2017,Single Family Residential,820 Holly Lane Farms Dr,Westfield,IN,46074,323800,4,2.5,Washington,4928,9147,2014,93,66,78,Sold,,,http://www.redfin.com/IN/Westfield/820-Holly-Lane-Farms-Dr-46074/home/60143357,MIBOR,21491153,N,Y,40.0190829,-86.143942
PAST SALE,December-5-2017,Single Family Residential,1351 Trifecta Way,Westfield,IN,46074,663495,4,4.5,Washington,6116,13155,2017,89,108,43,Sold,,,http://www.redfin.com/IN/Westfield/1351-Trifecta-Way-46074/home/144387727,MIBOR,21526524,N,Y,40.0255544,-86.1822698
PAST SALE,December-14-2017,Single Family Residential,16935 Southall Dr,Westfield,IN,46074,214900,4,2.5,Washington,2510,6969,2007,80,86,25,Sold,,,http://www.redfin.com/IN/Westfield/16935-Southall-Dr-46074/home/66805222,MIBOR,21518899,N,Y,40.0329095,-86.1776567
PAST SALE,December-14-2017,Single Family Residential,17158 Tilbury Way,Westfield,IN,46074,215000,4,3,Washington,2510,6969,2007,80,86,25,Sold,,,http://www.redfin.com/IN/Westfield/17158-Tilbury-Way-46074/home/59991002,MIBOR,21523218,N,Y,40.035923,-86.1785816
PAST SALE,December-15-2017,Single Family Residential,15005 Hunter Ct,Westfield,IN,46074,350000,4,2.5,Washington,4400,20908,2000,79,80,53,Sold,,,http://www.redfin.com/IN/Westfield/15005-Hunter-Ct-46074/home/67098470,MIBOR,21507324,N,Y,40.0055053,-86.1653827
PAST SALE,December-15-2017,Single Family Residential,559 Canberra Blvd,Westfield,IN,46074,320000,3,2.5,Washington,3512,8276,2014,79,91,63,Sold,,,http://www.redfin.com/IN/Westfield/559-Canberra-Blvd-46074/home/60138495,MIBOR,21520105,N,Y,40.0291202,-86.1675668
PAST SALE,December-20-2017,Single Family Residential,18147 Pennsy Way,Westfield,IN,46074,229646,3,2,Washington,2200,7840,2017,74,104,,Sold,,,http://www.redfin.com/IN/Westfield/18147-Pennsy-Way-46074/home/144521313,MIBOR,21529153,N,Y,40.0512207,-86.1731312
PAST SALE,December-21-2017,Single Family Residential,4480 N Evergreen Trl,Carmel,IN,46074,413167,5,3.5,Clay,5012,11325,2017,73,82,58,Sold,,,http://www.redfin.com/IN/CARMEL/4480-EVERGREEN-TRL-46074/home/125139099,MIBOR,21529394,N,Y,40.0215499,-86.1955169
PAST SALE,December-21-2017,Single Family Residential,4452 N Evergreen Trl,Carmel,IN,46074,480582,5,2.5,Clay,5474,15681,2017,73,88,58,Sold,,,http://www.redfin.com/IN/CARMEL/4452-EVERGREEN-TRL-46074/home/118505193,MIBOR,21529399,N,Y,40.0215499,-86.1955169
PAST SALE,December-1-2017,Single Family Residential,536 Vernon Pl,Westfield,IN,46074,162500,3,2.5,Washington,1597,5662,2002,93,102,38,Sold,,,http://www.redfin.com/IN/Westfield/536-Vernon-Pl-46074/home/60018180,MIBOR,21517912,N,Y,40.0355291,-86.1493143
PAST SALE,December-27-2017,Single Family Residential,1030 Bridgeport Dr,Westfield,IN,46074,372500,5,2.5,Washington,4106,10890,2003,67,91,70,Sold,,,http://www.redfin.com/IN/Westfield/1030-Bridgeport-Dr-46074/home/66980733,MIBOR,21515177,N,Y,40.0071577,-86.1765404
PAST SALE,December-27-2017,Single Family Residential,18420 Idlewind Ct,Westfield,IN,46074,885278,5,4.5,Washington,6806,14810,2017,67,130,50,Sold,,,http://www.redfin.com/IN/Westfield/18420-Idlewind-Ct-46074/home/143580149,MIBOR,21510628,N,Y,40.0215499,-86.1955169
PAST SALE,December-28-2017,Single Family Residential,1667 Rossmay Dr,Westfield,IN,46074,374900,3,2.5,Washington,2077,,2017,66,181,100,Sold,,,http://www.redfin.com/IN/Westfield/1667-Rossmay-Dr-46074/home/143673200,MIBOR,21517685,N,Y,40.000122,-86.183506
PAST SALE,December-29-2017,Single Family Residential,89 Zenith Dr,Westfield,IN,46074,438450,4,3.5,Washington,4824,15245,2017,65,91,56,Sold,,,http://www.redfin.com/IN/Westfield/89-Zenith-Dr-46074/home/144583120,MIBOR,21529704,N,Y,40.0290304,-86.1624605
PAST SALE,December-28-2017,Single Family Residential,15721 Maybell Ln,Westfield,IN,46074,319000,3,2.5,Washington,2310,10018,2017,66,138,44,Sold,,,http://www.redfin.com/IN/Westfield/15721-Maybell-Ln-46074/home/128803996,MIBOR,21495061,N,Y,40.015389,-86.17281
PAST SALE,December-28-2017,Single Family Residential,15654 Gateshead Dr,Westfield,IN,46074,349900,4,2.5,Washington,3558,12196,2015,66,98,38,Sold,,,http://www.redfin.com/IN/Westfield/15654-Gateshead-Dr-46074/home/109527851,MIBOR,21522944,N,Y,40.014992,-86.152039
PAST SALE,December-30-2017,Single Family Residential,353 Zenith Dr,Westfield,IN,46074,408240,4,3.5,Washington,4395,,2017,64,93,58,Sold,,,http://www.redfin.com/IN/Westfield/353-Zenith-Dr-46074/home/144600287,MIBOR,21530018,N,Y,40.0290304,-86.1624605
PAST SALE,December-20-2017,Single Family Residential,18131 Pate Hollow Ct,Westfield,IN,46074,247382,3,2,Washington,2400,9583,2017,74,103,21,Sold,,,http://www.redfin.com/IN/Westfield/18131-Pate-Hollow-Ct-46074/home/144621906,MIBOR,21527219,N,Y,40.0503987,-86.1742443
PAST SALE,December-29-2017,Single Family Residential,15334 Holcombe Dr,Westfield,IN,46074,418760,3,2.5,Washington,4900,,2017,65,85,,Sold,,,http://www.redfin.com/IN/Westfield/15334-Holcombe-Dr-46074/home/143098647,MIBOR,21505793,N,Y,40.0088499,-86.18460869
PAST SALE,December-14-2017,Single Family Residential,18473 Clayborne Dr,Westfield,IN,46074,262424,3,2,Washington,1903,11325,2017,80,138,33,Sold,,,http://www.redfin.com/IN/Westfield/18473-Clayborne-Dr-46074/home/113498383,MIBOR,21472424,N,Y,40.05642,-86.17493
PAST SALE,October-31-2017,Single Family Residential,14430 Overbrook Dr,Carmel,IN,46074,755750,5,6.5,Clay,7040,10890,2017,124,107,,Sold,,,http://www.redfin.com/IN/Carmel/14430-Overbrook-Dr-46074/home/144674647,MIBOR,21529910,N,Y,40.0215499,-86.1955169
PAST SALE,November-9-2017,Single Family Residential,18202 Sunbrook Way,Westfield,IN,46074,306515,4,2.5,Washington,3374,8929,2017,115,91,46,Sold,,,http://www.redfin.com/IN/Westfield/18202-Sunbrook-Way-46074/home/144371233,MIBOR,21524279,N,Y,40.0215499,-86.1955169
PAST SALE,January-12-2018,Single Family Residential,18162 Pennsy Way,Westfield,IN,46074,212960,6,2,Washington,1611,7405,2018,51,132,,Sold,,,http://www.redfin.com/IN/Westfield/18162-Pennsy-Way-46074/home/144727662,MIBOR,21540575,N,Y,40.0512207,-86.1731312
PAST SALE,January-26-2018,Single Family Residential,15985 Conductors Dr,Westfield,IN,46074,373041,4,2.5,Washington,3368,11325,2017,37,111,54,Sold,,,http://www.redfin.com/IN/Westfield/15985-Conductors-Dr-46074/home/143822286,MIBOR,21514758,N,Y,40.020565,-86.176903
PAST SALE,January-31-2018,Single Family Residential,1510 Rossmay Dr,Westfield,IN,46074,436310,3,2.5,Washington,3095,8712,2017,32,141,100,Sold,,,http://www.redfin.com/IN/Westfield/1510-Rossmay-Dr-46074/home/143098648,MIBOR,21516961,N,Y,40.00906968,-86.18688581
PAST SALE,January-31-2018,Single Family Residential,1026 Retford Dr,Westfield,IN,46074,190000,3,2,Washington,1618,6098,2010,32,117,25,Sold,,,http://www.redfin.com/IN/Westfield/1026-Retford-Dr-46074/home/104287408,MIBOR,21528747,N,Y,40.0398898,-86.1773641
PAST SALE,September-21-2017,Single Family Residential,15317 Holcombe Dr,Westfield,IN,46074,392900,3,2.5,Washington,2418,8276,2017,164,162,100,Sold,,,http://www.redfin.com/IN/Westfield/15317-Holcombe-Dr-46074/home/113437760,MIBOR,21471915,N,Y,40.0095627,-86.1845309
PAST SALE,November-1-2017,Single Family Residential,1057 Palomar Dr,Westfield,IN,46074,408000,5,3.5,Washington,4424,11761,2010,123,92,70,Sold,,,http://www.redfin.com/IN/Westfield/1057-Palomar-Dr-46074/home/60088778,MIBOR,21502854,N,Y,40.0018668,-86.1775576
PAST SALE,February-5-2018,Single Family Residential,16244 Milhousen Trl,Westfield,IN,46074,231000,4,2.5,Washington,3480,10018,2011,27,66,42,Sold,,,http://www.redfin.com/IN/Westfield/16244-Milhousen-Trl-46074/home/107095837,MIBOR,21519521,N,Y,40.0239237,-86.1577743
PAST SALE,December-21-2017,Single Family Residential,15710 Wildrye Dr N,Westfield,IN,46074,284900,4,2.5,Washington,3500,12196,1999,73,81,24,Sold,,,http://www.redfin.com/IN/Westfield/15710-Wildrye-Dr-46074/home/60088059,MIBOR,21523182,N,Y,40.015449,-86.1563342
PAST SALE,February-9-2018,Single Family Residential,852 Cedar Grove Lndg,Westfield,IN,46074,356812,3,2.5,Washington,4620,10454,2018,23,77,,Sold,,,http://www.redfin.com/IN/Westfield/852-Cedar-Grove-Lndg-46074/home/144836395,MIBOR,21544762,N,Y,40.0169062,-86.1735288
PAST SALE,February-9-2018,Single Family Residential,1526 Farmhouse Dr,Westfield,IN,46074,444900,6,4,Washington,4271,9147,2017,23,104,100,Sold,,,http://www.redfin.com/IN/Westfield/1526-Farmhouse-Dr-46074/home/113517621,MIBOR,21481715,N,Y,40.000122,-86.183506
PAST SALE,February-15-2018,Single Family Residential,18464 Idlewind Ct,Westfield,IN,46074,839000,5,4.5,Washington,6853,16988,2017,17,122,33,Sold,,,http://www.redfin.com/IN/Westfield/18464-Idlewind-Ct-46074/home/113703346,MIBOR,21477293,N,Y,40.0215499,-86.1955169
PAST SALE,February-9-2018,Single Family Residential,14966 Dawnhaven Dr,Westfield,IN,46074,514990,5,5.5,Washington,5008,10890,2017,23,103,100,Sold,,,http://www.redfin.com/IN/Westfield/14966-Dawnhaven-Dr-46074/home/113799620,MIBOR,21492386,N,Y,40.000122,-86.183506
PAST SALE,February-16-2018,Single Family Residential,18551 Idlewind Ct,Westfield,IN,46074,860000,4,5.5,Washington,5695,23522,2017,16,151,50,Sold,,,http://www.redfin.com/IN/Westfield/18551-Idlewind-Ct-46074/home/143844397,MIBOR,21513559,N,Y,40.0215499,-86.1955169
PAST SALE,January-31-2018,Single Family Residential,15719 Stargrass Ln,Westfield,IN,46074,287000,4,2.5,Washington,3484,12197,1996,32,82,24,Sold,,,http://www.redfin.com/IN/Westfield/15719-Stargrass-Ln-46074/home/66878978,MIBOR,21526680,N,Y,40.0158049,-86.1583647
PAST SALE,January-4-2018,Single Family Residential,325 Brooksburg Dr,Westfield,IN,46074,242000,3,2.5,Washington,2848,8276,2001,59,85,38,Sold,,,http://www.redfin.com/IN/Westfield/325-Brooksburg-Dr-46074/home/66952009,MIBOR,21523610,N,Y,40.0295289,-86.1528591
PAST SALE,October-24-2017,Single Family Residential,610 Vernon Pl,Westfield,IN,46074,190000,4,2.5,Washington,1912,7405,2003,131,99,42,Sold,,,http://www.redfin.com/IN/Westfield/610-Vernon-Pl-46074/home/82354602,MIBOR,21511887,N,Y,40.035547,-86.1485258
PAST SALE,February-16-2018,Single Family Residential,93 Old Ashbury Rd,Westfield,IN,46074,950000,4,3.5,Washington,5320,13939,2017,16,179,67,Sold,,,http://www.redfin.com/IN/Westfield/93-Old-Ashbury-Rd-46074/home/144356443,MIBOR,21526039,N,Y,40.0215499,-86.1955169
PAST SALE,February-16-2018,Single Family Residential,15705 Maybell Ln,Westfield,IN,46074,314500,4,2.5,Washington,2423,9583,2017,16,130,44,Sold,,,http://www.redfin.com/IN/Westfield/15705-Maybell-Ln-46074/home/114060764,MIBOR,21492498,N,Y,40.015389,-86.17281
PAST SALE,February-6-2018,Single Family Residential,244 Coatsville Dr,Westfield,IN,46074,170100,2,2.5,Washington,1928,1306,2007,26,88,70,Sold,,,http://www.redfin.com/IN/Westfield/244-Coatsville-Dr-46074/home/82355357,MIBOR,21530200,N,Y,40.0237713,-86.1626773
PAST SALE,February-2-2018,Single Family Residential,1067 Wendover Ave,Westfield,IN,46074,199000,3,2.5,Washington,1956,6098,2008,30,102,,Sold,,,http://www.redfin.com/IN/Westfield/1067-Wendover-Ave-46074/home/82383319,MIBOR,21525979,N,Y,40.0370979,-86.1779176
PAST SALE,February-16-2018,Single Family Residential,1060 Burntwood Way,Westfield,IN,46074,217500,4,2.5,Washington,2390,6098,2009,16,91,32,Sold,,,http://www.redfin.com/IN/Westfield/1060-Burntwood-Way-46074/home/82383322,MIBOR,21526951,N,Y,40.0358825,-86.1779507
PAST SALE,February-21-2018,Single Family Residential,17164 Tilbury Way,Westfield,IN,46074,249900,4,2.5,Washington,3412,6534,2007,11,73,32,Sold,,,http://www.redfin.com/IN/Westfield/17164-Tilbury-Way-46074/home/82383341,MIBOR,21542116,N,Y,40.0360606,-86.1786138
PAST SALE,February-22-2018,Single Family Residential,16455 Connolly Dr,Westfield,IN,46074,302080,4,2.5,Washington,2750,11325,2018,10,110,35,Sold,,,http://www.redfin.com/IN/Westfield/16455-Connolly-Dr-46074/home/144908526,MIBOR,21546558,N,Y,40.027648,-86.1782334
PAST SALE,February-22-2018,Single Family Residential,17388 Northam Dr,Westfield,IN,46074,291435,2,2,Washington,2318,10890,2018,10,126,188,Sold,,,http://www.redfin.com/IN/Westfield/17388-Northam-Dr-46074/home/144911648,MIBOR,21547763,N,Y,40.0215499,-86.1955169
PAST SALE,October-10-2017,Single Family Residential,699 Farnham Dr,Westfield,IN,46074,267000,5,3,Washington,3129,,2017,145,85,,Sold,,,http://www.redfin.com/IN/Westfield/699-Farnham-Dr-46074/home/142992344,MIBOR,21520741,N,Y,40.0360344,-86.1686136
PAST SALE,January-19-2018,Single Family Residential,405 E Clear Lake Ln,Westfield,IN,46074,180000,3,2.5,Washington,1745,4356,2000,44,103,59,Sold,,,http://www.redfin.com/IN/Westfield/405-E-Clear-Lake-Ln-46074/home/60041262,MIBOR,21524201,N,Y,40.0334053,-86.1515075
PAST SALE,January-5-2018,Single Family Residential,942 Kimberly Ave,Westfield,IN,46074,186500,4,2.5,Washington,1954,4791,2013,58,95,25,Sold,,,http://www.redfin.com/IN/Westfield/942-Kimberly-Ave-46074/home/107084067,MIBOR,21526568,N,Y,40.0331408,-86.1749971
PAST SALE,January-30-2018,Single Family Residential,1258 Liberty Dr,Westfield,IN,46074,313000,4,2.5,Washington,3196,10890,2004,33,98,70,Sold,,,http://www.redfin.com/IN/Westfield/1258-Liberty-Dr-46074/home/60017867,MIBOR,21522443,N,Y,40.0099497,-86.1804667
PAST SALE,December-22-2017,Single Family Residential,1000 Retford Dr,Westfield,IN,46074,215000,4,2.5,Washington,2132,6098,2013,72,101,25,Sold,,,http://www.redfin.com/IN/Westfield/1000-Retford-Dr-46074/home/107091313,MIBOR,21518372,N,Y,40.0398747,-86.1765865
PAST SALE,December-29-2017,Single Family Residential,808 Oaklawn Dr,Westfield,IN,46074,300030,4,2.5,Washington,2702,8276,2017,65,111,,Sold,,,http://www.redfin.com/IN/Westfield/808-Oaklawn-Dr-46074/home/144712442,MIBOR,21540583,N,Y,40.0311628,-86.1715833
PAST SALE,February-27-2018,Single Family Residential,517 Viburnum Run,Westfield,IN,46074,279000,4,2.5,Washington,3174,13503,2001,5,88,42,Sold,,,http://www.redfin.com/IN/Westfield/517-Viburnum-Run-46074/home/82356084,MIBOR,21522670,N,Y,40.0119116,-86.1489631
PAST SALE,February-26-2018,Single Family Residential,17341 Austrian Pine Way,Westfield,IN,46074,174900,3,2,Washington,1406,6534,2000,6,124,15,Sold,,,http://www.redfin.com/IN/Westfield/17341-Austrian-Pine-Way-46074/home/82354707,MIBOR,21545753,N,Y,40.0383718,-86.1559002
PAST SALE,January-31-2018,Single Family Residential,42 W Evening Rose Way,Westfield,IN,46074,249900,4,2.5,Washington,2176,12632,1996,32,115,24,Sold,,,http://www.redfin.com/IN/Westfield/42-W-Evening-Rose-Way-46074/home/60103157,MIBOR,21527048,N,Y,40.0151991,-86.1600143
PAST SALE,February-20-2018,Single Family Residential,16255 Milhousen Trl,Westfield,IN,46074,258000,3,2,Washington,2318,16117,2010,12,111,42,Sold,,,http://www.redfin.com/IN/Westfield/16255-Milhousen-Trl-46074/home/60104504,MIBOR,21527916,N,Y,40.0237461,-86.1570728
PAST SALE,February-9-2018,Single Family Residential,15152 Smithfield Dr,Westfield,IN,46074,238000,4,2.5,Washington,2142,7405,2001,23,111,75,Sold,,,http://www.redfin.com/IN/Westfield/15152-Smithfield-Dr-46074/home/60117325,MIBOR,21525307,N,Y,40.0082213,-86.1814161
PAST SALE,September-15-2017,Single Family Residential,984 Retford Dr,Westfield,IN,46074,179900,3,2,Washington,1611,6098,2013,170,112,25,Sold,,,http://www.redfin.com/IN/Westfield/984-Retford-Dr-46074/home/60127831,MIBOR,21503838,N,Y,40.0399157,-86.1760104
PAST SALE,February-26-2018,Single Family Residential,978 Kempson Ct,Westfield,IN,46074,215000,4,2.5,Washington,2390,6098,2013,6,90,25,Sold,,,http://www.redfin.com/IN/Westfield/978-Kempson-Ct-46074/home/60128071,MIBOR,21540859,N,Y,40.0382909,-86.1758713
PAST SALE,September-13-2017,Single Family Residential,17399 Austrian Pine Way,Westfield,IN,46074,135000,3,2,Washington,1221,6534,1998,172,111,17,Sold,,,http://www.redfin.com/IN/Westfield/17399-Austrian-Pine-Way-46074/home/67041456,MIBOR,21505133,N,Y,40.039754,-86.1559598
PAST SALE,September-22-2017,Single Family Residential,991 Burgess Hill Pass,Westfield,IN,46074,309425,3,2.5,Washington,3186,11325,2017,163,97,,Sold,,,http://www.redfin.com/IN/Westfield/991-Burgess-Hill-Pass-46074/home/144478584,MIBOR,21528272,N,Y,40.0274278,-86.175967
PAST SALE,November-17-2017,Single Family Residential,786 Wendover Ave,Westfield,IN,46074,194000,3,2,Washington,1956,6534,2011,107,99,32,Sold,,,http://www.redfin.com/IN/Westfield/786-Wendover-Ave-46074/home/107092510,MIBOR,21512816,N,Y,40.037511,-86.1720665
PAST SALE,October-13-2017,Single Family Residential,1002 Morley Ln,Westfield,IN,46074,273068,8,4.5,Washington,3000,11325,2017,142,91,,Sold,,,http://www.redfin.com/IN/Westfield/1002-Morley-Ln-46074/home/144757162,MIBOR,21526993,N,Y,40.0267662,-86.1759871
PAST SALE,September-7-2017,Single Family Residential,16980 Kingsbridge Blvd,Westfield,IN,46074,185500,0,2,Washington,2030,6534,2007,178,91,25,Sold,,,http://www.redfin.com/IN/Westfield/16980-Kingsbridge-Blvd-46074/home/82354718,MIBOR,21496524,N,Y,40.0334641,-86.1763084
PAST SALE,September-18-2017,Single Family Residential,14286 Pemberton Ln,Carmel,IN,46074,695000,4,4.5,Clay,6267,27878,2013,167,111,54,Sold,,,http://www.redfin.com/IN/Westfield/14286-Pemberton-Ln-46074/home/60132030,MIBOR,21499961,N,Y,39.9942529,-86.2280013
PAST SALE,October-17-2017,Single Family Residential,17342 Haxby Ln,Westfield,IN,46074,292480,3,3,Washington,2151,10018,2017,138,136,195,Sold,,,http://www.redfin.com/IN/Westfield/17342-Haxby-Ln-46074/home/133993474,MIBOR,21491942,N,Y,40.0215499,-86.1955169
PAST SALE,October-20-2017,Single Family Residential,302 E Penn St,Westfield,IN,46074,84125,2,1,Washington,1067,7405,1920,135,79,,Sold,,,http://www.redfin.com/IN/Westfield/302-Penn-St-46074/home/66926557,MIBOR,21493065,N,Y,40.0440519,-86.1248561
PAST SALE,October-20-2017,Single Family Residential,603 Farnham Dr,Westfield,IN,46074,211561,4,2.5,Washington,2128,7840,2017,135,99,,Sold,,,http://www.redfin.com/IN/Westfield/603-Farnham-Dr-46074/home/144115856,MIBOR,21520121,N,Y,40.0360344,-86.1686136
PAST SALE,October-26-2017,Single Family Residential,2770 Sawtooth Oak Cir,Westfield,IN,46074,613500,5,4.5,Washington,6061,21780,2006,129,101,50,Sold,,,http://www.redfin.com/IN/Westfield/2770-Sawtooth-Oak-Cir-46074/home/82360951,MIBOR,21511267,N,Y,40.0317437,-86.1131582
PAST SALE,October-26-2017,Single Family Residential,2812 Oak Park Cir,Westfield,IN,46074,625000,5,5,Washington,5975,132858,1995,129,105,133,Sold,,,http://www.redfin.com/IN/Westfield/2812-Oak-Park-Cir-46074/home/82361004,MIBOR,21485079,N,Y,40.0212867,-86.1139204
PAST SALE,October-27-2017,Single Family Residential,218 E Hoover St,Westfield,IN,46074,115000,3,1,Washington,1216,12784,1964,128,95,,Sold,,,http://www.redfin.com/IN/Westfield/218-E-Hoover-St-46074/home/82351008,MIBOR,21513081,N,Y,40.0503298,-86.1253479
PAST SALE,October-25-2017,Single Family Residential,17174 Wetherington Dr,Westfield,IN,46074,357000,4,2.5,Washington,4232,13503,2016,130,84,70,Sold,,,http://www.redfin.com/IN/Westfield/17174-Wetherington-Dr-46074/home/109014761,MIBOR,21447390,N,Y,40.036996,-86.105446
PAST SALE,October-27-2017,Single Family Residential,880 Morley Ct,Westfield,IN,46074,268000,3,2,Washington,2262,11761,2012,128,118,35,Sold,,,http://www.redfin.com/IN/Westfield/880-Morley-Ct-46074/home/107095830,MIBOR,21510561,N,Y,40.027049,-86.174055
PAST SALE,October-27-2017,Single Family Residential,501 Sonhatsett Dr,Westfield,IN,46074,238000,5,3.5,Washington,3070,14810,1995,128,78,5,Sold,,,http://www.redfin.com/IN/Westfield/501-Sonhatsett-Dr-46074/home/82350977,MIBOR,21505347,N,Y,40.0463326,-86.1204091
PAST SALE,October-27-2017,Single Family Residential,525 Athens Pl,Westfield,IN,46074,258500,2,2,Hamilton,3179,7405,2000,128,81,70,Sold,,,http://www.redfin.com/IN/Westfield/525-Athens-Pl-46074/home/66824310,MIBOR,21461589,N,Y,40.0094636,-86.1682986
PAST SALE,October-27-2017,Single Family Residential,530 Hillcrest Dr,Westfield,IN,46074,159900,3,2,Washington,1593,10454,1960,128,100,,Sold,,,http://www.redfin.com/IN/Westfield/530-Hillcrest-Dr-46074/home/60098398,MIBOR,21511194,N,Y,40.0442008,-86.1218318
PAST SALE,October-30-2017,Single Family Residential,18463 Cross Lakes Ct,Westfield,IN,46074,671863,4,4.5,Washington,5121,16117,2017,125,131,50,Sold,,,http://www.redfin.com/IN/Westfield/18463-Cross-Lakes-Ct-46074/home/113974736,MIBOR,21485768,N,Y,40.0215499,-86.1955169
PAST SALE,October-27-2017,Single Family Residential,17348 Northam Dr,Westfield,IN,46074,292260,2,2,Washington,2195,5662,2017,128,133,183,Sold,,,http://www.redfin.com/IN/Westfield/17348-Northam-Dr-46074/home/144226360,MIBOR,21522646,N,Y,40.0215499,-86.1955169
PAST SALE,October-31-2017,Single Family Residential,17338 Haxby Ln,Westfield,IN,46074,240000,2,2,Washington,1631,,2017,124,147,183,Sold,,,http://www.redfin.com/IN/Westfield/17338-Haxby-Ln-46074/home/113732214,MIBOR,21479737,N,Y,40.037566,-86.171715
PAST SALE,November-1-2017,Single Family Residential,1338 Julep Ln,Westfield,IN,46074,501902,4,2.5,Washington,5694,15681,2017,123,88,43,Sold,,,http://www.redfin.com/IN/Westfield/1338-Julep-Ln-46074/home/144231289,MIBOR,21518840,N,Y,40.0265136,-86.182259
PAST SALE,November-1-2017,Single Family Residential,103 Flat Rock Dr W,Westfield,IN,46074,160000,3,2,Washington,1402,6534,2000,123,114,15,Sold,,,http://www.redfin.com/IN/Westfield/103-W-Flat-Rock-Dr-46074/home/60006696,MIBOR,21513938,N,Y,40.0395545,-86.1594419
PAST SALE,October-31-2017,Single Family Residential,18146 Pennsy Way,Westfield,IN,46074,247250,4,2.5,Washington,2313,8712,2017,124,107,33,Sold,,,http://www.redfin.com/IN/Westfield/18146-Pennsy-Way-46074/home/144277821,MIBOR,21523923,N,Y,40.0512207,-86.1731312
PAST SALE,October-20-2017,Single Family Residential,16284 Esher Ct,Westfield,IN,46074,338000,5,3.5,Washington,4605,14374,2010,135,73,35,Sold,,,http://www.redfin.com/IN/Westfield/16284-Esher-Ct-46074/home/107038378,MIBOR,21507276,N,Y,40.0237028,-86.1694487
PAST SALE,October-6-2017,Single Family Residential,880 Wendover Ave,Westfield,IN,46074,184900,3,2,Washington,1618,6534,2011,149,114,25,Sold,,,http://www.redfin.com/IN/Westfield/880-Wendover-Ave-46074/home/107069183,MIBOR,21504215,N,Y,40.0375086,-86.1737525
PAST SALE,September-12-2017,Single Family Residential,17141 S Burntwood Way,Westfield,IN,46074,238000,4,2.5,Washington,2952,11325,2015,173,81,33,Sold,,,http://www.redfin.com/IN/Westfield/17141-S-Burntwood-Way-46074/home/102189074,MIBOR,21502413,N,Y,40.035395,-86.172299
PAST SALE,September-8-2017,Single Family Residential,1380 Sunbrook Ct,Westfield,IN,46074,325000,4,2.5,Washington,3408,9583,2017,177,95,183,Sold,,,http://www.redfin.com/IN/Westfield/1380-Sunbrook-Ct-46074/home/113516504,MIBOR,21490700,N,Y,40.047067,-86.179637
PAST SALE,September-13-2017,Single Family Residential,850 Adena Ln,Westfield,IN,46074,198327,5,2.5,Washington,2128,9583,2017,172,93,,Sold,,,http://www.redfin.com/IN/Westfield/850-Adena-Ln-46074/home/143812473,MIBOR,21512776,N,Y,40.0522562,-86.1762331
PAST SALE,September-20-2017,Single Family Residential,627 Farnham Dr,Westfield,IN,46074,226289,4,2.5,Washington,2463,,2017,165,92,,Sold,,,http://www.redfin.com/IN/Westfield/627-Farnham-Dr-46074/home/143848157,MIBOR,21514030,N,Y,40.0360344,-86.1686136
PAST SALE,September-20-2017,Single Family Residential,534 Canberra Blvd,Westfield,IN,46074,346250,3,3.5,Washington,3329,9147,2013,165,104,49,Sold,,,http://www.redfin.com/IN/Westfield/534-Canberra-Blvd-46074/home/82383793,MIBOR,21488410,N,Y,40.0297815,-86.1664792
PAST SALE,September-21-2017,Single Family Residential,20321 Chatham Creek Dr,Westfield,IN,46074,780500,5,4.5,Washington,6108,13939,2017,164,128,58,Sold,,,http://www.redfin.com/IN/Westfield/20321-Chatham-Creek-Dr-46074/home/143840703,MIBOR,21512502,N,Y,40.0215499,-86.1955169
PAST SALE,September-21-2017,Single Family Residential,550 E Quail Ridge Dr,Westfield,IN,46074,191500,4,2,Washington,2083,15681,1996,164,92,15,Sold,,,http://www.redfin.com/IN/Westfield/550-Quail-Ridge-Dr-46074/home/82354475,MIBOR,21509948,N,Y,40.03882,-86.1492084
PAST SALE,September-22-2017,Single Family Residential,985 W Edenbridge Way,Westfield,IN,46074,325000,4,2.5,Washington,3892,14810,2015,163,84,35,Sold,,,http://www.redfin.com/IN/Westfield/985-W-Edenbridge-Way-46074/home/101784659,MIBOR,21502791,N,Y,40.031271,-86.177099
PAST SALE,September-22-2017,Single Family Residential,16737 Broken Arrow Dr,Westfield,IN,46074,310000,4,2.5,Washington,3812,7840,2017,163,81,49,Sold,,,http://www.redfin.com/IN/Westfield/16737-Broken-Arrow-Dr-46074/home/113857855,MIBOR,21485125,N,Y,40.029783,-86.166238
PAST SALE,September-21-2017,Single Family Residential,177 Zenith Dr,Westfield,IN,46074,487790,5,5.5,Washington,5220,15245,2017,164,93,56,Sold,,,http://www.redfin.com/IN/Westfield/177-Zenith-Dr-46074/home/113740569,MIBOR,21485533,N,Y,40.029619,-86.164972
PAST SALE,September-25-2017,Single Family Residential,826 Stockbridge Dr,Westfield,IN,46074,297000,4,2.5,Washington,3771,19602,2001,160,79,63,Sold,,,http://www.redfin.com/IN/Westfield/826-Stockbridge-Dr-46074/home/66989844,MIBOR,21463395,N,Y,40.0089492,-86.1741163
PAST SALE,September-25-2017,Single Family Residential,17367 Haxby Ln,Westfield,IN,46074,260500,3,3,Washington,2151,,2017,160,121,183,Sold,,,http://www.redfin.com/IN/Westfield/17367-Haxby-Ln-46074/home/113066076,MIBOR,21465763,N,Y,40.037566,-86.171715
PAST SALE,September-28-2017,Single Family Residential,128 W Flat Rock Dr,Westfield,IN,46074,157300,3,2,Washington,1212,7840,1999,157,130,15,Sold,,,http://www.redfin.com/IN/Westfield/128-W-Flat-Rock-Dr-46074/home/60062887,MIBOR,21511535,N,Y,40.0399372,-86.159893
PAST SALE,September-29-2017,Single Family Residential,995 Adlo Ln,Westfield,IN,46074,320505,4,2.5,Washington,3297,12632,2017,156,97,,Sold,,,http://www.redfin.com/IN/Westfield/995-Adlo-Ln-46074/home/143938306,MIBOR,21516532,N,Y,40.0286162,-86.1762724
PAST SALE,September-28-2017,Single Family Residential,975 Morley Ln,Westfield,IN,46074,382999,4,2.5,Washington,4876,11761,2017,157,79,,Sold,,,http://www.redfin.com/IN/Westfield/975-Morley-Ln-46074/home/143938318,MIBOR,21515130,N,Y,40.0267654,-86.1760882
PAST SALE,September-29-2017,Single Family Residential,217 Earl Park Way,Westfield,IN,46074,232900,3,2,Washington,2674,11325,2003,156,87,42,Sold,,,http://www.redfin.com/IN/Westfield/217-Earl-Park-Way-46074/home/82354931,MIBOR,21504496,N,Y,40.0283988,-86.1557037
PAST SALE,September-25-2017,Single Family Residential,530 Canberra Blvd,Westfield,IN,46074,320000,4,2.5,Washington,3187,11761,2014,160,100,49,Sold,,,http://www.redfin.com/IN/Westfield/530-Canberra-Blvd-46074/home/82383791,MIBOR,21488414,N,Y,40.0303071,-86.1672746
PAST SALE,September-21-2017,Single Family Residential,1404 Sunbrook Ct,Westfield,IN,46074,373940,3,2,Washington,4218,22215,2017,164,89,46,Sold,,,http://www.redfin.com/IN/Westfield/1404-Sunbrook-Ct-46074/home/143996798,MIBOR,21514115,N,Y,40.0215499,-86.1955169
PAST SALE,September-29-2017,Single Family Residential,841 Oaklawn Dr,Westfield,IN,46077,352000,4,2.5,Washington,5081,10454,2017,156,69,49,Sold,,,http://www.redfin.com/IN/Westfield/841-Oaklawn-Dr-46074/home/115207772,MIBOR,21490430,N,Y,40.029783,-86.166238
PAST SALE,October-11-2017,Single Family Residential,16312 Bay Meadow Cir,Westfield,IN,46074,190935,3,2.5,Washington,1907,2178,2017,144,100,200,Sold,,,http://www.redfin.com/IN/Westfield/16312-Bay-Meadow-Cir-46074/home/66845378,MIBOR,21490375,N,Y,40.025665,-86.145443
PAST SALE,October-13-2017,Single Family Residential,80 English Grn,Westfield,IN,46074,220000,3,2,Washington,2032,10018,2006,142,108,42,Sold,,,http://www.redfin.com/IN/Westfield/80-English-Grn-46074/home/60168387,MIBOR,21511106,N,Y,40.0344491,-86.1594145
PAST SALE,October-16-2017,Single Family Residential,31 W Flat Rock Dr,Westfield,IN,46074,163000,3,2,Washington,1200,6534,2001,139,136,15,Sold,,,http://www.redfin.com/IN/Westfield/31-W-Flat-Rock-Dr-46074/home/60129508,MIBOR,21506034,N,Y,40.0395701,-86.1583582
PAST SALE,September-26-2017,Single Family Residential,1588 Rossmay Dr,Westfield,IN,46074,380000,4,3.5,Washington,3546,5662,2017,159,107,90,Sold,,,http://www.redfin.com/IN/Westfield/1588-Rossmay-Dr-46074/home/113066362,MIBOR,21469442,N,Y,40.000122,-86.183506
PAST SALE,October-17-2017,Single Family Residential,809 Woodlawn,Westfield,IN,46074,355388,5,3.5,Washington,5081,10890,2017,138,70,,Sold,,,http://www.redfin.com/IN/Westfield/809-Woodlawn-46074/home/144095834,MIBOR,21519613,N,Y,40.0215499,-86.1955169
PAST SALE,October-19-2017,Single Family Residential,18909 Mule Barn Rd,Westfield,IN,46074,246700,4,2.5,Washington,2218,33541,1920,136,111,,Sold,,,http://www.redfin.com/IN/Westfield/18909-Mule-Barn-Rd-46074/home/60014418,MIBOR,21512067,N,Y,40.060992,-86.2217972
PAST SALE,September-22-2017,Single Family Residential,18142 Pate Hollow Ct,Westfield,IN,46074,216173,4,2.5,Washington,2128,7405,2017,163,102,21,Sold,,,http://www.redfin.com/IN/Westfield/18142-Pate-Hollow-Ct-46074/home/144315972,MIBOR,21524435,N,Y,40.0503987,-86.1742443
PAST SALE,November-22-2017,Single Family Residential,3981 Abbotsford Dr,Westfield,IN,46074,363900,3,3,Washington,2848,12632,2016,102,128,155,Sold,,,http://www.redfin.com/IN/Westfield/3981-Abbotsford-Dr-46074/home/109014777,MIBOR,21518487,N,Y,40.0370078,-86.1042197
PAST SALE,December-14-2017,Single Family Residential,3719 Challenger Dr,Westfield,IN,46062,189900,3,2.5,Washington,1705,12196,2002,80,111,24,Sold,,,http://www.redfin.com/IN/Noblesville/3719-Challenger-Dr-46062/home/60088616,MIBOR,21514596,N,Y,40.035945,-86.102912
PAST SALE,December-27-2017,Single Family Residential,3660 Snowdon Dr,Westfield,IN,46074,345065,3,2,Washington,3800,9583,2017,67,91,6,Sold,,,http://www.redfin.com/IN/Westfield/3660-Snowdon-Dr-46074/home/144581043,MIBOR,21529698,N,Y,40.0350532,-86.1045966
PAST SALE,December-27-2017,Single Family Residential,3464 Idlewind Dr,Westfield,IN,46074,459500,5,5,Washington,4620,15681,2017,67,99,50,Sold,,,http://www.redfin.com/IN/Westfield/3464-Idlewind-Dr-46074/home/143015113,MIBOR,21511489,N,Y,40.054619,-86.109244
PAST SALE,December-29-2017,Single Family Residential,3607 Sheffield Park Ct,Westfield,IN,46074,328925,3,3,Washington,4222,7405,2017,65,78,33,Sold,,,http://www.redfin.com/IN/Westfield/3607-Sheffield-Park-Way-46074/home/144584367,MIBOR,21529935,N,Y,40.0493724,-86.1028458
PAST SALE,December-28-2017,Single Family Residential,18247 Lakes End Dr,Westfield,IN,46074,784000,4,4.5,Washington,5472,16552,2017,66,143,43,Sold,,,http://www.redfin.com/IN/Westfield/18247-Lakes-End-Dr-46074/home/103465759,MIBOR,21484431,N,Y,40.0531959,-86.108096
PAST SALE,December-28-2017,Single Family Residential,17379 Wetherington Dr,Westfield,IN,46074,441373,4,4,Washington,4889,7840,2017,66,90,85,Sold,,,http://www.redfin.com/IN/Westfield/17379-Wetherington-Dr-46074/home/144543692,MIBOR,21529478,N,Y,40.038462,-86.099871
PAST SALE,November-10-2017,Single Family Residential,3601 Shady Lake Dr,Westfield,IN,46074,440000,5,5,Washington,4010,13503,2017,114,110,50,Sold,,,http://www.redfin.com/IN/Westfield/3601-Shady-Lake-Dr-Unknown/home/113433775,MIBOR,21476820,N,Y,40.054619,-86.109244
PAST SALE,October-10-2017,Single Family Residential,18050 Grassy Knoll Dr,Westfield,IN,46074,189000,4,2.5,Washington,2056,7405,1995,145,92,26,Sold,,,http://www.redfin.com/IN/Westfield/18050-Grassy-Knoll-Dr-46074/home/60001406,MIBOR,21507251,N,Y,40.0488311,-86.107771
PAST SALE,December-7-2017,Single Family Residential,3521 Shady Lake Dr,Westfield,IN,46074,471999,4,4,Washington,4501,15245,2017,87,105,50,Sold,,,http://www.redfin.com/IN/Westfield/3521-Shady-Lake-Dr-46074/home/113750458,MIBOR,21480024,N,Y,40.054619,-86.109244
PAST SALE,September-25-2017,Single Family Residential,14830 Bixby Dr,Westfield,IN,46074,435000,5,4.5,Washington,5401,13503,2008,160,81,70,Sold,,,http://www.redfin.com/IN/Westfield/14830-Bixby-Dr-46074/home/66829554,MIBOR,21494860,N,Y,40.0022603,-86.175174
PAST SALE,October-10-2017,Single Family Residential,716 Princeton Ln,Westfield,IN,46074,378000,4,2.5,Washington,4322,14810,2002,145,87,53,Sold,,,http://www.redfin.com/IN/Westfield/716-Princeton-Ln-46074/home/82356297,MIBOR,21506803,N,Y,40.0053721,-86.1711209
PAST SALE,October-12-2017,Single Family Residential,1486 Birdsong Dr,Westfield,IN,46074,475000,3,3.5,Washington,3251,7405,2015,143,146,100,Sold,,,http://www.redfin.com/IN/Westfield/1486-Birdsong-Dr-46074/home/108284225,MIBOR,21503759,N,Y,40.005281,-86.185673
PAST SALE,November-10-2017,Single Family Residential,1658 Marshrose Dr,Westfield,IN,46074,425047,4,3.5,Washington,3512,5227,2017,114,121,100,Sold,,,http://www.redfin.com/IN/Westfield/1658-Marshrose-Dr-46074/home/123464268,MIBOR,21503866,N,Y,40.000122,-86.183506
PAST SALE,December-28-2017,Single Family Residential,2517 Alexandra Dr,Carmel,IN,46074,555000,4,4.5,Clay,5489,13982,2016,66,101,99,Sold,,,http://www.redfin.com/IN/Carmel/2517-Alexandra-Dr-46074/home/110169044,MIBOR,21454479,N,Y,40.008854,-86.167142
PAST SALE,January-2-2018,Single Family Residential,1429 Farmhouse Dr,Westfield,IN,46074,345000,3,2.5,Washington,1912,5227,2016,61,180,100,Sold,,,http://www.redfin.com/IN/Westfield/1429-Farmhouse-Dr-46074/home/108285062,MIBOR,21519584,N,Y,40.0040216,-86.1849527
PAST SALE,January-29-2018,Single Family Residential,12981 Airhart Blvd,Carmel,IN,46074,625000,6,5,Clay,5594,21344,2003,34,112,75,Sold,,,http://www.redfin.com/IN/Westfield/12981-Airhart-Blvd-46074/home/60005484,MIBOR,21507775,N,Y,39.9749859,-86.227978
PAST SALE,November-20-2017,Single Family Residential,13299 Lorenzo Blvd,Westfield,IN,46074,307000,4,2.5,Clay,3675,13503,2003,104,84,68,Sold,,,http://www.redfin.com/IN/Westfield/13299-Lorenzo-Blvd-46074/home/60007800,MIBOR,21513458,N,Y,39.9802857,-86.2106428
PAST SALE,November-22-2017,Single Family Residential,14451 Livingston Ln,Carmel,IN,46074,360725,5,3.5,Clay,4462,10890,2012,102,81,58,Sold,,,http://www.redfin.com/IN/Carmel/14451-Livingston-Ln-46074/home/60158499,MIBOR,21521972,N,Y,39.9969284,-86.2080647
PAST SALE,November-9-2017,Single Family Residential,13281 Tralee Ct,Carmel,IN,46074,423000,4,2.5,Clay,5122,33802,2004,115,83,100,Sold,,,http://www.redfin.com/IN/Westfield/13281-Tralee-Ct-46074/home/66982114,MIBOR,21497809,N,Y,39.979671,-86.212496
PAST SALE,November-9-2017,Single Family Residential,13236 Lorenzo Blvd,Carmel,IN,46074,368000,5,2.5,Clay,4140,16117,2003,115,89,78,Sold,,,http://www.redfin.com/IN/Westfield/13236-Lorenzo-Blvd-46074/home/67105667,MIBOR,21516542,N,Y,39.9795039,-86.2116697
PAST SALE,January-4-2018,Single Family Residential,13722 Four Seasons Way,Carmel,IN,46074,354900,4,2.5,Clay,4831,14810,2005,59,73,92,Sold,,,http://www.redfin.com/IN/Westfield/13722-Four-Seasons-Way-46074/home/60062190,MIBOR,21495639,N,Y,39.9864561,-86.2081861
PAST SALE,September-15-2017,Single Family Residential,13329 E Letts Ln,Carmel,IN,46074,945000,6,5,Clay,6112,17859,2015,170,155,73,Sold,,,http://www.redfin.com/IN/Westfield/13329-E-Letts-Ln-46074/home/59993070,MIBOR,21500258,N,Y,39.9804853,-86.2314512
PAST SALE,September-8-2017,Single Family Residential,13889 Oliver Ln,Carmel,IN,46074,265000,3,2,Clay,2101,14374,2004,177,126,78,Sold,,,http://www.redfin.com/IN/Westfield/13889-Oliver-Ln-46074/home/65819744,MIBOR,21479324,N,Y,39.9885216,-86.2129422
PAST SALE,November-6-2017,Single Family Residential,2972 Da Vinci Dr,Carmel,IN,46074,334500,4,2.5,Clay,4417,15681,2006,118,76,78,Sold,,,http://www.redfin.com/IN/Westfield/2972-Da-Vinci-Dr-46074/home/67095027,MIBOR,21510974,N,Y,39.990768,-86.213714
PAST SALE,December-29-2017,Single Family Residential,3481 Modesto Ln,Carmel,IN,46074,320000,5,3.5,Clay,3864,7405,2005,65,83,33,Sold,,,http://www.redfin.com/IN/Westfield/3481-Modesto-Ln-46074/home/60135308,MIBOR,21525059,N,Y,39.987429,-86.219536
PAST SALE,November-3-2017,Single Family Residential,14341 Overbrook Dr,Carmel,IN,46074,851938,6,6,Clay,7535,17859,2017,121,113,54,Sold,,,http://www.redfin.com/IN/Carmel/14341-Overbrook-Dr-46074/home/144625201,MIBOR,21528477,N,Y,39.9947519,-86.2299839
PAST SALE,January-12-2018,Single Family Residential,3526 Moorland Ln,Carmel,IN,46074,719645,6,6.5,Clay,5875,13939,2017,51,122,,Sold,,,http://www.redfin.com/IN/Carmel/3526-Moorland-Ln-46032/home/113764219,MIBOR,21480491,N,Y,39.976775,-86.224826
PAST SALE,January-17-2018,Single Family Residential,14293 Dufton Ct,Carmel,IN,46074,719900,5,4.5,Clay,6505,16552,2017,46,111,73,Sold,,,http://www.redfin.com/IN/Carmel/14293-Dufton-Ct-46032/home/143999587,MIBOR,21517811,N,Y,39.991786,-86.220188
PAST SALE,February-16-2018,Single Family Residential,13472 Lorenzo Blvd,Carmel,IN,46074,300000,4,2.5,Clay,3260,12632,2005,16,92,78,Sold,,,http://www.redfin.com/IN/Westfield/13472-Lorenzo-Blvd-46074/home/66809757,MIBOR,21541374,N,Y,39.9824815,-86.2097149
PAST SALE,January-19-2018,Single Family Residential,14251 Brandt Ln,Carmel,IN,46074,335000,4,2.5,Clay,4289,12632,2008,44,78,60,Sold,,,http://www.redfin.com/IN/Westfield/14251-Brandt-Ln-46074/home/82356799,MIBOR,21526238,N,Y,39.994127,-86.216053
PAST SALE,September-25-2017,Single Family Residential,15747 Gateshead Dr,Westfield,IN,46074,343000,5,3.5,Washington,4930,19602,2004,160,70,35,Sold,,,http://www.redfin.com/IN/Westfield/15747-Gateshead-Dr-46074/home/60022419,MIBOR,21490494,N,Y,40.0160194,-86.1510079
PAST SALE,October-23-2017,Single Family Residential,15761 Wildrye Dr,Westfield,IN,46074,275000,4,3.5,Washington,3242,13068,1998,132,85,24,Sold,,,http://www.redfin.com/IN/Westfield/15761-Wildrye-Dr-46074/home/60147468,MIBOR,21511314,N,Y,40.0168081,-86.1558076
PAST SALE,December-15-2017,Single Family Residential,101 E Evening Rose Way,Westfield,IN,46074,284900,4,2.5,Washington,3519,14810,1997,79,81,24,Sold,,,http://www.redfin.com/IN/Westfield/101-E-Evening-Rose-Way-46074/home/82355230,MIBOR,21512731,N,Y,40.0148839,-86.1574496
PAST SALE,February-20-2018,Single Family Residential,15719 Gateshead Dr,Westfield,IN,46074,345000,4,3,Washington,4774,16117,2004,12,72,45,Sold,,,http://www.redfin.com/IN/Westfield/15719-Gateshead-Dr-46074/home/82355432,MIBOR,21507354,N,Y,40.0152427,-86.1510503
PAST SALE,February-23-2018,Single Family Residential,565 Old Ashbury Rd,Westfield,IN,46074,1115327,5,5.5,Washington,5824,17859,2017,9,192,,Sold,,,http://www.redfin.com/IN/Westfield/565-Old-Ashbury-Rd-46074/home/112388176,MIBOR,21501650,N,Y,40.0428151,-86.1274888
PAST SALE,February-2-2018,Single Family Residential,17887 Grassy Knoll Dr,Westfield,IN,46074,167400,3,2,Washington,1406,7405,1995,30,119,25,Sold,,,http://www.redfin.com/IN/Westfield/17887-Grassy-Knoll-Dr-46074/home/67002088,MIBOR,21539591,N,Y,40.0465282,-86.107122
PAST SALE,October-27-2017,Single Family Residential,1000 Chatham Hills Blvd,Westfield,IN,46074,1010724,4,3.5,Washington,5898,16552,2017,128,171,58,Sold,,,http://www.redfin.com/IN/Westfield/1000-Chatham-Hills-Blvd-46074/home/108284905,MIBOR,21516751,N,Y,40.0808313,-86.1401664
PAST SALE,November-15-2017,Single Family Residential,1711 Avondale Dr,Westfield,IN,46074,355000,3,2.5,Washington,1869,6098,2017,109,190,100,Sold,,,http://www.redfin.com/IN/Westfield/1711-Avondale-Dr-46074/home/143098652,MIBOR,21513760,N,Y,40.0085828,-86.19024402
PAST SALE,November-15-2017,Single Family Residential,1323 Valdosta Pl,Westfield,IN,46074,216000,3,2,Washington,2018,7405,2003,109,107,70,Sold,,,http://www.redfin.com/IN/Westfield/1323-Valdosta-Pl-46074/home/67108164,MIBOR,21518140,N,Y,40.0086709,-86.1822697
PAST SALE,December-14-2017,Single Family Residential,3752 Dunellen Cir,Carmel,IN,46074,578000,4,4.5,Clay,5595,21344,2012,80,103,54,Sold,,,http://www.redfin.com/IN/Westfield/3752-Dunellen-Cir-46074/home/60119578,MIBOR,21494510,N,Y,39.9929393,-86.2240853
PAST SALE,December-15-2017,Single Family Residential,1446 Esprit Dr,Carmel,IN,46074,262500,4,2.5,Clay,2916,11325,1999,79,90,54,Sold,,,http://www.redfin.com/IN/Westfield/1446-Esprit-Dr-46074/home/60133132,MIBOR,21506283,N,Y,39.9965199,-86.187493
PAST SALE,December-21-2017,Single Family Residential,4502 N Evergreen Trl,Carmel,IN,46074,414026,5,3.5,Clay,5012,11325,2017,73,83,58,Sold,,,http://www.redfin.com/IN/CARMEL/4502-EVERGREEN-TRL-46074/home/125139029,MIBOR,21529388,N,Y,40.0215499,-86.1955169
PAST SALE,October-18-2017,Single Family Residential,3461 Shady Lake Dr,Westfield,IN,46074,542983,4,3.5,Washington,4640,15245,2017,137,117,100,Sold,,,http://www.redfin.com/IN/Westfield/3461-Shady-Lake-Dr-46074/home/144541035,MIBOR,21529392,N,Y,40.0215499,-86.1955169
PAST SALE,December-21-2017,Single Family Residential,19025 Mule Barn Rd,Westfield,IN,46074,400000,4,2.5,Washington,3258,152460,1994,73,123,,Sold,,,http://www.redfin.com/IN/Westfield/19025-Mule-Barn-Rd-46074/home/60062801,MIBOR,21519021,N,Y,40.063195,-86.2216359
PAST SALE,November-28-2017,Single Family Residential,1347 Trifecta Way,Westfield,IN,46074,536595,4,3.5,Washington,5694,,2017,96,94,43,Sold,,,http://www.redfin.com/IN/Westfield/1347-Trifecta-Way-46074/home/144635797,MIBOR,21539597,N,Y,40.0255544,-86.1822698
PAST SALE,January-22-2018,Single Family Residential,13926 Twin Lakes Cir W,Carmel,IN,46074,430000,4,3.5,Clay,5271,16988,2006,41,82,92,Sold,,,http://www.redfin.com/IN/Westfield/13926-Twin-Lakes-Cir-W-46074/home/82356541,MIBOR,21521917,N,Y,39.98921,-86.205611
PAST SALE,January-24-2018,Single Family Residential,2727 W 166th St,Westfield,IN,46074,700000,4,3.5,Washington,4578,868586,1985,39,153,,Sold,,,http://www.redfin.com/IN/Westfield/2727-W-166th-St-46074/home/144503199,MIBOR,21528767,N,Y,40.02608,-86.208898
PAST SALE,November-7-2017,Single Family Residential,1386 Avondale Dr,Westfield,IN,46074,471799,4,3.5,Washington,3568,8276,2017,117,132,,Sold,,,http://www.redfin.com/IN/Westfield/1386-Avondale-Dr-46074/home/132234017,MIBOR,21523686,N,Y,40.0103085,-86.1861456
PAST SALE,December-6-2017,Single Family Residential,1560 Charity Chase Dr,Carmel,IN,46074,320000,4,3.5,Clay,4250,20908,2002,88,75,,Sold,,,http://www.redfin.com/IN/Westfield/1560-Charity-Chase-Dr-46074/home/67087507,MIBOR,21479081,N,Y,39.9931923,-86.1894988
PAST SALE,October-30-2017,Single Family Residential,15718 Towne Rd,Westfield,IN,46074,265000,3,1.5,Washington,1899,138520,1900,125,140,,Sold,,,http://www.redfin.com/IN/Westfield/15718-Towne-Rd-46074/home/60156993,MIBOR,21509764,N,Y,40.0154657,-86.2034405
PAST SALE,January-10-2018,Single Family Residential,18152 Starview Dr,Westfield,IN,46074,345000,5,3,Washington,4821,8276,2014,53,72,33,Sold,,,http://www.redfin.com/IN/Westfield/18152-Starview-Dr-46074/home/60143603,MIBOR,21517637,N,Y,40.0510451,-86.1841754
PAST SALE,February-22-2018,Single Family Residential,20009 Hampton Park Dr,Westfield,IN,46074,665000,3,3.5,Washington,4251,10018,2017,10,156,67,Sold,,,http://www.redfin.com/IN/Westfield/20009-Hampton-Park-Dr-46074/home/143948373,MIBOR,21516575,N,Y,40.0215499,-86.1955169
PAST SALE,February-8-2018,Single Family Residential,1332 Valdosta Pl,Westfield,IN,46074,210000,3,2.5,Washington,1519,9583,2001,24,138,70,Sold,,,http://www.redfin.com/IN/Westfield/1332-Valdosta-Pl-46074/home/60089030,MIBOR,21525560,N,Y,40.0090644,-86.1825254
PAST SALE,February-1-2018,Single Family Residential,14414 Chariots Whisper Dr,Carmel,IN,46074,375000,4,2.5,Clay,5094,10018,2005,31,74,64,Sold,,,http://www.redfin.com/IN/Westfield/14414-Chariots-Whisper-Dr-46074/home/60129601,MIBOR,21528563,N,Y,39.9962867,-86.2002434
PAST SALE,March-2-2018,Single Family Residential,14271 Esprit Dr,Carmel,IN,46074,307000,4,2.5,Clay,3320,12196,1999,2,92,57,Sold,,,http://www.redfin.com/IN/Westfield/14271-Esprit-Dr-46074/home/60158316,MIBOR,21530307,N,Y,39.9954594,-86.1865988
PAST SALE,December-8-2017,Single Family Residential,4485 Evergreen Trl,Carmel,IN,46074,408000,5,3,Clay,5012,10454,2017,86,81,58,Sold,,,http://www.redfin.com/IN/Carmel/4485-Evergreen-Trl-46074/home/113707312,MIBOR,21485530,N,Y,39.996314,-86.238759
PAST SALE,December-26-2017,Single Family Residential,3642 Evergreen Way,Zionsville,IN,46077,427345,4,3.5,Eagle,4588,10890,2017,68,93,63,Sold,,,http://www.redfin.com/IN/Zionsville/3642-Evergreen-Trl-46077/home/144572270,MIBOR,21528098,N,Y,39.9966806,-86.2389554
PAST SALE,December-22-2017,Single Family Residential,4504 Voyageur Way,Carmel,IN,46074,568000,5,4.5,Clay,5470,13503,2015,72,104,,Sold,,,http://www.redfin.com/IN/Carmel/4504-Voyageur-Way-46074/home/109538662,MIBOR,21480063,N,Y,39.997036,-86.238945
PAST SALE,November-8-2017,Single Family Residential,3925 W 166th St,Westfield,IN,46074,420000,3,2.5,Washington,2257,193406,1998,116,186,,Sold,,,http://www.redfin.com/IN/Westfield/3925-W-166th-St-46074/home/66967725,MIBOR,21511913,N,Y,40.0273814,-86.2281273
PAST SALE,February-15-2018,Single Family Residential,14305 Little Eagle Creek Ave,Zionsville,IN,46077,327500,3,2.5,Clay,2208,34848,1961,17,148,,Sold,,,http://www.redfin.com/IN/Zionsville/14305-Little-Eagle-Creek-Ave-46077/home/60099227,MIBOR,21525472,N,Y,39.995006,-86.2399405
PAST SALE,October-18-2017,Single Family Residential,1385 Trescott Dr,Westfield,IN,46074,370000,5,3,Washington,4060,7840,2008,137,91,70,Sold,,,http://www.redfin.com/IN/Westfield/1385-Trescott-Dr-46074/home/60006280,MIBOR,21501038,N,Y,40.0021268,-86.1830904
PAST SALE,October-20-2017,Single Family Residential,14145 Breeders Ct,Carmel,IN,46074,371550,4,3.5,Clay,3871,13503,2003,135,96,64,Sold,,,http://www.redfin.com/IN/Westfield/14145-Breeders-Ct-46074/home/66988616,MIBOR,21511042,N,Y,39.9926906,-86.1982797
PAST SALE,October-20-2017,Single Family Residential,1617 Avondale Dr,Westfield,IN,46074,417580,4,3.5,Washington,2540,5227,2017,135,164,104,Sold,,,http://www.redfin.com/IN/Westfield/1617-Avondale-Dr-46074/home/144117686,MIBOR,21519882,N,Y,40.0103085,-86.1861456
PAST SALE,November-3-2017,Single Family Residential,1587 Avondale Dr,Westfield,IN,46074,429990,5,4.5,Washington,3660,5662,2017,121,117,100,Sold,,,http://www.redfin.com/IN/Westfield/1587-Avondale-Dr-46074/home/113622937,MIBOR,21489135,N,Y,40.000122,-86.183506
PAST SALE,January-19-2018,Single Family Residential,14926 Dawnhaven Dr,Westfield,IN,46074,474990,5,4.5,Washington,4772,10890,2017,44,100,100,Sold,,,http://www.redfin.com/IN/Westfield/14926-Dawnhaven-Dr-46074/home/114016020,MIBOR,21513386,N,Y,40.000122,-86.183506
PAST SALE,February-1-2018,Single Family Residential,660 Piedmont Dr,Westfield,IN,46074,325000,3,3,Washington,2971,7840,2000,31,109,70,Sold,,,http://www.redfin.com/IN/Westfield/660-Piedmont-Dr-46074/home/66926063,MIBOR,21522291,N,Y,40.0082527,-86.1696523
PAST SALE,December-22-2017,Single Family Residential,15421 Holcombe Dr,Westfield,IN,46074,429900,4,3.5,Washington,3786,11325,2017,72,114,100,Sold,,,http://www.redfin.com/IN/Westfield/15421-Holcombe-Dr-46074/home/113911264,MIBOR,21483940,N,Y,40.0095627,-86.1845309
PAST SALE,February-16-2018,Single Family Residential,14861 Jonathan Dr,Westfield,IN,46074,375000,4,2.5,Washington,4430,18295,2000,16,85,53,Sold,,,http://www.redfin.com/IN/Westfield/14861-Jonathan-Dr-46074/home/82356258,MIBOR,21539488,N,Y,40.0029816,-86.1694337
PAST SALE,January-4-2018,Single Family Residential,15462 Wildflower Ln,Westfield,IN,46074,253000,4,2.5,Washington,2980,13939,1996,59,85,45,Sold,,,http://www.redfin.com/IN/Westfield/15462-Wildflower-Ln-46074/home/82355843,MIBOR,21496514,N,Y,40.0128637,-86.1559598
PAST SALE,January-3-2018,Single Family Residential,142 E Bloomfield Ln,Westfield,IN,46074,249000,4,2.5,Washington,2426,17859,1997,60,103,42,Sold,,,http://www.redfin.com/IN/Westfield/142-Bloomfield-Ln-46074/home/60116172,MIBOR,21522887,N,Y,40.0136137,-86.1556418
PAST SALE,February-23-2018,Single Family Residential,1482 Esprit Dr,Carmel,IN,46074,313000,4,2.5,Clay,3321,13503,1999,9,94,65,Sold,,,http://www.redfin.com/IN/Westfield/1482-Esprit-Dr-46074/home/66840453,MIBOR,21522092,N,Y,39.9964789,-86.1883865
PAST SALE,February-19-2018,Single Family Residential,15342 Holcombe Dr,Westfield,IN,46074,422275,3,2.5,Washington,2450,6969,2018,13,172,,Sold,,,http://www.redfin.com/IN/Westfield/15342-Holcombe-Dr-46074/home/144931406,MIBOR,21546145,N,Y,40.0092454,-86.1848113
PAST SALE,September-11-2017,Single Family Residential,15128 Smithfield Dr,Westfield,IN,46074,214900,3,2,Washington,1673,8276,2002,174,128,70,Sold,,,http://www.redfin.com/IN/Westfield/15128-Smithfield-Dr-46074/home/82356602,MIBOR,21503424,N,Y,40.0082757,-86.1818531
PAST SALE,September-22-2017,Single Family Residential,16637 Holly Oak Dr,Westfield,IN,46074,545000,5,4.5,Washington,4744,14810,2016,163,115,50,Sold,,,http://www.redfin.com/IN/Westfield/16637-Holly-Oak-Dr-46074/home/60178276,MIBOR,21501709,N,Y,40.030948,-86.117116
PAST SALE,September-28-2017,Single Family Residential,425 Birch St,Westfield,IN,46074,132000,2,1,Washington,1256,11761,1956,157,105,,Sold,,,http://www.redfin.com/IN/Westfield/425-Birch-St-46074/home/60152142,MIBOR,21510872,N,Y,40.0454021,-86.1226037
PAST SALE,September-29-2017,Single Family Residential,17841 Grassy Knoll Dr,Westfield,IN,46074,179900,3,2.5,Washington,2059,8712,1996,156,87,23,Sold,,,http://www.redfin.com/IN/Westfield/17841-Grassy-Knoll-Dr-46074/home/60083049,MIBOR,21504549,N,Y,40.0457904,-86.1077303
PAST SALE,October-9-2017,Single Family Residential,2633 Sonhatsett Dr,Westfield,IN,46074,193500,3,2,Washington,1769,8276,1995,146,109,10,Sold,,,http://www.redfin.com/IN/Westfield/2633-Sonhatsett-Dr-46074/home/60144401,MIBOR,21511068,N,Y,40.0462704,-86.1169627
PAST SALE,October-13-2017,Single Family Residential,3580 Snowdon Dr,Westfield,IN,46074,439503,4,3.5,Washington,4087,29620,2017,142,108,70,Sold,,,http://www.redfin.com/IN/Westfield/3580-Snowdon-Dr-46074/home/144055395,MIBOR,21508089,N,Y,40.0350473,-86.1045973
PAST SALE,October-20-2017,Single Family Residential,3319 Redbud Ct,Westfield,IN,46074,240000,4,3,Washington,3452,12196,1995,135,70,25,Sold,,,http://www.redfin.com/IN/Westfield/3319-Redbud-Ct-46074/home/82351172,MIBOR,21506791,N,Y,40.0483765,-86.108796
PAST SALE,September-5-2017,Single Family Residential,3786 Crest Point Dr,Westfield,IN,46062,210000,3,2.5,Washington,2610,20908,2002,180,80,24,Sold,,,http://www.redfin.com/IN/Noblesville/3786-Crest-Point-Dr-46062/home/66965408,MIBOR,21487533,N,Y,40.034541,-86.10274
PAST SALE,September-22-2017,Single Family Residential,715 Silverheels Dr,Westfield,IN,46074,411000,4,2.5,Washington,5736,14374,2015,163,72,78,Sold,,,http://www.redfin.com/IN/Westfield/715-Silverheels-Dr-46074/home/108284449,MIBOR,21495523,N,Y,40.020403,-86.144712
PAST SALE,September-21-2017,Single Family Residential,769 Canberra Blvd,Westfield,IN,46074,325000,3,2.5,Washington,3689,7840,2017,164,88,49,Sold,,,http://www.redfin.com/IN/Westfield/769-Canberra-Blvd-46074/home/113910913,MIBOR,21485237,N,Y,40.029783,-86.166238
PAST SALE,September-29-2017,Single Family Residential,17068 Newberry Ln,Westfield,IN,46074,216000,4,2.5,Washington,2456,8276,2002,156,88,42,Sold,,,http://www.redfin.com/IN/Westfield/17068-Newberry-Ln-46074/home/82354227,MIBOR,21479132,N,Y,40.0350258,-86.1536226
PAST SALE,September-28-2017,Single Family Residential,16235 Milhousen Trl,Westfield,IN,46074,285000,4,2.5,Washington,3420,11325,2005,157,83,35,Sold,,,http://www.redfin.com/IN/Westfield/16235-Milhousen-Trl-46074/home/67060002,MIBOR,21501967,N,Y,40.0233959,-86.1581536
PAST SALE,September-29-2017,Single Family Residential,706 Ridgewood,Westfield,IN,46074,198000,3,2,Washington,2212,29620,1978,156,90,,Sold,,,http://www.redfin.com/IN/Westfield/706-Ridgewood-Ave-46074/home/60065757,MIBOR,21497908,N,Y,40.0250043,-86.1451288
PAST SALE,September-29-2017,Single Family Residential,870 Touralosa Dr,Westfield,IN,46074,285000,3,2.5,Washington,2343,9583,2017,156,122,49,Sold,,,http://www.redfin.com/IN/Westfield/870-Touralosa-Dr-46074/home/113551395,MIBOR,21476376,N,Y,40.029783,-86.166238
PAST SALE,September-29-2017,Single Family Residential,16733 Broken Arrow Dr,Westfield,IN,46074,335000,3,2.5,Washington,4057,7840,2017,156,83,49,Sold,,,http://www.redfin.com/IN/Westfield/16733-Broken-Arrow-Dr-46074/home/134937660,MIBOR,21501138,N,Y,40.029783,-86.166238
PAST SALE,September-22-2017,Single Family Residential,829 Oaklawn Dr,Westfield,IN,46077,328600,4,2.5,Washington,4261,10454,2017,163,77,49,Sold,,,http://www.redfin.com/IN/Westfield/829-Oaklawn-Dr-46074/home/115207825,MIBOR,21490301,N,Y,40.029783,-86.166238
PAST SALE,October-16-2017,Single Family Residential,2783 Caden Ct,Westfield,IN,46074,465000,5,3.5,Washington,4988,19166,2013,139,93,48,Sold,,,http://www.redfin.com/IN/Westfield/2783-Caden-Ct-46074/home/60047833,MIBOR,21462569,N,Y,40.0320111,-86.1131337
PAST SALE,October-20-2017,Single Family Residential,3590 Snowdon Dr,Westfield,IN,46074,364000,4,2.5,Washington,4215,16117,2017,135,86,70,Sold,,,http://www.redfin.com/IN/Westfield/3590-Snowdon-Dr-46074/home/143054980,MIBOR,21503285,N,Y,40.0350473,-86.1045973
PAST SALE,October-26-2017,Single Family Residential,3620 Snowdon Dr,Westfield,IN,46074,320266,2,2,Washington,1812,9583,2017,129,177,165,Sold,,,http://www.redfin.com/IN/Westfield/3620-Snowdon-Dr-46074/home/144185547,MIBOR,21522015,N,Y,40.0350473,-86.1045973
PAST SALE,November-30-2017,Single Family Residential,532 Lynton Way,Westfield,IN,46074,300000,4,3.5,Washington,3128,14810,2006,94,96,38,Sold,,,http://www.redfin.com/IN/Westfield/532-Lynton-Way-46074/home/82354786,MIBOR,21490310,N,Y,40.0275484,-86.1673313
PAST SALE,December-29-2017,Single Family Residential,102 Southridge Ln,Westfield,IN,46074,112000,3,2,Washington,1168,6534,1992,65,96,,Sold,,,http://www.redfin.com/IN/Westfield/102-Southridge-Ln-46074/home/82354376,MIBOR,21523478,N,Y,40.0354217,-86.1279485
PAST SALE,January-16-2018,Single Family Residential,16132 Hymera Grn,Westfield,IN,46074,296700,3,2.5,Washington,4414,9147,2005,47,67,42,Sold,,,http://www.redfin.com/IN/Westfield/16132-Hymera-Grn-46074/home/82355125,MIBOR,21521913,N,Y,40.022223,-86.149142
PAST SALE,October-19-2017,Single Family Residential,459 Vernon Pl,Westfield,IN,46074,165000,4,2.5,Washington,1968,4791,2004,136,84,,Sold,,,http://www.redfin.com/IN/Westfield/459-Vernon-Pl-46074/home/66843715,MIBOR,21510569,N,Y,40.0350862,-86.1503148
PAST SALE,January-31-2018,Single Family Residential,16850 Oak Manor Dr,Westfield,IN,46074,510000,4,3.5,Washington,4722,17859,2004,32,108,50,Sold,,,http://www.redfin.com/IN/Westfield/16850-Oak-Manor-Dr-46074/home/96225538,MIBOR,21523158,N,Y,40.0336197,-86.1146814
PAST SALE,November-15-2017,Single Family Residential,17729 White Willow Dr,Westfield,IN,46074,159900,3,2,Washington,1389,9583,1995,109,115,10,Sold,,,http://www.redfin.com/IN/Westfield/17729-White-Willow-Dr-46074/home/82351159,MIBOR,21512826,N,Y,40.0445857,-86.116375
PAST SALE,December-5-2017,Single Family Residential,18556 Harvest Meadows Dr E,Westfield,IN,46074,150000,3,2,Washington,1264,8712,1995,89,119,,Sold,,,http://www.redfin.com/IN/Westfield/18556-Harvest-Meadows-Dr-E-46074/home/66951582,MIBOR,21519369,N,Y,40.0569781,-86.1252883
PAST SALE,December-11-2017,Single Family Residential,900 E Main St,Westfield,IN,46074,800000,4,2,Washington,4368,119790,1855,83,183,,Sold,,,http://www.redfin.com/IN/Westfield/900-E-Main-St-46074/home/67054689,MIBOR,21502783,N,Y,40.0441846,-86.1160559
PAST SALE,December-8-2017,Single Family Residential,2765 Lucas Dr,Westfield,IN,46074,172000,4,2,Washington,1450,6098,1997,86,119,10,Sold,,,http://www.redfin.com/IN/Westfield/2765-Lucas-Dr-46074/home/60003277,MIBOR,21519258,N,Y,40.0468222,-86.1151026
PAST SALE,December-15-2017,Single Family Residential,1936 Tourmaline Dr,Westfield,IN,46074,170000,3,2.5,Washington,1896,5662,2001,79,90,16,Sold,,,http://www.redfin.com/IN/Westfield/1936-Tourmaline-Dr-46074/home/60057124,MIBOR,21515140,N,Y,40.0342156,-86.1244571
PAST SALE,January-16-2018,Single Family Residential,438 Sycamore St,Westfield,IN,46074,125000,3,2,Washington,2829,11791,1956,47,44,,Sold,,,http://www.redfin.com/IN/Westfield/438-Sycamore-St-46074/home/82350934,MIBOR,21529571,N,Y,40.0450365,-86.1223192
PAST SALE,February-2-2018,Single Family Residential,2310 Corsican Cir,Westfield,IN,46074,334500,4,3.5,Washington,3698,13068,2008,30,90,19,Sold,,,http://www.redfin.com/IN/Westfield/2310-Corsican-Cir-46074/home/60139984,MIBOR,21525040,N,Y,40.0362557,-86.1205292
PAST SALE,February-9-2018,Single Family Residential,16932 Austrian Ct,Westfield,IN,46074,333333,3,2.5,Washington,3389,16988,1996,23,98,17,Sold,,,http://www.redfin.com/IN/Westfield/16932-Austrian-Ct-46074/home/60167124,MIBOR,21539546,N,Y,40.035282,-86.1213248
PAST SALE,November-17-2017,Single Family Residential,15698 Maybell Ln,Westfield,IN,46074,394625,5,4,Washington,4807,10018,2017,107,82,44,Sold,,,http://www.redfin.com/IN/Westfield/15698-Maybell-Ln-46074/home/142474550,MIBOR,21501408,N,Y,40.015389,-86.17281
PAST SALE,September-12-2017,Single Family Residential,1029 Palomar Dr,Westfield,IN,46074,465000,4,4,Washington,5651,13939,2007,173,82,70,Sold,,,http://www.redfin.com/IN/Westfield/1029-Palomar-Dr-46074/home/60136450,MIBOR,21480096,N,Y,40.0013064,-86.1775203
PAST SALE,September-18-2017,Single Family Residential,15239 Declaration Dr,Westfield,IN,46074,238000,3,2,Washington,1636,8276,2003,167,145,70,Sold,,,http://www.redfin.com/IN/Westfield/15239-Declaration-Dr-46074/home/66803376,MIBOR,21493854,N,Y,40.0082952,-86.1782355
PAST SALE,September-15-2017,Single Family Residential,769 Princeton Ln,Westfield,IN,46074,392500,4,2.5,Washington,4248,15245,2002,170,92,53,Sold,,,http://www.redfin.com/IN/Westfield/769-Princeton-Ln-46074/home/82356299,MIBOR,21492527,N,Y,40.0045452,-86.1719373
PAST SALE,September-18-2017,Single Family Residential,13044 Moorland Ln,Carmel,IN,46074,695940,5,6.5,Clay,6049,14810,2016,167,115,58,Sold,,,http://www.redfin.com/IN/Carmel/13044-Moorland-Ln-46032/home/108562395,MIBOR,21449196,N,Y,39.976775,-86.224826
PAST SALE,September-22-2017,Single Family Residential,13745 Amblewind Pl,Westfield,IN,46074,443500,4,3.5,Clay,5036,11325,2008,163,88,,Sold,,,http://www.redfin.com/IN/Westfield/13745-Amblewind-Pl-46074/home/60069969,MIBOR,21492542,N,Y,39.9866098,-86.2109729
PAST SALE,September-22-2017,Single Family Residential,14139 Charity Chase Cir,Carmel,IN,46074,369000,4,2.5,Clay,4732,15681,2003,163,78,64,Sold,,,http://www.redfin.com/IN/Westfield/14139-Charity-Chase-Cir-46074/home/60072292,MIBOR,21501622,N,Y,39.9926447,-86.1878238
PAST SALE,September-26-2017,Single Family Residential,3711 Tara Ct,Carmel,IN,46074,321400,3,2,Clay,2587,65340,1976,159,124,,Sold,,,http://www.redfin.com/IN/Westfield/3711-Tara-Ct-46074/home/60148701,MIBOR,21504951,N,Y,39.9884137,-86.2244023
PAST SALE,September-29-2017,Single Family Residential,14127 Charity Chase Cir,Carmel,IN,46074,349900,4,2.5,Clay,3675,19602,2002,156,95,64,Sold,,,http://www.redfin.com/IN/Westfield/14127-Charity-Chase-Cir-46074/home/60062706,MIBOR,21492904,N,Y,39.992552,-86.1885967
PAST SALE,October-17-2017,Single Family Residential,13503 Cuppertino Ln,Carmel,IN,46074,256000,2,2,Clay,3098,6534,2012,138,83,107,Sold,,,http://www.redfin.com/IN/Westfield/13503-Cuppertino-Ln-46074/home/60120647,MIBOR,21504057,N,Y,39.9829896,-86.2172025
PAST SALE,October-23-2017,Single Family Residential,14225 Murphy Cir W,Carmel,IN,46074,487150,4,4.5,Clay,5389,16117,2012,132,90,128,Sold,,,http://www.redfin.com/IN/Westfield/14225-Murphy-Cir-W-46074/home/107044705,MIBOR,21509565,N,Y,39.993433,-86.2065536
PAST SALE,September-8-2017,Single Family Residential,3086 Cherub Ct,Carmel,IN,46074,328000,6,4,Clay,4600,13068,2005,177,71,78,Sold,,,http://www.redfin.com/IN/Westfield/3086-Cherub-Ct-46074/home/67072587,MIBOR,21496393,N,Y,39.9891227,-86.215671
PAST SALE,September-8-2017,Single Family Residential,0 Confidential,Carmel,IN,46074,572000,4,4.5,Clay,4844,16117,2016,177,118,58,Sold,,,http://www.redfin.com/IN/Carmel/0-Confidential-46074/home/143808915,MIBOR,21413311,N,Y,40.0215499,-86.1955169
PAST SALE,September-18-2017,Single Family Residential,17337 Northam Dr,Westfield,IN,46074,239805,2,2,Washington,2089,,2017,167,115,183,Sold,,,http://www.redfin.com/IN/Westfield/17337-Northam-Dr-46074/home/111625100,MIBOR,21457320,N,Y,40.037566,-86.171715
PAST SALE,September-19-2017,Single Family Residential,662 Farnham Dr,Westfield,IN,46074,196805,3,2,Washington,1801,6098,2017,166,109,,Sold,,,http://www.redfin.com/IN/Westfield/662-Farnham-Dr-46074/home/143846268,MIBOR,21513869,N,Y,40.0360344,-86.1686136
PAST SALE,September-20-2017,Single Family Residential,16745 Broken Arrow Dr,Westfield,IN,46074,355000,4,2.5,Washington,4233,7840,2017,165,84,49,Sold,,,http://www.redfin.com/IN/Westfield/16745-Broken-Arrow-Dr-46074/home/113969881,MIBOR,21488162,N,Y,40.029783,-86.166238
PAST SALE,September-21-2017,Single Family Residential,846 Oaklawn Dr,Westfield,IN,46074,299990,4,2.5,Washington,3187,7840,2017,164,94,49,Sold,,,http://www.redfin.com/IN/Westfield/846-Oaklawn-Dr-46074/home/114018597,MIBOR,21488780,N,Y,40.029783,-86.166238
PAST SALE,September-22-2017,Single Family Residential,853 Touralosa Dr,Westfield,IN,46074,345000,4,2.5,Washington,4733,7840,2017,163,73,49,Sold,,,http://www.redfin.com/IN/Westfield/853-Touralosa-Dr-46074/home/113980050,MIBOR,21486820,N,Y,40.029783,-86.166238
PAST SALE,September-22-2017,Single Family Residential,16396 Man O'war Ln,Westfield,IN,46074,470000,4,4.5,Washington,4466,13503,2017,163,105,43,Sold,,,http://www.redfin.com/IN/Westfield/16396-Man-O-War-Ln-46074/home/112878438,MIBOR,21459634,N,Y,40.0255522,-86.1825111
PAST SALE,September-28-2017,Single Family Residential,17341 Northam Dr,Westfield,IN,46074,230000,2,2,Washington,1751,,2017,157,131,183,Sold,,,http://www.redfin.com/IN/Westfield/17341-Northam-Dr-46074/home/109459904,MIBOR,21450340,N,Y,40.037566,-86.171715
PAST SALE,September-29-2017,Single Family Residential,17030 Kingsbridge Blvd,Westfield,IN,46074,197900,3,2,Washington,2150,6534,2007,156,92,25,Sold,,,http://www.redfin.com/IN/Westfield/17030-Kingsbridge-Blvd-46074/home/60024232,MIBOR,21496257,N,Y,40.0339316,-86.1763588
PAST SALE,September-25-2017,Single Family Residential,17330 Haxby Ln,Westfield,IN,46074,293275,2,2,Washington,2228,,2017,160,132,183,Sold,,,http://www.redfin.com/IN/Westfield/17330-Haxby-Ln-46074/home/114093527,MIBOR,21491959,N,Y,40.037566,-86.171715
PAST SALE,September-12-2017,Single Family Residential,18194 Sunbrook Way,Westfield,IN,46074,339630,5,3.5,Washington,3271,8712,2017,173,104,46,Sold,,,http://www.redfin.com/IN/Westfield/18194-Sunbrook-Way-46074/home/143996707,MIBOR,21513658,N,Y,40.0215499,-86.1955169
PAST SALE,September-25-2017,Single Family Residential,1388 Sunbrook Ct,Westfield,IN,46074,292085,3,2,Washington,2132,9583,2017,160,137,46,Sold,,,http://www.redfin.com/IN/Westfield/1388-Sunbrook-Ct-46074/home/143996791,MIBOR,21515098,N,Y,40.0215499,-86.1955169
PAST SALE,October-11-2017,Single Family Residential,17217 Wetherington Dr,Westfield,IN,46074,314970,2,2,Washington,3018,8276,2016,144,104,155,Sold,,,http://www.redfin.com/IN/Westfield/17217-Wetherington-Dr-46074/home/104039567,MIBOR,21403856,N,Y,40.0368629,-86.103679
PAST SALE,October-10-2017,Single Family Residential,528 Palmyra Dr,Westfield,IN,46074,264900,3,2,Washington,4296,9147,2005,145,62,42,Sold,,,http://www.redfin.com/IN/Westfield/528-Palmyra-Dr-46074/home/60028492,MIBOR,21506139,N,Y,40.0228598,-86.14843
PAST SALE,October-20-2017,Single Family Residential,1812 Emerald Pines Ln,Westfield,IN,46074,185900,3,2.5,Washington,1482,9147,1997,135,125,13,Sold,,,http://www.redfin.com/IN/Westfield/1812-Emerald-Pines-Ln-46074/home/66821888,MIBOR,21511789,N,Y,40.0350244,-86.1260453
PAST SALE,October-13-2017,Single Family Residential,602 Farnham Dr,Westfield,IN,46074,246939,4,2.5,Washington,3200,,2017,142,77,,Sold,,,http://www.redfin.com/IN/Westfield/602-Farnham-Dr-46074/home/144161056,MIBOR,21520752,N,Y,40.0360344,-86.1686136
PAST SALE,October-11-2017,Single Family Residential,679 Wendover Ave,Westfield,IN,46074,217542,3,2,Washington,1921,6969,2017,144,113,,Sold,,,http://www.redfin.com/IN/Westfield/679-Wendover-Ave-46074/home/144161110,MIBOR,21520757,N,Y,40.0372863,-86.1709333
PAST SALE,October-27-2017,Single Family Residential,18507 Idlewind Ct,Westfield,IN,46074,797426,5,4,Washington,5500,16988,2017,128,145,50,Sold,,,http://www.redfin.com/IN/Westfield/18507-Idlewind-Ct-46074/home/117509263,MIBOR,21489014,N,Y,40.0215499,-86.1955169
PAST SALE,October-31-2017,Single Family Residential,1015 Burgess Hill Pass,Westfield,IN,46074,284000,4,2.5,Washington,2750,11325,2017,124,103,35,Sold,,,http://www.redfin.com/IN/Westfield/1015-Burgess-Hill-Pass-46074/home/143794726,MIBOR,21512265,N,Y,40.0274278,-86.175967
PAST SALE,November-3-2017,Single Family Residential,661 Lynton Way,Westfield,IN,46074,292000,4,2.5,Washington,3104,8276,2008,121,94,35,Sold,,,http://www.redfin.com/IN/Westfield/661-Lynton-Way-46074/home/66883060,MIBOR,21505554,N,Y,40.0276433,-86.1704853
PAST SALE,November-6-2017,Single Family Residential,540 Grabill Dr,Westfield,IN,46074,150000,3,2,Washington,1160,8276,2003,118,129,42,Sold,,,http://www.redfin.com/IN/Westfield/540-Grabill-Dr-46074/home/59984253,MIBOR,21510509,N,Y,40.0348241,-86.1491693
PAST SALE,November-17-2017,Single Family Residential,16776 Greensboro Dr,Westfield,IN,46074,180000,4,2.5,Washington,3057,5662,2001,107,59,42,Sold,,,http://www.redfin.com/IN/Westfield/16776-Greensboro-Dr-46074/home/82354625,MIBOR,21468778,N,Y,40.0306635,-86.1502236
PAST SALE,November-20-2017,Single Family Residential,308 Zenith Dr,Westfield,IN,46074,457975,4,3.5,Washington,4597,15245,2017,104,100,56,Sold,,,http://www.redfin.com/IN/Westfield/308-Zenith-Dr-46074/home/133921376,MIBOR,21495897,N,Y,40.029619,-86.164972
PAST SALE,November-29-2017,Single Family Residential,18508 Idlewind Ct,Westfield,IN,46074,800000,5,4.5,Washington,6661,20037,2017,95,120,50,Sold,,,http://www.redfin.com/IN/Westfield/18508-Idlewind-Ct-46074/home/143092323,MIBOR,21503967,N,Y,40.0215499,-86.1955169
PAST SALE,September-29-2017,Single Family Residential,807 Oaklawn Dr,Westfield,IN,46074,324936,4,2.5,Washington,3716,10890,2016,156,87,48,Sold,,,http://www.redfin.com/IN/Westfield/807-Oaklawn-Dr-46074/home/144540234,MIBOR,21529298,N,Y,40.0311634,-86.1715544
PAST SALE,December-8-2017,Single Family Residential,1359 Trifecta Way,Westfield,IN,46074,604043,4,4.5,Washington,4473,12414,2017,86,135,43,Sold,,,http://www.redfin.com/IN/Westfield/1359-Trifecta-Way-46074/home/144402336,MIBOR,21526862,N,Y,40.0255544,-86.1822698
PAST SALE,October-6-2017,Single Family Residential,16937 Stroud Ln,Westfield,IN,46074,192900,3,2.5,Washington,1813,6534,2015,149,106,25,Sold,,,http://www.redfin.com/IN/Westfield/16937-Stroud-Ln-46074/home/109537746,MIBOR,21507525,N,Y,40.0327917,-86.173382
PAST SALE,December-29-2017,Single Family Residential,1036 Burgess Hill Pass,Westfield,IN,46074,330315,4,2.5,Washington,2750,11325,2017,65,120,35,Sold,,,http://www.redfin.com/IN/Westfield/1036-Burgess-Hill-Pass-46074/home/144600736,MIBOR,21530027,N,Y,40.0279143,-86.1759507
PAST SALE,December-29-2017,Single Family Residential,3581 Shady Lake Dr,Westfield,IN,46074,475000,4,3,Washington,3651,13503,2015,65,130,21,Sold,,,http://www.redfin.com/IN/WESTFIELD/3581-SHADY-LAKE-DR-46074/home/101619824,MIBOR,21496294,N,Y,40.0215499,-86.1955169
PAST SALE,December-29-2017,Single Family Residential,16968 Napoleon Ct,Westfield,IN,46074,285000,4,2.5,Washington,4392,11325,2002,65,65,42,Sold,,,http://www.redfin.com/IN/Westfield/16968-Napoleon-Ct-46074/home/82354857,MIBOR,21514987,N,Y,40.0328586,-86.1574617
PAST SALE,January-12-2018,Single Family Residential,1339 Julep Ln,Westfield,IN,46074,500000,4,3.5,Washington,5726,11891,2017,51,87,43,Sold,,,http://www.redfin.com/IN/Westfield/1339-Julep-Ln-46074/home/143040803,MIBOR,21503226,N,Y,40.0265136,-86.182259
PAST SALE,January-18-2018,Single Family Residential,4432 N Evergreen Trl,Carmel,IN,46074,440240,5,3.5,Clay,5012,16030,2017,45,88,58,Sold,,,http://www.redfin.com/IN/Carmel/4432-N-Evergreen-Trl-46074/home/144720901,MIBOR,21541250,N,Y,40.0215499,-86.1955169
PAST SALE,December-8-2017,Single Family Residential,1371 Trifecta Way,Westfield,IN,46074,426112,4,4.5,Washington,4200,13939,2017,86,101,,Sold,,,http://www.redfin.com/IN/Westfield/1371-Trifecta-Way-46074/home/144882800,MIBOR,21545985,N,Y,40.0255544,-86.1822698
PAST SALE,February-9-2018,Single Family Residential,16976 Brigg Ct,Westfield,IN,46074,207000,3,2.5,Washington,2130,6534,2007,23,97,28,Sold,,,http://www.redfin.com/IN/Westfield/16976-Brigg-Ct-46074/home/82354695,MIBOR,21524967,N,Y,40.0345101,-86.1776985
PAST SALE,February-7-2018,Single Family Residential,557 E Pine Ridge Dr,Westfield,IN,46074,170000,3,2,Washington,1541,10018,1996,25,110,15,Sold,,,http://www.redfin.com/IN/Westfield/557-Pine-Ridge-Dr-46074/home/59998134,MIBOR,21539959,N,Y,40.0394018,-86.1483469
PAST SALE,January-30-2018,Single Family Residential,810 Oaklawn Dr,Hamilton,IN,46074,313630,3,3.5,Washington,2676,8712,2017,33,117,48,Sold,,,http://www.redfin.com/IN/Westfield/810-Oaklawn-Dr-46074/home/144791031,MIBOR,21542803,N,Y,40.0311628,-86.1715833
PAST SALE,February-23-2018,Single Family Residential,3686 Snowdon Dr,Westfield,IN,46074,358750,4,2.5,Washington,4215,11325,2017,9,85,70,Sold,,,http://www.redfin.com/IN/Westfield/3686-Snowdon-Dr-46074/home/144635798,MIBOR,21539602,N,Y,40.037008,-86.10422
PAST SALE,December-13-2017,Single Family Residential,16785 Cabrillio Ct,Westfield,IN,46074,451775,4,4,Washington,4621,17859,2017,81,98,56,Sold,,,http://www.redfin.com/IN/Westfield/16785-Cabrillo-Ct-46074/home/144316242,MIBOR,21524810,N,Y,40.0295615,-86.1622336
PAST SALE,January-31-2018,Single Family Residential,2670 Old Vines Dr,Westfield,IN,46074,475000,5,4.5,Washington,5913,17859,2004,32,80,50,Sold,,,http://www.redfin.com/IN/Westfield/2670-Old-Vines-Dr-46074/home/60043054,MIBOR,21524168,N,Y,40.0302154,-86.1151787
PAST SALE,February-16-2018,Single Family Residential,16318 Meadowlands Ct,Westfield,IN,46074,185270,2,2,Washington,1251,2613,2017,16,148,200,Sold,,,http://www.redfin.com/IN/Westfield/16318-Meadowlands-Ct-46074/home/108291867,MIBOR,21529456,N,Y,40.025867,-86.1436559
PAST SALE,February-28-2018,Single Family Residential,601 S Union St,Westfield,IN,46074,187500,3,2,Washington,1901,14374,1900,4,99,,Sold,,,http://www.redfin.com/IN/Westfield/601-S-Union-St-46074/home/60002574,MIBOR,21542952,N,Y,40.0364225,-86.1279275
PAST SALE,November-14-2017,Single Family Residential,19504 Ethan Allen Ln,Westfield,IN,46074,265000,4,2.5,Washington,2142,17424,1975,110,124,0,Sold,,,http://www.redfin.com/IN/Westfield/19504-Ethan-Allen-Ln-46074/home/66921602,MIBOR,21517646,N,Y,40.0709583,-86.1245962
PAST SALE,November-16-2017,Single Family Residential,18915 Crestview Ct,Westfield,IN,46074,158000,3,2,Washington,1534,17859,1974,108,103,,Sold,,,http://www.redfin.com/IN/Westfield/18915-Crestview-Ct-46074/home/107110236,MIBOR,21514370,N,Y,40.0620935,-86.1162586
PAST SALE,January-16-2018,Single Family Residential,223 N Union St,Westfield,IN,46074,150000,2,1,Washington,1044,12871,1950,47,144,,Sold,,,http://www.redfin.com/IN/Westfield/223-N-Union-St-46074/home/82347228,MIBOR,21516759,N,Y,40.044689,-86.128154
PAST SALE,January-26-2018,Single Family Residential,224 Beechwood Dr,Westfield,IN,46074,182500,3,2,Washington,1623,18861,1972,37,112,,Sold,,,http://www.redfin.com/IN/Westfield/224-Beechwood-Dr-46074/home/60063266,MIBOR,21524651,N,Y,40.0514834,-86.1251285
PAST SALE,January-5-2018,Single Family Residential,2756 Caden Ct,Westfield,IN,46074,640000,4,3.5,Washington,5199,19602,2009,58,123,48,Sold,,,http://www.redfin.com/IN/Westfield/2756-Caden-Ct-46074/home/60086897,MIBOR,21515126,N,Y,40.0326489,-86.1131696
PAST SALE,September-18-2017,Single Family Residential,1130 Windsor Estates Ct,Westfield,IN,46074,470000,4,3.5,Washington,4995,14810,2017,167,94,81,Sold,,,http://www.redfin.com/IN/Westfield/1149-Westfield-Rd-46074/home/132237686,MIBOR,21477763,N,Y,40.074382,-86.137428
PAST SALE,September-22-2017,Single Family Residential,1298 Timber Bluff Rd,Westfield,IN,46074,315560,4,2.5,Washington,3424,8276,2017,163,92,46,Sold,,,http://www.redfin.com/IN/Westfield/1298-Timber-Bluff-Rd-46074/home/143996804,MIBOR,21517164,N,Y,40.0527321,-86.183244
PAST SALE,October-27-2017,Single Family Residential,1260 Reichert Dr,Westfield,IN,46074,338130,4,2.5,Washington,4734,8276,2017,128,71,,Sold,,,http://www.redfin.com/IN/Westfield/1260-Reichart-Dr-46074/home/144278750,MIBOR,21523966,N,Y,40.0537217,-86.1825923
PAST SALE,September-8-2017,Single Family Residential,3948 Bear Creek Way,Carmel,IN,46074,539647,4,3.5,Clay,6138,12632,2017,177,88,,Sold,,,http://www.redfin.com/IN/Carmel/3948-Bear-Creek-Way-46074/home/144450644,MIBOR,21524214,N,Y,40.0215499,-86.1955169
PAST SALE,September-21-2017,Single Family Residential,4460 Evergreen Trl,Carmel,IN,46074,572178,5,4.5,Clay,6044,14374,2017,164,95,58,Sold,,,http://www.redfin.com/IN/Carmel/4460-Evergreen-Trl-46074/home/144482031,MIBOR,21526630,N,Y,40.0215499,-86.1955169
PAST SALE,December-8-2017,Single Family Residential,18171 Pennsy Way,Westfield,IN,46074,196345,3,2,Washington,1500,10890,2017,86,131,,Sold,,,http://www.redfin.com/IN/Westfield/18171-Pennsy-Way-46074/home/144483022,MIBOR,21528791,N,Y,40.0512207,-86.1731312
PAST SALE,December-7-2017,Single Family Residential,1355 Hazy Falls Blvd,Westfield,IN,46074,307645,5,3,Washington,3408,11761,2017,87,90,46,Sold,,,http://www.redfin.com/IN/Westfield/1355-Hazy-Falls-Blvd-46074/home/144485480,MIBOR,21528220,N,Y,40.0499511,-86.1843592
PAST SALE,December-15-2017,Single Family Residential,16939 Kingsbridge Blvd,Westfield,IN,46074,187000,3,2.5,Washington,2056,7840,2011,79,91,25,Sold,,,http://www.redfin.com/IN/Westfield/16939-Kingsbridge-Blvd-46074/home/60109587,MIBOR,21525646,N,Y,40.0327905,-86.1754825
PAST SALE,December-11-2017,Single Family Residential,1291 Cliff View Dr,Westfield,IN,46074,330000,4,2.5,Washington,4125,8276,2013,83,80,33,Sold,,,http://www.redfin.com/IN/Westfield/1291-Cliff-View-Dr-46074/home/96104138,MIBOR,21490154,N,Y,40.050569,-86.1829844
PAST SALE,December-29-2017,Single Family Residential,1362 Timber Bluff Rd,Westfield,IN,46074,346804,5,3.5,Washington,3270,10018,2017,65,106,46,Sold,,,http://www.redfin.com/IN/Westfield/1362-Timber-Bluff-Rd-46074/home/144628544,MIBOR,21529034,N,Y,40.0527319,-86.1843384
PAST SALE,January-9-2018,Single Family Residential,937 Parker Ln,Westfield,IN,46074,276827,4,2.5,Washington,3079,9147,2017,54,90,37,Sold,,,http://www.redfin.com/IN/Westfield/937-Parker-Ln-46074/home/113965441,MIBOR,21487248,N,Y,40.05642,-86.17493
PAST SALE,October-31-2017,Single Family Residential,18130 Sunbrook Way,Westfield,IN,46074,333999,5,3,Washington,3463,8712,2017,124,96,46,Sold,,,http://www.redfin.com/IN/Westfield/18130-Sunbrook-Way-46074/home/144228541,MIBOR,21522770,N,Y,40.0215499,-86.1955169
PAST SALE,January-17-2018,Single Family Residential,1347 Hazy Falls Blvd,Westfield,IN,46074,315215,3,2,Washington,4034,11761,2017,46,78,42,Sold,,,http://www.redfin.com/IN/Westfield/1347-Hazy-Falls-Blvd-46074/home/144758537,MIBOR,21541905,N,Y,40.0499511,-86.1843592
