SALE TYPE,SOLD DATE,PROPERTY TYPE,ADDRESS,CITY,STATE,ZIP,PRICE,BEDS,BATHS,LOCATION,SQUARE FEET,LOT SIZE,YEAR BUILT,DAYS ON MARKET,$/SQUARE FEET,HOA/MONTH,STATUS,NEXT OPEN HOUSE START TIME,NEXT OPEN HOUSE END TIME,URL (SEE http://www.redfin.com/buy-a-home/comparative-market-analysis FOR INFO ON PRICING),SOURCE,MLS#,FAVORITE,INTERESTED,LATITUDE,LONGITUDE
PAST SALE,September-29-2017,Single Family Residential,7609 Timber Springs Dr S,Fishers,IN,46038,360000,4,3.5,Delaware,4352,13068,1993,167,83,36,Sold,,,http://www.redfin.com/IN/Fishers/7609-Timber-Springs-Dr-S-46038/home/60088988,MIBOR,21474817,N,Y,39.9464255,-86.0295942
PAST SALE,September-22-2017,Single Family Residential,11054 Wintercove Way,Fishers,IN,46038,345000,3,3,Delaware,2486,16552,1999,174,139,37,Sold,,,http://www.redfin.com/IN/Fishers/11054-Wintercove-Way-46038/home/60138219,MIBOR,21482362,N,Y,39.9505238,-86.0370056
PAST SALE,September-28-2017,Single Family Residential,10790 Solis Cir,Fishers,IN,46038,499900,4,4.5,Fall Creek,4210,13068,2017,168,119,,Sold,,,http://www.redfin.com/IN/Fishers/10790-Solis-Cir-46038/home/113752528,MIBOR,21479681,N,Y,39.9881895,-85.973205
PAST SALE,September-22-2017,Single Family Residential,8330 Harrison Pkwy,Fishers,IN,46038,273000,4,2.5,Delaware,2908,11325,1995,174,94,13,Sold,,,http://www.redfin.com/IN/Fishers/8330-Harrison-Pkwy-46038/home/82363482,MIBOR,21501994,N,Y,39.9889712,-86.0205689
PAST SALE,September-26-2017,Single Family Residential,13021 New Britton Dr,Fishers,IN,46038,428000,6,4.5,Delaware,4363,22651,2002,170,98,28,Sold,,,http://www.redfin.com/IN/Fishers/13021-New-Britton-Dr-46038/home/82363233,MIBOR,21491658,N,Y,39.9764958,-86.0223639
PAST SALE,October-2-2017,Single Family Residential,10541 Morning Song Dr,Fishers,IN,46038,215000,3,2.5,Fall Creek,3024,9583,2004,164,71,40,Sold,,,http://www.redfin.com/IN/Fishers/10541-Morning-Song-Dr-46038/home/82370245,MIBOR,21506416,N,Y,39.9941089,-85.9814342
PAST SALE,September-21-2017,Single Family Residential,11244 Tall Trees Dr,Fishers,IN,46038,185000,3,2,Delaware,1434,10010,1996,175,129,18,Sold,,,http://www.redfin.com/IN/Fishers/11244-Tall-Trees-Dr-46038/home/82377929,MIBOR,21506663,N,Y,39.9516515,-86.0545237
PAST SALE,September-22-2017,Single Family Residential,13692 Wendessa Dr,Fishers,IN,46038,244900,3,2.5,Fall Creek,3060,6969,2007,174,80,35,Sold,,,http://www.redfin.com/IN/Fishers/13692-Wendessa-Dr-46038/home/60037851,MIBOR,21502135,N,Y,39.9882754,-85.9563796
PAST SALE,September-20-2017,Single Family Residential,14515 Harrison Pkwy,Fishers,IN,46038,205000,4,2.5,Delaware,2021,8276,2001,176,101,13,Sold,,,http://www.redfin.com/IN/Fishers/14515-Harrison-Pkwy-46038/home/60061294,MIBOR,21495629,N,Y,39.9994258,-86.0102638
PAST SALE,September-22-2017,Single Family Residential,11060 Chandler Way,Fishers,IN,46038,339900,5,3.5,Fall Creek,5451,10018,2004,174,62,41,Sold,,,http://www.redfin.com/IN/Fishers/11060-Chandler-Way-46038/home/66825632,MIBOR,21485743,N,Y,39.9890532,-85.9689682
PAST SALE,September-21-2017,Single Family Residential,9891 E Sapphire Berry Ln,Fishers,IN,46038,199000,3,2.5,Fall Creek,2095,6534,2000,175,95,21,Sold,,,http://www.redfin.com/IN/Fishers/9891-Sapphire-Berry-Ln-46038/home/67088537,MIBOR,21506097,N,Y,39.9997385,-85.9926011
PAST SALE,September-22-2017,Single Family Residential,11382 Wilderness Trl,Fishers,IN,46038,241000,3,3,Delaware,2535,8276,1994,174,95,18,Sold,,,http://www.redfin.com/IN/Fishers/11382-Wilderness-Trl-46038/home/67098058,MIBOR,21504636,N,Y,39.9531236,-86.0533388
PAST SALE,September-27-2017,Single Family Residential,14046 Heatherfield Dr,Fishers,IN,46038,320000,3,2.5,Fall Creek,2006,4791,2017,169,160,,Sold,,,http://www.redfin.com/IN/Fishers/14046-Heatherfield-Dr-46038/home/113001255,MIBOR,21471883,N,Y,39.9924489,-85.9740536
PAST SALE,September-29-2017,Single Family Residential,6839 Cherry Laurel Ln,Fishers,IN,46038,176000,3,2,Delaware,1547,7840,1989,167,114,35,Sold,,,http://www.redfin.com/IN/Fishers/6839-Cherry-Laurel-Ln-46038/home/60031688,MIBOR,21510463,N,Y,39.9537141,-86.0483199
PAST SALE,September-18-2017,Single Family Residential,11133 Litchfield Pl,Fishers,IN,46038,312500,4,2.5,Fall Creek,5025,8276,2005,178,62,41,Sold,,,http://www.redfin.com/IN/Fishers/11133-Litchfield-Pl-46038/home/82370650,MIBOR,21478901,N,Y,39.9917007,-85.9668138
PAST SALE,September-22-2017,Single Family Residential,7696 Ensley Ct,Fishers,IN,46038,237000,4,2.5,Delaware,3121,15245,1988,174,76,3,Sold,,,http://www.redfin.com/IN/Fishers/7696-Ensley-Ct-46038/home/60107044,MIBOR,21503880,N,Y,39.9695811,-86.0296739
PAST SALE,September-25-2017,Single Family Residential,7814 Ashton Pl,Fishers,IN,46038,195000,4,2.5,Delaware,2066,10018,1987,171,94,,Sold,,,http://www.redfin.com/IN/Fishers/7814-Ashton-Pl-46038/home/60096712,MIBOR,21504332,N,Y,39.9616626,-86.0253302
PAST SALE,September-19-2017,Single Family Residential,8726 Terrace Pl,Fishers,IN,46038,183000,3,2,Delaware,1510,31293,1963,177,121,,Sold,,,http://www.redfin.com/IN/Fishers/8726-Terrace-Pl-46038/home/82363195,MIBOR,21490655,N,Y,39.9994008,-86.0153661
PAST SALE,September-18-2017,Single Family Residential,9736 Hamilton Hills Ln,Fishers,IN,46038,275000,4,2.5,Delaware,3996,47916,1959,178,69,,Sold,,,http://www.redfin.com/IN/Fishers/9736-Hamilton-Hills-Ln-46038/home/82380204,MIBOR,21496613,N,Y,39.9307313,-86.054693
PAST SALE,October-3-2017,Single Family Residential,11146 Oakridge Dr,Fishers,IN,46038,190900,4,2,Delaware,1678,9718,1990,163,114,,Sold,,,http://www.redfin.com/IN/Fishers/11146-Oakridge-Dr-46038/home/82377995,MIBOR,21505377,N,Y,39.9481476,-86.0466269
PAST SALE,October-4-2017,Single Family Residential,12574 Traverse Pl,Fishers,IN,46038,208900,4,2.5,Delaware,2116,7487,1993,162,99,40,Sold,,,http://www.redfin.com/IN/Fishers/12574-Traverse-Pl-46038/home/60050132,MIBOR,21507766,N,Y,39.9708205,-86.0124734
PAST SALE,October-30-2017,Single Family Residential,13090 Sweet Spring Ct,Fishers,IN,46038,350000,6,4,Delaware,4350,18730,1998,136,80,,Sold,,,http://www.redfin.com/IN/Fishers/13090-Sweet-Spring-Ct-46038/home/82363071,MIBOR,21506637,N,Y,39.978249,-86.0202488
PAST SALE,November-10-2017,Single Family Residential,10119 Beresford Ct,Fishers,IN,46038,186200,4,2.5,Fall Creek,1932,8712,2000,125,96,54,Sold,,,http://www.redfin.com/IN/Fishers/10119-Beresford-Ct-46038/home/67111159,MIBOR,21492711,N,Y,39.9796333,-85.9888923
PAST SALE,October-17-2017,Single Family Residential,6135 Woodmill Dr,Fishers,IN,46038,159500,2,2,Delaware,1294,9352,1996,149,123,12,Sold,,,http://www.redfin.com/IN/Fishers/6135-Woodmill-Dr-46038/home/66946021,MIBOR,21511533,N,Y,39.9369454,-86.0618618
PAST SALE,October-25-2017,Single Family Residential,13450 Creektree Ln,Fishers,IN,46038,193000,3,2.5,Fall Creek,2180,8276,2001,141,89,40,Sold,,,http://www.redfin.com/IN/Fishers/13450-Creektree-Ln-46038/home/66803224,MIBOR,21512511,N,Y,39.9821503,-85.9893111
PAST SALE,November-3-2017,Single Family Residential,6443 Salem Dr,Fishers,IN,46038,181000,2,2,Delaware,1548,9051,1993,132,117,50,Sold,,,http://www.redfin.com/IN/Fishers/6443-Salem-Dr-46038/home/82377879,MIBOR,21512025,N,Y,39.9488834,-86.0558879
PAST SALE,October-16-2017,Single Family Residential,13168 Promise Rd,Fishers,IN,46038,297000,4,3,Fall Creek,2833,130680,1976,150,105,,Sold,,,http://www.redfin.com/IN/Fishers/13168-Promise-Rd-46038/home/82371575,MIBOR,21494332,N,Y,39.9805503,-85.9702648
PAST SALE,October-19-2017,Single Family Residential,10706 Raven Ct,Fishers,IN,46038,198000,3,2.5,Fall Creek,2340,11761,2001,147,85,40,Sold,,,http://www.redfin.com/IN/Fishers/10706-Raven-Ct-46038/home/60116091,MIBOR,21506471,N,Y,39.9754625,-85.9782831
PAST SALE,September-29-2017,Single Family Residential,10375 Delphi Ct,Fishers,IN,46038,240900,5,2.5,Fall Creek,4023,10454,2001,167,60,33,Sold,,,http://www.redfin.com/IN/Fishers/10375-Delphi-Ct-46038/home/67113197,MIBOR,21502422,N,Y,39.9912265,-85.9831692
PAST SALE,October-18-2017,Single Family Residential,13672 Van Buren Pl,Fishers,IN,46038,212500,3,2.5,Fall Creek,1934,8276,2012,148,110,41,Sold,,,http://www.redfin.com/IN/Fishers/13672-Van-Buren-Pl-46038/home/107073975,MIBOR,21509976,N,Y,39.9880387,-85.9622055
PAST SALE,October-13-2017,Single Family Residential,10746 Raven Ct,Fishers,IN,46038,236450,4,2.5,Fall Creek,3154,19166,2001,153,75,40,Sold,,,http://www.redfin.com/IN/Fishers/10746-Raven-Ct-46038/home/67073321,MIBOR,21494664,N,Y,39.9753617,-85.9776847
PAST SALE,October-4-2017,Single Family Residential,11223 Stratford Way,Fishers,IN,46038,202000,2,2,Delaware,1297,10890,1991,162,156,52,Sold,,,http://www.redfin.com/IN/Fishers/11223-Stratford-Way-46038/home/66923596,MIBOR,21506600,N,Y,39.9525034,-86.0551311
PAST SALE,October-11-2017,Single Family Residential,11260 Red Fox Run,Fishers,IN,46038,182500,3,2,Delaware,1684,8712,1998,155,108,18,Sold,,,http://www.redfin.com/IN/Fishers/11260-Red-Fox-Run-46038/home/66862827,MIBOR,21503055,N,Y,39.9506532,-86.0478418
PAST SALE,September-29-2017,Single Family Residential,112 Willowood Ln,Fishers,IN,46038,199900,3,2.5,Delaware,1878,11325,1976,167,106,,Sold,,,http://www.redfin.com/IN/Fishers/112-Willowood-Ln-46038/home/67006066,MIBOR,21496214,N,Y,39.9666218,-86.0344954
PAST SALE,September-20-2017,Single Family Residential,9682 Indigo Ln,Fishers,IN,46038,189000,3,2.5,Delaware,2054,7405,1999,176,92,42,Sold,,,http://www.redfin.com/IN/Fishers/9682-Indigo-Ln-46038/home/60040046,MIBOR,21497631,N,Y,39.988137,-85.9963095
PAST SALE,October-4-2017,Single Family Residential,13858 Wabash Dr,Fishers,IN,46038,173000,3,2,Delaware,1404,7200,1996,162,123,16,Sold,,,http://www.redfin.com/IN/Fishers/13858-Wabash-Dr-46038/home/66974720,MIBOR,21503719,N,Y,39.9893704,-86.0138313
PAST SALE,October-13-2017,Single Family Residential,105 Meadow Ln,Fishers,IN,46038,218000,4,2.5,Delaware,3157,12100,1976,153,69,4,Sold,,,http://www.redfin.com/IN/Fishers/105-Meadow-Ln-46038/home/67101424,MIBOR,21510904,N,Y,39.9656738,-86.0344278
PAST SALE,October-4-2017,Single Family Residential,10445 Harlowe Dr,Fishers,IN,46038,185900,3,2.5,Fall Creek,1804,8751,1999,162,103,40,Sold,,,http://www.redfin.com/IN/Fishers/10445-Harlowe-Dr-46038/home/60161775,MIBOR,21491251,N,Y,39.9758697,-85.9831093
PAST SALE,October-6-2017,Single Family Residential,7817 Cameron Pl,Fishers,IN,46038,179900,3,1.5,Delaware,1796,10018,1983,160,100,,Sold,,,http://www.redfin.com/IN/Fishers/7817-Cameron-Pl-46038/home/60165303,MIBOR,21508067,N,Y,39.9578321,-86.0258252
PAST SALE,October-3-2017,Single Family Residential,12925 Howe Rd,Fishers,IN,46038,206000,3,2.5,Fall Creek,2758,11761,2001,163,75,40,Sold,,,http://www.redfin.com/IN/Fishers/12925-Howe-Rd-46038/home/67078090,MIBOR,21494576,N,Y,39.9765395,-85.9793201
PAST SALE,October-4-2017,Single Family Residential,13918 Conner Knoll Pkwy,Fishers,IN,46038,299900,4,2.5,Delaware,3236,11761,1996,162,93,21,Sold,,,http://www.redfin.com/IN/Fishers/13918-Conner-Knoll-Pkwy-46038/home/82363264,MIBOR,21509561,N,Y,39.9888156,-86.0154658
PAST SALE,October-6-2017,Single Family Residential,10148 Creektree Ln,Fishers,IN,46038,267500,5,3.5,Fall Creek,3134,8276,2001,160,85,28,Sold,,,http://www.redfin.com/IN/Fishers/10148-Creektree-Ln-46038/home/59992674,MIBOR,21502637,N,Y,39.9833502,-85.9875364
PAST SALE,September-22-2017,Single Family Residential,8689 N Buffett Pkwy,Fishers,IN,46038,238000,5,2.5,Delaware,3612,12196,1992,174,66,8,Sold,,,http://www.redfin.com/IN/Fishers/8689-Buffett-Pkwy-46038/home/60079909,MIBOR,21495574,N,Y,39.983131,-86.0148641
PAST SALE,October-23-2017,Single Family Residential,8861 Woodlark,Fishers,IN,46038,220000,4,2,Delaware,1927,7405,1998,143,114,16,Sold,,,http://www.redfin.com/IN/Fishers/8861-Woodlark-Dr-46038/home/60104108,MIBOR,21512630,N,Y,39.9919862,-86.0127752
PAST SALE,September-29-2017,Single Family Residential,8580 Laurel Ct,Fishers,IN,46038,230000,4,2.5,Delaware,2213,12196,1992,167,104,8,Sold,,,http://www.redfin.com/IN/Fishers/8580-Laurel-Ct-46038/home/67093934,MIBOR,21509731,N,Y,39.9767949,-86.0179792
PAST SALE,October-23-2017,Single Family Residential,8845 Lindsey Ct,Fishers,IN,46038,219000,3,2.5,Delaware,2124,10018,2002,143,103,19,Sold,,,http://www.redfin.com/IN/Fishers/8845-Lindsey-Ct-46038/home/82370052,MIBOR,21511963,N,Y,39.998525,-86.0131738
PAST SALE,November-8-2017,Single Family Residential,14133 Calming Waters,Fishers,IN,46038,217253,3,2,Fall Creek,2070,13503,2003,127,105,40,Sold,,,http://www.redfin.com/IN/Fishers/14133-Calming-Waters-46038/home/82370507,MIBOR,21507598,N,Y,39.9944264,-85.980776
PAST SALE,October-26-2017,Single Family Residential,11266 Spring Blossom Ln,Fishers,IN,46038,165000,3,2,Delaware,1300,10454,1994,140,127,28,Sold,,,http://www.redfin.com/IN/Fishers/11266-Spring-Blossom-Ln-46038/home/82377645,MIBOR,21507032,N,Y,39.9527753,-86.0173129
PAST SALE,October-27-2017,Single Family Residential,8838 Moll Dr,Fishers,IN,46038,103000,3,1.5,Delaware,1368,13438,1962,139,75,,Sold,,,http://www.redfin.com/IN/Fishers/8838-Moll-Dr-46038/home/82381516,MIBOR,21516493,N,Y,39.952527,-86.0126855
PAST SALE,November-7-2017,Single Family Residential,12765 Allisonville Rd,Fishers,IN,46038,354000,3,2,Delaware,2941,63162,1900,128,120,,Sold,,,http://www.redfin.com/IN/Fishers/12765-Allisonville-Rd-46038/home/60000913,MIBOR,21509709,N,Y,39.9737986,-86.0323828
PAST SALE,November-10-2017,Single Family Residential,60 Apple Tree Cir,Fishers,IN,46038,282000,5,2.5,Delaware,3321,16552,1979,125,85,2,Sold,,,http://www.redfin.com/IN/Fishers/60-Apple-Tree-Cir-46038/home/60086847,MIBOR,21516964,N,Y,39.9687255,-86.0339376
PAST SALE,November-3-2017,Single Family Residential,11254 Duncan Dr,Fishers,IN,46038,229900,3,2.5,Fall Creek,2144,7840,2011,132,107,41,Sold,,,http://www.redfin.com/IN/Fishers/11254-Duncan-Dr-46038/home/60103487,MIBOR,21510750,N,Y,39.9916456,-85.9628865
PAST SALE,November-3-2017,Single Family Residential,6634 Wilderness Trl,Fishers,IN,46038,228500,3,2.5,Delaware,1998,16064,1998,132,114,17,Sold,,,http://www.redfin.com/IN/Fishers/6634-Wilderness-Trl-46038/home/66876084,MIBOR,21512063,N,Y,39.9521498,-86.047085
PAST SALE,October-30-2017,Single Family Residential,7552 Meadow Ridge Dr,Fishers,IN,46038,240000,4,2.5,Delaware,2139,12196,1989,136,112,28,Sold,,,http://www.redfin.com/IN/Fishers/7552-Meadow-Ridge-Dr-46038/home/67064975,MIBOR,21512740,N,Y,39.9451134,-86.0318114
PAST SALE,October-31-2017,Single Family Residential,6878 Wild Cherry Dr,Fishers,IN,46038,154900,2,2.5,Delaware,1694,7230,1989,135,91,35,Sold,,,http://www.redfin.com/IN/Fishers/6878-Wild-Cherry-Dr-46038/home/67091189,MIBOR,21511905,N,Y,39.9551513,-86.0475829
PAST SALE,November-1-2017,Single Family Residential,9943 Orange Blossom Trl,Fishers,IN,46038,170500,3,2.5,Fall Creek,2111,6534,2001,134,81,21,Sold,,,http://www.redfin.com/IN/Fishers/9943-Orange-Blossom-Trl-46038/home/67094371,MIBOR,21513615,N,Y,39.999108,-85.9917238
PAST SALE,October-10-2017,Single Family Residential,7067 Koldyke Pl,Fishers,IN,46038,385000,4,3,Delaware,3547,14374,1990,156,109,33,Sold,,,http://www.redfin.com/IN/Fishers/7067-Koldyke-Pl-46038/home/82366865,MIBOR,21494095,N,Y,39.9640103,-86.0460094
PAST SALE,October-27-2017,Single Family Residential,6372 Hillview Cir,Fishers,IN,46038,178000,3,2,Delaware,1318,6098,1996,139,135,33,Sold,,,http://www.redfin.com/IN/Fishers/6372-Hillview-Cir-46038/home/60101147,MIBOR,21512552,N,Y,39.9412514,-86.0541354
PAST SALE,September-29-2017,Single Family Residential,10698 Helios Cir,Fishers,IN,46038,473919,4,3.5,Fall Creek,4107,13939,2017,167,115,100,Sold,,,http://www.redfin.com/IN/Fishers/10698-Amber-Meadow-Dr-W-46038/home/144622186,MIBOR,21529986,N,Y,39.9900339,-85.9761393
PAST SALE,November-10-2017,Single Family Residential,13020 Wingstem Ct,Fishers,IN,46038,178500,4,2.5,Delaware,1892,9422,1994,125,94,15,Sold,,,http://www.redfin.com/IN/Fishers/13020-Wingstem-Ct-46038/home/60128987,MIBOR,21511827,N,Y,39.9780888,-85.995193
PAST SALE,December-18-2017,Single Family Residential,10673 Summerwood Ln,Fishers,IN,46038,184000,3,2,Fall Creek,1432,10890,2002,87,128,17,Sold,,,http://www.redfin.com/IN/Fishers/10673-Summerwood-Ln-46038/home/82372129,MIBOR,21492134,N,Y,39.9794474,-85.978303
PAST SALE,March-1-2018,Single Family Residential,13065 Sweet Briar Pkwy,Fishers,IN,46038,218000,4,2.5,Fall Creek,2048,7840,1996,14,106,25,Sold,,,http://www.redfin.com/IN/Fishers/13065-Sweet-Briar-Pkwy-46038/home/60141323,MIBOR,21540871,N,Y,39.9783549,-85.986659
PAST SALE,October-12-2017,Single Family Residential,13089 Lamarque Pl,Fishers,IN,46038,203000,3,2,Fall Creek,2110,15245,2000,154,96,25,Sold,,,http://www.redfin.com/IN/Fishers/13089-Lamarque-Pl-46038/home/82372150,MIBOR,21475840,N,Y,39.9787457,-85.985802
PAST SALE,November-10-2017,Single Family Residential,10033 Boysenberry Dr,Fishers,IN,46038,172000,4,2.5,Fall Creek,2252,5227,2000,125,76,23,Sold,,,http://www.redfin.com/IN/Fishers/10033-Boysenberry-Dr-46038/home/60080221,MIBOR,21494256,N,Y,40.0004165,-85.9902084
PAST SALE,November-6-2017,Single Family Residential,13005 Sweet Briar Pkwy,Fishers,IN,46038,220000,3,2.5,Fall Creek,2144,8276,1997,129,103,25,Sold,,,http://www.redfin.com/IN/Fishers/13005-Sweet-Briar-Pkwy-46038/home/60145768,MIBOR,21518636,N,Y,39.9777943,-85.986659
PAST SALE,November-17-2017,Single Family Residential,14384 Orange Blossom Trl,Fishers,IN,46038,197500,3,2.5,Fall Creek,2350,6534,2000,118,84,23,Sold,,,http://www.redfin.com/IN/Fishers/14384-Orange-Blossom-Trl-46038/home/66941578,MIBOR,21517466,N,Y,39.9977031,-85.986978
PAST SALE,October-26-2017,Single Family Residential,8699 Willow Ct,Fishers,IN,46038,111000,3,1,Delaware,1104,16988,1963,140,101,,Sold,,,http://www.redfin.com/IN/Fishers/8699-Willow-Dr-46038/home/82363189,MIBOR,21516568,N,Y,39.9979692,-86.0159341
PAST SALE,November-10-2017,Single Family Residential,12536 Pointer Pl,Fishers,IN,46038,207500,3,2,Delaware,1886,12349,1989,125,110,,Sold,,,http://www.redfin.com/IN/Fishers/12536-Pointer-Pl-46038/home/73954205,MIBOR,21512109,N,Y,39.9695187,-86.0208267
PAST SALE,October-19-2017,Single Family Residential,12479 Farley Dr,Fishers,IN,46038,199900,4,2.5,Delaware,2156,12632,1991,147,93,,Sold,,,http://www.redfin.com/IN/Fishers/12479-Farley-Dr-46038/home/82367493,MIBOR,21492213,N,Y,39.967787,-86.0170402
PAST SALE,November-17-2017,Single Family Residential,8870 Delaney Dr,Fishers,IN,46038,278000,4,3.5,Delaware,3486,11761,2001,118,80,19,Sold,,,http://www.redfin.com/IN/Fishers/8870-Delaney-Dr-46038/home/82370088,MIBOR,21512611,N,Y,39.9981042,-86.0125759
PAST SALE,November-27-2017,Single Family Residential,14144 Cliffwood Pl,Fishers,IN,46038,199900,4,2.5,Fall Creek,2760,6534,2001,108,72,27,Sold,,,http://www.redfin.com/IN/Fishers/14144-Cliffwood-Pl-46038/home/82370619,MIBOR,21519443,N,Y,39.9943443,-85.9917238
PAST SALE,September-22-2017,Single Family Residential,10301 Cotton Blossom Dr,Fishers,IN,46038,210000,3,2.5,Fall Creek,2870,11761,2002,174,73,23,Sold,,,http://www.redfin.com/IN/Fishers/10301-Cotton-Blossom-Dr-46038/home/82370544,MIBOR,21504711,N,Y,39.9977211,-85.9851833
PAST SALE,November-29-2017,Single Family Residential,11128 Mcdowell Dr,Fishers,IN,46038,287500,4,2,Fall Creek,2814,11761,2009,106,102,41,Sold,,,http://www.redfin.com/IN/Fishers/11128-McDowell-Dr-46038/home/82370567,MIBOR,21517772,N,Y,39.9871202,-85.9663351
PAST SALE,October-27-2017,Single Family Residential,11101 Ellsworth Ln,Fishers,IN,46038,240000,4,2.5,Fall Creek,2834,8276,2006,139,85,41,Sold,,,http://www.redfin.com/IN/Fishers/11101-Ellsworth-Ln-46038/home/82370818,MIBOR,21502932,N,Y,39.9901092,-85.9676716
PAST SALE,November-16-2017,Single Family Residential,13695 Luxor Chase,Fishers,IN,46038,237000,3,2.5,Hamilton,2063,7840,2008,119,115,33,Sold,,,http://www.redfin.com/IN/Fishers/13695-Luxor-Chase-46038/home/82370978,MIBOR,21464881,N,Y,39.9885744,-85.9534664
PAST SALE,October-23-2017,Single Family Residential,13326 Trailwood Dr,Fishers,IN,46038,206000,3,2.5,Fall Creek,2585,11761,2003,143,80,25,Sold,,,http://www.redfin.com/IN/Fishers/13326-Trailwood-Dr-46038/home/82372206,MIBOR,21503370,N,Y,39.9819188,-85.979719
PAST SALE,November-3-2017,Single Family Residential,8918 Torrance Pl,Fishers,IN,46038,186000,3,2,Delaware,1406,9866,1993,132,132,37,Sold,,,http://www.redfin.com/IN/Fishers/8918-Torrance-Pl-46038/home/82372604,MIBOR,21517552,N,Y,39.9678585,-86.0097854
PAST SALE,November-30-2017,Single Family Residential,10750 Hague Rd,Fishers,IN,46038,320000,4,2.5,Delaware,2204,55756,1980,105,145,,Sold,,,http://www.redfin.com/IN/Fishers/10750-Hague-Rd-46038/home/82377458,MIBOR,21518622,N,Y,39.9438799,-86.0336586
PAST SALE,November-30-2017,Single Family Residential,10796 Northfield Cir,Fishers,IN,46038,229500,3,2.5,Delaware,1977,13068,1990,105,116,,Sold,,,http://www.redfin.com/IN/Fishers/10796-Northfield-Cir-46038/home/82377751,MIBOR,21517873,N,Y,39.9465164,-86.0356501
PAST SALE,October-13-2017,Single Family Residential,9628 Hamilton Hills Dr,Fishers,IN,46038,239000,4,3,Delaware,5428,56628,1950,153,44,,Sold,,,http://www.redfin.com/IN/Fishers/9628-Hamilton-Hills-Dr-46038/home/82380208,MIBOR,21506036,N,Y,39.929515,-86.0530998
PAST SALE,November-29-2017,Single Family Residential,9945 Plantana Blvd,Fishers,IN,46038,172000,3,2,Fall Creek,1520,14374,1996,106,113,42,Sold,,,http://www.redfin.com/IN/Fishers/9945-Plantana-Blvd-46038/home/59985363,MIBOR,21517531,N,Y,39.9916386,-85.9922023
PAST SALE,November-28-2017,Single Family Residential,8693 Buffett Pkwy,Fishers,IN,46038,206500,3,2.5,Delaware,1896,12196,1992,107,109,11,Sold,,,http://www.redfin.com/IN/Fishers/8693-Buffett-Pkwy-46038/home/60037857,MIBOR,21514780,N,Y,39.9828433,-86.0148753
PAST SALE,November-30-2017,Single Family Residential,113 Northland St,Fishers,IN,46038,177500,3,2,Delaware,1363,14400,1983,105,130,3,Sold,,,http://www.redfin.com/IN/Fishers/113-Northland-St-46038/home/60082620,MIBOR,21516416,N,Y,39.9704235,-86.0297138
PAST SALE,September-29-2017,Single Family Residential,12620 Longleaf Ln,Fishers,IN,46038,150000,3,2.5,Delaware,1650,7405,1997,167,91,15,Sold,,,http://www.redfin.com/IN/Fishers/12620-Longleaf-Ln-46038/home/60096171,MIBOR,21503003,N,Y,39.971901,-85.9963295
PAST SALE,November-21-2017,Single Family Residential,14042 Andreas Ct,Fishers,IN,46038,258000,4,2.5,Fall Creek,3597,10018,2009,114,72,27,Sold,,,http://www.redfin.com/IN/Fishers/14042-Andreas-Ct-46038/home/60094317,MIBOR,21496129,N,Y,39.9932071,-85.9600508
PAST SALE,November-27-2017,Single Family Residential,308 Granger Ct,Fishers,IN,46038,193900,3,2,Delaware,1612,11761,1980,108,120,,Sold,,,http://www.redfin.com/IN/Fishers/308-Granger-Ct-46038/home/60108933,MIBOR,21518615,N,Y,39.9594814,-86.0341766
PAST SALE,October-20-2017,Single Family Residential,10579 Ross,Fishers,IN,46038,185000,3,2.5,Fall Creek,1826,10454,1997,146,101,40,Sold,,,http://www.redfin.com/IN/Fishers/10579-Ross-Xing-46038/home/60135954,MIBOR,21511431,N,Y,39.9781536,-85.9808359
PAST SALE,September-19-2017,Single Family Residential,12586 Pointer Pl,Fishers,IN,46038,232900,5,2.5,Delaware,3088,19602,1989,177,75,,Sold,,,http://www.redfin.com/IN/Fishers/12586-Pointer-Pl-46038/home/60160916,MIBOR,21503740,N,Y,39.9710104,-86.0212104
PAST SALE,November-27-2017,Single Family Residential,11424 Meadowlark Cir,Fishers,IN,46038,191500,3,2,Delaware,1416,10890,1997,108,135,18,Sold,,,http://www.redfin.com/IN/Fishers/11424-Meadowlark-Cir-46038/home/60162128,MIBOR,21522237,N,Y,39.9534034,-86.0521438
PAST SALE,November-1-2017,Single Family Residential,8851 Woodlark Dr,Fishers,IN,46038,216000,4,2.5,Delaware,1986,7840,1998,134,109,15,Sold,,,http://www.redfin.com/IN/Fishers/8851-Woodlark-Dr-46038/home/66805371,MIBOR,21513705,N,Y,39.9919944,-86.0130143
PAST SALE,October-30-2017,Single Family Residential,10056 Perlita Pl,Fishers,IN,46038,228000,5,2.5,Fall Creek,2490,9147,1999,136,92,25,Sold,,,http://www.redfin.com/IN/Fishers/10056-Perlita-Pl-46038/home/66842443,MIBOR,21504355,N,Y,39.9742234,-85.9887717
PAST SALE,October-24-2017,Single Family Residential,11488 Wilderness Trl,Fishers,IN,46038,207000,3,2.5,Delaware,1832,6969,1994,142,113,20,Sold,,,http://www.redfin.com/IN/Fishers/11488-Wilderness-Trl-46038/home/66844469,MIBOR,21510998,N,Y,39.9547714,-86.0534981
PAST SALE,November-17-2017,Single Family Residential,11430 Charleston Pkwy,Fishers,IN,46038,176000,3,2,Delaware,1300,,1989,118,135,25,Sold,,,http://www.redfin.com/IN/Fishers/11430-Charleston-Pkwy-46038/home/66844551,MIBOR,21518265,N,Y,39.9535342,-86.0242542
PAST SALE,November-20-2017,Single Family Residential,10648 Misty Hollow Ln,Fishers,IN,46038,220000,4,2.5,Delaware,1815,10890,1991,115,121,28,Sold,,,http://www.redfin.com/IN/Fishers/10648-Misty-Hollow-Ln-46038/home/66923042,MIBOR,21520030,N,Y,39.9431333,-86.029395
PAST SALE,November-17-2017,Single Family Residential,6638 Salem Dr,Fishers,IN,46038,225000,4,2.5,Delaware,2431,12196,1992,118,93,52,Sold,,,http://www.redfin.com/IN/Fishers/6638-Salem-Dr-46038/home/66940794,MIBOR,21507864,N,Y,39.9485906,-86.0519845
PAST SALE,November-20-2017,Single Family Residential,8445 Harrison Pkwy,Fishers,IN,46038,278000,4,2.5,Delaware,3234,12466,1993,115,86,13,Sold,,,http://www.redfin.com/IN/Fishers/8445-Harrison-Pkwy-46038/home/66974868,MIBOR,21500484,N,Y,39.9884535,-86.0170942
PAST SALE,November-28-2017,Single Family Residential,10540 Creektree Ln,Fishers,IN,46038,435000,6,5,Fall Creek,5395,12632,2004,107,81,35,Sold,,,http://www.redfin.com/IN/Fishers/10540-Creektree-Ln-46038/home/66988791,MIBOR,21513323,N,Y,39.9834872,-85.9816535
PAST SALE,November-29-2017,Single Family Residential,13042 Teesdale Ct,Fishers,IN,46038,181950,3,2,Fall Creek,1664,10881,1995,106,109,18,Sold,,,http://www.redfin.com/IN/Fishers/13042-Teesdale-Ct-46038/home/67015392,MIBOR,21519664,N,Y,39.9782068,-85.9904875
PAST SALE,November-14-2017,Single Family Residential,12528 Trester Ln,Fishers,IN,46038,167900,3,2,Delaware,1244,16988,1991,121,135,33,Sold,,,http://www.redfin.com/IN/Fishers/12528-Trester-Ln-46038/home/67042813,MIBOR,21516895,N,Y,39.9695731,-86.0118982
PAST SALE,October-26-2017,Single Family Residential,12562 Pointer Pl,Fishers,IN,46038,180000,3,2.5,Delaware,1820,12375,1989,140,99,,Sold,,,http://www.redfin.com/IN/Fishers/12562-Pointer-Pl-46038/home/82367150,MIBOR,21495876,N,Y,39.9701965,-86.0212347
PAST SALE,October-31-2017,Single Family Residential,14475 Samoa St,Fishers,IN,46038,258000,4,2.5,Delaware,3354,10454,2002,135,77,19,Sold,,,http://www.redfin.com/IN/Fishers/14475-Samoa-St-46038/home/82370055,MIBOR,21494569,N,Y,39.998789,-86.0121174
PAST SALE,October-31-2017,Single Family Residential,11550 Hague Rd,Fishers,IN,46038,189900,3,2,Delaware,1460,20908,1992,135,130,,Sold,,,http://www.redfin.com/IN/Fishers/11550-Hague-Rd-46038/home/82377735,MIBOR,21515100,N,Y,39.9553683,-86.0333797
PAST SALE,November-10-2017,Single Family Residential,9877 Commonwealth Dr,Fishers,IN,46038,172900,3,2,Fall Creek,1598,10890,1998,125,108,17,Sold,,,http://www.redfin.com/IN/Fishers/9877-Commonwealth-Dr-46038/home/60046081,MIBOR,21513575,N,Y,39.9720701,-85.9925213
PAST SALE,October-27-2017,Single Family Residential,7624 Madden Ln,Fishers,IN,46038,172500,3,2,Delaware,1581,13503,1989,139,109,,Sold,,,http://www.redfin.com/IN/Fishers/7624-Madden-Ln-46038/home/60086672,MIBOR,21514822,N,Y,39.958975,-86.0310202
PAST SALE,October-16-2017,Single Family Residential,9941 Worthington Blvd,Fishers,IN,46038,135000,4,2.5,Fall Creek,1686,1023,1999,150,80,70,Sold,,,http://www.redfin.com/IN/Fishers/9941-Worthington-Blvd-46038/home/60106981,MIBOR,21514986,N,Y,39.9961443,-85.9916839
PAST SALE,October-31-2017,Single Family Residential,7830 Ashton Ln,Fishers,IN,46038,174900,3,2,Delaware,1311,13224,1987,135,133,,Sold,,,http://www.redfin.com/IN/Fishers/7830-Ashton-Ln-46038/home/60121721,MIBOR,21514744,N,Y,39.9619107,-86.023218
PAST SALE,September-21-2017,Single Family Residential,11291 Hickory Woods Dr,Fishers,IN,46038,320000,3,2.5,Delaware,3119,18295,1988,175,103,12,Sold,,,http://www.redfin.com/IN/Fishers/11291-Hickory-Woods-Dr-46038/home/60167714,MIBOR,21485089,N,Y,39.9486151,-86.0350532
PAST SALE,October-27-2017,Single Family Residential,13929 Charleswood Ct,Fishers,IN,46038,175000,3,2,Fall Creek,2152,9583,2000,139,81,38,Sold,,,http://www.redfin.com/IN/Fishers/13929-Charleswood-Ct-46038/home/67073389,MIBOR,21502194,N,Y,39.9911587,-85.9864197
PAST SALE,November-10-2017,Single Family Residential,8431 Barstow Dr,Fishers,IN,46038,250000,4,2.5,Delaware,3144,10018,1997,125,80,15,Sold,,,http://www.redfin.com/IN/Fishers/8431-Barstow-Dr-46038/home/67089673,MIBOR,21513183,N,Y,39.9893569,-86.0178637
PAST SALE,November-1-2017,Single Family Residential,13975 Silverbell Ln,Fishers,IN,46038,242500,4,2.5,Fall Creek,2786,7840,2012,134,87,41,Sold,,,http://www.redfin.com/IN/Fishers/13975-Silverbell-Ln-46038/home/107080299,MIBOR,21510496,N,Y,39.9928337,-85.9642803
PAST SALE,January-12-2018,Single Family Residential,11847 Igneous Dr,Fishers,IN,46038,196500,4,2,Fall Creek,2124,8276,2005,62,93,49,Sold,,,http://www.redfin.com/IN/Fishers/11847-Igneous-Dr-46038/home/67068340,MIBOR,21516995,N,Y,39.9829835,-85.9550228
PAST SALE,November-20-2017,Single Family Residential,11201 Harborvale Chase,Fishers,IN,46038,285000,4,3.5,Fall Creek,3062,10454,2013,115,93,41,Sold,,,http://www.redfin.com/IN/Fishers/11201-Harborvale-Chase-46038/home/107091295,MIBOR,21511659,N,Y,39.9932148,-85.9648788
PAST SALE,September-29-2017,Single Family Residential,8415 Los Robles Rd,Fishers,IN,46038,163000,3,1.5,Delaware,1555,15999,1974,167,105,,Sold,,,http://www.redfin.com/IN/Fishers/8415-Los-Robles-Rd-46038/home/82363711,MIBOR,21503351,N,Y,39.9793355,-86.0239154
PAST SALE,October-18-2017,Single Family Residential,8866 Lambert Ct,Fishers,IN,46038,282000,4,2.5,Delaware,3846,13503,2000,148,73,19,Sold,,,http://www.redfin.com/IN/Fishers/8866-Lambert-Ct-46038/home/60105402,MIBOR,21505357,N,Y,39.9972454,-86.0132137
PAST SALE,October-20-2017,Single Family Residential,102 Chippenham Ln,Fishers,IN,46038,187500,3,2,Delaware,1714,37910,1977,146,109,6,Sold,,,http://www.redfin.com/IN/Fishers/102-Chippenham-Ln-46038/home/60123188,MIBOR,21511385,N,Y,39.9809395,-86.0099648
PAST SALE,October-17-2017,Single Family Residential,10626 Tarragon Ct,Fishers,IN,46038,237000,3,2.5,Delaware,2098,10890,1992,149,113,23,Sold,,,http://www.redfin.com/IN/Fishers/10626-Tarragon-Ct-46038/home/60112114,MIBOR,21503012,N,Y,39.9424102,-86.0305107
PAST SALE,December-29-2017,Single Family Residential,815 Sunblest Blvd,Fishers,IN,46038,215000,4,2.5,Delaware,2128,11282,1980,76,101,,Sold,,,http://www.redfin.com/IN/Fishers/815-Sunblest-Blvd-46038/home/82367368,MIBOR,21520241,N,Y,39.9647011,-86.0310287
PAST SALE,February-23-2018,Single Family Residential,11366 Wilderness Trl,Fishers,IN,46038,194900,3,2,Delaware,1450,10018,1994,20,134,18,Sold,,,http://www.redfin.com/IN/Fishers/11366-Wilderness-Trl-46038/home/82377919,MIBOR,21542634,N,Y,39.9527963,-86.0531396
PAST SALE,February-9-2018,Single Family Residential,7541 Winding Way,Fishers,IN,46038,250000,4,2.5,Delaware,2412,8712,1989,34,104,,Sold,,,http://www.redfin.com/IN/Fishers/7541-Winding-Way-46038/home/60037649,MIBOR,21545606,N,Y,39.9437481,-86.0321445
PAST SALE,March-1-2018,Single Family Residential,117 Round Up Trl,Fishers,IN,46038,172000,3,2,Delaware,1798,25264,1977,14,96,,Sold,,,http://www.redfin.com/IN/Fishers/117-Round-Up-Trl-46038/home/60136500,MIBOR,21516884,N,Y,39.9442201,-86.0566048
PAST SALE,November-17-2017,Single Family Residential,819 Sunblest Blvd,Fishers,IN,46038,208000,4,2.5,Delaware,2383,11325,1979,118,87,,Sold,,,http://www.redfin.com/IN/Fishers/819-Sunblest-Blvd-46038/home/60084723,MIBOR,21508170,N,Y,39.9650867,-86.0305904
PAST SALE,March-12-2018,Single Family Residential,7551 Timber Springs Dr N,Fishers,IN,46038,287000,4,2.5,Delaware,2492,13503,1989,3,115,36,Sold,,,http://www.redfin.com/IN/Fishers/7551-Timber-Springs-Dr-46038/home/66843592,MIBOR,21542635,N,Y,39.9482309,-86.0316726
PAST SALE,October-25-2017,Single Family Residential,9798 Pine Ridge North Dr,Fishers,IN,46038,156500,2,2,Delaware,935,5410,1988,141,167,15,Sold,,,http://www.redfin.com/IN/Fishers/9798-N-Pine-Ridge-Dr-46038/home/82380384,MIBOR,21509745,N,Y,39.9298271,-86.057391
PAST SALE,October-25-2017,Single Family Residential,16022 Bugle Ridge Dr,Fishers,IN,46038,302409,4,2.5,Fall Creek,3120,10454,2016,141,97,33,Sold,,,http://www.redfin.com/IN/Fishers/16022-Bugle-Ridge-Dr-46038/home/144221200,MIBOR,21522427,N,Y,39.9645049,-86.0223611
PAST SALE,December-15-2017,Single Family Residential,10880 Mossy Rock Dr,Fishers,IN,46038,367264,3,2,Fall Creek,2165,5662,2017,90,170,100,Sold,,,http://www.redfin.com/IN/Fishers/10880-Mossy-Rock-Dr-46038/home/144383229,MIBOR,21526179,N,Y,39.9924102,-85.9720583
PAST SALE,January-5-2018,Single Family Residential,7313 Catboat Ct,Fishers,IN,46038,284050,3,2.5,Delaware,2176,10018,1999,69,131,147,Sold,,,http://www.redfin.com/IN/Fishers/7313-Catboat-Ct-46038/home/67009878,MIBOR,21493440,N,Y,39.9468445,-86.0412886
PAST SALE,February-2-2018,Single Family Residential,7060 Woodgate Cir,Fishers,IN,46038,189900,3,2,Delaware,1424,7919,1991,41,133,17,Sold,,,http://www.redfin.com/IN/Fishers/7060-Woodgate-Cir-46038/home/67020059,MIBOR,21530373,N,Y,39.9474133,-86.0503514
PAST SALE,December-26-2017,Single Family Residential,13044 Britton Rdg,Fishers,IN,46038,184500,3,2,Fall Creek,1785,10332,1995,79,103,23,Sold,,,http://www.redfin.com/IN/Fishers/13044-Britton-Rdg-46038/home/69360736,MIBOR,21527023,N,Y,39.9777785,-85.9925811
PAST SALE,February-5-2018,Single Family Residential,6758 Cherry Blossom West Dr,Fishers,IN,46038,180000,3,2,Delaware,1376,8712,1992,38,131,34,Sold,,,http://www.redfin.com/IN/Fishers/6758-W-Cherry-Blossom-Dr-46038/home/60082693,MIBOR,21528940,N,Y,39.9563308,-86.0498734
PAST SALE,January-10-2018,Single Family Residential,7790 E 126th St,Fishers,IN,46038,150000,4,3,Delaware,3564,69260,1954,64,42,,Sold,,,http://www.redfin.com/IN/Fishers/7790-E-126th-St-46038/home/82363777,MIBOR,21523585,N,Y,39.9716957,-86.0317859
PAST SALE,January-31-2018,Single Family Residential,10087 Palmaire Pl,Fishers,IN,46038,185900,3,2.5,Fall Creek,1990,16552,2000,43,93,41,Sold,,,http://www.redfin.com/IN/Fishers/10087-Palmaire-Pl-46038/home/82370639,MIBOR,21527293,N,Y,39.9920447,-85.9900488
PAST SALE,February-9-2018,Single Family Residential,10014 Miranda Cir,Fishers,IN,46038,267000,4,2.5,Fall Creek,3328,9909,1997,34,80,25,Sold,,,http://www.redfin.com/IN/Fishers/10014-Miranda-Cir-46038/home/82372054,MIBOR,21530302,N,Y,39.9759231,-85.9892911
PAST SALE,January-2-2018,Single Family Residential,12374 Ensley Dr,Fishers,IN,46038,202500,3,2.5,Delaware,1783,16051,1988,72,114,,Sold,,,http://www.redfin.com/IN/Fishers/12374-Ensley-Dr-46038/home/66961752,MIBOR,21527129,N,Y,39.9681221,-86.0280002
PAST SALE,January-22-2018,Single Family Residential,11331 Boston Way,Fishers,IN,46038,170500,3,2,Delaware,1312,,1996,52,130,18,Sold,,,http://www.redfin.com/IN/Fishers/11331-Boston-Way-46038/home/60063535,MIBOR,21526832,N,Y,39.9531611,-86.0215441
PAST SALE,February-9-2018,Single Family Residential,14432 Orange Blossom Trl,Fishers,IN,46038,167000,3,2,Fall Creek,1404,6534,2000,34,119,19,Sold,,,http://www.redfin.com/IN/Fishers/14432-Orange-Blossom-Trl-46038/home/60089418,MIBOR,21539436,N,Y,39.9983049,-85.9870179
PAST SALE,February-9-2018,Single Family Residential,10701 Northfield Pl,Fishers,IN,46038,185500,3,2,Delaware,1473,10890,1993,34,126,18,Sold,,,http://www.redfin.com/IN/Fishers/10701-Northfield-Pl-46038/home/60151714,MIBOR,21529628,N,Y,39.9442909,-86.0374837
PAST SALE,November-30-2017,Single Family Residential,12037 Clubhouse Dr,Fishers,IN,46038,290000,3,2,Delaware,2044,7405,1989,105,142,33,Sold,,,http://www.redfin.com/IN/Fishers/12037-Clubhouse-Dr-46038/home/82366870,MIBOR,21513101,N,Y,39.9636899,-86.043659
PAST SALE,November-27-2017,Single Family Residential,,Fishers,IN,46038,225000,4,2.5,,2122,13207,1987,108,106,,Sold,,,http://www.redfin.com/IN/Fishers/Undisclosed-address-46038/home/82367620,MIBOR,21519500,N,Y,39.9619312,-86.0238158
PAST SALE,December-14-2017,Single Family Residential,13965 Mary Ct,Fishers,IN,46038,193000,3,2.5,Delaware,2034,10018,2001,91,95,25,Sold,,,http://www.redfin.com/IN/Fishers/13965-Mary-Ct-46038/home/82370095,MIBOR,21524642,N,Y,39.9915098,-85.9954323
PAST SALE,December-19-2017,Single Family Residential,14036 Lantern Rd,Fishers,IN,46038,187500,3,2.5,Delaware,1629,13939,1995,86,115,16,Sold,,,http://www.redfin.com/IN/Fishers/14036-Lantern-Rd-46038/home/60089952,MIBOR,21525072,N,Y,39.9876655,-86.0116992
PAST SALE,November-27-2017,Single Family Residential,14231 Moonlight Path,Fishers,IN,46038,210000,3,2.5,Fall Creek,3026,6969,2004,108,69,40,Sold,,,http://www.redfin.com/IN/Fishers/14231-Moonlight-Path-46038/home/60104312,MIBOR,21519652,N,Y,39.9955858,-85.9842062
PAST SALE,January-17-2018,Single Family Residential,10595 Hinterland Dr,Fishers,IN,46038,431010,4,2.5,Fall Creek,3472,10454,2016,57,124,100,Sold,,,http://www.redfin.com/IN/Fishers/10595-Hinterland-Dr-46038/home/144717816,MIBOR,21541141,N,Y,39.9869605,-85.9783334
PAST SALE,February-8-2018,Single Family Residential,13777 E Amber Meadow Dr,Fishers,IN,46038,514227,4,3.5,Fall Creek,4806,10018,2018,35,107,100,Sold,,,http://www.redfin.com/IN/Fishers/13777-Amber-Meadow-Dr-E-46038/home/144833314,MIBOR,21545310,N,Y,39.9900596,-85.975285
PAST SALE,December-27-2017,Single Family Residential,13814 Luxor Chase,Fishers,IN,46038,272000,4,2.5,Fall Creek,3464,6098,2012,78,79,35,Sold,,,http://www.redfin.com/IN/Fishers/13814-Luxor-Chase-46038/home/60114185,MIBOR,21523888,N,Y,39.990238,-85.954105
PAST SALE,January-16-2018,Single Family Residential,7792 Foxtail Ct,Fishers,IN,46038,230000,4,2.5,Delaware,1955,19166,1990,58,118,28,Sold,,,http://www.redfin.com/IN/Fishers/7792-Foxtail-Ct-46038/home/67022698,MIBOR,21510897,N,Y,39.9478474,-86.0231383
PAST SALE,December-29-2017,Single Family Residential,11609 Andreas Ct,Fishers,IN,46038,252000,4,2.5,Fall Creek,3434,9583,2006,76,73,27,Sold,,,http://www.redfin.com/IN/Fishers/11609-Andreas-Ct-46038/home/82370750,MIBOR,21513928,N,Y,39.9932013,-85.958734
PAST SALE,February-23-2018,Single Family Residential,10830 Descanso Dr,Fishers,IN,46038,451111,4,2.5,Fall Creek,4001,6534,2018,20,113,,Sold,,,http://www.redfin.com/IN/Fishers/10830-Descanso-Dr-46038/home/144914279,MIBOR,21546721,N,Y,39.9930045,-85.9740748
PAST SALE,February-23-2018,Single Family Residential,13166 Knollton Ct,Fishers,IN,46038,230000,4,2.5,Delaware,1930,17572,1992,20,119,10,Sold,,,http://www.redfin.com/IN/Fishers/13166-Knollton-Ct-46038/home/67084683,MIBOR,21540911,N,Y,39.9806638,-86.0198864
PAST SALE,January-29-2018,Single Family Residential,13003 Turnham Ct,Fishers,IN,46038,256000,4,2.5,Fall Creek,3004,8276,1999,45,85,25,Sold,,,http://www.redfin.com/IN/Fishers/13003-Turnham-Ct-46038/home/60116860,MIBOR,21517933,N,Y,39.9780872,-85.9835481
PAST SALE,March-13-2018,Single Family Residential,10713 Summerwood Ln,Fishers,IN,46038,170000,3,2,Fall Creek,1336,7840,1998,2,127,25,Sold,,,http://www.redfin.com/IN/Fishers/10713-Summerwood-Ln-46038/home/60130092,MIBOR,21529749,N,Y,39.9794764,-85.9774055
PAST SALE,March-13-2018,Single Family Residential,9643 Aberdeen Ct,Fishers,IN,46038,160000,3,2,Delaware,1184,7013,1996,2,135,15,Sold,,,http://www.redfin.com/IN/Fishers/9643-Aberdeen-Ct-46038/home/66802646,MIBOR,21546298,N,Y,39.9781795,-85.9978248
PAST SALE,October-9-2017,Single Family Residential,11146 Craycroft Ct,Fishers,IN,46038,310000,5,4,Fall Creek,5176,13068,2006,157,60,41,Sold,,,http://www.redfin.com/IN/Fishers/11146-Craycroft-Ct-46038/home/60028309,MIBOR,21505987,N,Y,39.9883047,-85.9658563
PAST SALE,October-3-2017,Single Family Residential,12964 Dellinger Dr,Fishers,IN,46038,203000,3,2,Fall Creek,1856,9583,1996,163,109,18,Sold,,,http://www.redfin.com/IN/Fishers/12964-Dellinger-Dr-46038/home/60147655,MIBOR,21511911,N,Y,39.9770428,-85.9904078
PAST SALE,January-4-2018,Single Family Residential,12001 Lakeside Pl,Fishers,IN,46038,200000,3,2.5,Delaware,1597,13547,1983,70,125,,Sold,,,http://www.redfin.com/IN/Fishers/12001-Lakeside-Pl-46038/home/69369917,MIBOR,21527467,N,Y,39.9623009,-86.0358103
PAST SALE,December-14-2017,Single Family Residential,13584 Kelsey Ln,Fishers,IN,46038,252000,4,2.5,Delaware,3183,15250,1996,91,79,44,Sold,,,http://www.redfin.com/IN/Fishers/13584-Kelsey-Ln-46038/home/82363295,MIBOR,21513518,N,Y,39.9859206,-86.0226999
PAST SALE,January-19-2018,Single Family Residential,106 Lake Vista Dr,Fishers,IN,46038,222000,3,2,Delaware,1668,13068,1976,55,133,,Sold,,,http://www.redfin.com/IN/Fishers/106-Lake-Vista-Dr-46038/home/60073632,MIBOR,21529218,N,Y,39.9656229,-86.0358501
PAST SALE,,Single Family Residential,7600 E 126th St,Fishers,IN,46038,115950,4,3.5,,5473,95832,1948,,21,,,,,http://www.redfin.com/IN/Fishers/7600-E-126th-St-46038/home/82363832,,,N,Y,39.9715869,-86.0338778
PAST SALE,February-26-2018,Single Family Residential,13167 Knollwood Pl,Fishers,IN,46038,250800,4,2.5,Delaware,2993,10018,1992,17,84,10,Sold,,,http://www.redfin.com/IN/Fishers/13167-Knollwood-Pl-46038/home/66990327,MIBOR,21539845,N,Y,39.980792,-86.017267
PAST SALE,February-28-2018,Single Family Residential,7477 River Highlands Dr,Fishers,IN,46038,655000,5,4.5,Delaware,6402,35719,1992,15,102,41,Sold,,,http://www.redfin.com/IN/Fishers/7477-River-Highlands-Dr-46038/home/60065563,MIBOR,21525011,N,Y,39.9690641,-86.0380543
PAST SALE,February-20-2018,Single Family Residential,6435 Manchester Dr,Fishers,IN,46038,246500,4,2.5,Delaware,2016,11761,1991,23,122,50,Sold,,,http://www.redfin.com/IN/Fishers/6435-Manchester-Dr-46038/home/60125336,MIBOR,21540401,N,Y,39.946163,-86.0560084
PAST SALE,February-28-2018,Single Family Residential,6131 Moss Wood Dr,Fishers,IN,46038,234000,4,2.5,Delaware,2017,7405,1999,15,116,27,Sold,,,http://www.redfin.com/IN/Fishers/6131-Moss-Wood-Dr-46038/home/67073306,MIBOR,21542132,N,Y,39.9396342,-86.0619813
PAST SALE,February-23-2018,Single Family Residential,11478 Hague Rd,Fishers,IN,46038,294900,4,2.5,Delaware,3290,23491,1995,20,90,10,Sold,,,http://www.redfin.com/IN/Fishers/11478-Hague-Rd-46038/home/82378093,MIBOR,21513985,N,Y,39.9528473,-86.0334594
PAST SALE,November-30-2017,Single Family Residential,8339 Barstow Dr,Fishers,IN,46038,287500,4,3.5,Delaware,3542,18155,1995,105,81,,Sold,,,http://www.redfin.com/IN/Fishers/8339-Barstow-Dr-46038/home/82363271,MIBOR,21520791,N,Y,39.9894379,-86.020189
PAST SALE,December-20-2017,Single Family Residential,12070 Clubhouse Dr,Fishers,IN,46038,227000,3,2,Delaware,1605,8276,1989,85,141,33,Sold,,,http://www.redfin.com/IN/Fishers/12070-Clubhouse-Dr-46038/home/82366868,MIBOR,21511298,N,Y,39.9642612,-86.0445554
PAST SALE,December-15-2017,Single Family Residential,11603 Holland Dr,Fishers,IN,46038,186000,3,2,Delaware,1556,14400,1986,90,120,,Sold,,,http://www.redfin.com/IN/Fishers/11603-Holland-Dr-46038/home/82367424,MIBOR,21523300,N,Y,39.9573109,-86.0239951
PAST SALE,December-18-2017,Single Family Residential,111 Willowood Ln,Fishers,IN,46038,207000,4,2.5,Delaware,2094,11399,1976,87,99,,Sold,,,http://www.redfin.com/IN/Fishers/111-Willowood-Ln-46038/home/82367100,MIBOR,21518362,N,Y,39.9666348,-86.0349974
PAST SALE,February-28-2018,Single Family Residential,7552 Timber Springs Dr N,Fishers,IN,46038,334000,4,2.5,Delaware,3538,15581,1990,15,94,36,Sold,,,http://www.redfin.com/IN/Fishers/7552-Timber-Springs-Dr-46038/home/82377558,MIBOR,21540866,N,Y,39.9487228,-86.0315954
PAST SALE,February-28-2018,Single Family Residential,11248 Ashley Ln,Fishers,IN,46038,364900,3,2.5,Delaware,3516,18730,1989,15,104,10,Sold,,,http://www.redfin.com/IN/Fishers/11248-Ashley-Ln-46038/home/67081830,MIBOR,21541370,N,Y,39.9476592,-86.0352126
PAST SALE,November-30-2017,Single Family Residential,10504 Alderwood Ct,Fishers,IN,46038,248000,4,2.5,Delaware,2566,7405,1997,105,97,27,Sold,,,http://www.redfin.com/IN/Fishers/10504-Alderwood-Ct-46038/home/60024683,MIBOR,21514195,N,Y,39.940101,-86.0639327
PAST SALE,November-30-2017,Single Family Residential,7695 Ensley Ct,Fishers,IN,46038,265000,4,2.5,Delaware,2962,17859,1987,105,89,,Sold,,,http://www.redfin.com/IN/Fishers/7695-Ensley-Ct-46038/home/60073423,MIBOR,21512129,N,Y,39.9690177,-86.0295942
PAST SALE,October-5-2017,Single Family Residential,10676 Northhampton Dr,Fishers,IN,46038,205000,3,2.5,Delaware,1840,12196,1992,161,111,16,Sold,,,http://www.redfin.com/IN/Fishers/10676-Northhampton-Dr-46038/home/60081814,MIBOR,21510363,N,Y,39.9438311,-86.0369259
PAST SALE,December-13-2017,Single Family Residential,117 Goldenrod Ln,Fishers,IN,46038,209900,3,2,Delaware,1643,11325,1976,92,128,,Sold,,,http://www.redfin.com/IN/Fishers/117-Goldenrod-Ln-46038/home/60082771,MIBOR,21524260,N,Y,39.966805,-86.0328219
PAST SALE,December-1-2017,Single Family Residential,14238 Nolan Dr,Fishers,IN,46038,245000,4,2.5,Delaware,2408,10454,1999,104,102,19,Sold,,,http://www.redfin.com/IN/Fishers/14238-Nolan-Dr-46038/home/60096079,MIBOR,21513878,N,Y,39.995397,-86.017678
PAST SALE,November-1-2017,Single Family Residential,7068 Woodgate Cir,Fishers,IN,46038,177900,3,2.5,Delaware,1341,9583,1991,134,133,17,Sold,,,http://www.redfin.com/IN/Fishers/7068-Woodgate-Cir-46038/home/60116525,MIBOR,21505734,N,Y,39.9475389,-86.0505107
PAST SALE,October-31-2017,Single Family Residential,7408 Madden Dr,Fishers,IN,46038,168000,3,2,Delaware,1420,,1978,135,118,,Sold,,,http://www.redfin.com/IN/Fishers/7408-Madden-Dr-46038/home/60158690,MIBOR,21507553,N,Y,39.9575083,-86.0341667
PAST SALE,December-22-2017,Single Family Residential,6519 Quail Run,Fishers,IN,46038,210000,4,2.5,Delaware,2031,10018,1996,83,103,13,Sold,,,http://www.redfin.com/IN/Fishers/6519-Quail-Run-46038/home/66976803,MIBOR,21507721,N,Y,39.9490867,-86.0536176
PAST SALE,December-21-2017,Single Family Residential,14435 Lansing Pl,Fishers,IN,46038,210000,4,2.5,Delaware,1899,10018,2000,84,111,16,Sold,,,http://www.redfin.com/IN/Fishers/14435-Lansing-Pl-46038/home/67024666,MIBOR,21518304,N,Y,39.9984473,-86.0097456
PAST SALE,November-27-2017,Single Family Residential,8735 Randall Dr,Fishers,IN,46038,292000,4,2.5,Delaware,3371,17859,1995,108,87,33,Sold,,,http://www.redfin.com/IN/Fishers/8735-Randall-Dr-46038/home/67038815,MIBOR,21516432,N,Y,39.9717513,-86.0146845
PAST SALE,March-5-2018,Single Family Residential,6165 Bristlecone Dr,Fishers,IN,46038,199000,3,2,Delaware,1390,8712,1996,10,143,27,Sold,,,http://www.redfin.com/IN/Fishers/6165-Bristlecone-Dr-46038/home/60124692,MIBOR,21540477,N,Y,39.938854,-86.0614238
PAST SALE,March-9-2018,Single Family Residential,6533 Mallard Lndg,Fishers,IN,46038,192000,3,2,Delaware,1361,6969,1997,6,141,17,Sold,,,http://www.redfin.com/IN/Fishers/6533-Mallard-Lndg-46038/home/82378258,MIBOR,21544360,N,Y,39.9498871,-86.0530002
PAST SALE,November-22-2017,Single Family Residential,14550 Harrison Pkwy,Fishers,IN,46038,236000,4,2.5,Delaware,2394,7405,2000,113,99,13,Sold,,,http://www.redfin.com/IN/Fishers/14550-Harrison-Pkwy-46038/home/60013619,MIBOR,21502606,N,Y,40.0000868,-86.0108618
PAST SALE,December-1-2017,Single Family Residential,10355 Camby,Fishers,IN,46038,205000,3,2.5,Fall Creek,2691,8712,2001,104,76,35,Sold,,,http://www.redfin.com/IN/Fishers/10355-Camby-Xing-46038/home/60074188,MIBOR,21513923,N,Y,39.9920713,-85.9838672
PAST SALE,December-19-2017,Single Family Residential,11191 Beardsley Way,Fishers,IN,46038,270000,4,2.5,Fall Creek,3300,9147,2010,86,82,41,Sold,,,http://www.redfin.com/IN/Fishers/11191-Beardsley-Way-46038/home/107146523,MIBOR,21492696,N,Y,39.9887158,-85.9638613
PAST SALE,February-6-2018,Single Family Residential,199 Orchard Blvd,Fishers,IN,46038,217800,4,2.5,Delaware,2012,12196,1978,37,108,,Sold,,,http://www.redfin.com/IN/Fishers/199-Orchard-Blvd-46038/home/67106652,MIBOR,21510655,N,Y,39.9681028,-86.0309491
PAST SALE,February-5-2018,Single Family Residential,13145 Nottingham Rd,Fishers,IN,46030,180000,3,2.5,Delaware,3890,41817,1971,38,46,6,Sold,,,http://www.redfin.com/IN/Fishers/13145-Nottingham-Rd-46038/home/82372710,MIBOR,21527320,N,Y,39.9808474,-86.0113918
PAST SALE,January-10-2018,Single Family Residential,7656 Madden Ln,Fishers,IN,46038,178500,3,2,Delaware,1560,10554,1989,64,114,,Sold,,,http://www.redfin.com/IN/Fishers/7656-Madden-Ln-46038/home/60112315,MIBOR,21524074,N,Y,39.9589985,-86.0294989
PAST SALE,January-29-2018,Single Family Residential,14520 Stewart Cir,Fishers,IN,46038,216000,3,2.5,Fall Creek,2918,10018,2001,45,74,23,Sold,,,http://www.redfin.com/IN/Fishers/14520-Stewart-Cir-46038/home/82370568,MIBOR,21529000,N,Y,39.9996853,-85.9841065
PAST SALE,December-29-2017,Single Family Residential,10363 Lee Stewart Ln,Fishers,IN,46038,202000,3,2.5,Delaware,3272,8712,2002,76,62,23,Sold,,,http://www.redfin.com/IN/Fishers/10363-Lee-Stewart-Ln-46038/home/82370336,MIBOR,21527410,N,Y,40.0002941,-85.9831891
PAST SALE,January-4-2018,Single Family Residential,13074 Britton Rdg,Fishers,IN,46038,187500,3,2.5,Fall Creek,1848,8842,1997,70,101,18,Sold,,,http://www.redfin.com/IN/Fishers/13074-Britton-Rdg-46038/home/60090481,MIBOR,21522700,N,Y,39.9783184,-85.9925612
PAST SALE,December-29-2017,Single Family Residential,221 Corral Ct,Fishers,IN,46038,193000,3,2,Delaware,1673,30491,1978,76,115,,Sold,,,http://www.redfin.com/IN/Fishers/221-Corral-Ct-46038/home/67054036,MIBOR,21527399,N,Y,39.9441557,-86.0558879
PAST SALE,March-5-2018,Single Family Residential,12030 Colbarn Dr,Fishers,IN,46038,180000,3,2,Delaware,1455,13939,1986,10,124,,Sold,,,http://www.redfin.com/IN/Fishers/12030-Colbarn-Dr-46038/home/60077263,MIBOR,21542738,N,Y,39.9642058,-86.0270837
PAST SALE,December-27-2017,Single Family Residential,8590 Roses Rd,Fishers,IN,46038,180000,3,2,Delaware,1528,16652,1975,78,118,,Sold,,,http://www.redfin.com/IN/Fishers/8590-Roses-Rd-46038/home/82363097,MIBOR,21529717,N,Y,39.9836944,-86.0208267
PAST SALE,December-29-2017,Single Family Residential,421 S Sunblest Blvd,Fishers,IN,46038,156500,3,2,Delaware,1768,10240,1980,76,89,,Sold,,,http://www.redfin.com/IN/Fishers/421-Sunblest-Blvd-S-46038/home/82367054,MIBOR,21518788,N,Y,39.9593331,-86.0298328
PAST SALE,December-21-2017,Single Family Residential,6300 E 116th St,Fishers,IN,46038,219900,3,2,Delaware,2872,40510,1973,84,77,,Sold,,,http://www.redfin.com/IN/Fishers/6300-E-116th-St-46038/home/82367278,MIBOR,21503038,N,Y,39.9569955,-86.0570621
PAST SALE,March-1-2018,Single Family Residential,10355 Cotton Blossom Dr,Fishers,IN,46038,190000,3,2.5,Fall Creek,2141,7405,2002,14,89,23,Sold,,,http://www.redfin.com/IN/Fishers/10355-Cotton-Blossom-Dr-46038/home/66844424,MIBOR,21540741,N,Y,39.9977695,-85.9831093
PAST SALE,December-28-2017,Single Family Residential,12542 Trophy Dr,Fishers,IN,46038,200000,4,2.5,Delaware,1919,7840,1992,77,104,40,Sold,,,http://www.redfin.com/IN/Fishers/12542-Trophy-Dr-46038/home/60124919,MIBOR,21519764,N,Y,39.970023,-86.0100239
PAST SALE,January-31-2018,Single Family Residential,7808 Cameron Pl,Fishers,IN,46038,159050,3,2,Delaware,1379,10018,1982,43,115,,Sold,,,http://www.redfin.com/IN/Fishers/7808-Cameron-Pl-46038/home/60155892,MIBOR,21529310,N,Y,39.9582821,-86.0266254
PAST SALE,December-13-2017,Single Family Residential,11248 Garrick Ct,Fishers,IN,46038,295000,4,2.5,Delaware,3731,12066,1989,92,79,38,Sold,,,http://www.redfin.com/IN/Fishers/11248-Garrick-Ct-46038/home/62451149,MIBOR,21491284,N,Y,39.9513449,-86.0322839
PAST SALE,December-11-2017,Single Family Residential,13273 Conner Knoll Pkwy,Fishers,IN,46038,238900,4,2.5,Delaware,3192,12410,1992,94,75,13,Sold,,,http://www.redfin.com/IN/Fishers/13273-Conner-Knoll-Pkwy-46038/home/66971282,MIBOR,21520506,N,Y,39.9831903,-86.0165064
PAST SALE,November-22-2017,Single Family Residential,11848 Traymoore Dr,Fishers,IN,46038,259000,4,2.5,Fall Creek,4226,7840,2006,113,61,,Sold,,,http://www.redfin.com/IN/Fishers/11848-Traymoore-Dr-46038/home/67092281,MIBOR,21491431,N,Y,39.9892829,-85.9548432
PAST SALE,November-6-2017,Single Family Residential,13971 Brightwater Dr,Fishers,IN,46038,247500,4,2.5,Fall Creek,3408,9583,1999,129,73,,Sold,,,http://www.redfin.com/IN/Fishers/13971-Brightwater-Dr-46038/home/82370139,MIBOR,21512545,N,Y,39.9921248,-85.9888923
PAST SALE,October-26-2017,Single Family Residential,10590 Pleasant View Ln,Fishers,IN,46038,200000,4,2.5,Fall Creek,2857,8712,2000,140,70,40,Sold,,,http://www.redfin.com/IN/Fishers/10590-Pleasant-View-Ln-46038/home/82372158,MIBOR,21507103,N,Y,39.9777422,-85.9805168
PAST SALE,October-11-2017,Single Family Residential,6405 Manchester Dr,Fishers,IN,46038,224000,4,2.5,Fall Creek,1964,11761,1990,155,114,50,Sold,,,http://www.redfin.com/IN/Fishers/6405-Manchester-Dr-46038/home/82378638,MIBOR,21501121,N,Y,39.9467816,-86.0565251
PAST SALE,November-2-2017,Single Family Residential,13656 Gilbert Ln,Fishers,IN,46038,328000,5,3.5,Fall Creek,5302,10018,2006,133,62,40,Sold,,,http://www.redfin.com/IN/Fishers/13656-Gilbert-Ln-46038/home/60056506,MIBOR,21494815,N,Y,39.9877192,-85.9651381
PAST SALE,October-26-2017,Single Family Residential,8849 Marisa Dr,Fishers,IN,46038,280000,4,2.5,Delaware,4388,10890,2002,140,64,19,Sold,,,http://www.redfin.com/IN/Fishers/8849-Marisa-Dr-46038/home/60122697,MIBOR,21495057,N,Y,39.9993877,-86.0132336
PAST SALE,November-6-2017,Single Family Residential,12093 Pymbroke Pl,Fishers,IN,46038,370000,3,3,Delaware,2541,11761,1993,129,146,33,Sold,,,http://www.redfin.com/IN/Fishers/12093-Pymbroke-Pl-46038/home/60140704,MIBOR,21510782,N,Y,39.9648695,-86.0388981
PAST SALE,December-1-2017,Single Family Residential,6095 Bristlecone Dr,Fishers,IN,46038,174000,3,2,Delaware,1404,9583,1998,104,124,27,Sold,,,http://www.redfin.com/IN/Fishers/6095-Bristlecone-Dr-46038/home/66962351,MIBOR,21519383,N,Y,39.9388459,-86.062957
PAST SALE,January-24-2018,Single Family Residential,10315 Eller Rd,Fishers,IN,46038,213000,3,2,Delaware,2524,43560,1954,50,84,,Sold,,,http://www.redfin.com/IN/Fishers/10315-Eller-Rd-46038/home/82380236,MIBOR,21526999,N,Y,39.9379959,-86.0597511
PAST SALE,March-1-2018,Single Family Residential,10986 Loyola Ct,Fishers,IN,46038,270000,4,2.5,Delaware,2734,12632,1992,14,99,52,Sold,,,http://www.redfin.com/IN/Fishers/10986-Loyola-Ct-46038/home/60052328,MIBOR,21522155,N,Y,39.9471273,-86.0596316
PAST SALE,March-2-2018,Single Family Residential,9715 Hamilton Hills Ln,Fishers,IN,46038,188000,3,2,Delaware,1966,33105,1954,13,96,,Sold,,,http://www.redfin.com/IN/Fishers/9715-Hamilton-Hills-Ln-46038/home/82380198,MIBOR,21521997,N,Y,39.9310783,-86.0519447
PAST SALE,December-15-2017,Single Family Residential,11037 Beech Dr,Fishers,IN,46038,162500,3,2.5,Delaware,1334,6098,1990,90,122,15,Sold,,,http://www.redfin.com/IN/Fishers/11037-Beech-Dr-46038/home/59995567,MIBOR,21528745,N,Y,39.9464731,-86.0474435
PAST SALE,January-10-2018,Single Family Residential,14400 Allisonville Rd Unit R,Fishers,IN,46038,310000,4,4,Delaware,4592,82411,1971,64,68,,Sold,,,http://www.redfin.com/IN/Fishers/14400-Allisonville-Rd-46038/unit-R/home/132160252,MIBOR,21474387,N,Y,39.9970578,-86.0206305
PAST SALE,January-19-2018,Single Family Residential,12985 Lantern Rd,Fishers,IN,46038,418500,4,2,Delaware,2558,329792,1956,55,164,,Sold,,,http://www.redfin.com/IN/Fishers/12985-Lantern-Rd-46038/home/107123369,MIBOR,21517489,N,Y,39.977061,-86.012694
PAST SALE,January-26-2018,Single Family Residential,10581 Creektree Ln,Fishers,IN,46038,490000,5,4.5,Fall Creek,5212,14374,2004,48,94,38,Sold,,,http://www.redfin.com/IN/Fishers/10581-Creektree-Ln-46038/home/66991683,MIBOR,21488590,N,Y,39.9829819,-85.9809356
PAST SALE,January-12-2018,Single Family Residential,8932 Waterton Pl,Fishers,IN,46038,214000,4,2.5,Delaware,2136,7405,1995,62,100,17,Sold,,,http://www.redfin.com/IN/Fishers/8932-Waterton-Pl-46038/home/60010486,MIBOR,21527058,N,Y,39.9887567,-86.0096658
PAST SALE,February-23-2018,Single Family Residential,12637 Fuller Ct,Fishers,IN,46038,262000,4,2.5,Delaware,2470,14810,1995,20,106,34,Sold,,,http://www.redfin.com/IN/Fishers/12637-Fuller-Ct-46038/home/60068344,MIBOR,21540566,N,Y,39.9724589,-86.0171836
PAST SALE,February-28-2018,Single Family Residential,11383 Aleene Way,Fishers,IN,46038,232900,3,2.5,Fall Creek,2554,10454,2007,15,91,17,Sold,,,http://www.redfin.com/IN/Fishers/11383-Aleene-Way-46038/home/60148531,MIBOR,21541263,N,Y,39.9851402,-85.9640808
PAST SALE,December-22-2017,Single Family Residential,11538 Raleigh Ln,Fishers,IN,46038,202500,3,2.5,Delaware,1744,6534,1989,83,116,23,Sold,,,http://www.redfin.com/IN/Fishers/11538-Raleigh-Ln-46038/home/60089368,MIBOR,21514456,N,Y,39.9553371,-86.0277017
PAST SALE,December-27-2017,Single Family Residential,7669 Madden Dr,Fishers,IN,46038,190000,4,2.5,Delaware,1788,10454,1990,78,106,,Sold,,,http://www.redfin.com/IN/Fishers/7669-Madden-Dr-46038/home/60090112,MIBOR,21519144,N,Y,39.9570845,-86.0296739
PAST SALE,December-29-2017,Single Family Residential,13274 Ashwood Dr,Fishers,IN,46038,176000,3,2,Fall Creek,1510,8276,2003,76,117,25,Sold,,,http://www.redfin.com/IN/Fishers/13274-Ashwood-Dr-46038/home/67092085,MIBOR,21505308,N,Y,39.9814492,-85.9719404
PAST SALE,October-20-2017,Single Family Residential,10856 Briar Stone Ln,Fishers,IN,46038,243000,4,2.5,Delaware,2035,11761,1989,146,119,28,Sold,,,http://www.redfin.com/IN/Fishers/10856-Briar-Stone-Ln-46038/home/60105597,MIBOR,21507909,N,Y,39.9486899,-86.0266851
PAST SALE,November-17-2017,Single Family Residential,13996 Lantern Rd,Fishers,IN,46038,269000,4,2.5,Delaware,3592,20721,1996,118,75,,Sold,,,http://www.redfin.com/IN/Fishers/13996-Lantern-Rd-46038/home/82370149,MIBOR,21517161,N,Y,39.9867653,-86.0117188
PAST SALE,December-1-2017,Single Family Residential,10253 Rawlings Pl,Fishers,IN,46038,218900,4,3,Fall Creek,2361,11591,1997,104,93,29,Sold,,,http://www.redfin.com/IN/Fishers/10253-Rawlings-Pl-46038/home/82372061,MIBOR,21518613,N,Y,39.974584,-85.9858813
PAST SALE,December-1-2017,Single Family Residential,10695 Sherborne Rd,Fishers,IN,46038,173000,3,2,Delaware,1536,11369,1992,104,113,16,Sold,,,http://www.redfin.com/IN/Fishers/10695-Sherborne-Rd-46038/home/82377955,MIBOR,21517149,N,Y,39.9441907,-86.0386591
PAST SALE,October-3-2017,Single Family Residential,11878 Ashton Dr,Fishers,IN,46038,193000,3,2,Delaware,1438,10367,1988,163,134,,Sold,,,http://www.redfin.com/IN/Fishers/11878-Ashton-Dr-46038/home/60005935,MIBOR,21506392,N,Y,39.9622134,-86.0226999
PAST SALE,November-1-2017,Single Family Residential,11516 Jamestown West Dr,Fishers,IN,46038,209900,3,2,Delaware,1573,7501,1989,134,133,23,Sold,,,http://www.redfin.com/IN/Fishers/11516-W-Jamestown-Dr-46038/home/60022825,MIBOR,21514776,N,Y,39.9546452,-86.0286276
PAST SALE,November-20-2017,Single Family Residential,7437 River Highlands Dr,Fishers,IN,46038,525000,5,5,Delaware,5047,33105,1998,115,104,41,Sold,,,http://www.redfin.com/IN/Fishers/7437-River-Highlands-Dr-46038/home/60067484,MIBOR,21495877,N,Y,39.9684113,-86.0396153
PAST SALE,November-30-2017,Single Family Residential,12725 Sovereign Ln,Fishers,IN,46038,177000,3,2,Fall Creek,1376,9147,1998,105,129,23,Sold,,,http://www.redfin.com/IN/Fishers/12725-Sovereign-Ln-46038/home/60133890,MIBOR,21508040,N,Y,39.9733335,-85.9931593
PAST SALE,November-16-2017,Single Family Residential,14029 Meadow Lake Dr,Fishers,IN,46038,205900,4,2.5,Fall Creek,2788,13939,2001,119,74,35,Sold,,,http://www.redfin.com/IN/Fishers/14029-Meadow-Lake-Dr-46038/home/60154798,MIBOR,21501151,N,Y,39.9925958,-85.9863
PAST SALE,November-28-2017,Single Family Residential,7663 Madden Dr,Fishers,IN,46038,166000,3,2,Delaware,1534,10798,1990,107,108,,Sold,,,http://www.redfin.com/IN/Fishers/7663-Madden-Dr-46038/home/66955556,MIBOR,21514604,N,Y,39.9570566,-86.0299825
PAST SALE,December-8-2017,Single Family Residential,14446 Forsythia Ln,Fishers,IN,46038,187000,3,2.5,Fall Creek,2010,,1999,97,93,15,Sold,,,http://www.redfin.com/IN/Fishers/14446-Forsythia-Ln-46038/home/67029545,MIBOR,21520886,N,Y,39.9984704,-85.9894905
PAST SALE,November-1-2017,Single Family Residential,13604 Allayna Pl,Fishers,IN,46038,214900,3,2.5,Delaware,2544,13939,1993,134,84,8,Sold,,,http://www.redfin.com/IN/Fishers/13604-Allayna-Pl-46038/home/67103755,MIBOR,21515156,N,Y,39.9846617,-86.0176835
PAST SALE,February-23-2018,Single Family Residential,8445 Providence Dr,Fishers,IN,46038,270000,4,2.5,Delaware,3408,13068,2000,20,79,23,Sold,,,http://www.redfin.com/IN/Fishers/8445-Providence-Dr-46038/home/67008195,MIBOR,21530220,N,Y,39.9948021,-86.0188071
PAST SALE,February-23-2018,Single Family Residential,8454 Ardennes Dr,Fishers,IN,46038,250500,4,2.5,Delaware,3160,12196,1996,20,79,13,Sold,,,http://www.redfin.com/IN/Fishers/8454-Ardennes-Dr-46038/home/67025119,MIBOR,21540830,N,Y,39.9846325,-86.0189855
PAST SALE,December-29-2017,Single Family Residential,13794 Shasta Dr,Fishers,IN,46038,189900,3,2.5,Delaware,1773,7405,1999,76,107,44,Sold,,,http://www.redfin.com/IN/Fishers/13794-Shasta-Dr-46038/home/60135942,MIBOR,21526198,N,Y,39.9881464,-85.9983232
PAST SALE,January-19-2018,Single Family Residential,13931 Catalina Dr,Fishers,IN,46038,239900,4,2.5,Fall Creek,2731,,2006,55,88,41,Sold,,,http://www.redfin.com/IN/Fishers/13931-Catalina-Dr-46038/home/66864544,MIBOR,21528273,N,Y,39.9921515,-85.9653402
PAST SALE,January-16-2018,Single Family Residential,8492 Salatheal Ct,Fishers,IN,46038,155000,4,2,Delaware,1264,6534,1995,58,123,28,Sold,,,http://www.redfin.com/IN/Fishers/8492-Salatheal-Ct-46038/home/82377400,MIBOR,21528573,N,Y,39.9525704,-86.0183466
PAST SALE,February-26-2018,Single Family Residential,13026 Glazer Way,Fishers,IN,46038,282500,5,3.5,Fall Creek,4220,8668,2004,17,67,23,Sold,,,http://www.redfin.com/IN/Fishers/13026-Glazer-Way-46038/home/66996260,MIBOR,21509536,N,Y,39.9779767,-85.9722595
PAST SALE,February-23-2018,Single Family Residential,10990 Alamosa Dr,Fishers,IN,46038,227500,3,2.5,Fall Creek,2640,8276,2003,20,86,31,Sold,,,http://www.redfin.com/IN/Fishers/10990-Alamosa-Dr-46038/home/59995886,MIBOR,21542727,N,Y,39.978732,-85.9715215
PAST SALE,February-26-2018,Single Family Residential,14576 Lansing Pl,Fishers,IN,46038,207000,4,2.5,Delaware,2744,10454,2002,17,75,13,Sold,,,http://www.redfin.com/IN/Fishers/14576-Lansing-Pl-46038/home/60027521,MIBOR,21504698,N,Y,40.0004005,-86.0095064
PAST SALE,February-22-2018,Single Family Residential,10023 Sanger Dr,Fishers,IN,46038,251000,4,2.5,Fall Creek,2718,14810,1998,21,92,25,Sold,,,http://www.redfin.com/IN/Fishers/10023-Sanger-Dr-46038/home/60090027,MIBOR,21540132,N,Y,39.9746169,-85.9891515
PAST SALE,December-22-2017,Single Family Residential,11161 Tufton St,Fishers,IN,46038,248500,3,2.5,Delaware,2504,10018,1991,83,99,40,Sold,,,http://www.redfin.com/IN/Fishers/11161-Tufton-St-46038/home/60130025,MIBOR,21522211,N,Y,39.9499898,-86.0236962
PAST SALE,March-2-2018,Single Family Residential,10625 Harlowe Dr,Fishers,IN,46038,244500,3,2.5,Fall Creek,2866,9147,2000,13,85,40,Sold,,,http://www.redfin.com/IN/Fishers/10625-Harlowe-Dr-46038/home/66948097,MIBOR,21527396,N,Y,39.975885,-85.980078
PAST SALE,March-2-2018,Single Family Residential,12978 Ross,Fishers,IN,46038,189900,3,2.5,Fall Creek,1816,9583,1998,13,105,35,Sold,,,http://www.redfin.com/IN/Fishers/12978-Ross-Xing-46038/home/60044272,MIBOR,21539792,N,Y,39.9772657,-85.9829498
PAST SALE,December-20-2017,Single Family Residential,7763 Kenetta Ct,Fishers,IN,46038,157500,3,2,Delaware,1607,10454,1988,85,98,,Sold,,,http://www.redfin.com/IN/Fishers/7763-Kenetta-Ct-46038/home/82367669,MIBOR,21519757,N,Y,39.9636807,-86.0246128
PAST SALE,February-6-2018,Single Family Residential,9645 Claymore Dr,Fishers,IN,46038,160000,3,2,Delaware,1544,7200,1995,37,104,14,Sold,,,http://www.redfin.com/IN/Fishers/9645-Claymore-Dr-46038/home/67059962,MIBOR,21529297,N,Y,39.9773621,-85.9973467
PAST SALE,March-7-2018,Single Family Residential,14563 Harrison Pkwy,Fishers,IN,46038,244900,3,2.5,Delaware,2956,7405,2001,8,83,15,Sold,,,http://www.redfin.com/IN/Fishers/14563-Harrison-Pkwy-46038/home/66839907,MIBOR,21542620,N,Y,40.0000842,-86.010204
PAST SALE,March-8-2018,Single Family Residential,11533 Jamestown West Dr,Fishers,IN,46038,215900,3,2.5,Delaware,1907,6534,1989,7,113,23,Sold,,,http://www.redfin.com/IN/Fishers/11533-W-Jamestown-Dr-46038/home/60061854,MIBOR,21521940,N,Y,39.9551091,-86.0280714
PAST SALE,March-9-2018,Single Family Residential,11819 Bellhaven Dr,Fishers,IN,46038,279900,4,2.5,Fall Creek,2972,6969,2011,6,94,35,Sold,,,http://www.redfin.com/IN/Fishers/11819-Bellhaven-Dr-46038/home/60106852,MIBOR,21542409,N,Y,39.9913605,-85.9553022
PAST SALE,December-18-2017,Single Family Residential,12440 Lantern Rd,Fishers,IN,46038,185000,3,2,Delaware,2610,40075,1973,87,71,,Sold,,,http://www.redfin.com/IN/Fishers/12440-Lantern-Rd-46038/home/82372666,MIBOR,21517227,N,Y,39.969027,-86.0134927
PAST SALE,December-12-2017,Single Family Residential,7963 Destry Pl,Fishers,IN,46038,207500,4,2.5,Delaware,2128,10454,1991,93,98,,Sold,,,http://www.redfin.com/IN/Fishers/7963-Destry-Pl-46038/home/82367703,MIBOR,21516361,N,Y,39.9705741,-86.0165619
PAST SALE,November-22-2017,Single Family Residential,14503 Lee Stewart Ln,Fishers,IN,46038,210000,4,2.5,Fall Creek,3540,6969,2002,113,59,23,Sold,,,http://www.redfin.com/IN/Fishers/14503-Lee-Stewart-Ln-46038/home/82370297,MIBOR,21516675,N,Y,39.9992961,-85.9850038
PAST SALE,December-20-2017,Single Family Residential,6705 White River Pl,Fishers,IN,46038,360000,4,3,Delaware,3751,18295,1989,85,96,33,Sold,,,http://www.redfin.com/IN/Fishers/6705-White-River-Pl-46038/home/60018640,MIBOR,21517390,N,Y,39.9582454,-86.0496344
PAST SALE,December-18-2017,Single Family Residential,13203 Golden Ash Ct,Fishers,IN,46038,209900,3,2.5,Fall Creek,2039,13503,1998,87,103,25,Sold,,,http://www.redfin.com/IN/Fishers/13203-Golden-Ash-Ct-46038/home/60120807,MIBOR,21518842,N,Y,39.9802993,-85.9780437
PAST SALE,December-1-2017,Single Family Residential,14049 Arranwood Ln,Fishers,IN,46038,269000,4,2.5,Fall Creek,3191,7405,2013,104,84,35,Sold,,,http://www.redfin.com/IN/Fishers/14049-Arranwood-Ln-46038/home/60125493,MIBOR,21501732,N,Y,39.9929396,-85.9546637
PAST SALE,November-20-2017,Single Family Residential,13476 Creektree Ln,Fishers,IN,46038,215000,3,2.5,Fall Creek,2092,7405,2002,115,103,40,Sold,,,http://www.redfin.com/IN/Fishers/13476-Creektree-Ln-46038/home/60131798,MIBOR,21516888,N,Y,39.982715,-85.9888524
PAST SALE,December-11-2017,Single Family Residential,103 Glenwood Ln,Fishers,IN,46038,195000,3,2,Delaware,1600,16117,1976,94,122,,Sold,,,http://www.redfin.com/IN/Fishers/103-Glenwood-Ln-46038/home/66862977,MIBOR,21513972,N,Y,39.9657584,-86.0363465
PAST SALE,November-27-2017,Single Family Residential,11216 Harrington Ln,Fishers,IN,46038,162580,4,2.5,Delaware,1648,5039,1994,108,99,14,Sold,,,http://www.redfin.com/IN/Fishers/11216-Harrington-Ln-46038/home/66983144,MIBOR,21511715,N,Y,39.9507346,-86.023218
PAST SALE,December-14-2017,Single Family Residential,12941 Coyote Run,Fishers,IN,46038,243000,4,2.5,Fall Creek,3524,10454,2001,91,69,33,Sold,,,http://www.redfin.com/IN/Fishers/12941-Coyote-Run-46038/home/67018264,MIBOR,21485742,N,Y,39.9769427,-85.9776648
PAST SALE,November-17-2017,Single Family Residential,11243 Autumn Harvest Dr,Fishers,IN,46038,170000,3,2,Delaware,1380,5662,1995,118,123,22,Sold,,,http://www.redfin.com/IN/Fishers/11243-Autumn-Harvest-Dr-46038/home/67082524,MIBOR,21519124,N,Y,39.9525901,-86.0178205
PAST SALE,December-7-2017,Single Family Residential,12866 Longleaf Ln,Fishers,IN,46038,142500,3,2,Delaware,1352,7405,1996,98,105,15,Sold,,,http://www.redfin.com/IN/Fishers/12866-Longleaf-Ln-46038/home/67089335,MIBOR,21520820,N,Y,39.9744062,-85.9952329
PAST SALE,September-27-2017,Single Family Residential,12448 Atwood Pl,Fishers,IN,46038,215000,4,2.5,Delaware,2224,17424,1991,169,97,,Sold,,,http://www.redfin.com/IN/Fishers/12448-Atwood-Pl-46038/home/60017389,MIBOR,21494954,N,Y,39.9671111,-86.014848
PAST SALE,September-28-2017,Single Family Residential,9906 Orange Blossom Trl,Fishers,IN,46038,186000,3,2.5,Fall Creek,2090,5227,2000,168,89,23,Sold,,,http://www.redfin.com/IN/Fishers/9906-Orange-Blossom-Trl-46038/home/67076672,MIBOR,21506618,N,Y,39.9994901,-85.9923618
PAST SALE,October-6-2017,Single Family Residential,14348 Orange Blossom Trl,Fishers,IN,46038,191000,3,2.5,Fall Creek,2111,7405,2000,160,90,21,Sold,,,http://www.redfin.com/IN/Fishers/14348-Orange-Blossom-Trl-46038/home/60156313,MIBOR,21505267,N,Y,39.9971827,-85.986978
PAST SALE,January-5-2018,Single Family Residential,7643 Madden Pl,Fishers,IN,46038,190000,5,3.5,Delaware,2784,10018,1989,69,68,,Sold,,,http://www.redfin.com/IN/Fishers/7643-Madden-Pl-46038/home/66981109,MIBOR,21522006,N,Y,39.9578409,-86.03071
PAST SALE,November-27-2017,Single Family Residential,8610 Knoll,Fishers,IN,46038,221000,4,2.5,Delaware,2207,10018,1992,108,100,13,Sold,,,http://www.redfin.com/IN/Fishers/8610-Knoll-Xing-46038/home/67058320,MIBOR,21520524,N,Y,39.9838058,-86.018236
PAST SALE,January-31-2018,Single Family Residential,11912 Halla Pl,Fishers,IN,46038,294500,3,3,Delaware,3324,13939,1993,43,89,33,Sold,,,http://www.redfin.com/IN/Fishers/11912-Halla-Pl-46038/home/82367055,MIBOR,21524507,N,Y,39.9605138,-86.0427228
PAST SALE,November-21-2017,Single Family Residential,9926 Sapphire Berry Ln,Fishers,IN,46038,175000,3,2.5,Fall Creek,2028,5227,2001,114,86,15,Sold,,,http://www.redfin.com/IN/Fishers/9926-Sapphire-Berry-Ln-46038/home/82370695,MIBOR,21504623,N,Y,40.0001182,-85.9920029
PAST SALE,November-30-2017,Single Family Residential,11324 Guy St,Fishers,IN,46038,253000,4,2.5,Fall Creek,3118,7840,2005,105,81,33,Sold,,,http://www.redfin.com/IN/Fishers/11324-Guy-St-46038/home/60080864,MIBOR,21517707,N,Y,39.9842678,-85.9648987
PAST SALE,November-22-2017,Single Family Residential,12969 Sinclair Pl,Fishers,IN,46038,241000,3,2,Delaware,2176,8276,1997,113,111,25,Sold,,,http://www.redfin.com/IN/Fishers/12969-Sinclair-Pl-46038/home/60140283,MIBOR,21517706,N,Y,39.9774061,-85.9887527
PAST SALE,November-15-2017,Single Family Residential,8624 Knoll,Fishers,IN,46038,267000,4,2.5,Delaware,3068,12196,1994,120,87,10,Sold,,,http://www.redfin.com/IN/Fishers/8624-Knoll-Xing-46038/home/66940308,MIBOR,21507446,N,Y,39.983858,-86.017045
PAST SALE,December-22-2017,Single Family Residential,13067 Raritan Dr,Fishers,IN,46038,180775,3,2.5,Fall Creek,2275,,2017,83,79,120,Sold,,,http://www.redfin.com/IN/Fishers/13067-Raritan-Dr-46038/home/132192382,MIBOR,21529461,N,Y,39.976193,-86.010543
PAST SALE,December-29-2017,Single Family Residential,10374 Delphi Ct,Fishers,IN,46038,230000,4,2.5,Fall Creek,3148,10890,2001,76,73,41,Sold,,,http://www.redfin.com/IN/Fishers/10374-Delphi-Ct-46038/home/82370367,MIBOR,21521957,N,Y,39.9916269,-85.9831692
PAST SALE,January-31-2018,Single Family Residential,10846 Arvada Pl,Fishers,IN,46038,268000,4,2.5,Fall Creek,3322,10890,2005,43,81,15,Sold,,,http://www.redfin.com/IN/Fishers/10846-Arvada-Pl-46038/home/60160651,MIBOR,21519287,N,Y,39.9737668,-85.976149
PAST SALE,December-22-2017,Single Family Residential,11338 Boston Way,Fishers,IN,46038,203500,3,2.5,Delaware,1910,7801,1996,83,107,28,Sold,,,http://www.redfin.com/IN/Fishers/11338-Boston-Way-46038/home/82377362,MIBOR,21515184,N,Y,39.9532582,-86.0220479
PAST SALE,November-3-2017,Single Family Residential,13872 Cypress Dr,Fishers,IN,46038,178500,3,2,Fall Creek,1464,11325,1996,132,122,38,Sold,,,http://www.redfin.com/IN/Fishers/13872-Cypress-Dr-46038/home/60111029,MIBOR,21514835,N,Y,39.9903175,-85.9922023
PAST SALE,December-21-2017,Single Family Residential,7818 Ashton Ln,Fishers,IN,46038,167500,3,2,Delaware,1416,10018,1988,84,118,,Sold,,,http://www.redfin.com/IN/Fishers/7818-Ashton-Ln-46038/home/60121450,MIBOR,21524549,N,Y,39.9624445,-86.0247722
PAST SALE,February-15-2018,Single Family Residential,13410 Lantern Rd,Fishers,IN,46038,234000,3,2.5,Delaware,3012,26092,1973,28,78,6,Sold,,,http://www.redfin.com/IN/Fishers/13410-Lantern-Rd-46038/home/67050208,MIBOR,21524461,N,Y,39.9842404,-86.0110611
PAST SALE,January-19-2018,Single Family Residential,13858 Ellsworth Ln,Fishers,IN,46038,207500,3,2.5,Fall Creek,2174,8712,2007,55,95,41,Sold,,,http://www.redfin.com/IN/Fishers/13858-Ellsworth-Ln-46038/home/67105194,MIBOR,21504677,N,Y,39.9909886,-85.9687887
PAST SALE,February-16-2018,Single Family Residential,12538 Trester Ln,Fishers,IN,46038,178000,3,2,Delaware,1465,9147,1991,27,122,40,Sold,,,http://www.redfin.com/IN/Fishers/12538-Trester-Ln-46038/home/60123288,MIBOR,21540195,N,Y,39.969965,-86.0117314
PAST SALE,March-5-2018,Single Family Residential,8773 Lindsey Ct,Fishers,IN,46038,322000,4,3,Delaware,3642,9583,2002,10,88,19,Sold,,,http://www.redfin.com/IN/Fishers/8773-Lindsey-Ct-46038/home/82363065,MIBOR,21542077,N,Y,39.998526,-86.0143696
PAST SALE,March-8-2018,Single Family Residential,14290 Holly Berry Cir,Fishers,IN,46038,205000,3,2.5,Fall Creek,2139,7405,2001,7,96,23,Sold,,,http://www.redfin.com/IN/Fishers/14290-Holly-Berry-Cir-46038/home/67004349,MIBOR,21545422,N,Y,39.9964208,-85.9857816
