SALE TYPE,SOLD DATE,PROPERTY TYPE,ADDRESS,CITY,STATE,ZIP,PRICE,BEDS,BATHS,LOCATION,SQUARE FEET,LOT SIZE,YEAR BUILT,DAYS ON MARKET,$/SQUARE FEET,HOA/MONTH,STATUS,NEXT OPEN HOUSE START TIME,NEXT OPEN HOUSE END TIME,URL (SEE http://www.redfin.com/buy-a-home/comparative-market-analysis FOR INFO ON PRICING),SOURCE,MLS#,FAVORITE,INTERESTED,LATITUDE,LONGITUDE
PAST SALE,September-22-2017,Single Family Residential,5419 Chaparral Ct,Plainfield,IN,46168,296000,5,2.5,Guilford,3820,14810,2010,176,77,33,Sold,,,http://www.redfin.com/IN/Plainfield/5419-Chaparral-Ct-46168/home/82483694,MIBOR,21501989,N,Y,39.6843911,-86.4294267
PAST SALE,October-13-2017,Single Family Residential,5742 Arlington Dr,Plainfield,IN,46168,197500,4,2.5,Guilford,1971,12632,2004,155,100,23,Sold,,,http://www.redfin.com/IN/Plainfield/5742-Arlington-Dr-46168/home/60151245,MIBOR,21469696,N,Y,39.700318,-86.4231474
PAST SALE,September-28-2017,Single Family Residential,1426 Sabrina Cir,Plainfield,IN,46168,119906,4,1.5,Guilford,1225,10406,1971,170,98,,Sold,,,http://www.redfin.com/IN/Plainfield/1426-Sabrina-Cir-46168/home/82475350,MIBOR,21507999,N,Y,39.6928106,-86.3827512
PAST SALE,September-18-2017,Single Family Residential,1241 Blackthorne Trl S,Plainfield,IN,46168,228185,2,2,Guilford,1700,6085,2017,180,134,88,Sold,,,http://www.redfin.com/IN/Plainfield/1241-Blackthorne-Trl-S-46168/home/82484816,MIBOR,21476979,N,Y,39.7149348,-86.3852938
PAST SALE,October-12-2017,Single Family Residential,4583 Gordon Dr,Plainfield,IN,46168,20000,2,1,Guilford,720,5662,1926,156,28,,Sold,,,http://www.redfin.com/IN/Plainfield/4583-Gordon-Ln-46168/home/60016612,MIBOR,21512741,N,Y,39.6951783,-86.4290446
PAST SALE,September-29-2017,Single Family Residential,5112 Macaferty St,Plainfield,IN,46168,295000,5,3.5,Hendricks,3098,9147,2017,169,95,35,Sold,,,http://www.redfin.com/IN/Plainfield/5112-Macaferty-St-46168/home/109822598,MIBOR,21486125,N,Y,39.683393,-86.418629
PAST SALE,October-13-2017,Single Family Residential,3426 Clover Dr,Plainfield,IN,46168,88000,3,2,Guilford,1320,21780,1950,155,67,,Sold,,,http://www.redfin.com/IN/Plainfield/3426-Clover-Dr-46168/home/131544697,MIBOR,21494186,N,Y,39.7146049,-86.3466643
PAST SALE,October-20-2017,Single Family Residential,4076 Cheltonham Ct,Plainfield,IN,46168,179500,3,2,Guilford,1786,7801,2004,148,101,23,Sold,,,http://www.redfin.com/IN/Plainfield/4076-Cheltonham-Ct-46168/home/60006548,MIBOR,21512418,N,Y,39.7022029,-86.4277615
PAST SALE,October-24-2017,Single Family Residential,4896 Lilium Dr,Plainfield,IN,46168,283761,2,2,Guilford,1683,6969,2017,144,169,197,Sold,,,http://www.redfin.com/IN/Plainfield/4896-Lilium-Dr-46168/home/144153808,MIBOR,21520569,N,Y,39.7042123,-86.3994387
PAST SALE,October-31-2017,Single Family Residential,6940 Mockernut Ct,Plainfield,IN,46168,525000,4,3.5,Guilford,4546,18373,2015,137,115,14,Sold,,,http://www.redfin.com/IN/Plainfield/6940-Mockernut-Ct-46168/home/60170562,MIBOR,21492761,N,Y,39.6604516,-86.4218898
PAST SALE,October-31-2017,Single Family Residential,3375 Challenger Dr,Plainfield,IN,46168,475000,4,4.5,Guilford,4511,14810,2005,137,105,25,Sold,,,http://www.redfin.com/IN/Plainfield/3375-Challenger-Dr-46168/home/60152665,MIBOR,21506784,N,Y,39.7133204,-86.4275466
PAST SALE,November-28-2017,Single Family Residential,7397 Sapphire Ct,Plainfield,IN,46168,470000,5,3.5,Guilford,5582,63597,2006,109,84,25,Sold,,,http://www.redfin.com/IN/Plainfield/7397-Sapphire-Ct-46168/home/60060416,MIBOR,21523322,N,Y,39.6537637,-86.404345
PAST SALE,,Single Family Residential,4475 E Connaught Dr,Plainfield,IN,46168,120000,,2.5,,1307,3999,1996,,92,,,,,http://www.redfin.com/IN/Plainfield/4475-E-Connaught-Dr-46168/home/60093770,,,N,Y,39.7048706,-86.4203327
PAST SALE,December-19-2017,Single Family Residential,5357 John Quincy Adams Ct,Plainfield,IN,46168,256500,3,2.5,Guilford,2323,7840,2017,88,110,45,Sold,,,http://www.redfin.com/IN/Plainfield/5357-John-Quincy-Adams-Ct-46168/home/109822030,MIBOR,21502939,N,Y,39.695911,-86.431611
PAST SALE,December-27-2017,Single Family Residential,,Plainfield,IN,46168,148000,2,2,,1410,14374,2003,80,105,27,Sold,,,http://www.redfin.com/IN/Plainfield/Undisclosed-address-46168/home/66983111,MIBOR,21524487,N,Y,39.6815326,-86.399208
PAST SALE,January-26-2018,Single Family Residential,2778 Bluewood Way,Plainfield,IN,46168,184900,3,2.5,Washington,1925,10763,2008,50,96,57,Sold,,,http://www.redfin.com/IN/Plainfield/2778-Bluewood-Way-46168/home/82472142,MIBOR,21527017,N,Y,39.7224807,-86.3725604
PAST SALE,January-31-2018,Single Family Residential,5407 Buckingham Ln,Plainfield,IN,46168,244900,2,2,Guilford,1762,4800,2017,45,139,80,Sold,,,http://www.redfin.com/IN/Plainfield/5407-Buckingham-Ln-46168/home/60172249,MIBOR,21481617,N,Y,39.7050559,-86.4290351
PAST SALE,January-30-2018,Single Family Residential,538 Spruce St,Plainfield,IN,46168,82000,4,1,Guilford,1858,,1935,46,44,,Sold,,,http://www.redfin.com/IN/Plainfield/538-Spruce-St-46168/home/59983416,MIBOR,21529425,N,Y,39.7071634,-86.3953341
PAST SALE,February-14-2018,Single Family Residential,762 N Dan Jones Rd,Plainfield,IN,46168,104000,4,1,Guilford,1248,14248,1953,31,83,,Sold,,,http://www.redfin.com/IN/Plainfield/762-Dan-Jones-Rd-46168/home/82472662,MIBOR,21462724,N,Y,39.7180753,-86.381074
PAST SALE,December-19-2017,Single Family Residential,3392 Nottinghill Dr W,Plainfield,IN,46168,305000,3,3,Guilford,3209,13839,2007,88,95,100,Sold,,,http://www.redfin.com/IN/Plainfield/3392-Nottinghill-Dr-W-46168/home/60149084,MIBOR,21524525,N,Y,39.7127373,-86.4326291
PAST SALE,November-17-2017,Single Family Residential,6588 Dunsdin Dr,Plainfield,IN,46168,96000,2,2.5,Guilford,1392,871,2001,120,69,35,Sold,,,http://www.redfin.com/IN/Plainfield/6588-Dunsdin-Dr-46168/home/66991462,MIBOR,21519045,N,Y,39.680862,-86.407616
PAST SALE,November-20-2017,Single Family Residential,504 Dan Jones Rd,Plainfield,IN,46168,81000,3,1.5,Guilford,1152,12196,1958,117,70,,Sold,,,http://www.redfin.com/IN/Plainfield/504-Dan-Jones-Rd-46168/home/67001122,MIBOR,21464120,N,Y,39.7138805,-86.3803965
PAST SALE,February-8-2018,Single Family Residential,2863 Chalbury Dr,Plainfield,IN,46168,325750,4,3.5,Washington,4612,17859,2012,37,71,30,Sold,,,http://www.redfin.com/IN/Plainfield/2863-Chalbury-Dr-46168/home/82471966,MIBOR,21519651,N,Y,39.7210624,-86.3920898
PAST SALE,October-24-2017,Single Family Residential,5310 Culver Ln,Plainfield,IN,46168,395000,4,3.5,Guilford,4295,37461,2006,144,92,17,Sold,,,http://www.redfin.com/IN/Plainfield/5310-Culver-Ln-46168/home/82473603,MIBOR,21491809,N,Y,39.7092754,-86.4318977
PAST SALE,December-15-2017,Single Family Residential,1249 American,Plainfield,IN,46168,399900,3,3.5,Guilford,3723,30927,2005,92,107,29,Sold,,,http://www.redfin.com/IN/Plainfield/1249-Providence-Pass-46168/home/82480578,MIBOR,21520372,N,Y,39.6870177,-86.3737671
PAST SALE,December-15-2017,Single Family Residential,6591 Pasco Ln,Plainfield,IN,46168,131250,3,2,Guilford,1264,6838,2000,92,104,19,Sold,,,http://www.redfin.com/IN/Plainfield/6591-Pasco-Ln-46168/home/82481527,MIBOR,21509683,N,Y,39.6770463,-86.4076186
PAST SALE,February-14-2018,Single Family Residential,5003 Lilium Dr,Plainfield,IN,46168,219990,2,2,Guilford,1669,,2017,31,132,175,Sold,,,http://www.redfin.com/IN/Plainfield/5003-LILIUM-DR-Unknown/home/109822668,MIBOR,21495893,N,Y,39.695828,-86.432833
PAST SALE,February-12-2018,Single Family Residential,5782 Arlington Dr,Plainfield,IN,46168,186000,3,2,Guilford,1848,8341,2004,33,101,24,Sold,,,http://www.redfin.com/IN/Plainfield/5782-Arlington-Dr-46168/home/60116050,MIBOR,21539607,N,Y,39.7010052,-86.4211969
PAST SALE,February-21-2018,Single Family Residential,5580 S County Road 600 Rd E,Plainfield,IN,46168,180000,3,2,Guilford,1424,19998,1991,24,126,,Sold,,,http://www.redfin.com/IN/Plainfield/5580-S-County-Road-600-E-46168/home/82481358,MIBOR,21529308,N,Y,39.6804593,-86.4188156
PAST SALE,February-23-2018,Single Family Residential,1504 Wildwood Ct,Plainfield,IN,46168,284000,3,2.5,Guilford,2548,17162,1988,22,111,,Sold,,,http://www.redfin.com/IN/Plainfield/1504-Wildwood-Ct-46168/home/82475169,MIBOR,21496100,N,Y,39.6954464,-86.380159
PAST SALE,February-28-2018,Single Family Residential,6400 Matcumbe Way,Plainfield,IN,46168,152000,3,2.5,Guilford,1781,6891,2006,17,85,,Sold,,,http://www.redfin.com/IN/Plainfield/6400-Matcumbe-Way-46168/home/82481161,MIBOR,21530163,N,Y,39.6754839,-86.4120273
PAST SALE,September-28-2017,Single Family Residential,6382 Layton Ln,Plainfield,IN,46168,144000,3,2,Guilford,1416,6969,2006,170,102,23,Sold,,,http://www.redfin.com/IN/Plainfield/6382-Layton-Ln-46168/home/60082156,MIBOR,21504893,N,Y,39.6766537,-86.4125582
PAST SALE,February-28-2018,Single Family Residential,3655 Pickwick Cir,Plainfield,IN,46168,249900,5,4.5,Liberty,3989,13281,2005,17,63,21,Sold,,,http://www.redfin.com/IN/Plainfield/3655-Pickwick-Cir-46168/home/82474246,MIBOR,21529224,N,Y,39.7079597,-86.4382032
PAST SALE,December-1-2017,Single Family Residential,5968 Marco St,Plainfield,IN,46168,142000,3,2,Guilford,1390,6534,1999,106,102,19,Sold,,,http://www.redfin.com/IN/Plainfield/5968-Marco-St-46168/home/66878933,MIBOR,21519906,N,Y,39.676007,-86.4065514
PAST SALE,December-15-2017,Single Family Residential,5964 Pennekamp Ct,Plainfield,IN,46168,179900,4,3,Guilford,2889,10890,1995,92,62,19,Sold,,,http://www.redfin.com/IN/Plainfield/5964-Pennekamp-Ct-46168/home/67022307,MIBOR,21501949,N,Y,39.6761265,-86.4049676
PAST SALE,February-28-2018,Single Family Residential,1044 E Buchanan St,Plainfield,IN,46168,140000,3,2,Guilford,1939,12998,1952,17,72,,Sold,,,http://www.redfin.com/IN/Plainfield/1044-E-Buchanan-St-46168/home/82472611,MIBOR,21539808,N,Y,39.7054429,-86.3878559
PAST SALE,March-2-2018,Single Family Residential,1317 Blackthorne Trl N,Plainfield,IN,46168,197300,3,2,Guilford,1623,8276,2017,15,122,88,Sold,,,http://www.redfin.com/IN/Plainfield/1317-Blackthorne-Trl-N-46168/home/109821820,MIBOR,21527375,N,Y,39.7162293,-86.38505
PAST SALE,February-28-2018,Single Family Residential,4992 Dahlia Dr,Plainfield,IN,46168,223658,2,2,Guilford,1669,,2017,17,134,175,Sold,,,http://www.redfin.com/IN/PLAINFIELD/4992-DAHLIA-DR-46168/home/109822664,MIBOR,21519897,N,Y,39.7042123,-86.3994387
PAST SALE,March-12-2018,Single Family Residential,3605 Newberry Rd,Plainfield,IN,46168,220000,4,2.5,Liberty,3284,13068,2004,5,67,21,Sold,,,http://www.redfin.com/IN/Plainfield/3605-Newberry-Rd-46168/home/60102191,MIBOR,21512986,N,Y,39.7088548,-86.440252
PAST SALE,March-16-2018,Single Family Residential,5777 Arlington Dr,Plainfield,IN,46168,179000,3,2,Guilford,1718,7501,2006,1,104,24,Sold,,,http://www.redfin.com/IN/Plainfield/5777-Arlington-Dr-46168/home/67106418,MIBOR,21539850,N,Y,39.7006819,-86.4213886
PAST SALE,October-2-2017,Single Family Residential,6787 Fieldstream Dr,Plainfield,IN,46168,202000,3,2.5,Washington,2198,9583,1998,166,92,25,Sold,,,http://www.redfin.com/IN/PLAINFIELD/6787-FIELDSTREAM-DR-46168/home/82472070,MIBOR,21490582,N,Y,39.731032,-86.404109
PAST SALE,December-20-2017,Single Family Residential,2346 Liatris Dr,Plainfield,IN,46168,211900,4,2.5,Washington,2864,14400,2005,87,74,57,Sold,,,http://www.redfin.com/IN/Plainfield/2346-Liatris-Dr-46168/home/82472068,MIBOR,21512892,N,Y,39.7288272,-86.3686198
PAST SALE,February-9-2018,Single Family Residential,2297 Shadowbrook Dr,Plainfield,IN,46123,149900,3,2.5,Washington,1962,5662,2002,36,76,24,Sold,,,http://www.redfin.com/IN/Plainfield/2297-Shadowbrook-Dr-46168/home/60110445,MIBOR,21530194,N,Y,39.72948,-86.3566132
PAST SALE,December-14-2017,Single Family Residential,9035 Bayview Cir,Plainfield,IN,46168,183500,3,2.5,Washington,2932,16117,1999,93,63,25,Sold,,,http://www.redfin.com/IN/Plainfield/9035-Bayview-Cir-46168/home/60136125,MIBOR,21523200,N,Y,39.7313835,-86.3607383
PAST SALE,February-8-2018,Single Family Residential,2155 Foxglove Dr,Plainfield,IN,46168,217000,4,2.5,Washington,2187,12449,2010,37,99,57,Sold,,,http://www.redfin.com/IN/Plainfield/2155-Foxglove-Dr-46168/home/60097774,MIBOR,21523967,N,Y,39.7318148,-86.3674183
PAST SALE,October-26-2017,Single Family Residential,8443 Catchfly Dr,Plainfield,IN,46168,184900,3,2.5,Washington,2164,10890,2005,142,85,57,Sold,,,http://www.redfin.com/IN/Plainfield/8443-Catchfly-Dr-46168/home/60045591,MIBOR,21511264,N,Y,39.7311949,-86.3725796
PAST SALE,November-20-2017,Single Family Residential,2325 Liatris Dr,Plainfield,IN,46168,189000,3,2.5,Washington,2164,12196,2006,117,87,57,Sold,,,http://www.redfin.com/IN/Plainfield/2325-Liatris-Dr-46168/home/60166296,MIBOR,21517033,N,Y,39.7292172,-86.3685928
PAST SALE,March-8-2018,Single Family Residential,2503 Burgundy Way,Plainfield,IN,46168,194000,3,2.5,Washington,2124,13068,2006,9,91,25,Sold,,,http://www.redfin.com/IN/Plainfield/2503-Burgundy-Way-46168/home/60021468,MIBOR,21544552,N,Y,39.7270976,-86.4026454
PAST SALE,October-25-2017,Single Family Residential,2337 Boneset Dr,Plainfield,IN,46168,170000,4,2,Washington,1690,7405,2013,143,101,57,Sold,,,http://www.redfin.com/IN/Plainfield/2337-Boneset-Dr-46168/home/60146388,MIBOR,21515129,N,Y,39.7288472,-86.3764361
PAST SALE,December-29-2017,Single Family Residential,2474 Foxtail Dr,Plainfield,IN,46168,150000,3,2.5,Washington,2212,9583,2006,78,68,57,Sold,,,http://www.redfin.com/IN/Plainfield/2474-Foxtail-Dr-46168/home/82472382,MIBOR,21524841,N,Y,39.7268446,-86.3706206
PAST SALE,February-27-2018,Single Family Residential,2225 Cassia Dr,Plainfield,IN,46168,235000,6,3,Washington,4807,13499,2005,18,49,57,Sold,,,http://www.redfin.com/IN/Plainfield/2225-Cassia-Dr-46168/home/82471846,MIBOR,21525905,N,Y,39.7309161,-86.3700859
PAST SALE,February-16-2018,Single Family Residential,6833 E County Road 300 S,Plainfield,IN,46168,189000,2,2,Guilford,1440,59677,1953,29,131,,Sold,,,http://www.redfin.com/IN/Plainfield/6833-E-County-Rd-300-S-46168/home/82472691,MIBOR,21528267,N,Y,39.7183875,-86.403181
PAST SALE,March-9-2018,Single Family Residential,7245 Horton Ct,Plainfield,IN,46168,265000,5,2.5,Washington,3853,15002,2012,8,69,30,Sold,,,http://www.redfin.com/IN/Plainfield/7245-Horton-Ct-46168/home/82471711,MIBOR,21517220,N,Y,39.7210855,-86.3948904
PAST SALE,September-22-2017,Single Family Residential,5308 Cody Ln,Plainfield,IN,46168,315000,3,2.5,Guilford,2061,17911,2017,176,153,21,Sold,,,http://www.redfin.com/IN/Plainfield/5308-Cody-Ln-46168/home/60169994,MIBOR,21507277,N,Y,39.7081138,-86.4319036
PAST SALE,October-13-2017,Single Family Residential,6392 Matcumbe Way,Plainfield,IN,46168,170000,4,2.5,Guilford,2188,6891,2006,155,78,23,Sold,,,http://www.redfin.com/IN/Plainfield/6392-Matcumbe-Way-46168/home/82481159,MIBOR,21507435,N,Y,39.6756564,-86.4124372
PAST SALE,October-24-2017,Single Family Residential,5093 Silverbell Dr,Plainfield,IN,46168,291975,2,2,Guilford,1895,6969,2017,144,154,191,Sold,,,http://www.redfin.com/IN/Plainfield/5093-Silverbell-Dr-46168/home/144153688,MIBOR,21520560,N,Y,39.6972686,-86.4358577
PAST SALE,October-30-2017,Single Family Residential,4635 Belair Cir,Plainfield,IN,46168,225000,3,2,Guilford,1728,9178,2013,138,130,18,Sold,,,http://www.redfin.com/IN/Plainfield/4635-Belair-Cir-46168/home/82474453,MIBOR,21504405,N,Y,39.7037149,-86.4223051
PAST SALE,November-10-2017,Single Family Residential,4110 Hennessey Dr,Plainfield,IN,46168,159500,3,2,Guilford,1437,7840,2004,127,111,12,Sold,,,http://www.redfin.com/IN/Plainfield/4110-Hennessey-Dr-46168/home/60002978,MIBOR,21518273,N,Y,39.7015187,-86.4266797
PAST SALE,November-22-2017,Single Family Residential,5405 Buckingham Ln,Plainfield,IN,46168,244542,2,2,Guilford,1762,4800,2017,115,139,80,Sold,,,http://www.redfin.com/IN/Plainfield/5405-Buckingham-Ln-46168/home/60172274,MIBOR,21481627,N,Y,39.7050557,-86.4291772
PAST SALE,November-27-2017,Single Family Residential,4618 Clifton Ct,Plainfield,IN,46168,285500,3,2,Guilford,2634,9234,2005,110,108,18,Sold,,,http://www.redfin.com/IN/Plainfield/4618-Clifton-Ct-46168/home/59992472,MIBOR,21518390,N,Y,39.7040497,-86.425808
PAST SALE,November-30-2017,Single Family Residential,4331 Spirea Dr,Plainfield,IN,46168,303432,4,3.5,Guilford,3206,9147,2017,107,95,43,Sold,,,http://www.redfin.com/IN/Plainfield/4331-Spirea-Dr-46168/home/144073174,MIBOR,21526859,N,Y,39.6989523,-86.4287638
PAST SALE,December-22-2017,Single Family Residential,3620 Newberry Rd,Plainfield,IN,46168,196000,4,2.5,Liberty,2544,14239,2004,85,77,21,Sold,,,http://www.redfin.com/IN/Plainfield/3620-Newberry-Rd-46168/home/82473700,MIBOR,21501730,N,Y,39.7081711,-86.4402674
PAST SALE,December-8-2017,Single Family Residential,5083 Macaferty St,Plainfield,IN,46168,285000,5,3,Guilford,3105,12893,2017,99,92,35,Sold,,,http://www.redfin.com/IN/Plainfield/5083-Macaferty-St-46168/home/109822146,MIBOR,21495009,N,Y,39.683393,-86.418629
PAST SALE,January-31-2018,Single Family Residential,5352 Aster Dr,Plainfield,IN,46168,277000,4,2.5,Guilford,3120,7840,2017,45,89,45,Sold,,,http://www.redfin.com/IN/Plainfield/5352-Aster-Dr-46168/home/144058517,MIBOR,21518950,N,Y,39.695911,-86.431611
PAST SALE,January-29-2018,Single Family Residential,1032 Corey Ln,Plainfield,IN,46168,230000,4,3,Guilford,2254,22651,1987,47,102,,Sold,,,http://www.redfin.com/IN/Plainfield/1032-Corey-Ln-46168/home/82475228,MIBOR,21505762,N,Y,39.6916885,-86.377725
PAST SALE,December-22-2017,Single Family Residential,5864 Gadsen Dr,Plainfield,IN,46168,149900,4,2.5,Guilford,1722,6969,2001,85,87,17,Sold,,,http://www.redfin.com/IN/Plainfield/5864-Gadsen-Dr-46168/home/60069247,MIBOR,21525454,N,Y,39.6784453,-86.4085464
PAST SALE,December-22-2017,Single Family Residential,805 Seneff Ct,Plainfield,IN,46168,299900,3,2.5,Guilford,3553,20381,1984,85,84,,Sold,,,http://www.redfin.com/IN/Plainfield/805-Seneff-Ct-46168/home/60141497,MIBOR,21524313,N,Y,39.6994825,-86.3909225
PAST SALE,,Single Family Residential,643 Harlan St,Plainfield,IN,46168,169000,3,1.5,,2049,32670,1939,,82,,,,,http://www.redfin.com/IN/Plainfield/643-Harlan-St-46168/home/60097235,,,N,Y,39.7082068,-86.3939493
PAST SALE,February-16-2018,Single Family Residential,5858 Pennekamp Dr,Plainfield,IN,46168,175000,3,2.5,Guilford,2616,9374,2001,29,67,38,Sold,,,http://www.redfin.com/IN/Plainfield/5858-Pennekamp-Dr-46168/home/82481590,MIBOR,21523013,N,Y,39.6784053,-86.404969
PAST SALE,February-26-2018,Single Family Residential,5982 Blue Heron Way,Plainfield,IN,46168,148000,2,2,Guilford,1370,6534,1999,19,108,46,Sold,,,http://www.redfin.com/IN/Plainfield/5982-Blue-Heron-Way-46168/home/82481074,MIBOR,21525671,N,Y,39.6753847,-86.3983804
PAST SALE,February-27-2018,Single Family Residential,4429 Cartersburg Rd,Plainfield,IN,46168,104000,3,1,Liberty,1726,26136,1941,18,60,,Sold,,,http://www.redfin.com/IN/Plainfield/4429-Cartersburg-Rd-46168/home/82474215,MIBOR,21539603,N,Y,39.696779,-86.462504
PAST SALE,February-28-2018,Single Family Residential,5288 Ironwood Ln,Plainfield,IN,46168,430000,4,3.5,Guilford,3838,26741,2001,17,112,21,Sold,,,http://www.redfin.com/IN/Plainfield/5288-Ironwood-Ln-46168/home/82473921,MIBOR,21541663,N,Y,39.7083815,-86.4351079
PAST SALE,February-28-2018,Single Family Residential,6691 S County Road 675 E,Plainfield,IN,46168,450000,3,3.5,Guilford,4114,44866,2016,17,109,13,Sold,,,http://www.redfin.com/IN/Plainfield/6691-S-County-Road-675-E-46168/home/82481502,MIBOR,21524029,N,Y,39.6627294,-86.4033506
PAST SALE,February-28-2018,Single Family Residential,5392 Acadia Ct,Plainfield,IN,46168,290000,4,2.5,Guilford,2827,20473,2012,17,103,35,Sold,,,http://www.redfin.com/IN/Plainfield/5392-Acadia-Ct-46168/home/82474031,MIBOR,21518452,N,Y,39.6921156,-86.4300612
PAST SALE,March-2-2018,Single Family Residential,4146 Taunton Ct,Plainfield,IN,46168,167000,3,2,Guilford,1440,8542,2004,15,116,21,Sold,,,http://www.redfin.com/IN/Plainfield/4146-Taunton-Ct-46168/home/82474407,MIBOR,21519248,N,Y,39.70072,-86.4241144
PAST SALE,December-8-2017,Single Family Residential,5865 Belvista Dr,Plainfield,IN,46168,225000,3,3.5,Guilford,3060,8276,2008,99,74,38,Sold,,,http://www.redfin.com/IN/Plainfield/5865-Belvista-Dr-46168/home/82481333,MIBOR,21512532,N,Y,39.6854985,-86.4210397
PAST SALE,January-19-2018,Single Family Residential,624 Lawndale Dr,Plainfield,IN,46168,163900,3,2.5,Guilford,1562,10890,1968,57,105,,Sold,,,http://www.redfin.com/IN/Plainfield/624-Lawndale-Dr-46168/home/60056190,MIBOR,21519037,N,Y,39.6997765,-86.3854817
PAST SALE,November-30-2017,Single Family Residential,8010 Continental Dr,Mooresville,IN,46158,298000,3,2.5,Guilford,2574,135036,2002,107,116,,Sold,,,http://www.redfin.com/IN/Mooresville/8010-Continental-Dr-46158/home/60023646,MIBOR,21511822,N,Y,39.642154,-86.37953
PAST SALE,October-5-2017,Single Family Residential,2574 Solidago Dr,Plainfield,IN,46168,251949,5,3,Washington,4030,9713,2017,163,63,57,Sold,,,http://www.redfin.com/IN/Plainfield/2574-Solidago-Dr-46168/home/109821723,MIBOR,21528315,N,Y,39.7254697,-86.3743437
PAST SALE,September-22-2017,Single Family Residential,1201 E Buchanan St,Plainfield,IN,46168,86250,2,1,Guilford,882,15598,1955,176,98,,Sold,,,http://www.redfin.com/IN/Plainfield/1201-E-Buchanan-St-46168/home/82472630,MIBOR,21507342,N,Y,39.7057827,-86.3858378
PAST SALE,September-27-2017,Single Family Residential,5966 Redcliff North Ln,Plainfield,IN,46168,134500,3,2.5,Guilford,1759,3998,1996,171,76,15,Sold,,,http://www.redfin.com/IN/Plainfield/5966-N-Redcliff-Ln-46168/home/82473410,MIBOR,21493266,N,Y,39.7058036,-86.4190669
PAST SALE,September-22-2017,Single Family Residential,5973 Blue Heron Way,Plainfield,IN,46168,148000,2,2,Guilford,1314,5815,1998,176,113,,Sold,,,http://www.redfin.com/IN/Plainfield/5973-Blue-Heron-Way-46168/home/82480791,MIBOR,21507202,N,Y,39.6755651,-86.3977079
PAST SALE,September-29-2017,Single Family Residential,6645 Dunsdin Dr,Plainfield,IN,46168,129000,3,2.5,Guilford,1617,1023,2002,169,80,35,Sold,,,http://www.redfin.com/IN/Plainfield/6645-Dunsdin-Dr-46168/home/82481310,MIBOR,21507196,N,Y,39.680224,-86.4048582
PAST SALE,September-27-2017,Single Family Residential,5870 Pennekamp Dr,Plainfield,IN,46168,139900,3,2,Guilford,1192,9374,2002,171,117,21,Sold,,,http://www.redfin.com/IN/Plainfield/5870-Pennekamp-Dr-46168/home/82481593,MIBOR,21506695,N,Y,39.6777643,-86.4050045
PAST SALE,September-28-2017,Single Family Residential,703 E Main St,Plainfield,IN,46168,160000,3,2,Guilford,2354,19166,1920,170,68,,Sold,,,http://www.redfin.com/IN/Plainfield/703-E-Main-St-46168/home/60003633,MIBOR,21506712,N,Y,39.7056064,-86.3928936
PAST SALE,October-2-2017,Single Family Residential,2798 S State Road 267,Plainfield,IN,46168,180000,4,2,Washington,1666,27442,1966,166,108,,Sold,,,http://www.redfin.com/IN/Plainfield/2798-Indiana-267-46168/home/60035435,MIBOR,21517060,N,Y,39.7216744,-86.4001218
PAST SALE,September-25-2017,Single Family Residential,3899 Woods Bay Ln,Plainfield,IN,46168,187000,4,2.5,Liberty,2524,13599,2003,173,74,21,Sold,,,http://www.redfin.com/IN/Plainfield/3899-Wood-s-Bay-Ln-46168/home/60035466,MIBOR,21492886,N,Y,39.7050922,-86.4396201
PAST SALE,September-29-2017,Single Family Residential,3013 Biddle St,Plainfield,IN,46168,30000,3,1,Liberty,912,15803,1958,169,33,,Sold,,,http://www.redfin.com/IN/Plainfield/3013-Biddle-St-46168/home/82474188,MIBOR,21510833,N,Y,39.698941,-86.466622
PAST SALE,October-6-2017,Single Family Residential,4726 Ventura Blvd,Plainfield,IN,46168,207005,3,2.5,Guilford,2324,7492,2017,162,89,,Sold,,,http://www.redfin.com/IN/Plainfield/4726-Ventura-Blvd-46168/home/105542637,MIBOR,21518060,N,Y,39.6928162,-86.4239811
PAST SALE,September-25-2017,Single Family Residential,5115 Lilium Dr,Plainfield,IN,46168,192023,2,2.5,Guilford,1669,,2016,173,115,175,Sold,,,http://www.redfin.com/IN/Plainfield/5115-Lilium-Dr-46168/home/109822149,MIBOR,21524020,N,Y,39.6993035,-86.4374157
PAST SALE,September-20-2017,Single Family Residential,3348 Challenger,Plainfield,IN,46168,423203,3,2.5,Guilford,4244,27878,2017,178,100,,Sold,,,http://www.redfin.com/IN/Plainfield/3348-Challenger-Dr-46168/home/60169898,MIBOR,21513959,N,Y,39.7147972,-86.4287227
PAST SALE,October-4-2017,Single Family Residential,1631 Aubert St,Plainfield,IN,46168,84223,3,1,Guilford,1246,9909,1957,164,68,,Sold,,,http://www.redfin.com/IN/Plainfield/1631-Aubert-St-46168/home/82473135,MIBOR,21492641,N,Y,39.7063951,-86.3783583
PAST SALE,September-27-2017,Single Family Residential,1167 Blackthorne Trl S,Plainfield,IN,46168,194000,3,2,Guilford,1623,6098,2017,171,120,88,Sold,,,http://www.redfin.com/IN/Plainfield/1167-Blackthorne-Trl-S-46168/home/82484812,MIBOR,21502434,N,Y,39.7149348,-86.3852938
PAST SALE,September-25-2017,Single Family Residential,5847 Glen Haven Blvd,Plainfield,IN,46168,190000,4,2.5,Guilford,2962,9583,2001,173,64,19,Sold,,,http://www.redfin.com/IN/Plainfield/5847-Glen-Haven-Blvd-46168/home/66806380,MIBOR,21503817,N,Y,39.6789973,-86.4070336
PAST SALE,October-16-2017,Single Family Residential,6608 Dunsdin Dr,Plainfield,IN,46168,122900,3,2.5,Guilford,1686,871,2001,152,73,35,Sold,,,http://www.redfin.com/IN/Plainfield/6608-Dunsdin-Dr-46168/home/60038260,MIBOR,21504680,N,Y,39.6809992,-86.4071525
PAST SALE,October-2-2017,Single Family Residential,7152 Hidden Valley Dr,Plainfield,IN,46168,261000,4,2.5,Washington,2454,29999,1992,166,106,,Sold,,,http://www.redfin.com/IN/Plainfield/7152-Hidden-Valley-Dr-46168/home/82471944,MIBOR,21502889,N,Y,39.7294158,-86.3968771
PAST SALE,October-10-2017,Single Family Residential,1345 Oliver Ave,Plainfield,IN,46168,165000,3,2.5,Guilford,2442,10619,1962,158,68,,Sold,,,http://www.redfin.com/IN/Plainfield/1345-W-Oliver-Ave-46168/home/82474859,MIBOR,21511216,N,Y,39.7025853,-86.3836119
PAST SALE,October-12-2017,Single Family Residential,5480 E Us Highway 40 Rd,Plainfield,IN,46168,184000,4,3,Guilford,3584,40946,1930,156,51,,Sold,,,http://www.redfin.com/IN/Plainfield/5480-E-Us-Highway-40-Rd-46168/home/112900205,MIBOR,21460151,N,Y,39.7042123,-86.3994387
PAST SALE,October-11-2017,Single Family Residential,8145 Black Oak Dr,Plainfield,IN,46168,182500,3,2,Guilford,1624,23086,1976,157,112,,Sold,,,http://www.redfin.com/IN/Plainfield/8145-Black-Oak-Dr-46168/home/60154461,MIBOR,21511339,N,Y,39.6576275,-86.3775271
PAST SALE,October-31-2017,Single Family Residential,1102 E Buchanan St,Plainfield,IN,46168,218500,3,2,Guilford,1734,13799,1960,137,126,,Sold,,,http://www.redfin.com/IN/Plainfield/1102-E-Buchanan-St-46168/home/82472608,MIBOR,21496372,N,Y,39.7057086,-86.3873415
PAST SALE,November-14-2017,Single Family Residential,521 S East St,Plainfield,IN,46168,129998,3,2,Guilford,2070,8276,1940,123,63,,Sold,,,http://www.redfin.com/IN/Plainfield/521-South-East-St-46168/home/82474650,MIBOR,21519591,N,Y,39.6991557,-86.3992112
PAST SALE,October-27-2017,Single Family Residential,828 Gary Dr,Plainfield,IN,46168,129098,3,1.5,Guilford,1126,12196,1971,141,115,,Sold,,,http://www.redfin.com/IN/Plainfield/828-Gary-Dr-46168/home/82475153,MIBOR,21515163,N,Y,39.6960921,-86.3879944
PAST SALE,November-21-2017,Single Family Residential,1425 Sabrina Cir,Plainfield,IN,46168,107000,3,1.5,Guilford,950,8001,1971,116,113,,Sold,,,http://www.redfin.com/IN/Plainfield/1425-Sabrina-Cir-46168/home/82475347,MIBOR,21512452,N,Y,39.6923277,-86.3827512
PAST SALE,October-12-2017,Single Family Residential,8440 E State Road 267,Plainfield,IN,46168,290000,3,2.5,Guilford,2787,63162,1994,156,104,,Sold,,,http://www.redfin.com/IN/Plainfield/8440-Indiana-267-46168/home/82481935,MIBOR,21506394,N,Y,39.6540053,-86.3711151
PAST SALE,November-27-2017,Single Family Residential,1216 Bluff Rd,Plainfield,IN,46168,158400,3,2,Guilford,1312,12196,1961,110,121,,Sold,,,http://www.redfin.com/IN/Plainfield/1216-Bluff-Rd-46168/home/60142988,MIBOR,21522722,N,Y,39.6888692,-86.3880142
PAST SALE,September-29-2017,Single Family Residential,4509 Connaught East Dr,Plainfield,IN,46168,128000,3,2.5,Guilford,1470,3998,1998,169,87,15,Sold,,,http://www.redfin.com/IN/Plainfield/4509-E-Connaught-Dr-46168/home/82474429,MIBOR,21507057,N,Y,39.7036552,-86.4198576
PAST SALE,December-12-2017,Single Family Residential,5605 Starla Ln,Plainfield,IN,46168,228175,5,2.5,Guilford,2961,10890,2017,95,77,,Sold,,,http://www.redfin.com/IN/Plainfield/5605-Starla-Ln-46168/home/144529755,MIBOR,21529201,N,Y,39.6894878,-86.4257557
PAST SALE,November-15-2017,Single Family Residential,2814 Jefferson Dr,Plainfield,IN,46168,282500,3,3,Washington,3112,17998,1993,122,91,15,Sold,,,http://www.redfin.com/IN/Plainfield/2814-Jefferson-Dr-46168/home/82472018,MIBOR,21506541,N,Y,39.7213338,-86.3898146
PAST SALE,September-20-2017,Single Family Residential,5439 Hibiscus Dr,Plainfield,IN,46168,269228,4,2.5,Guilford,3297,9583,2017,178,82,43,Sold,,,http://www.redfin.com/IN/PLAINFIELD/5439-HIBISCUS-DR-46168/home/113494258,MIBOR,21514021,N,Y,39.7042123,-86.3994387
PAST SALE,September-18-2017,Single Family Residential,701 Raymond St,Plainfield,IN,46168,238500,4,2,Guilford,3332,10018,1930,180,72,,Sold,,,http://www.redfin.com/IN/Plainfield/701-Raymond-St-46168/home/67103500,MIBOR,21486463,N,Y,39.7007801,-86.3918919
PAST SALE,September-25-2017,Single Family Residential,424 Magnolia Dr,Plainfield,IN,46168,125000,3,1,Guilford,1824,12166,1967,173,69,,Sold,,,http://www.redfin.com/IN/Plainfield/424-Magnolia-Dr-46168/home/82472472,MIBOR,21505918,N,Y,39.7142798,-86.3770522
PAST SALE,October-6-2017,Single Family Residential,2606 Foxtail Dr,Plainfield,IN,46168,172500,3,2.5,Washington,2398,10018,2009,162,72,55,Sold,,,http://www.redfin.com/IN/Plainfield/2606-Foxtail-Dr-46168/home/60128397,MIBOR,21511977,N,Y,39.7249799,-86.3718938
PAST SALE,September-25-2017,Single Family Residential,1156 Thistlewood Way,Plainfield,IN,46168,160000,3,2.5,Guilford,1919,,2014,173,83,150,Sold,,,http://www.redfin.com/IN/Plainfield/1156-Thistlewood-Way-46168/unit-5C/home/60169183,MIBOR,21495111,N,Y,39.7153787,-86.388208
PAST SALE,September-26-2017,Single Family Residential,559 Gibbs St,Plainfield,IN,46168,210000,3,3,Guilford,2340,85377,1976,172,90,,Sold,,,http://www.redfin.com/IN/Plainfield/559-Gibbs-St-46168/home/60052094,MIBOR,21514968,N,Y,39.7114829,-86.3945026
PAST SALE,September-26-2017,Single Family Residential,4745 Ventura Blvd,Plainfield,IN,46168,175103,3,2,Guilford,1355,8102,2017,172,129,,Sold,,,http://www.redfin.com/IN/Plainfield/4745-Ventura-Blvd-46168/home/109822639,MIBOR,21514933,N,Y,39.6928162,-86.4239811
PAST SALE,October-10-2017,Single Family Residential,8191 Liberty Ln,Mooresville,IN,46158,251400,3,2,Guilford,2834,71002,1979,158,89,,Sold,,,http://www.redfin.com/IN/Mooresville/8191-Liberty-Ln-46158/home/82482673,MIBOR,21500152,N,Y,39.6424049,-86.380689
PAST SALE,October-12-2017,Single Family Residential,1209 American Ave,Plainfield,IN,46168,450000,5,3.5,Guilford,5458,29620,2005,156,82,42,Sold,,,http://www.redfin.com/IN/Plainfield/1209-American-Ave-46168/home/60059683,MIBOR,21511270,N,Y,39.6893986,-86.3746181
PAST SALE,September-25-2017,Single Family Residential,5943 Sugarloaf Dr,Plainfield,IN,46168,140500,3,2,Guilford,1233,6825,2003,173,114,23,Sold,,,http://www.redfin.com/IN/Plainfield/5943-Sugarloaf-Dr-46168/home/60166984,MIBOR,21505087,N,Y,39.6766525,-86.4092743
PAST SALE,October-16-2017,Single Family Residential,5000 W Bay Rd,Plainfield,IN,46168,260000,4,3.5,Guilford,4251,35283,2003,152,61,18,Sold,,,http://www.redfin.com/IN/Plainfield/5000-W-Bay-Rd-46168/home/67037654,MIBOR,21510845,N,Y,39.7044693,-86.4372149
PAST SALE,October-11-2017,Single Family Residential,606 Summit Dr,Plainfield,IN,46168,210000,3,2.5,Guilford,1882,21344,1993,157,112,,Sold,,,http://www.redfin.com/IN/Plainfield/606-Summit-Dr-46168/home/82472907,MIBOR,21510695,N,Y,39.7141294,-86.4091994
PAST SALE,September-22-2017,Single Family Residential,1028 Gary Dr,Plainfield,IN,46168,104900,3,1,Guilford,925,9844,1961,176,113,,Sold,,,http://www.redfin.com/IN/Plainfield/1028-Gary-Dr-46168/home/60027345,MIBOR,21504981,N,Y,39.6918043,-86.3869557
PAST SALE,October-20-2017,Single Family Residential,6372 Oyster Key Ln,Plainfield,IN,46168,190000,4,2.5,Guilford,2579,8276,2006,148,74,23,Sold,,,http://www.redfin.com/IN/Plainfield/6372-Oyster-Key-Ln-46168/home/67089647,MIBOR,21506105,N,Y,39.6771167,-86.4128068
PAST SALE,October-19-2017,Single Family Residential,4507 Redcliff South Ln,Plainfield,IN,46168,127000,3,2.5,Guilford,1549,4007,1998,149,82,13,Sold,,,http://www.redfin.com/IN/Plainfield/4507-S-Redcliff-Ln-46168/home/66986823,MIBOR,21519949,N,Y,39.7038657,-86.417235
PAST SALE,September-26-2017,Single Family Residential,6371 Mckee Dr,Plainfield,IN,46168,140000,3,2,Guilford,1416,9949,2006,172,99,23,Sold,,,http://www.redfin.com/IN/Plainfield/6371-McKee-Dr-46168/home/60082898,MIBOR,21502960,N,Y,39.6776538,-86.4128196
PAST SALE,October-13-2017,Single Family Residential,806 French St,Plainfield,IN,46168,82000,3,1,Guilford,1024,7840,1967,155,80,,Sold,,,http://www.redfin.com/IN/Plainfield/806-French-St-46168/home/60015253,MIBOR,21511375,N,Y,39.711679,-86.391427
PAST SALE,October-2-2017,Single Family Residential,5543 Homestead Ct,Plainfield,IN,46168,239900,4,3,Guilford,2981,20037,1995,166,80,16,Sold,,,http://www.redfin.com/IN/Plainfield/5543-Homestead-Ct-46168/home/60078267,MIBOR,21509617,N,Y,39.7074912,-86.4281615
PAST SALE,October-20-2017,Single Family Residential,4460 Connaught East Dr,Plainfield,IN,46168,128000,3,2.5,Guilford,1745,5998,1996,148,73,15,Sold,,,http://www.redfin.com/IN/Plainfield/4460-E-Connaught-Dr-46168/home/82473418,MIBOR,21511221,N,Y,39.7050902,-86.4207278
PAST SALE,September-22-2017,Single Family Residential,528 Brookside Ln,Plainfield,IN,46168,166400,4,2.5,Guilford,1924,8712,1965,176,86,,Sold,,,http://www.redfin.com/IN/Plainfield/528-Brookside-Ln-46168/home/82474876,MIBOR,21494351,N,Y,39.701495,-86.3825137
PAST SALE,December-15-2017,Single Family Residential,8017 Cottonwood Ct S,Plainfield,IN,46168,299900,4,2.5,Guilford,3012,28749,1978,92,100,,Sold,,,http://www.redfin.com/IN/Plainfield/8017-Cottonwood-Ct-S-46168/home/60093221,MIBOR,21517029,N,Y,39.6604017,-86.3766375
PAST SALE,December-15-2017,Single Family Residential,7673 Lincoln Trl,Plainfield,IN,46168,288000,4,2.5,Guilford,2482,14810,1987,92,116,8,Sold,,,http://www.redfin.com/IN/Plainfield/7673-Lincoln-Trl-46168/home/60094195,MIBOR,21522968,N,Y,39.6703766,-86.3868073
PAST SALE,December-15-2017,Single Family Residential,5357 Indermuhle Ln,Plainfield,IN,46168,320000,5,3.5,Guilford,4157,17859,2012,92,77,33,Sold,,,http://www.redfin.com/IN/Plainfield/5357-Indermuhle-Ln-46168/home/60114086,MIBOR,21510806,N,Y,39.6827311,-86.4297628
PAST SALE,November-21-2017,Single Family Residential,645 Kentucky Ave,Plainfield,IN,46168,166900,3,2,Guilford,1526,11970,1969,116,109,,Sold,,,http://www.redfin.com/IN/Plainfield/645-Kentucky-Ave-46168/home/82474920,MIBOR,21504330,N,Y,39.6985463,-86.3860357
PAST SALE,September-29-2017,Single Family Residential,1708 W Beech Dr S,Plainfield,IN,46168,182000,3,2,Guilford,3316,14374,1977,169,55,8,Sold,,,http://www.redfin.com/IN/Plainfield/1708-Beech-Dr-S-46168/home/82475301,MIBOR,21511155,N,Y,39.6979489,-86.3771709
PAST SALE,December-18-2017,Single Family Residential,1555 Deerfield Dr,Plainfield,IN,46168,250000,4,2,Guilford,2273,18730,1994,89,110,,Sold,,,http://www.redfin.com/IN/Plainfield/1555-Deerfield-Dr-46168/home/82481870,MIBOR,21505027,N,Y,39.672524,-86.3781802
PAST SALE,December-29-2017,Single Family Residential,2319 Shadowbrook Dr,Plainfield,IN,46168,172000,3,2.5,Washington,2468,5749,2002,78,70,18,Sold,,,http://www.redfin.com/IN/Plainfield/2319-Shadowbrook-Dr-46168/home/60138028,MIBOR,21523351,N,Y,39.7291907,-86.3573381
PAST SALE,January-31-2018,Single Family Residential,2265 Edgewater Cir,Avon,IN,46168,157000,4,2.5,Washington,2926,6969,1999,45,54,26,Sold,,,http://www.redfin.com/IN/Plainfield/2265-Edgewater-Cir-46168/home/66964026,MIBOR,21526219,N,Y,39.7300553,-86.3600837
PAST SALE,January-17-2018,Single Family Residential,9049 Bayview Cir,Plainfield,IN,46168,169900,5,3,Guilford,3188,8712,2000,59,53,26,Sold,,,http://www.redfin.com/IN/Plainfield/9049-Bayview-Cir-46168/home/66931144,MIBOR,21527385,N,Y,39.7313333,-86.3604215
PAST SALE,December-1-2017,Single Family Residential,420 Brookside Ln,Plainfield,IN,46168,129000,3,1.5,Guilford,1236,7840,1960,106,104,,Sold,,,http://www.redfin.com/IN/Plainfield/420-Brookside-Ln-46168/home/67054288,MIBOR,21522222,N,Y,39.7035885,-86.3825533
PAST SALE,November-30-2017,Single Family Residential,447 Pickett St,Plainfield,IN,46168,105000,3,1,Guilford,942,9378,1958,107,111,,Sold,,,http://www.redfin.com/IN/Plainfield/447-Pickett-St-46168/home/82472732,MIBOR,21520595,N,Y,39.7086509,-86.3966001
PAST SALE,November-9-2017,Single Family Residential,2253 Summerfield Dr,Plainfield,IN,46168,136000,3,2,Washington,1505,7013,2000,128,90,25,Sold,,,http://www.redfin.com/IN/Plainfield/2253-Summerfield-Dr-46168/home/60098166,MIBOR,21517211,N,Y,39.7303378,-86.3581548
PAST SALE,October-24-2017,Single Family Residential,408 Hickory Ln,Plainfield,IN,46168,117000,3,1.5,Guilford,1141,6960,1967,144,103,,Sold,,,http://www.redfin.com/IN/Plainfield/408-Hickory-Ln-46168/home/82472446,MIBOR,21509792,N,Y,39.7134246,-86.3783286
PAST SALE,November-1-2017,Single Family Residential,2823 Dursillas Dr,Plainfield,IN,46168,274900,4,3.5,Washington,2864,17981,2013,136,96,30,Sold,,,http://www.redfin.com/IN/Plainfield/2823-Dursillas-Dr-46168/home/82471975,MIBOR,21514818,N,Y,39.7214952,-86.3938355
PAST SALE,October-31-2017,Single Family Residential,402 Avon Ave,Plainfield,IN,46168,117900,2,1.5,Guilford,2016,9583,1928,137,58,,Sold,,,http://www.redfin.com/IN/Plainfield/402-Avon-Ave-46168/home/60069718,MIBOR,21516725,N,Y,39.7079795,-86.3996068
PAST SALE,November-3-2017,Single Family Residential,1386 E Hadley Rd,Plainfield,IN,46168,190000,3,2,Guilford,2906,33597,1976,134,65,,Sold,,,http://www.redfin.com/IN/Plainfield/1386-Hadley-Rd-46168/home/82480875,MIBOR,21500632,N,Y,39.67484,-86.380812
PAST SALE,October-26-2017,Single Family Residential,3641 Bayview Ln,Plainfield,IN,46168,227500,4,2.5,Guilford,3424,11926,2004,142,66,21,Sold,,,http://www.redfin.com/IN/Plainfield/3641-Bayview-Ln-46168/home/82473891,MIBOR,21503633,N,Y,39.7069919,-86.4353067
PAST SALE,November-3-2017,Single Family Residential,620 Roosevelt St,Plainfield,IN,46168,123000,3,1,Guilford,1125,8712,1954,134,109,,Sold,,,http://www.redfin.com/IN/Plainfield/620-Roosevelt-St-46168/home/60052238,MIBOR,21445928,N,Y,39.6984114,-86.3985115
PAST SALE,November-1-2017,Single Family Residential,4442 W Connaught Dr,Plainfield,IN,46168,126000,3,2.5,Guilford,1549,3920,1996,136,81,21,Sold,,,http://www.redfin.com/IN/Plainfield/4442-W-Connaught-Dr-46168/home/67083396,MIBOR,21511079,N,Y,39.7053992,-86.4212913
PAST SALE,October-12-2017,Single Family Residential,5855 Grand Ave,Plainfield,IN,46168,275000,5,3.5,Guilford,3277,16988,2009,156,84,23,Sold,,,http://www.redfin.com/IN/Plainfield/5855-Grand-Ave-46168/home/60072393,MIBOR,21508112,N,Y,39.7071816,-86.4194921
PAST SALE,October-24-2017,Single Family Residential,4876 Lilium Dr,Plainfield,IN,46168,282580,2,2,Guilford,1895,6969,2017,144,149,197,Sold,,,http://www.redfin.com/IN/PLAINFIELD/4876-LILIUM-DR-46168/home/143232672,MIBOR,21520566,N,Y,39.7042123,-86.3994387
PAST SALE,October-10-2017,Single Family Residential,2111 Shadowbrook Dr,Plainfield,IN,46168,173000,3,2.5,Guilford,2832,13068,2000,158,61,18,Sold,,,http://www.redfin.com/IN/Plainfield/2111-Shadowbrook-Dr-46168/home/66955863,MIBOR,21509801,N,Y,39.7327426,-86.3551226
PAST SALE,December-18-2017,Single Family Residential,531 E Main St,Plainfield,IN,46168,155000,3,2,Guilford,2480,21780,1950,89,63,,Sold,,,http://www.redfin.com/IN/Plainfield/531-E-Main-St-46168/home/60109542,MIBOR,21523772,N,Y,39.704792,-86.395377
PAST SALE,December-12-2017,Single Family Residential,2179 Buttonbush Dr,Plainfield,IN,46168,354000,4,2.5,Washington,4501,13499,2016,95,79,57,Sold,,,http://www.redfin.com/IN/Plainfield/2179-Buttonbush-Dr-46168/home/109821824,MIBOR,21456006,N,Y,39.7331666,-86.3678312
PAST SALE,November-30-2017,Single Family Residential,6437 Oyster Key Ln,Plainfield,IN,46168,126500,3,2,Guilford,1337,6891,2004,107,95,23,Sold,,,http://www.redfin.com/IN/Plainfield/6437-Oyster-Key-Ln-46168/home/82481171,MIBOR,21518818,N,Y,39.6769807,-86.4109595
PAST SALE,November-20-2017,Single Family Residential,8484 E County Road 800 S,Plainfield,IN,46168,424900,3,3,Guilford,4080,78843,1990,117,104,,Sold,,,http://www.redfin.com/IN/Plainfield/8484-Lake-Meski-Rd-46168/home/82482019,MIBOR,21514515,N,Y,39.6489063,-86.3899953
PAST SALE,January-26-2018,Single Family Residential,7306 S County Road 750 E,Plainfield,IN,46168,225000,3,2,Guilford,1784,318859,1987,50,126,,Sold,,,http://www.redfin.com/IN/Plainfield/7306-S-County-Rd-750-E-46168/home/82482044,MIBOR,21524136,N,Y,39.656392,-86.38405
PAST SALE,November-30-2017,Single Family Residential,7613 Andrew Turn,Plainfield,IN,46168,287000,3,2.5,Guilford,2730,17859,1991,107,105,8,Sold,,,http://www.redfin.com/IN/Plainfield/7613-Andrew-Turn-46168/home/82482150,MIBOR,21520440,N,Y,39.6675221,-86.387579
PAST SALE,October-23-2017,Single Family Residential,411 E Main St,Plainfield,IN,46168,115000,5,2,Guilford,3360,13860,1910,145,34,,Sold,,,http://www.redfin.com/IN/Plainfield/411-E-Main-St-46168/home/142938911,MIBOR,21500814,N,Y,39.704265,-86.3973199
PAST SALE,October-27-2017,Single Family Residential,1473 Blackthorne Trl N,Plainfield,IN,46168,213285,3,2,Guilford,1564,6098,2017,141,136,88,Sold,,,http://www.redfin.com/IN/Plainfield/1473-Blackthorne-Trl-N-46168/home/109822566,MIBOR,21522552,N,Y,39.716416,-86.3829931
PAST SALE,October-31-2017,Single Family Residential,4681 Ventura Blvd,Plainfield,IN,46168,232961,3,2.5,Guilford,2324,8712,2017,137,100,,Sold,,,http://www.redfin.com/IN/Plainfield/4681-Ventura-Blvd-46168/home/109822473,MIBOR,21522706,N,Y,39.6928162,-86.4239811
PAST SALE,December-20-2017,Single Family Residential,5128 Macaferty St,Plainfield,IN,46001,265000,4,2.5,Guilford,2853,9713,2017,87,93,35,Sold,,,http://www.redfin.com/IN/Plainfield/5128-Macaferty-St-46168/home/109822145,MIBOR,21494679,N,Y,39.683393,-86.418629
PAST SALE,December-12-2017,Single Family Residential,5149 Macaferty St,Plainfield,IN,46168,251460,4,2.5,Guilford,3615,9147,2017,95,70,,Sold,,,http://www.redfin.com/IN/Plainfield/5149-Macaferty-St-46168/home/109822338,MIBOR,21528389,N,Y,39.687142,-86.4195476
PAST SALE,December-28-2017,Single Family Residential,2451 Foxtail Dr,Plainfield,IN,46168,157500,3,2,Washington,1472,9513,2006,79,107,57,Sold,,,http://www.redfin.com/IN/Plainfield/2451-Foxtail-Dr-46168/home/82471840,MIBOR,21505244,N,Y,39.7273052,-86.3703046
PAST SALE,December-29-2017,Single Family Residential,2957 S County Road 625 E,Plainfield,IN,46168,186900,3,2,Washington,1807,24829,1980,78,103,,Sold,,,http://www.redfin.com/IN/Plainfield/2957-S-County-Road-625-E-46168/home/60076372,MIBOR,21513969,N,Y,39.7193057,-86.4086904
PAST SALE,,Single Family Residential,5456 Reston Dr,Plainfield,IN,46168,100000,,2.5,,2184,13425,1998,,46,,,,,http://www.redfin.com/IN/Plainfield/5456-Reston-Dr-46168/home/60145734,,,N,Y,39.7096197,-86.4293476
PAST SALE,February-2-2018,Single Family Residential,4583 Tattersall Dr,Plainfield,IN,46168,189900,3,2,Liberty,1652,27442,1974,43,115,,Sold,,,http://www.redfin.com/IN/Plainfield/4583-Tattersall-Dr-46168/home/60154213,MIBOR,21505353,N,Y,39.703739,-86.445575
PAST SALE,November-17-2017,Single Family Residential,6583 Dunsdin Dr,Plainfield,IN,46168,117000,2,2.5,Guilford,1398,871,2000,120,84,35,Sold,,,http://www.redfin.com/IN/Plainfield/6583-Dunsdin-Dr-46168/home/66958839,MIBOR,21510690,N,Y,39.6803119,-86.4080325
PAST SALE,December-15-2017,Single Family Residential,441 Overlook Trl,Plainfield,IN,46168,252000,3,2.5,Guilford,1786,18295,1993,92,141,,Sold,,,http://www.redfin.com/IN/Plainfield/441-Overlook-Trl-46168/home/67000724,MIBOR,21524316,N,Y,39.7143961,-86.4102551
PAST SALE,November-16-2017,Single Family Residential,560 S Tucker St,Plainfield,IN,46168,137500,3,2,Guilford,1468,10018,1926,121,94,,Sold,,,http://www.redfin.com/IN/Plainfield/560-Tucker-St-46168/home/67008533,MIBOR,21519257,N,Y,39.7104356,-86.3957693
PAST SALE,December-29-2017,Single Family Residential,5976 Emil Ct,Plainfield,IN,46168,278000,3,2,Guilford,2984,25199,1977,78,93,,Sold,,,http://www.redfin.com/IN/Plainfield/5976-Emil-Ct-46168/home/67111636,MIBOR,21501430,N,Y,39.6761734,-86.3868073
PAST SALE,November-22-2017,Single Family Residential,4130 Taunton Ct,Plainfield,IN,46168,187000,4,2.5,Guilford,2084,,2003,115,90,23,Sold,,,http://www.redfin.com/IN/Plainfield/4130-Taunton-Ct-46168/home/82474074,MIBOR,21514541,N,Y,39.701093,-86.4242075
PAST SALE,December-22-2017,Single Family Residential,2701 Twinleaf Dr,Plainfield,IN,46168,214000,4,2.5,Washington,2858,10663,2012,85,75,50,Sold,,,http://www.redfin.com/IN/Plainfield/2701-Twinleaf-Dr-46168/home/82484287,MIBOR,21520666,N,Y,39.7235431,-86.3748358
PAST SALE,January-18-2018,Single Family Residential,5200 Macaferty,Plainfield,IN,46168,273985,3,3.5,Guilford,3570,8712,2018,58,77,50,Sold,,,http://www.redfin.com/IN/Plainfield/5200-Macaferty-St-46168/home/109822382,MIBOR,21547506,N,Y,39.687142,-86.4195476
PAST SALE,January-12-2018,Single Family Residential,1223 Providence Pass,Plainfield,IN,46168,389900,4,3,Guilford,4292,15681,2006,64,91,29,Sold,,,http://www.redfin.com/IN/Plainfield/1223-Providence-Pass-46168/home/60063769,MIBOR,21526664,N,Y,39.6882533,-86.3765311
PAST SALE,December-14-2017,Single Family Residential,2254 Edgewater Cir,Plainfield,IN,46168,165000,3,2.5,Washington,2358,7191,1999,93,70,23,Sold,,,http://www.redfin.com/IN/Plainfield/2254-Edgewater-Cir-46168/home/82467843,MIBOR,21505332,N,Y,39.7301703,-86.3606235
PAST SALE,January-19-2018,Single Family Residential,627 Redbud Ln,Plainfield,IN,46168,187000,3,2,Guilford,1568,27442,1961,57,119,,Sold,,,http://www.redfin.com/IN/Plainfield/627-Red-Bud-Ln-46168/home/82473061,MIBOR,21524755,N,Y,39.7055344,-86.4122844
PAST SALE,September-22-2017,Single Family Residential,3562 Bartram Ln,Plainfield,IN,46168,245000,4,2.5,Guilford,3096,20691,1998,176,79,18,Sold,,,http://www.redfin.com/IN/Plainfield/3562-Bartram-Ln-46168/home/82473880,MIBOR,21503059,N,Y,39.7105072,-86.4294267
PAST SALE,December-20-2017,Single Family Residential,4860 Marshall Dr,Plainfield,IN,46168,266498,5,3,Guilford,3296,,2017,87,81,,Sold,,,http://www.redfin.com/IN/Plainfield/4860-Marshall-Dr-46168/home/144529527,MIBOR,21529200,N,Y,39.6910573,-86.4269609
PAST SALE,,Single Family Residential,6632 Dunsdin Dr,Plainfield,IN,46168,102900,,2.5,,1677,1024,2001,,61,,,,,http://www.redfin.com/IN/Plainfield/6632-Dunsdin-Dr-46168/home/82481299,,,N,Y,39.6810315,-86.4066783
PAST SALE,December-21-2017,Single Family Residential,5190 Macaferty St,Plainfield,IN,46168,260000,5,3,Guilford,3085,8755,2017,86,84,35,Sold,,,http://www.redfin.com/IN/Plainfield/5190-Macaferty-St-46168/home/109822443,MIBOR,21490273,N,Y,39.683393,-86.418629
PAST SALE,November-30-2017,Single Family Residential,2444 Verbena Dr,Plainfield,IN,46168,212872,3,2,Washington,1628,10715,2017,107,131,57,Sold,,,http://www.redfin.com/IN/Plainfield/2444-Verbena-Dr-46168/home/144387359,MIBOR,21526483,N,Y,39.7285108,-86.3752975
PAST SALE,November-17-2017,Single Family Residential,2227 Boneset Dr,Plainfield,IN,46168,238000,4,2.5,Washington,4148,8616,2014,120,57,55,Sold,,,http://www.redfin.com/IN/Plainfield/2227-Boneset-Dr-46168/home/82483928,MIBOR,21503376,N,Y,39.730392,-86.3764981
PAST SALE,November-22-2017,Single Family Residential,2322 Edgewater Cir,Plainfield,IN,46168,150000,3,2.5,Washington,2222,6969,1999,115,68,15,Sold,,,http://www.redfin.com/IN/Plainfield/2322-Edgewater-Cir-46168/home/60082967,MIBOR,21525969,N,Y,39.7291005,-86.3601673
PAST SALE,November-15-2017,Single Family Residential,2250 Rolling Hills Ln,Plainfield,IN,46168,213000,3,2,Washington,2212,24798,1977,122,96,,Sold,,,http://www.redfin.com/IN/Plainfield/2250-Rolling-Hills-Ln-46168/home/82471945,MIBOR,21518109,N,Y,39.729782,-86.3982637
PAST SALE,November-27-2017,Single Family Residential,205 N Mill St,Plainfield,IN,46168,87007,2,1,Guilford,932,3963,1926,110,93,,Sold,,,http://www.redfin.com/IN/Plainfield/205-N-Mill-St-46168/home/59988560,MIBOR,21524159,N,Y,39.7044837,-86.4045414
PAST SALE,October-26-2017,Single Family Residential,717 Beverly Ln,Plainfield,IN,46168,159500,3,2,Guilford,1636,14501,1972,142,97,,Sold,,,http://www.redfin.com/IN/Plainfield/717-Beverly-Ln-46168/home/60047936,MIBOR,21514029,N,Y,39.7016559,-86.4124228
PAST SALE,November-20-2017,Single Family Residential,5849 Northlands Ter,Plainfield,IN,46168,214900,4,2.5,Guilford,2326,7405,2011,117,92,33,Sold,,,http://www.redfin.com/IN/Plainfield/5849-Northlands-Ter-46168/home/60105776,MIBOR,21519802,N,Y,39.6846571,-86.4211744
PAST SALE,October-31-2017,Single Family Residential,5140 Montevideo Dr,Plainfield,IN,46168,196500,3,2.5,Guilford,2023,7840,2014,137,97,33,Sold,,,http://www.redfin.com/IN/Plainfield/5140-Montevideo-Dr-46168/home/60137157,MIBOR,21513227,N,Y,39.6869571,-86.4225468
PAST SALE,October-24-2017,Single Family Residential,5032 Lilium Dr,Plainfield,IN,46168,271710,2,2,Guilford,1923,6969,2017,144,141,197,Sold,,,http://www.redfin.com/IN/Plainfield/5032-Lilium-Dr-46168/home/109822151,MIBOR,21520635,N,Y,39.6993035,-86.4374157
PAST SALE,September-25-2017,Single Family Residential,209 Wayside Dr,Plainfield,IN,46168,105000,2,1,Guilford,802,11761,1956,173,131,,Sold,,,http://www.redfin.com/IN/Plainfield/209-Wayside-Dr-46168/home/66804265,MIBOR,21504652,N,Y,39.707484,-86.3808729
PAST SALE,October-5-2017,Single Family Residential,842 E Main St,Plainfield,IN,46168,86000,2,1,Guilford,936,8398,1935,163,92,,Sold,,,http://www.redfin.com/IN/Plainfield/842-E-Main-St-46168/home/82472755,MIBOR,21496781,N,Y,39.7066007,-86.3914567
PAST SALE,October-5-2017,Single Family Residential,6462 Layton Ln,Plainfield,IN,46168,135000,3,2,Guilford,1256,6969,2003,163,107,23,Sold,,,http://www.redfin.com/IN/Plainfield/6462-Layton-Ln-46168/home/82481169,MIBOR,21510001,N,Y,39.6766562,-86.4102277
PAST SALE,November-29-2017,Single Family Residential,5162 Macaferty St,Plainfield,IN,46168,272000,5,3.5,Guilford,3098,9888,2017,108,88,35,Sold,,,http://www.redfin.com/IN/Plainfield/5162-Macaferty-St-46168/home/109822144,MIBOR,21494811,N,Y,39.683393,-86.418629
PAST SALE,December-8-2017,Single Family Residential,1490 W Oliver Ave,Plainfield,IN,46168,110000,3,1.5,Guilford,1328,9038,1961,99,83,,Sold,,,http://www.redfin.com/IN/Plainfield/1490-W-Oliver-Ave-46168/home/82474519,MIBOR,21524874,N,Y,39.7029874,-86.3826325
PAST SALE,December-1-2017,Single Family Residential,,Plainfield,IN,46168,158000,3,2,,1468,10454,1964,106,108,,Sold,,,http://www.redfin.com/IN/Plainfield/Undisclosed-address-46168/home/82474880,MIBOR,21519777,N,Y,39.7004586,-86.3828302
PAST SALE,October-6-2017,Single Family Residential,2440 Foxtail Dr,Plainfield,IN,46168,198000,4,2.5,Washington,2536,9853,2006,162,78,57,Sold,,,http://www.redfin.com/IN/Plainfield/2440-Foxtail-Dr-46168/home/60151604,MIBOR,21497870,N,Y,39.7273952,-86.3702456
PAST SALE,December-27-2017,Single Family Residential,2502 Twinleaf Dr,Plainfield,IN,46168,271253,3,2.5,Washington,3549,9496,2017,80,76,57,Sold,,,http://www.redfin.com/IN/Plainfield/2502-Twinleaf-Dr-46168/home/144627305,MIBOR,21529497,N,Y,39.7278292,-86.37384
PAST SALE,February-15-2018,Single Family Residential,2354 Boneset Dr,Plainfield,IN,46168,208000,3,2.5,Washington,2273,,2013,30,92,58,Sold,,,http://www.redfin.com/IN/Plainfield/2354-Boneset-Dr-46168/home/60126324,MIBOR,21507105,N,Y,39.7284883,-86.3770452
PAST SALE,February-28-2018,Single Family Residential,9121 Bayview Cir,Plainfield,IN,46168,188500,4,2.5,Washington,3126,7840,1999,17,60,25,Sold,,,http://www.redfin.com/IN/Plainfield/9121-Bayview-Cir-46168/home/59986578,MIBOR,21530092,N,Y,39.7315325,-86.3590754
PAST SALE,January-22-2018,Single Family Residential,2309 Papaw Ct,Plainfield,IN,46168,293000,3,2.5,Washington,2278,27007,1993,54,129,,Sold,,,http://www.redfin.com/IN/Plainfield/2309-Papaw-Ct-46168/home/60140705,MIBOR,21525782,N,Y,39.7290058,-86.3933756
PAST SALE,March-9-2018,Single Family Residential,2495 Burgundy Way,Plainfield,IN,46168,239900,4,2.5,Washington,4844,79714,2004,8,50,,Sold,,,http://www.redfin.com/IN/Plainfield/2495-Burgundy-Way-46168/home/82472169,MIBOR,21525702,N,Y,39.7270905,-86.4023737
PAST SALE,March-15-2018,Single Family Residential,2418 Woodmont Ct,Plainfield,IN,46168,170000,3,2.5,Washington,2030,10018,1999,2,84,25,Sold,,,http://www.redfin.com/IN/Plainfield/2418-Woodmont-Ct-46168/home/60037584,MIBOR,21541385,N,Y,39.7276625,-86.3586746
PAST SALE,December-30-2017,Single Family Residential,4868 Marshall Dr,Plainfield,IN,46168,238640,5,2.5,Guilford,2971,8712,2017,77,80,,Sold,,,http://www.redfin.com/IN/Plainfield/4868-Marshall-Dr-46168/home/144592854,MIBOR,21529866,N,Y,39.6910573,-86.4269609
PAST SALE,January-26-2018,Single Family Residential,5298 Breccia Dr,Plainfield,IN,46168,400000,4,3.5,Guilford,4404,19166,2008,50,91,12,Sold,,,http://www.redfin.com/IN/Plainfield/5298-Breccia-Dr-46168/home/66975710,MIBOR,21515122,N,Y,39.715114,-86.4339173
PAST SALE,,Single Family Residential,5890 Pennekamp Dr,Plainfield,IN,46168,,4,2.5,,2141,10912,2000,,,,Sold,,,http://www.redfin.com/IN/Plainfield/5890-Pennekamp-Dr-46168/home/60063092,MIBOR,,N,Y,39.6768016,-86.4047207
PAST SALE,January-31-2018,Single Family Residential,6457 Matcumbe Way,Plainfield,IN,46168,145000,3,2,Guilford,1434,6969,2004,45,101,23,Sold,,,http://www.redfin.com/IN/Plainfield/6457-Matcumbe-Way-46168/home/62678439,MIBOR,21540249,N,Y,39.6756893,-86.4104576
PAST SALE,January-26-2018,Single Family Residential,5227 Charmaine Ln,Plainfield,IN,46168,222000,4,2.5,Guilford,2201,7405,2015,50,101,33,Sold,,,http://www.redfin.com/IN/Plainfield/5227-Charmaine-Ln-46168/home/82484864,MIBOR,21526528,N,Y,39.6862841,-86.4202928
PAST SALE,February-12-2018,Single Family Residential,4150 Keeneland Cir,Plainfield,IN,46168,185000,4,2.5,Guilford,2102,7840,2004,33,88,23,Sold,,,http://www.redfin.com/IN/Plainfield/4150-Keeneland-Cir-46168/home/60102660,MIBOR,21524237,N,Y,39.7010578,-86.4230608
PAST SALE,December-18-2017,Single Family Residential,1720 Ramsey Ln,Plainfield,IN,46168,175000,3,2,Guilford,1536,25173,1973,89,114,,Sold,,,http://www.redfin.com/IN/Plainfield/1720-Ramsey-Ln-46168/home/82481117,MIBOR,21522057,N,Y,39.6809946,-86.3845715
PAST SALE,February-20-2018,Single Family Residential,2798 Solidago Dr,Plainfield,IN,46168,165000,3,2,Washington,1612,10890,2012,25,102,57,Sold,,,http://www.redfin.com/IN/Plainfield/2798-Solidago-Dr-46168/home/60114024,MIBOR,21542026,N,Y,39.7223166,-86.374173
PAST SALE,February-22-2018,Single Family Residential,5136 Charmaine Ln,Plainfield,IN,46168,212000,4,2.5,Guilford,2348,8001,2015,23,90,33,Sold,,,http://www.redfin.com/IN/Plainfield/5136-Charmaine-Ln-46168/home/82484855,MIBOR,21510093,N,Y,39.687445,-86.4214
PAST SALE,February-23-2018,Single Family Residential,927 Walton Dr,Plainfield,IN,46168,94877,3,1,Guilford,950,6969,1967,22,100,,Sold,,,http://www.redfin.com/IN/Plainfield/927-Walton-Dr-46168/home/82475678,MIBOR,21524661,N,Y,39.6931882,-86.3858378
PAST SALE,February-27-2018,Single Family Residential,432 Hickory Ln,Plainfield,IN,46168,105000,3,1.5,Guilford,988,7069,1966,18,106,,Sold,,,http://www.redfin.com/IN/Plainfield/432-Hickory-Ln-46168/home/82472450,MIBOR,21542584,N,Y,39.7141826,-86.3778042
PAST SALE,January-10-2018,Single Family Residential,3783 Barrington Ln,Plainfield,IN,46168,290000,2,2,Guilford,2288,14374,2012,66,127,82,Sold,,,http://www.redfin.com/IN/Plainfield/3783-Barrington-Ln-46168/home/60137865,MIBOR,21519787,N,Y,39.706489,-86.4282801
PAST SALE,February-28-2018,Single Family Residential,5737 Chazimal St,Plainfield,IN,46168,257500,3,2.5,Guilford,2496,10497,2013,17,103,33,Sold,,,http://www.redfin.com/IN/Plainfield/5737-Chazimal-St-46168/home/82484441,MIBOR,21539548,N,Y,39.6817456,-86.423396
PAST SALE,February-28-2018,Single Family Residential,5049 Macaferty St,Plainfield,IN,46168,279995,4,2.5,Guilford,2931,9713,2017,17,96,35,Sold,,,http://www.redfin.com/IN/Plainfield/5049-Macaferty-St-46168/home/109822150,MIBOR,21502192,N,Y,39.683393,-86.418629
PAST SALE,February-22-2018,Single Family Residential,5720 Yorktown Rd,Plainfield,IN,46168,244000,4,2.5,Guilford,3558,13503,2006,23,69,26,Sold,,,http://www.redfin.com/IN/Plainfield/5720-Yorktown-Rd-46168/home/60152494,MIBOR,21511617,N,Y,39.7067032,-86.4247083
PAST SALE,January-12-2018,Single Family Residential,6662 Largo Ln,Plainfield,IN,46168,121500,2,2.5,Guilford,1374,1023,2001,64,88,35,Sold,,,http://www.redfin.com/IN/Plainfield/6662-Largo-Ln-46168/home/82481285,MIBOR,21487026,N,Y,39.6813968,-86.4054515
PAST SALE,January-4-2018,Single Family Residential,5152 Nicodemus Dr,Plainfield,IN,46168,293000,4,3.5,Guilford,3569,13503,2008,72,82,33,Sold,,,http://www.redfin.com/IN/Plainfield/5152-Nicodemus-Dr-46168/home/82481568,MIBOR,21517427,N,Y,39.6867257,-86.4291312
PAST SALE,January-25-2018,Single Family Residential,5008 Montevideo Dr,Plainfield,IN,46168,222500,4,2.5,Guilford,2332,10018,2012,51,95,33,Sold,,,http://www.redfin.com/IN/Plainfield/5008-Montevideo-Dr-46168/home/82483659,MIBOR,21539775,N,Y,39.6888913,-86.4232783
PAST SALE,December-28-2017,Single Family Residential,6574 Captiva Pass,Plainfield,IN,46168,150000,3,2.5,Guilford,1694,6969,2000,79,89,21,Sold,,,http://www.redfin.com/IN/Plainfield/6574-Captiva-Pass-46168/home/66824473,MIBOR,21529858,N,Y,39.6797971,-86.4083094
PAST SALE,December-27-2017,Single Family Residential,536 Spruce St,Plainfield,IN,46168,75000,2,1,Guilford,852,9147,1940,80,88,,Sold,,,http://www.redfin.com/IN/Plainfield/536-Spruce-St-46168/home/67043818,MIBOR,21526465,N,Y,39.7071245,-86.3954868
PAST SALE,March-5-2018,Single Family Residential,4982 Dahlia Dr,Plainfield,IN,46168,218885,2,2,Guilford,1616,5227,2017,12,135,175,Sold,,,http://www.redfin.com/IN/PLAINFIELD/4982-DAHLIA-DR-46168/home/109822028,MIBOR,21525479,N,Y,39.695828,-86.432833
PAST SALE,December-30-2017,Single Family Residential,1624 Moon Rd,Plainfield,IN,46168,150000,3,1.5,Guilford,1220,44866,1960,77,123,,Sold,,,http://www.redfin.com/IN/Plainfield/1624-Moon-Rd-46168/home/82481355,MIBOR,21529865,N,Y,39.679087,-86.418798
PAST SALE,December-28-2017,Single Family Residential,5144 Macaferty St,Plainfield,IN,46168,275000,4,3.5,Guilford,3290,9583,2017,79,84,35,Sold,,,http://www.redfin.com/IN/Plainfield/5144-Macaferty-St-46168/home/109822441,MIBOR,21496490,N,Y,39.683393,-86.418629
PAST SALE,January-25-2018,Single Family Residential,1008 Cambridge Dr,Plainfield,IN,46168,125000,3,1.5,Guilford,1257,7000,1968,51,99,,Sold,,,http://www.redfin.com/IN/Plainfield/1008-Cambridge-Dr-46168/home/60164779,MIBOR,21525263,N,Y,39.6906654,-86.3875394
PAST SALE,January-30-2018,Single Family Residential,1111 Charles Ct,Plainfield,IN,46168,194000,5,4.5,Guilford,2987,12632,1975,46,65,,Sold,,,http://www.redfin.com/IN/Plainfield/1111-Charles-Ct-46168/home/59996310,MIBOR,21514233,N,Y,39.6898384,-86.3816431
PAST SALE,,Single Family Residential,4468 E Connaught Dr,Plainfield,IN,46168,125000,,2,,1242,3999,1996,,101,,,,,http://www.redfin.com/IN/Plainfield/4468-E-Connaught-Dr-46168/home/60060330,,,N,Y,39.7048866,-86.4206487
PAST SALE,February-22-2018,Single Family Residential,5040 Charmaine Ln,Plainfield,IN,46168,205000,3,2.5,Guilford,2004,9718,2014,23,102,33,Sold,,,http://www.redfin.com/IN/Plainfield/5040-Charmaine-Ln-46168/home/107294742,MIBOR,21541486,N,Y,39.6884035,-86.4224677
PAST SALE,March-9-2018,Single Family Residential,3624 Newberry Rd,Plainfield,IN,46168,192500,4,2.5,Liberty,2890,15211,2004,8,67,21,Sold,,,http://www.redfin.com/IN/Plainfield/3624-Newberry-Rd-46168/home/60071100,MIBOR,21517231,N,Y,39.7079956,-86.4403051
PAST SALE,March-7-2018,Single Family Residential,207 Vestal Rd,Plainfield,IN,46168,197000,3,2.5,Guilford,1749,35719,1956,10,113,,Sold,,,http://www.redfin.com/IN/Plainfield/207-Vestal-Rd-46168/home/67072591,MIBOR,21528420,N,Y,39.7017535,-86.411691
PAST SALE,March-15-2018,Single Family Residential,2243 Tanya Dr,Avon,IN,46123,228000,4,2.5,Washington,3010,9583,2006,2,76,25,Sold,,,http://www.redfin.com/IN/Avon/2243-Tanya-Dr-46123/home/82472077,MIBOR,21542144,N,Y,39.7299405,-86.4083026
PAST SALE,October-20-2017,Single Family Residential,9151 Amberleigh Dr,Plainfield,IN,46168,177000,4,3,Washington,2857,6891,2002,148,62,18,Sold,,,http://www.redfin.com/IN/Plainfield/9151-Amberleigh-Dr-46168/home/82467596,MIBOR,21506476,N,Y,39.7269034,-86.358925
PAST SALE,March-15-2018,Single Family Residential,8391 Chelone Dr,Plainfield,IN,46168,181350,4,2,Washington,1690,9583,2009,2,107,57,Sold,,,http://www.redfin.com/IN/Plainfield/8391-Chelone-Dr-46168/home/60085936,MIBOR,21540632,N,Y,39.7297969,-86.373752
