SALE TYPE,SOLD DATE,PROPERTY TYPE,ADDRESS,CITY,STATE,ZIP,PRICE,BEDS,BATHS,LOCATION,SQUARE FEET,LOT SIZE,YEAR BUILT,DAYS ON MARKET,$/SQUARE FEET,HOA/MONTH,STATUS,NEXT OPEN HOUSE START TIME,NEXT OPEN HOUSE END TIME,URL (SEE http://www.redfin.com/buy-a-home/comparative-market-analysis FOR INFO ON PRICING),SOURCE,MLS#,FAVORITE,INTERESTED,LATITUDE,LONGITUDE
PAST SALE,September-21-2017,Single Family Residential,8512 Green Valley Dr,Indianapolis,IN,46217,81000,3,2.5,Perry,1710,10236,1990,177,47,,Sold,,,http://www.redfin.com/IN/Indianapolis/8512-Green-Valley-Dr-46217/home/67005393,MIBOR,21458463,N,Y,39.6420496,-86.1983171
PAST SALE,October-31-2017,Single Family Residential,320 Kindig Rd,Indianapolis,IN,46217,135000,3,1.5,Perry,1561,21344,1959,137,86,,Sold,,,http://www.redfin.com/IN/Indianapolis/320-Kindig-Rd-46217/home/60013427,MIBOR,21522246,N,Y,39.6584996,-86.1633937
PAST SALE,November-17-2017,Single Family Residential,6509 Carolina Blvd,Indianapolis,IN,46217,290000,3,3,Perry,2931,18295,2003,120,99,33,Sold,,,http://www.redfin.com/IN/Indianapolis/6509-Carolina-Blvd-46217/home/60056883,MIBOR,21512143,N,Y,39.6711891,-86.164903
PAST SALE,October-18-2017,Single Family Residential,50 Charing Cross Rd,Indianapolis,IN,46217,226000,4,2.5,Perry,2461,18730,1990,150,92,,Sold,,,http://www.redfin.com/IN/Indianapolis/50-Charing-Cross-Rd-46217/home/60164224,MIBOR,21513159,N,Y,39.6804404,-86.1595472
PAST SALE,December-15-2017,Single Family Residential,8311 Chateaugay Dr,Indianapolis,IN,46217,185000,4,2.5,Perry,2255,10890,1978,92,82,,Sold,,,http://www.redfin.com/IN/Indianapolis/8311-Chateaugay-Dr-46217/home/67001277,MIBOR,21507794,N,Y,39.6451295,-86.1853673
PAST SALE,February-2-2018,Single Family Residential,8894 S Tibbs Ave,Indianapolis,IN,46217,266000,4,3,Perry,3920,9147,2007,43,68,133,Sold,,,http://www.redfin.com/IN/Indianapolis/8894-S-Tibbs-Ave-46217/home/82301794,MIBOR,21524766,N,Y,39.6357647,-86.2149365
PAST SALE,February-7-2018,Single Family Residential,1718 Iron Liege Rd,Indianapolis,IN,46217,226000,4,2.5,Perry,2105,16988,1984,38,107,,Sold,,,http://www.redfin.com/IN/Indianapolis/1718-Iron-Liege-Rd-46217/home/82212257,MIBOR,21524042,N,Y,39.6468845,-86.1903927
PAST SALE,January-26-2018,Single Family Residential,8535 Green Valley Dr,Indianapolis,IN,46217,129500,4,3,Perry,1848,10018,1990,50,70,,Sold,,,http://www.redfin.com/IN/Indianapolis/8535-Green-Valley-Dr-46217/home/60077728,MIBOR,21524398,N,Y,39.6413299,-86.1978603
PAST SALE,January-30-2018,Single Family Residential,1818 Blankenship Dr,Indianapolis,IN,46217,159000,3,2.5,Perry,2514,7187,1998,46,63,16,Sold,,,http://www.redfin.com/IN/Indianapolis/1818-Blankenship-Dr-46217/home/82273960,MIBOR,21527284,N,Y,39.6616457,-86.1918483
PAST SALE,January-29-2018,Single Family Residential,1129 Beal Ct,Indianapolis,IN,46217,164900,3,2,Perry,1490,7840,2000,47,111,23,Sold,,,http://www.redfin.com/IN/Indianapolis/1129-Beal-Ct-46217/home/60051083,MIBOR,21527400,N,Y,39.6629701,-86.1799838
PAST SALE,January-30-2018,Single Family Residential,6632 Sonesta Dr,Indianapolis,IN,46217,157000,3,2.5,Perry,2464,5706,2000,46,64,21,Sold,,,http://www.redfin.com/IN/Indianapolis/6632-Sonesta-Dr-46217/home/82277521,MIBOR,21514785,N,Y,39.6689351,-86.1931137
PAST SALE,January-23-2018,Single Family Residential,7318 Kimble Dr,Indianapolis,IN,46217,128000,3,2.5,Perry,1440,4791,2002,53,89,33,Sold,,,http://www.redfin.com/IN/Indianapolis/7318-Kimble-Dr-46217/home/66854333,MIBOR,21523843,N,Y,39.6591407,-86.2050687
PAST SALE,November-3-2017,Single Family Residential,7619 Pipestone Dr,Indianapolis,IN,46217,149900,3,2,Perry,1462,6534,2007,134,103,33,Sold,,,http://www.redfin.com/IN/Indianapolis/7619-Pipestone-Dr-46217/home/60047176,MIBOR,21513537,N,Y,39.6539658,-86.2167827
PAST SALE,January-2-2018,Single Family Residential,8546 Zephyr Dr,Indianapolis,IN,46217,93500,3,1,Perry,1064,10018,1986,74,88,,Sold,,,http://www.redfin.com/IN/Indianapolis/8546-Zephyr-Dr-46217/home/60169050,MIBOR,21524976,N,Y,39.6410422,-86.178613
PAST SALE,November-10-2017,Single Family Residential,7228 Forest Park Dr,Indianapolis,IN,46217,140500,3,1.5,Perry,1470,14984,1964,127,96,,Sold,,,http://www.redfin.com/IN/Indianapolis/7228-Forest-Park-Dr-46217/home/82209736,MIBOR,21517847,N,Y,39.6602081,-86.1724936
PAST SALE,January-2-2018,Single Family Residential,1335 W Stop 11 Rd,Indianapolis,IN,46217,148000,3,2.5,Perry,1702,40510,1966,74,87,,Sold,,,http://www.redfin.com/IN/Indianapolis/1335-W-11-Rd-46217/home/82212436,MIBOR,21524055,N,Y,39.6482545,-86.1824273
PAST SALE,December-1-2017,Single Family Residential,6708 Sonesta Dr,Indianapolis,IN,46217,150000,4,2.5,Perry,2348,5488,2000,106,64,21,Sold,,,http://www.redfin.com/IN/Indianapolis/6708-Sonesta-Dr-46217/home/82277509,MIBOR,21518299,N,Y,39.6680885,-86.193074
PAST SALE,January-8-2018,Single Family Residential,7528 Sergi Canyon Dr,Indianapolis,IN,46217,172000,3,2.5,Perry,2460,7840,2002,68,70,33,Sold,,,http://www.redfin.com/IN/Indianapolis/7528-Sergi-Canyon-Dr-46217/home/82282794,MIBOR,21491558,N,Y,39.6557811,-86.2009216
PAST SALE,September-22-2017,Single Family Residential,7319 Atmore Dr,Indianapolis,IN,46217,177400,4,2.5,Perry,2936,8276,2001,176,60,23,Sold,,,http://www.redfin.com/IN/Indianapolis/7319-Atmore-Dr-46217/home/82293825,MIBOR,21485839,N,Y,39.6595207,-86.1771523
PAST SALE,January-5-2018,Single Family Residential,3118 Stillcrest Ln,Indianapolis,IN,46217,180000,4,2.5,Perry,2601,16988,2000,71,69,33,Sold,,,http://www.redfin.com/IN/Indianapolis/3118-Stillcrest-Ln-46217/home/66950791,MIBOR,21505232,N,Y,39.6595943,-86.2115813
PAST SALE,October-10-2017,Single Family Residential,2940 Tapwood Ln,Indianapolis,IN,46217,149000,4,2.5,Perry,2448,7405,2001,158,61,33,Sold,,,http://www.redfin.com/IN/Indianapolis/2940-Tapwood-Ln-46217/home/60047490,MIBOR,21502095,N,Y,39.6614054,-86.2091199
PAST SALE,October-13-2017,Single Family Residential,8314 Bishops Ln,Indianapolis,IN,46217,200000,3,2,Perry,1773,15768,1969,155,113,,Sold,,,http://www.redfin.com/IN/Indianapolis/8314-Bishops-Ln-46217/home/82210362,MIBOR,21512240,N,Y,39.6449863,-86.1724142
PAST SALE,September-29-2017,Single Family Residential,330 David Lind Dr,Indianapolis,IN,46217,128000,2,2,Perry,1460,21780,1957,169,88,,Sold,,,http://www.redfin.com/IN/Indianapolis/330-David-Lind-Dr-46217/home/59984520,MIBOR,21484595,N,Y,39.6999677,-86.1651018
PAST SALE,October-31-2017,Single Family Residential,1704 Iron Liege Rd,Indianapolis,IN,46217,243000,4,3.5,Perry,3277,17511,1987,137,74,,Sold,,,http://www.redfin.com/IN/Indianapolis/1704-Iron-Liege-Rd-46217/home/82212255,MIBOR,21479259,N,Y,39.6469417,-86.1896776
PAST SALE,November-10-2017,Single Family Residential,7138 Parklake Pl,Indianapolis,IN,46217,125000,4,2.5,Perry,1980,4617,2003,127,63,,Sold,,,http://www.redfin.com/IN/Indianapolis/7138-Parklake-Pl-46217/home/82295462,MIBOR,21517434,N,Y,39.6611121,-86.2037979
PAST SALE,October-11-2017,Single Family Residential,1735 Brassica Ln,Indianapolis,IN,46217,135000,3,2,Perry,1513,5749,2002,157,89,21,Sold,,,http://www.redfin.com/IN/Indianapolis/1735-Brassica-Ln-46217/home/60079937,MIBOR,21507028,N,Y,39.6696596,-86.1906292
PAST SALE,October-13-2017,Single Family Residential,3269 Chase St,Indianapolis,IN,46217,43000,3,2,Perry,1020,13982,1945,155,42,,Sold,,,http://www.redfin.com/IN/Indianapolis/3269-Chase-St-46217/home/82203138,MIBOR,21483815,N,Y,39.718517,-86.1854666
PAST SALE,September-22-2017,Single Family Residential,3527 Division St,Indianapolis,IN,46217,30000,2,1,Perry,904,43560,1948,176,33,,Sold,,,http://www.redfin.com/IN/Indianapolis/3527-Division-St-46217/home/82205641,MIBOR,21476209,N,Y,39.713241,-86.1815731
PAST SALE,October-12-2017,Single Family Residential,5825 Garden Dr,Indianapolis,IN,46217,142500,3,2,Perry,2550,33541,1956,156,56,,Sold,,,http://www.redfin.com/IN/Indianapolis/5825-Garden-Dr-46217/home/82208443,MIBOR,21505203,N,Y,39.6811013,-86.1640294
PAST SALE,October-6-2017,Single Family Residential,5905 Thurman,Indianapolis,IN,46217,149900,3,2,Perry,1440,11194,1977,162,104,,Sold,,,http://www.redfin.com/IN/Indianapolis/5905-Thurman-Dr-46217/home/82211155,MIBOR,21511812,N,Y,39.6802111,-86.170606
PAST SALE,October-17-2017,Single Family Residential,6315 Monteo Dr,Indianapolis,IN,46217,120000,3,2,Perry,1224,4922,2003,151,98,29,Sold,,,http://www.redfin.com/IN/Indianapolis/6315-Monteo-Dr-46217/home/82295663,MIBOR,21511734,N,Y,39.6737041,-86.183786
PAST SALE,September-20-2017,Single Family Residential,8836 Depot Dr,Indianapolis,IN,46217,99500,3,1,Perry,1014,10715,1982,178,98,,Sold,,,http://www.redfin.com/IN/Indianapolis/8836-Depot-Dr-46217/home/82316933,MIBOR,21497459,N,Y,39.6364488,-86.1797653
PAST SALE,December-19-2017,Single Family Residential,632 Fabyan Rd,Indianapolis,IN,46217,127000,3,1.5,Perry,988,24611,1959,88,129,,Sold,,,http://www.redfin.com/IN/Indianapolis/632-Fabyan-Rd-46217/home/60077332,MIBOR,21522593,N,Y,39.6484814,-86.1709438
PAST SALE,December-29-2017,Single Family Residential,303 W Hill Valley Dr,Indianapolis,IN,46217,150000,3,2,Perry,1277,13068,1966,78,117,,Sold,,,http://www.redfin.com/IN/Indianapolis/303-W-Hill-Valley-Dr-46217/home/82289445,MIBOR,21524952,N,Y,39.644749,-86.1627568
PAST SALE,December-4-2017,Single Family Residential,1815 Sandhill Rd,Indianapolis,IN,46217,231000,4,2.5,Perry,3297,17424,1976,103,70,8,Sold,,,http://www.redfin.com/IN/Indianapolis/1815-Sandhill-Rd-46217/home/60078121,MIBOR,21513976,N,Y,39.6410014,-86.19207
PAST SALE,November-27-2017,Single Family Residential,2936 Everbloom Way,Indianapolis,IN,46217,110000,3,2,Perry,1222,4791,2002,110,90,20,Sold,,,http://www.redfin.com/IN/Indianapolis/2936-Everbloom-Pl-46217/home/82295451,MIBOR,21511869,N,Y,39.667899,-86.208992
PAST SALE,,Single Family Residential,822 Hildebrand Dr,Indianapolis,IN,46217,185900,,,,,,,,,,,,,http://www.redfin.com/IN/Indianapolis/822-Hildebrand-Dr-46217/home/144062686,,,N,Y,39.691502,-86.174629
PAST SALE,January-3-2018,Single Family Residential,825 Baden Manor Dr,Indianapolis,IN,46217,179900,4,2.5,Perry,2172,,2016,73,83,30,Sold,,,http://www.redfin.com/IN/Indianapolis/825-Baden-Manor-Dr-46217/home/144063075,MIBOR,21524021,N,Y,39.691954,-86.1748439
PAST SALE,December-22-2017,Single Family Residential,5217 S Illinois St,Indianapolis,IN,46217,127000,2,1.5,Perry,1214,17424,1959,85,105,,Sold,,,http://www.redfin.com/IN/Indianapolis/5217-S-Illinois-St-46217/home/60051455,MIBOR,21510167,N,Y,39.6905461,-86.1600143
PAST SALE,November-22-2017,Single Family Residential,625 W Southport Rd,Indianapolis,IN,46217,73000,3,1,Perry,1036,24393,1956,115,70,,Sold,,,http://www.redfin.com/IN/Indianapolis/625-W-Southport-Rd-46217/home/60052966,MIBOR,21520769,N,Y,39.6637413,-86.1709836
PAST SALE,December-15-2017,Single Family Residential,1362 Malone Ct,Indianapolis,IN,46217,230000,4,2.5,Perry,2505,14374,2001,92,92,21,Sold,,,http://www.redfin.com/IN/Indianapolis/1362-Malone-Ct-46217/home/60056388,MIBOR,21507798,N,Y,39.6547785,-86.1836986
PAST SALE,November-30-2017,Single Family Residential,2908 Sleeping Ridge Way,Indianapolis,IN,46217,252000,3,3.5,Perry,3108,13677,2008,107,81,,Sold,,,http://www.redfin.com/IN/Indianapolis/2908-Sleeping-Ridge-Way-46217/home/82296214,MIBOR,21513676,N,Y,39.6518165,-86.2082655
PAST SALE,September-25-2017,Single Family Residential,2005 Sandhill Ct,Indianapolis,IN,46217,189000,3,2,Perry,2124,16901,1976,173,89,,Sold,,,http://www.redfin.com/IN/Indianapolis/2005-Sandhill-Ct-46217/home/82211190,MIBOR,21504445,N,Y,39.6403895,-86.1943451
PAST SALE,October-16-2017,Single Family Residential,6610 S Meridian St,Indianapolis,IN,46217,114000,2,1,Perry,1412,19209,1955,152,81,,Sold,,,http://www.redfin.com/IN/Indianapolis/6610-S-Meridian-St-46217/home/66974499,MIBOR,21502149,N,Y,39.6699071,-86.1589808
PAST SALE,October-17-2017,Single Family Residential,1010 Yellow Pine Ct,Indianapolis,IN,46217,156000,3,2.5,Perry,2156,13590,1980,151,72,,Sold,,,http://www.redfin.com/IN/Indianapolis/1010-Yellow-Pine-Ct-46217/home/67061875,MIBOR,21512621,N,Y,39.6554325,-86.1778582
PAST SALE,September-27-2017,Single Family Residential,1339 W Stop 11 Rd,Indianapolis,IN,46217,251000,4,2,Perry,3276,96267,1981,171,77,,Sold,,,http://www.redfin.com/IN/Indianapolis/1339-W-11-Rd-46217/home/82212437,MIBOR,21506635,N,Y,39.647731,-86.1824273
PAST SALE,October-16-2017,Single Family Residential,7706 Vincent Ct,Indianapolis,IN,46217,145000,4,2.5,Perry,2020,5314,1999,152,72,15,Sold,,,http://www.redfin.com/IN/Indianapolis/7706-Vincent-Ct-46217/home/82274192,MIBOR,21506046,N,Y,39.6539232,-86.1699106
PAST SALE,October-4-2017,Single Family Residential,6924 Governors Point Dr,Indianapolis,IN,46217,166000,3,2.5,Perry,2004,8929,2001,164,83,27,Sold,,,http://www.redfin.com/IN/Indianapolis/6924-Governors-Point-Dr-46217/home/62324250,MIBOR,21506235,N,Y,39.6644392,-86.203361
PAST SALE,,Single Family Residential,908 Baden Manor Dr,Indianapolis,IN,46217,163425,,,,,,,,,,,,,http://www.redfin.com/IN/Indianapolis/908-Baden-Manor-Dr-46217/home/111929243,,,N,Y,39.692381,-86.175648
PAST SALE,November-1-2017,Single Family Residential,7656 Orchard Village Dr,Indianapolis,IN,46217,99500,3,1.5,Perry,1040,6098,1994,136,96,5,Sold,,,http://www.redfin.com/IN/Indianapolis/7656-Orchard-Village-Dr-46217/home/66845407,MIBOR,21489906,N,Y,39.654612,-86.1610274
PAST SALE,November-28-2017,Single Family Residential,3038 Amandalyn Dr,Indianapolis,IN,46217,235000,4,2.5,Perry,2558,6534,2016,109,92,25,Sold,,,http://www.redfin.com/IN/Indianapolis/3038-Amandalyn-Dr-46217/home/82284315,MIBOR,21448158,N,Y,39.648771,-86.21059
PAST SALE,September-19-2017,Single Family Residential,915 Beal Way,Indianapolis,IN,46217,213119,4,2.5,Perry,2343,10890,2017,179,91,23,Sold,,,http://www.redfin.com/IN/Indianapolis/915-Beal-Ct-46217/home/144482185,MIBOR,21526698,N,Y,39.6633512,-86.1780346
PAST SALE,,Single Family Residential,911 Hildebrand Dr,Indianapolis,IN,46217,161500,,,,,,,,,,,,,http://www.redfin.com/IN/Indianapolis/911-Hildebrand-Dr-46217/home/102092034,,,N,Y,39.690883,-86.1756769
PAST SALE,,Single Family Residential,820 Baden Manor Dr,Indianapolis,IN,46217,183650,,,,,,,,,,,,,http://www.redfin.com/IN/Indianapolis/820-Baden-Manor-Dr-46217/home/144063073,,,N,Y,39.692308,-86.174503
PAST SALE,February-9-2018,Single Family Residential,7901 Apalachee Dr,Indianapolis,IN,46217,204990,4,2.5,Perry,2486,10018,2017,36,82,33,Sold,,,http://www.redfin.com/IN/Indianapolis/7901-Apalachee-Dr-46217/home/82284331,MIBOR,21459613,N,Y,39.649986,-86.211688
PAST SALE,October-24-2017,Single Family Residential,6329 Coconut Ct,Indianapolis,IN,46217,135000,3,2,Perry,1294,8276,1999,144,104,,Sold,,,http://www.redfin.com/IN/Indianapolis/6329-Coconut-Ct-46217/home/60090609,MIBOR,21511365,N,Y,39.6733466,-86.2049496
PAST SALE,December-15-2017,Single Family Residential,715 Silver Fox Ct,Indianapolis,IN,46217,129900,3,2,Perry,1295,6534,1998,92,100,10,Sold,,,http://www.redfin.com/IN/Indianapolis/715-Silver-Fox-Ct-46217/home/60130463,MIBOR,21524117,N,Y,39.6523639,-86.1723844
PAST SALE,December-20-2017,Single Family Residential,8809 Depot Dr,Indianapolis,IN,46217,108500,3,2,Perry,1422,10890,1982,87,76,,Sold,,,http://www.redfin.com/IN/Indianapolis/8809-Depot-Dr-46217/home/66843965,MIBOR,21505868,N,Y,39.6370423,-86.178216
PAST SALE,January-25-2018,Single Family Residential,2704 Redland Ln,Indianapolis,IN,46217,116000,3,2,Perry,1148,4835,2001,51,101,17,Sold,,,http://www.redfin.com/IN/Indianapolis/2704-Redland-Ln-46217/home/67004902,MIBOR,21526518,N,Y,39.670381,-86.2053467
PAST SALE,December-29-2017,Single Family Residential,8351 S Belmont Ave,Indianapolis,IN,46217,155000,3,1.5,Perry,1591,19297,1963,78,97,,Sold,,,http://www.redfin.com/IN/Indianapolis/8351-S-Belmont-Ave-46217/home/82209936,MIBOR,21527709,N,Y,39.6432601,-86.200859
PAST SALE,December-12-2017,Single Family Residential,606 Erber Ct,Indianapolis,IN,46217,143500,3,2,Perry,1490,10018,1977,95,96,,Sold,,,http://www.redfin.com/IN/Indianapolis/606-Erber-Ct-46217/home/82211120,MIBOR,21523951,N,Y,39.6806654,-86.1703477
PAST SALE,October-23-2017,Single Family Residential,8327 Chateaugay Dr,Indianapolis,IN,46217,285000,5,3.5,Perry,3834,16596,1978,145,74,,Sold,,,http://www.redfin.com/IN/Indianapolis/8327-Chateaugay-Dr-46217/home/82212028,MIBOR,21510117,N,Y,39.6446943,-86.1849898
PAST SALE,February-16-2018,Single Family Residential,7734 Opelika Ct,Indianapolis,IN,46217,133900,3,1.5,Perry,1469,10410,1978,29,91,,Sold,,,http://www.redfin.com/IN/Indianapolis/7734-Opelika-Ct-46217/home/82212760,MIBOR,21542412,N,Y,39.6529036,-86.1768647
PAST SALE,December-26-2017,Single Family Residential,8915 Depot Dr,Indianapolis,IN,46217,114000,3,1.5,Perry,1064,13068,1983,81,107,,Sold,,,http://www.redfin.com/IN/Indianapolis/8915-Depot-Dr-46217/home/82212789,MIBOR,21527816,N,Y,39.6354091,-86.1798799
PAST SALE,December-28-2017,Single Family Residential,560 Cresthaven Dr,Indianapolis,IN,46217,148000,2,2,Perry,1410,6446,2001,79,105,50,Sold,,,http://www.redfin.com/IN/Indianapolis/560-Cresthaven-Dr-46217/home/82277917,MIBOR,21524569,N,Y,39.6847038,-86.1695529
PAST SALE,October-23-2017,Single Family Residential,1645 Sonesta Ln,Indianapolis,IN,46217,160000,3,2.5,Perry,2256,6577,2002,145,71,21,Sold,,,http://www.redfin.com/IN/Indianapolis/1645-Sonesta-Ln-46217/home/82277951,MIBOR,21510589,N,Y,39.6679689,-86.189391
PAST SALE,December-22-2017,Single Family Residential,209 W Brunswick Ave,Indianapolis,IN,46217,137500,2,1,Perry,2556,17424,1959,85,54,,Sold,,,http://www.redfin.com/IN/Indianapolis/209-W-Brunswick-Ave-46217/home/82280505,MIBOR,21509204,N,Y,39.6808943,-86.1620215
PAST SALE,February-13-2018,Single Family Residential,8312 Lake Tree Ln,Indianapolis,IN,46217,144000,3,2,Perry,1422,7710,2001,32,101,18,Sold,,,http://www.redfin.com/IN/Indianapolis/8312-Lake-Tree-Ln-46217/home/82283017,MIBOR,21529406,N,Y,39.6445976,-86.1789706
PAST SALE,,Single Family Residential,6706 Earlswood Dr,Indianapolis,IN,46217,116000,3,1,,1313,4879,2002,,88,,,,,http://www.redfin.com/IN/Indianapolis/6706-Earlswood-Dr-46217/home/82283111,,,N,Y,39.6678604,-86.2070543
PAST SALE,December-8-2017,Single Family Residential,6627 Newstead Dr,Indianapolis,IN,46217,129000,3,2,Perry,1240,5488,2001,99,104,21,Sold,,,http://www.redfin.com/IN/Indianapolis/6627-Newstead-Dr-46217/home/82294342,MIBOR,21523051,N,Y,39.6691218,-86.1890049
PAST SALE,February-23-2018,Single Family Residential,1721 Sonesta Way,Indianapolis,IN,46217,142000,3,2.5,Perry,2055,5000,2001,22,69,21,Sold,,,http://www.redfin.com/IN/Indianapolis/1721-Sonesta-Way-46217/home/66992268,MIBOR,21539657,N,Y,39.6704209,-86.1901813
PAST SALE,February-26-2018,Single Family Residential,2917 Redland Ln,Indianapolis,IN,46217,100000,2,2,Perry,1062,4399,2001,19,94,17,Sold,,,http://www.redfin.com/IN/Indianapolis/2917-Redland-Ln-46217/home/60018551,MIBOR,21527978,N,Y,39.6702599,-86.2084244
PAST SALE,December-7-2017,Single Family Residential,21 Hoss Rd,Indianapolis,IN,46217,145000,3,1,Perry,2380,15245,1942,100,61,,Sold,,,http://www.redfin.com/IN/Indianapolis/21-Hoss-Rd-46217/home/60037887,MIBOR,21518795,N,Y,39.6970756,-86.1591398
PAST SALE,December-6-2017,Single Family Residential,1124 W Southport Rd,Indianapolis,IN,46217,138000,3,2,Perry,1277,,1993,101,108,55,Sold,,,http://www.redfin.com/IN/Indianapolis/1124-W-Southport-Rd-46217/home/60043234,MIBOR,21517791,N,Y,39.6642582,-86.1793679
PAST SALE,February-20-2018,Single Family Residential,7727 Alapaka Ct,Indianapolis,IN,46217,125500,3,2,Perry,1576,13068,1982,25,80,,Sold,,,http://www.redfin.com/IN/Indianapolis/7727-Alapaka-Ct-46217/home/60062277,MIBOR,21525216,N,Y,39.6528212,-86.1731295
PAST SALE,November-8-2017,Single Family Residential,160 W Thompson Rd,Indianapolis,IN,46217,98000,3,1,Perry,1530,18295,1941,129,64,,Sold,,,http://www.redfin.com/IN/Indianapolis/160-W-Thompson-Rd-46217/home/60089926,MIBOR,21486556,N,Y,39.6933459,-86.16225
PAST SALE,November-6-2017,Single Family Residential,8112 Painted Pony Dr,Indianapolis,IN,46217,180000,4,2.5,Perry,2614,10890,2005,131,69,37,Sold,,,http://www.redfin.com/IN/Indianapolis/8112-Painted-Pony-Dr-46217/home/60093780,MIBOR,21514310,N,Y,39.6472649,-86.2100723
PAST SALE,January-11-2018,Single Family Residential,7841 Bluff Rd,Indianapolis,IN,46217,89000,3,1.5,Perry,2548,23522,1900,65,35,,Sold,,,http://www.redfin.com/IN/Indianapolis/7841-Bluff-Rd-46217/home/60157750,MIBOR,21527530,N,Y,39.6508994,-86.1915904
PAST SALE,November-6-2017,Single Family Residential,8521 Zephyr Dr,Indianapolis,IN,46217,106500,3,1,Perry,1016,19384,1984,131,105,,Sold,,,http://www.redfin.com/IN/Indianapolis/8521-Zephyr-Dr-46217/home/60161443,MIBOR,21514764,N,Y,39.6416826,-86.1784938
PAST SALE,January-11-2018,Single Family Residential,6914 Governors Point Blvd,Indianapolis,IN,46217,173000,4,2.5,Perry,2534,7840,2001,65,68,27,Sold,,,http://www.redfin.com/IN/Indianapolis/6914-Governors-Point-Blvd-46217/home/60167054,MIBOR,21525950,N,Y,39.6647056,-86.2016533
PAST SALE,January-9-2018,Single Family Residential,7604 Savannah Dr,Indianapolis,IN,46217,140700,3,2.5,Perry,1630,12632,1980,67,86,,Sold,,,http://www.redfin.com/IN/Indianapolis/7604-Savannah-Dr-46217/home/66806652,MIBOR,21526875,N,Y,39.6553868,-86.1764673
PAST SALE,December-7-2017,Single Family Residential,2520 Senators Way,Indianapolis,IN,46217,187000,4,2.5,Perry,2588,9452,1999,100,72,27,Sold,,,http://www.redfin.com/IN/Indianapolis/2520-Senators-Way-46217/home/66953799,MIBOR,21519431,N,Y,39.6660092,-86.203361
PAST SALE,October-27-2017,Single Family Residential,8053 Wichita Hill Dr,Indianapolis,IN,46217,140000,3,2,Perry,1368,8189,2005,141,102,30,Sold,,,http://www.redfin.com/IN/Indianapolis/8053-Wichita-Hill-Dr-46217/home/67050419,MIBOR,21511153,N,Y,39.6478693,-86.2076103
PAST SALE,December-4-2017,Single Family Residential,8147 Maple Stream Blvd,Indianapolis,IN,46217,120000,3,2,Perry,1236,4791,2002,103,97,,Sold,,,http://www.redfin.com/IN/Indianapolis/8147-Maple-Stream-Blvd-46217/home/67103838,MIBOR,21520288,N,Y,39.6469695,-86.1788514
PAST SALE,December-8-2017,Single Family Residential,601 Fabyan Rd,Indianapolis,IN,46217,150000,3,1.5,Perry,1288,24001,1959,99,116,,Sold,,,http://www.redfin.com/IN/Indianapolis/601-Fabyan-Rd-46217/home/82208119,MIBOR,21508079,N,Y,39.6473278,-86.170149
PAST SALE,December-1-2017,Single Family Residential,5919 Marcia Ln,Indianapolis,IN,46217,142000,3,2,Perry,1607,8886,1983,106,88,,Sold,,,http://www.redfin.com/IN/Indianapolis/5919-Marcia-Ln-46217/home/82211149,MIBOR,21516828,N,Y,39.6799468,-86.1729705
PAST SALE,December-8-2017,Single Family Residential,7757 Sergi Canyon Dr,Indianapolis,IN,46217,150000,3,2.5,Perry,2085,6316,2003,99,72,33,Sold,,,http://www.redfin.com/IN/Indianapolis/7757-Sergi-Canyon-Dr-46217/home/82296259,MIBOR,21514180,N,Y,39.6523237,-86.2034324
PAST SALE,March-5-2018,Single Family Residential,2433 Black Antler Ct,Indianapolis,IN,46217,120000,3,2.5,Perry,1470,3484,1999,12,82,17,Sold,,,http://www.redfin.com/IN/Indianapolis/2433-Black-Antler-Ct-46217/home/60025053,MIBOR,21540378,N,Y,39.6702523,-86.2023446
PAST SALE,,Single Family Residential,857 Hildebrand Dr,Indianapolis,IN,46217,179900,3,2.5,,2030,,2014,,89,,,,,http://www.redfin.com/IN/Indianapolis/857-Hildebrand-Dr-46217/home/102280703,,,N,Y,39.6908889,-86.175315
PAST SALE,January-22-2018,Single Family Residential,6803 Earlswood Dr,Indianapolis,IN,46217,137000,3,2.5,Perry,2095,5401,2002,54,65,20,Sold,,,http://www.redfin.com/IN/Indianapolis/6803-Earlswood-Dr-46217/home/67021837,MIBOR,21526163,N,Y,39.6665075,-86.2062998
PAST SALE,February-26-2018,Single Family Residential,960 Baden Manor Dr,Indianapolis,IN,46217,158500,3,2,Perry,1389,,2014,19,114,30,Sold,,,http://www.redfin.com/IN/Indianapolis/960-Baden-Manor-Dr-46217/home/106773235,MIBOR,21539740,N,Y,39.6917056,-86.1769044
PAST SALE,March-9-2018,Single Family Residential,8839 Hunting Trl,Indianapolis,IN,46217,313500,4,3,Perry,2925,48351,1970,8,107,,Sold,,,http://www.redfin.com/IN/Indianapolis/8839-Hunting-Trl-46217/home/66942622,MIBOR,21542818,N,Y,39.6366909,-86.187155
PAST SALE,March-12-2018,Single Family Residential,8602 Lockwood Pl,Indianapolis,IN,46217,245000,3,2.5,Perry,3268,10541,1993,5,75,21,Sold,,,http://www.redfin.com/IN/Indianapolis/8602-Lockwood-Pl-46217/home/66942139,MIBOR,21530186,N,Y,39.6409111,-86.1648236
PAST SALE,March-12-2018,Single Family Residential,,Indianapolis,IN,46217,154000,3,2.5,,2090,5749,2000,5,74,21,Sold,,,http://www.redfin.com/IN/Indianapolis/Undisclosed-address-46217/home/59993525,MIBOR,21541559,N,Y,39.6696653,-86.1920592
PAST SALE,March-15-2018,Single Family Residential,1336 Custer Ct,Indianapolis,IN,46217,160000,3,2,Perry,1380,10236,1989,2,116,,Sold,,,http://www.redfin.com/IN/Indianapolis/1336-Custer-Ct-46217/home/82213627,MIBOR,21542973,N,Y,39.6362204,-86.1826257
PAST SALE,October-13-2017,Single Family Residential,3342 Wicker Rd,Indianapolis,IN,46217,167000,3,2,Perry,1572,43560,1946,155,106,,Sold,,,http://www.redfin.com/IN/Indianapolis/3342-Wicker-Rd-46217/home/82315849,MIBOR,21507080,N,Y,39.641825,-86.215789
PAST SALE,February-9-2018,Single Family Residential,,Indianapolis,IN,46217,205000,5,2.5,,3330,,2011,36,62,35,Sold,,,http://www.redfin.com/IN/Indianapolis/Undisclosed-address-46217/home/82286036,MIBOR,21540476,N,Y,39.6552746,-86.2186488
PAST SALE,October-20-2017,Single Family Residential,8720 Winding Ridge Rd,Indianapolis,IN,46217,180000,4,2.5,Perry,1882,17859,1975,148,96,,Sold,,,http://www.redfin.com/IN/Indianapolis/8720-Winding-Ridge-Rd-46217/home/60047872,MIBOR,21507471,N,Y,39.638641,-86.1938287
PAST SALE,September-19-2017,Single Family Residential,8641 Count Turf Ct,Indianapolis,IN,46217,197000,4,2.5,Perry,3055,8755,1988,179,64,,Sold,,,http://www.redfin.com/IN/Indianapolis/8641-Count-Turf-Ct-46217/home/60050450,MIBOR,21497504,N,Y,39.6399269,-86.1845131
PAST SALE,,Single Family Residential,8841 Chessie Dr,Indianapolis,IN,46217,145000,3,1,,1368,10237,1990,,106,,,,,http://www.redfin.com/IN/Indianapolis/8841-Chessie-Dr-46217/home/60067057,,,N,Y,39.636736,-86.1811559
PAST SALE,November-17-2017,Single Family Residential,8458 Seattle Slew Ln,Indianapolis,IN,46217,147000,3,2,Perry,1247,10454,1987,120,118,,Sold,,,http://www.redfin.com/IN/Indianapolis/8458-Seattle-Slew-Ln-46217/home/60105578,MIBOR,21517787,N,Y,39.6422626,-86.1851289
PAST SALE,November-16-2017,Single Family Residential,8909 Depot Dr,Indianapolis,IN,46217,111000,3,1.5,Perry,1001,10933,1981,121,111,,Sold,,,http://www.redfin.com/IN/Indianapolis/8909-Depot-Dr-46217/home/60114351,MIBOR,21514295,N,Y,39.6356472,-86.1798844
PAST SALE,November-10-2017,Single Family Residential,6343 Calabash Pl,Indianapolis,IN,46217,110000,3,1,Perry,984,10149,2001,127,112,,Sold,,,http://www.redfin.com/IN/Indianapolis/6343-Calabash-Pl-46217/home/60375040,MIBOR,21514490,N,Y,39.672834,-86.2015739
PAST SALE,November-13-2017,Single Family Residential,2923 Sleeping Ridge Way,Indianapolis,IN,46217,314900,6,5,Perry,5820,18730,2006,124,54,33,Sold,,,http://www.redfin.com/IN/Indianapolis/2923-Sleeping-Ridge-Way-46217/home/63680420,MIBOR,21505501,N,Y,39.6511775,-86.2084244
PAST SALE,November-20-2017,Single Family Residential,8121 Maple Stream Ln,Indianapolis,IN,46217,140000,3,2.5,Perry,1696,,2001,117,83,,Sold,,,http://www.redfin.com/IN/Indianapolis/8121-Maple-Stream-Ln-46217/home/67092112,MIBOR,21517984,N,Y,39.6474295,-86.1805996
PAST SALE,November-17-2017,Single Family Residential,710 W Epler Ave,Indianapolis,IN,46217,179000,3,2.5,Perry,2073,43560,1965,120,86,,Sold,,,http://www.redfin.com/IN/Indianapolis/710-W-Epler-Ave-46217/home/82209843,MIBOR,21520316,N,Y,39.6864449,-86.1711028
PAST SALE,October-31-2017,Single Family Residential,8779 Chateaugay Dr,Indianapolis,IN,46217,198000,3,2.5,Perry,2078,14679,1988,137,95,,Sold,,,http://www.redfin.com/IN/Indianapolis/8779-Chateaugay-Dr-46217/home/82213239,MIBOR,21511295,N,Y,39.6383771,-86.1857645
PAST SALE,November-14-2017,Single Family Residential,8556 Green Valley Dr,Indianapolis,IN,46217,92500,4,2,Perry,1685,10497,1991,123,55,,Sold,,,http://www.redfin.com/IN/Indianapolis/8556-Green-Valley-Dr-46217/home/82213641,MIBOR,21521909,N,Y,39.6408865,-86.1983991
PAST SALE,October-27-2017,Single Family Residential,7130 Blankenship Ave,Indianapolis,IN,46217,156000,3,2.5,Perry,2621,7840,2000,141,60,16,Sold,,,http://www.redfin.com/IN/Indianapolis/7130-Blankenship-Dr-46217/home/82273969,MIBOR,21505466,N,Y,39.6616186,-86.192911
PAST SALE,October-20-2017,Single Family Residential,7369 Pipestone Dr,Indianapolis,IN,46217,212000,4,2.5,Perry,3294,16722,2007,148,64,35,Sold,,,http://www.redfin.com/IN/Indianapolis/7369-Pipestone-Dr-46217/home/82285567,MIBOR,21502996,N,Y,39.6576454,-86.2160284
PAST SALE,October-27-2017,Single Family Residential,6418 Alonzo Dr,Indianapolis,IN,46217,140000,3,2.5,Perry,2504,6926,2004,141,56,22,Sold,,,http://www.redfin.com/IN/Indianapolis/6418-Alonzo-Dr-46217/home/82295605,MIBOR,21510887,N,Y,39.672295,-86.185089
PAST SALE,November-21-2017,Single Family Residential,1363 Bluff View Ct,Indianapolis,IN,46217,122900,3,2,Perry,1240,4687,2005,116,99,18,Sold,,,http://www.redfin.com/IN/Indianapolis/1363-Bluff-View-Ct-46217/home/82297614,MIBOR,21508056,N,Y,39.6847115,-86.1844932
PAST SALE,October-23-2017,Single Family Residential,757 W Hanna Ave,Indianapolis,IN,46217,115000,3,1,Perry,1430,11499,1957,145,80,,Sold,,,http://www.redfin.com/IN/Indianapolis/757-W-Hanna-Ave-46217/home/82315296,MIBOR,21496155,N,Y,39.7072035,-86.1747189
PAST SALE,November-8-2017,Single Family Residential,8248 Lake Tree Ln,Indianapolis,IN,46217,138000,3,2.5,Perry,1491,4791,2004,129,93,18,Sold,,,http://www.redfin.com/IN/Indianapolis/8248-Lake-Tree-Ln-46217/home/60106849,MIBOR,21511884,N,Y,39.6451561,-86.1788117
PAST SALE,November-22-2017,Single Family Residential,8531 Royal Meadow Dr,Indianapolis,IN,46217,155000,4,2,Perry,2404,17511,1971,115,64,,Sold,,,http://www.redfin.com/IN/Indianapolis/8531-Royal-Meadow-Dr-46217/home/82210311,MIBOR,21510550,N,Y,39.6425888,-86.1748183
PAST SALE,November-30-2017,Single Family Residential,708 Pioneer Dr,Indianapolis,IN,46217,137000,3,2,Perry,1368,10018,1984,107,100,,Sold,,,http://www.redfin.com/IN/Indianapolis/708-Pioneer-Dr-46217/home/82211143,MIBOR,21512744,N,Y,39.6797869,-86.1720863
PAST SALE,November-28-2017,Single Family Residential,1441 Quinlan Ct,Indianapolis,IN,46217,119000,2,2,Perry,1570,7230,1998,109,76,16,Sold,,,http://www.redfin.com/IN/Indianapolis/1441-Quinlan-Ct-46217/home/82274034,MIBOR,21518267,N,Y,39.6629863,-86.1853871
PAST SALE,November-30-2017,Single Family Residential,248 W Roberts Rd,Indianapolis,IN,46217,217000,2,1,Perry,3332,30056,1946,107,65,,Sold,,,http://www.redfin.com/IN/Indianapolis/248-W-Roberts-Rd-46217/home/82315877,MIBOR,21530177,N,Y,39.696198,-86.162419
PAST SALE,December-12-2017,Single Family Residential,526 W Hanna Ave,Indianapolis,IN,46217,209900,4,2.5,Perry,2870,25700,1938,95,73,,Sold,,,http://www.redfin.com/IN/Indianapolis/526-W-Hanna-Ave-46217/home/60039265,MIBOR,21524382,N,Y,39.7078483,-86.1686389
PAST SALE,December-11-2017,Single Family Residential,3313 Newhart St,Indianapolis,IN,46217,89000,2,1,Perry,1188,74923,1924,96,75,,Sold,,,http://www.redfin.com/IN/Indianapolis/3313-Newhart-St-46217/home/82205137,MIBOR,21518340,N,Y,39.6878322,-86.2147578
PAST SALE,February-9-2018,Single Family Residential,747 Hollow Pear Dr,Indianapolis,IN,46217,199000,4,2.5,Perry,3060,8712,2006,36,65,23,Sold,,,http://www.redfin.com/IN/Indianapolis/747-Hollow-Pear-Dr-46217/home/60117133,MIBOR,21529963,N,Y,39.6873657,-86.1734076
PAST SALE,December-11-2017,Single Family Residential,4933 Brehob Rd,Indianapolis,IN,46217,130000,3,1.5,Perry,2268,23522,1955,96,57,,Sold,,,http://www.redfin.com/IN/Indianapolis/4933-Brehob-Rd-46217/home/60048922,MIBOR,21517099,N,Y,39.69189,-86.165996
PAST SALE,October-16-2017,Single Family Residential,2832 Redland Ln,Indianapolis,IN,46217,111500,3,2.5,Perry,1727,3920,2002,152,65,33,Sold,,,http://www.redfin.com/IN/Indianapolis/2832-Redland-Ln-46217/home/67110920,MIBOR,21511471,N,Y,39.6706222,-86.2075011
PAST SALE,September-22-2017,Single Family Residential,7130 Red Lake Ct,Indianapolis,IN,46217,149500,3,2.5,Perry,1962,8276,1999,176,76,33,Sold,,,http://www.redfin.com/IN/Indianapolis/7130-Red-Lake-Ct-46217/home/60008306,MIBOR,21504668,N,Y,39.6613259,-86.2085038
PAST SALE,September-27-2017,Single Family Residential,2937 Shadow Lake Dr,Indianapolis,IN,46217,255000,4,3.5,Perry,4422,11325,2003,171,58,30,Sold,,,http://www.redfin.com/IN/Indianapolis/2937-Shadow-Lake-Dr-46217/home/60107580,MIBOR,21494177,N,Y,39.656518,-86.2092186
PAST SALE,October-5-2017,Single Family Residential,125 W Brunswick Ave,Indianapolis,IN,46217,159900,3,1.5,Perry,2071,16988,1958,163,77,,Sold,,,http://www.redfin.com/IN/Indianapolis/125-W-Brunswick-Ave-46217/home/60120470,MIBOR,21509805,N,Y,39.6809173,-86.1608887
PAST SALE,September-22-2017,Single Family Residential,7732 Orchard Village Dr,Indianapolis,IN,46217,109000,2,2,Perry,912,5880,1990,176,120,4,Sold,,,http://www.redfin.com/IN/Indianapolis/7732-Orchard-Village-Dr-46217/home/82213946,MIBOR,21507320,N,Y,39.6548833,-86.1623593
PAST SALE,September-19-2017,Single Family Residential,7607 Pipestone Dr,Indianapolis,IN,46217,177500,4,2.5,Perry,2466,5662,2009,179,72,33,Sold,,,http://www.redfin.com/IN/Indianapolis/7607-Pipestone-Dr-46217/home/60046811,MIBOR,21479563,N,Y,39.6542723,-86.2169207
PAST SALE,October-10-2017,Single Family Residential,1620 Blankenship Dr,Indianapolis,IN,46217,138000,3,2,Perry,1362,7187,1998,158,101,16,Sold,,,http://www.redfin.com/IN/Indianapolis/1620-Blankenship-Dr-46217/home/67048851,MIBOR,21507896,N,Y,39.6617424,-86.1885852
PAST SALE,October-11-2017,Single Family Residential,2716 Redland Ln,Indianapolis,IN,46217,120000,3,2.5,Perry,1985,6098,2001,157,60,17,Sold,,,http://www.redfin.com/IN/Indianapolis/2716-Redland-Ln-46217/home/67111204,MIBOR,21496043,N,Y,39.6704731,-86.2057041
PAST SALE,October-20-2017,Single Family Residential,6633 Sonesta Dr,Indianapolis,IN,46217,138000,3,2,Perry,1505,7666,2000,148,92,21,Sold,,,http://www.redfin.com/IN/Indianapolis/6633-Sonesta-Dr-46217/home/82277893,MIBOR,21512568,N,Y,39.6688772,-86.1925864
PAST SALE,,Single Family Residential,840 Baden Manor Dr,Indianapolis,IN,46217,149900,3,2,,1368,,2014,,110,,,,,http://www.redfin.com/IN/Indianapolis/840-Baden-Manor-Dr-46217/home/106772966,,,N,Y,39.6924555,-86.1752355
PAST SALE,November-9-2017,Single Family Residential,7226 Registry Dr #0,Indianapolis,IN,46217,91000,2,2,Perry,1177,4791,1999,128,77,110,Sold,,,http://www.redfin.com/IN/Indianapolis/7226-Registry-Dr-46217/unit-0/home/143101419,MIBOR,21504448,N,Y,39.6605286,-86.1852465
PAST SALE,November-2-2017,Single Family Residential,7220 Parklake Pl,Indianapolis,IN,46217,156000,4,2.5,Perry,2112,6795,2004,135,74,29,Sold,,,http://www.redfin.com/IN/Indianapolis/7220-Parklake-Pl-46217/home/66993141,MIBOR,21511238,N,Y,39.6602265,-86.2037979
PAST SALE,October-27-2017,Single Family Residential,7461 Pipestone Dr,Indianapolis,IN,46217,163000,3,2,Perry,1692,6599,2009,141,96,33,Sold,,,http://www.redfin.com/IN/Indianapolis/7461-Pipestone-Dr-46217/home/82285565,MIBOR,21496442,N,Y,39.6560464,-86.2170011
PAST SALE,October-27-2017,Single Family Residential,1329 Lake Meadow Dr,Indianapolis,IN,46217,125000,3,2.5,Perry,1860,,2005,141,67,,Sold,,,http://www.redfin.com/IN/Indianapolis/1329-Lake-Meadow-Dr-46217/home/82297662,MIBOR,21509836,N,Y,39.6836677,-86.1833411
PAST SALE,November-3-2017,Single Family Residential,7146 Chandler Ct,Indianapolis,IN,46217,168000,3,2,Perry,1621,19166,1959,134,104,,Sold,,,http://www.redfin.com/IN/Indianapolis/7146-Chandler-Ct-46217/home/60049506,MIBOR,21516728,N,Y,39.659598,-86.1674069
PAST SALE,October-31-2017,Single Family Residential,3404 S Meridian St,Indianapolis,IN,46217,105000,2,1,Perry,2104,19602,1954,137,50,,Sold,,,http://www.redfin.com/IN/Indianapolis/3404-S-Meridian-St-46217/home/60134183,MIBOR,21501720,N,Y,39.7165815,-86.1590205
PAST SALE,November-3-2017,Single Family Residential,2615 Abalone Dr,Indianapolis,IN,46217,127500,3,2,Perry,1212,9147,2003,134,105,,Sold,,,http://www.redfin.com/IN/Indianapolis/2615-Abalone-Dr-46217/home/82277415,MIBOR,21507287,N,Y,39.6719978,-86.2044887
PAST SALE,December-8-2017,Single Family Residential,7559 Miesha Ct,Indianapolis,IN,46217,162500,3,2,Perry,1655,5492,2014,99,98,33,Sold,,,http://www.redfin.com/IN/Indianapolis/7559-Miesha-Ct-46217/home/82303774,MIBOR,21514714,N,Y,39.6544065,-86.2204354
PAST SALE,October-30-2017,Single Family Residential,7659 Ballyshannon St,Indianapolis,IN,46217,250000,3,2.5,Perry,3002,10018,2002,138,83,25,Sold,,,http://www.redfin.com/IN/Indianapolis/7659-Ballyshannon-St-46217/home/60113642,MIBOR,21496431,N,Y,39.6533065,-86.1879488
PAST SALE,,Single Family Residential,940 Baden Manor Dr,Indianapolis,IN,46217,152050,,,,,,,,,,,,,http://www.redfin.com/IN/Indianapolis/940-Baden-Manor-Dr-46217/home/111929220,,,N,Y,39.692223,-86.176809
PAST SALE,October-20-2017,Single Family Residential,738 Canyon Rd,Indianapolis,IN,46217,155000,3,2,Perry,1490,10018,1974,148,104,23,Sold,,,http://www.redfin.com/IN/Indianapolis/738-Canyon-Rd-46217/home/82211154,MIBOR,21510292,N,Y,39.6680513,-86.1722949
PAST SALE,,Other,3945 Wicker Rd,Indianapolis,IN,46217,77200,,,,,87512,,,,,,,,http://www.redfin.com/IN/Indianapolis/3945-Wicker-Rd-46217/home/60160604,,,N,Y,39.6405205,-86.2299429
PAST SALE,November-8-2017,Single Family Residential,5527 Bluff View Blvd,Indianapolis,IN,46217,130000,3,2,Perry,1413,696,2004,129,92,18,Sold,,,http://www.redfin.com/IN/Indianapolis/5527-Bluff-View-Blvd-46217/home/66806876,MIBOR,21507137,N,Y,39.6850657,-86.1830232
PAST SALE,November-10-2017,Single Family Residential,2436 Redland Ln,Indianapolis,IN,46217,125000,3,2.5,Perry,1759,3484,2000,127,71,17,Sold,,,http://www.redfin.com/IN/Indianapolis/2436-Redland-Ln-46217/home/82294102,MIBOR,21513746,N,Y,39.6699644,-86.2024476
PAST SALE,December-4-2017,Single Family Residential,916 Ralston Rd,Indianapolis,IN,46217,165000,3,2,Perry,1822,39596,1973,103,91,,Sold,,,http://www.redfin.com/IN/Indianapolis/916-Ralston-Rd-46217/home/82210699,MIBOR,21506871,N,Y,39.6415199,-86.1759905
PAST SALE,October-4-2017,Single Family Residential,7700 Timber Hill North Dr,Indianapolis,IN,46217,415000,5,4,Perry,4104,39204,1995,164,101,38,Sold,,,http://www.redfin.com/IN/Indianapolis/7700-N-Timber-Hill-Dr-46217/home/66952501,MIBOR,21472796,N,Y,39.653295,-86.195988
PAST SALE,October-16-2017,Single Family Residential,1151 Milwaukee Ct,Indianapolis,IN,46217,91000,3,2,Perry,1176,11761,1982,152,77,,Sold,,,http://www.redfin.com/IN/Indianapolis/1151-Milwaukee-Ct-46217/home/60075205,MIBOR,21505873,N,Y,39.636875,-86.1804804
PAST SALE,October-11-2017,Single Family Residential,1859 Inisheer Ct,Indianapolis,IN,46217,465000,6,5,Perry,5267,30056,1996,157,88,25,Sold,,,http://www.redfin.com/IN/Indianapolis/1859-Inisheer-Ct-46217/home/67001602,MIBOR,21479979,N,Y,39.652972,-86.1938239
PAST SALE,October-6-2017,Single Family Residential,2840 Everbloom Pl,Indianapolis,IN,46217,94000,2,1,Perry,933,4486,2002,162,101,15,Sold,,,http://www.redfin.com/IN/Indianapolis/2840-Everbloom-Pl-46217/home/67044868,MIBOR,21489672,N,Y,39.6656698,-86.2077692
PAST SALE,,Single Family Residential,924 Baden Manor Dr,Indianapolis,IN,46217,161500,,,,,,,,,,,,,http://www.redfin.com/IN/Indianapolis/924-Baden-Manor-Dr-46217/home/111929267,,,N,Y,39.692367,-86.176182
PAST SALE,December-13-2017,Single Family Residential,6533 Carolina Blvd,Indianapolis,IN,46217,277900,3,3,Perry,3568,13068,2006,94,78,35,Sold,,,http://www.redfin.com/IN/Indianapolis/6533-Carolina-Blvd-46217/home/82295572,MIBOR,21501494,N,Y,39.670623,-86.1648236
PAST SALE,October-3-2017,Single Family Residential,8829 Depot Dr,Indianapolis,IN,46217,68100,3,1.5,Perry,1064,10454,1983,165,64,,Sold,,,http://www.redfin.com/IN/Indianapolis/8829-Depot-Dr-46217/home/59982844,MIBOR,21510643,N,Y,39.6362642,-86.1790501
PAST SALE,November-6-2017,Single Family Residential,8052 Wichita Hill Dr,Indianapolis,IN,46217,157500,3,2.5,Perry,2640,11238,2005,131,60,33,Sold,,,http://www.redfin.com/IN/Indianapolis/8052-Wichita-Hill-Dr-46217/home/60083843,MIBOR,21512637,N,Y,39.6480459,-86.2080868
PAST SALE,November-8-2017,Single Family Residential,6429 Bluff Crest Ct,Indianapolis,IN,46217,58800,4,1,Perry,1252,25264,1948,129,47,,Sold,,,http://www.redfin.com/IN/Indianapolis/6429-Bluff-Crest-Ct-46217/home/82205041,MIBOR,21518668,N,Y,39.6718448,-86.1814837
PAST SALE,November-3-2017,Single Family Residential,7430 Monaghan Ln,Indianapolis,IN,46217,309000,4,3.5,Perry,2788,15594,1998,134,111,,Sold,,,http://www.redfin.com/IN/Indianapolis/7430-Monaghan-Ln-46217/home/82214723,MIBOR,21484152,N,Y,39.6571236,-86.1906042
PAST SALE,,Single Family Residential,955 Baden Manor Dr,Indianapolis,IN,46217,179900,,,,,,,,,,,,,http://www.redfin.com/IN/Indianapolis/955-Baden-Manor-Dr-46217/home/111929266,,,N,Y,39.691724,-86.176479
PAST SALE,,Single Family Residential,917 Baden Manor Dr,Indianapolis,IN,46217,179900,,,,,,,,,,,,,http://www.redfin.com/IN/Indianapolis/917-Baden-Manor-Dr-46217/home/102280668,,,N,Y,39.692,-86.17596
PAST SALE,,Single Family Residential,824 Baden Manor Dr,Indianapolis,IN,46217,179900,,,,,,,,,,,,,http://www.redfin.com/IN/Indianapolis/824-Baden-Manor-Dr-46217/home/144063072,,,N,Y,39.692345,-86.174635
PAST SALE,December-15-2017,Single Family Residential,60 Huddleston Dr N,Indianapolis,IN,46217,163000,3,2,Perry,2211,10018,1989,92,74,,Sold,,,http://www.redfin.com/IN/Indianapolis/60-Huddleston-Dr-N-46217/home/67040357,MIBOR,21493417,N,Y,39.6568295,-86.1591398
PAST SALE,December-8-2017,Single Family Residential,7515 S Haven Ct,Indianapolis,IN,46217,130000,3,1.5,Perry,1268,15420,1960,99,103,,Sold,,,http://www.redfin.com/IN/Indianapolis/7515-S-Haven-Ct-46217/home/82208772,MIBOR,21523114,N,Y,39.6560739,-86.1643069
PAST SALE,,Single Family Residential,832 Hildebrand Dr,Indianapolis,IN,46217,184900,,,,,,,,,,,,,http://www.redfin.com/IN/Indianapolis/832-Hildebrand-Dr-46217/home/144062687,,,N,Y,39.6913399,-86.174865
PAST SALE,January-26-2018,Single Family Residential,1825 Sonesta Way,Indianapolis,IN,46217,160000,3,2.5,Perry,2340,5009,2000,50,68,21,Sold,,,http://www.redfin.com/IN/Indianapolis/1825-Sonesta-Way-46217/home/82277532,MIBOR,21522228,N,Y,39.6703773,-86.1921188
PAST SALE,December-27-2017,Single Family Residential,730 Mt Rainier Dr,Indianapolis,IN,46217,184000,4,2.5,Perry,2262,11325,1970,80,81,21,Sold,,,http://www.redfin.com/IN/Indianapolis/730-Mount-Rainier-Dr-46217/home/60054861,MIBOR,21518563,N,Y,39.6706431,-86.1727718
PAST SALE,March-6-2018,Single Family Residential,5316 S Illinois St,Indianapolis,IN,46217,193000,5,3,Perry,3600,17859,1957,11,54,,Sold,,,http://www.redfin.com/IN/Indianapolis/5316-S-Illinois-St-46217/home/82316276,MIBOR,21529245,N,Y,39.68923,-86.159874
PAST SALE,March-16-2018,Single Family Residential,6630 Yellowstone Pkwy,Indianapolis,IN,46217,283500,3,3,Perry,4128,12893,1970,1,69,23,Sold,,,http://www.redfin.com/IN/Indianapolis/6630-Yellowstone-Pkwy-46217/home/82280531,MIBOR,21524881,N,Y,39.6690414,-86.1760898
PAST SALE,October-4-2017,Single Family Residential,8858 S Tibbs Ave,Indianapolis,IN,46217,245000,4,2.5,Perry,4710,9060,2012,164,52,33,Sold,,,http://www.redfin.com/IN/Indianapolis/8858-S-Tibbs-Ave-46217/home/60054284,MIBOR,21509489,N,Y,39.6362717,-86.2138049
PAST SALE,October-20-2017,Single Family Residential,1408 Alonzo Pl,Indianapolis,IN,46217,145900,3,2.5,Perry,1856,5357,2003,148,79,20,Sold,,,http://www.redfin.com/IN/Indianapolis/1408-Alonzo-Pl-46217/home/70427514,MIBOR,21504101,N,Y,39.6764079,-86.1840959
PAST SALE,October-19-2017,Single Family Residential,8747 Chessie Dr,Indianapolis,IN,46217,144000,3,2,Perry,1384,13372,1991,149,104,,Sold,,,http://www.redfin.com/IN/Indianapolis/8747-Chessie-Dr-46217/home/82213377,MIBOR,21510931,N,Y,39.6377065,-86.1812751
PAST SALE,September-28-2017,Single Family Residential,8753 Southcreek Ct,Indianapolis,IN,46217,274900,3,3,Perry,3691,14984,1989,170,74,21,Sold,,,http://www.redfin.com/IN/Indianapolis/8753-Southcreek-Ct-46217/home/82213594,MIBOR,21478872,N,Y,39.6386955,-86.1623597
PAST SALE,September-18-2017,Single Family Residential,8576 Friendship Ln,Indianapolis,IN,46217,133000,3,2,Perry,1232,18208,1997,180,108,,Sold,,,http://www.redfin.com/IN/Indianapolis/8576-Friendship-Ln-46217/home/82213635,MIBOR,21503265,N,Y,39.6406353,-86.1989837
PAST SALE,,Single Family Residential,6616 Black Antler Dr,Indianapolis,IN,46217,124900,3,1.5,,1467,3964,2000,,85,,,,,http://www.redfin.com/IN/Indianapolis/6616-Black-Antler-Dr-46217/home/82330179,,,N,Y,39.669175,-86.203233
PAST SALE,,Single Family Residential,7834 Sergi Canyon Dr,Indianapolis,IN,46217,150000,3,1.5,,1560,6926,2003,,96,,,,,http://www.redfin.com/IN/Indianapolis/7834-Sergi-Canyon-Dr-46217/home/60036955,,,N,Y,39.6517209,-86.2047113
PAST SALE,February-23-2018,Single Family Residential,7546 Pipestone Dr,Indianapolis,IN,46217,187000,4,2.5,Perry,3316,7405,2012,22,56,35,Sold,,,http://www.redfin.com/IN/Indianapolis/7546-Pipestone-Dr-46217/home/60126816,MIBOR,21523186,N,Y,39.6548592,-86.2176364
PAST SALE,March-5-2018,Single Family Residential,8048 Painted Pony Dr,Indianapolis,IN,46217,154000,4,2.5,Perry,2538,11761,2004,12,61,33,Sold,,,http://www.redfin.com/IN/Indianapolis/8048-Painted-Pony-Dr-46217/home/60020782,MIBOR,21541112,N,Y,39.6477365,-86.209715
PAST SALE,March-8-2018,Single Family Residential,3008 Tapwood Ln,Indianapolis,IN,46217,145500,3,2,Perry,1448,7840,2000,9,100,33,Sold,,,http://www.redfin.com/IN/Indianapolis/3008-Tapwood-Ln-46217/home/60120787,MIBOR,21545051,N,Y,39.6614907,-86.2092384
PAST SALE,March-16-2018,Single Family Residential,3009 Everbloom Way,Indianapolis,IN,46217,125000,3,2.5,Perry,1792,6098,2002,1,70,20,Sold,,,http://www.redfin.com/IN/Indianapolis/3009-Everbloom-Way-46217/home/60037385,MIBOR,21544350,N,Y,39.6675017,-86.2096355
PAST SALE,,Single Family Residential,927 Hildebrand Dr,Indianapolis,IN,46217,149900,,,,,,,,,,,,,http://www.redfin.com/IN/Indianapolis/927-Hildebrand-Dr-46217/home/111929304,,,N,Y,39.690875,-86.17618
PAST SALE,,Single Family Residential,914 Baden Manor Dr,Indianapolis,IN,46217,149900,,,,,,,,,,,,,http://www.redfin.com/IN/Indianapolis/914-Baden-Manor-Dr-46217/home/111930275,,,N,Y,39.692379,-86.175824
PAST SALE,December-29-2017,Single Family Residential,8121 Lake Tree Ln,Indianapolis,IN,46217,135900,3,2.5,Perry,1553,4486,2001,78,88,,Sold,,,http://www.redfin.com/IN/Indianapolis/8121-Lake-Tree-Ln-46217/home/60107993,MIBOR,21515266,N,Y,39.6473473,-86.1780964
PAST SALE,February-1-2018,Single Family Residential,7641 Lake Vista Ln,Indianapolis,IN,46217,128000,3,2.5,Perry,1367,4356,2000,44,94,17,Sold,,,http://www.redfin.com/IN/Indianapolis/7641-Lake-Vista-Ln-46217/home/66810976,MIBOR,21529501,N,Y,39.6544775,-86.1684004
PAST SALE,February-28-2018,Single Family Residential,6118 Bluff Crest Ct,Indianapolis,IN,46217,90000,3,1,Perry,1352,18295,1955,17,67,,Sold,,,http://www.redfin.com/IN/Indianapolis/6118-Bluff-Crest-Ct-46217/home/82316141,MIBOR,21530357,N,Y,39.6759768,-86.1819902
PAST SALE,January-16-2018,Single Family Residential,1311 W Sumner Ave,Indianapolis,IN,46217,80000,3,1.5,Perry,2080,33105,1938,60,38,,Sold,,,http://www.redfin.com/IN/Indianapolis/1311-W-Sumner-Ave-46217/home/59996575,MIBOR,21522377,N,Y,39.7144792,-86.184374
PAST SALE,February-26-2018,Single Family Residential,644 W Valley View Dr,Indianapolis,IN,46217,168500,3,2,Perry,1483,15245,1969,19,114,,Sold,,,http://www.redfin.com/IN/Indianapolis/644-W-Valley-View-Dr-46217/home/60086553,MIBOR,21542827,N,Y,39.6474619,-86.1717783
PAST SALE,January-17-2018,Single Family Residential,1340 Alonzo Pl,Indianapolis,IN,46217,142000,3,2.5,Perry,2333,5619,2003,59,61,20,Sold,,,http://www.redfin.com/IN/Indianapolis/1340-Alonzo-Pl-46217/home/82295600,MIBOR,21527212,N,Y,39.6761275,-86.182904
PAST SALE,February-21-2018,Single Family Residential,1101 Bluff Crest Ln,Indianapolis,IN,46217,65000,3,1,Perry,1904,16552,1943,24,34,,Sold,,,http://www.redfin.com/IN/Indianapolis/1101-Bluff-Crest-Ln-46217/home/59984499,MIBOR,21529537,N,Y,39.672337,-86.1790551
PAST SALE,,Single Family Residential,944 Baden Manor Dr,Indianapolis,IN,46217,179900,,,,,,,,,,,,,http://www.redfin.com/IN/Indianapolis/944-Baden-Manor-Dr-46217/home/111929224,,,N,Y,39.6920226,-86.1767852
PAST SALE,March-15-2018,Single Family Residential,8808 Rocky Hill Rd,Indianapolis,IN,46217,165000,3,2.5,Perry,2207,21954,1976,2,75,8,Sold,,,http://www.redfin.com/IN/Indianapolis/8808-Rocky-Hill-Rd-46217/home/82211709,MIBOR,21517146,N,Y,39.6378289,-86.1924188
PAST SALE,March-16-2018,Single Family Residential,1339 Cliff Ridge Ln,Indianapolis,IN,46217,155000,3,2,Perry,1210,7100,2000,1,128,20,Sold,,,http://www.redfin.com/IN/Indianapolis/1339-Cliff-Ridge-Ln-46217/home/67051639,MIBOR,21545826,N,Y,39.6888241,-86.1835098
PAST SALE,October-23-2017,Single Family Residential,7642 Moultrie Ct,Indianapolis,IN,46217,150000,4,2,Perry,1948,20343,1980,145,77,,Sold,,,http://www.redfin.com/IN/Indianapolis/7642-Moultrie-Ct-46217/home/60119730,MIBOR,21513175,N,Y,39.6538321,-86.1757123
PAST SALE,October-27-2017,Single Family Residential,7716 Vincent Ct,Indianapolis,IN,46217,124000,3,2,Perry,1212,6316,1998,141,102,15,Sold,,,http://www.redfin.com/IN/Indianapolis/7716-Vincent-Ct-46217/home/66924558,MIBOR,21511528,N,Y,39.6536856,-86.1700298
PAST SALE,November-3-2017,Single Family Residential,7125 Wellwood Dr,Indianapolis,IN,46217,130000,4,2.5,Perry,1992,6969,2001,134,65,33,Sold,,,http://www.redfin.com/IN/Indianapolis/7125-Wellwood-Dr-46217/home/67007150,MIBOR,21516717,N,Y,39.6616834,-86.2052673
PAST SALE,November-7-2017,Single Family Residential,531 Silver Fox Ct,Indianapolis,IN,46217,168000,3,2,Perry,1609,,1998,130,104,10,Sold,,,http://www.redfin.com/IN/Indianapolis/531-Silver-Fox-Ct-46217/home/60146883,MIBOR,21514685,N,Y,39.6524879,-86.1691158
PAST SALE,October-27-2017,Single Family Residential,2605 Bristlecone Dr,Indianapolis,IN,46217,135000,3,2.5,Perry,1825,13068,2003,141,74,,Sold,,,http://www.redfin.com/IN/Indianapolis/2605-Bristlecone-Dr-46217/home/66992997,MIBOR,21511746,N,Y,39.6727546,-86.2040759
PAST SALE,November-3-2017,Single Family Residential,233 Beechview Ln,Indianapolis,IN,46217,205000,4,2,Perry,1941,14984,1967,134,106,,Sold,,,http://www.redfin.com/IN/Indianapolis/233-Beechview-Ln-46217/home/82316579,MIBOR,21514126,N,Y,39.64385,-86.1623593
PAST SALE,November-15-2017,Single Family Residential,2612 Redland Ln,Indianapolis,IN,46217,90000,2,2,Perry,911,5227,2001,122,99,17,Sold,,,http://www.redfin.com/IN/Indianapolis/2612-Redland-Ln-46217/home/60089897,MIBOR,21502494,N,Y,39.6701747,-86.2041066
PAST SALE,November-17-2017,Single Family Residential,8403 Parish Ln,Indianapolis,IN,46217,176000,3,2,Perry,1943,14984,1968,120,91,,Sold,,,http://www.redfin.com/IN/Indianapolis/8403-Parish-Ln-46217/home/59989275,MIBOR,21512912,N,Y,39.6438451,-86.1689369
PAST SALE,November-30-2017,Single Family Residential,702 Fabyan Rd,Indianapolis,IN,46217,129900,3,1.5,Perry,1050,18600,1960,107,124,,Sold,,,http://www.redfin.com/IN/Indianapolis/702-Fabyan-Rd-46217/home/60086707,MIBOR,21517584,N,Y,39.6485854,-86.1716591
PAST SALE,October-13-2017,Single Family Residential,1624 Secretariat Ln,Indianapolis,IN,46217,245000,4,2.5,Perry,2000,16857,1978,155,123,,Sold,,,http://www.redfin.com/IN/Indianapolis/1624-Secretariat-Ln-46217/home/60065133,MIBOR,21510213,N,Y,39.6456973,-86.189181
PAST SALE,October-11-2017,Single Family Residential,409 W Cragmont Dr,Indianapolis,IN,46217,182000,3,2,Perry,3337,12196,1968,157,55,,Sold,,,http://www.redfin.com/IN/Indianapolis/409-W-Cragmont-Dr-46217/home/60085187,MIBOR,21500857,N,Y,39.6740861,-86.1660954
PAST SALE,October-12-2017,Single Family Residential,3010 Everbloom Way,Indianapolis,IN,46217,123500,3,2,Perry,1239,4486,2003,156,100,20,Sold,,,http://www.redfin.com/IN/Indianapolis/3010-Everbloom-Way-46217/home/60090915,MIBOR,21509809,N,Y,39.6679043,-86.2096355
PAST SALE,October-10-2017,Single Family Residential,7207 Barnwell Pl,Indianapolis,IN,46217,125000,3,2,Perry,1284,5227,1999,158,97,23,Sold,,,http://www.redfin.com/IN/Indianapolis/7207-Barnwell-Pl-46217/home/60128014,MIBOR,21481299,N,Y,39.6609152,-86.1754834
PAST SALE,September-29-2017,Single Family Residential,405 Kindig Rd,Indianapolis,IN,46217,125000,3,1,Perry,1161,20473,1959,169,108,,Sold,,,http://www.redfin.com/IN/Indianapolis/405-Kindig-Rd-46217/home/60144885,MIBOR,21507957,N,Y,39.6579235,-86.1654595
PAST SALE,October-6-2017,Single Family Residential,3440 Newhart St,Indianapolis,IN,46217,38000,3,2,Perry,1508,38768,1932,162,25,,Sold,,,http://www.redfin.com/IN/Indianapolis/3440-Newhart-St-46217/home/64096630,MIBOR,21501323,N,Y,39.6883082,-86.2170203
PAST SALE,September-25-2017,Single Family Residential,7443 Oak Knoll Dr,Indianapolis,IN,46217,124000,2,2,Perry,1349,6490,2003,173,92,49,Sold,,,http://www.redfin.com/IN/Indianapolis/7443-Oak-Knoll-Dr-46217/home/66817785,MIBOR,21506028,N,Y,39.6570341,-86.1800434
PAST SALE,October-13-2017,Single Family Residential,6410 Coconut Ct,Indianapolis,IN,46217,126000,3,2,Perry,1135,10367,2000,155,111,,Sold,,,http://www.redfin.com/IN/Indianapolis/6410-Coconut-Ct-46217/home/66970025,MIBOR,21488592,N,Y,39.6722429,-86.2056644
PAST SALE,October-20-2017,Single Family Residential,240 Huddleston Dr N,Indianapolis,IN,46217,221900,4,3.5,Perry,3768,12806,1989,148,59,2,Sold,,,http://www.redfin.com/IN/Indianapolis/240-Huddleston-Dr-N-46217/home/59990045,MIBOR,21490780,N,Y,39.656763,-86.1622019
PAST SALE,January-4-2018,Single Family Residential,105 Oleta Dr,Indianapolis,IN,46217,125000,2,1,Perry,1128,15245,1957,72,111,,Sold,,,http://www.redfin.com/IN/Indianapolis/105-Oleta-Dr-46217/home/60159736,MIBOR,21525306,N,Y,39.6609104,-86.1608094
PAST SALE,February-28-2018,Single Family Residential,7109 Lockwood Ln,Indianapolis,IN,46217,77000,3,1,Perry,912,19776,1958,17,84,,Sold,,,http://www.redfin.com/IN/Indianapolis/7109-Lockwood-Ln-46217/home/60043569,MIBOR,21529047,N,Y,39.662556,-86.1618824
PAST SALE,March-1-2018,Single Family Residential,405 W Southport Rd,Indianapolis,IN,46217,121000,3,1,Perry,960,16030,1959,16,126,,Sold,,,http://www.redfin.com/IN/Indianapolis/405-W-Southport-Rd-46217/home/82207609,MIBOR,21540588,N,Y,39.6638363,-86.1665325
PAST SALE,January-10-2018,Single Family Residential,247 W Midland Rd,Indianapolis,IN,46217,138000,3,1.5,Perry,1598,15986,1959,66,86,,Sold,,,http://www.redfin.com/IN/Indianapolis/247-W-Midland-Rd-46217/home/82208262,MIBOR,21524209,N,Y,39.6884987,-86.1625978
PAST SALE,March-5-2018,Single Family Residential,7516 Brehob Rd,Indianapolis,IN,46217,144900,3,2,Perry,1480,15115,1966,12,98,,Sold,,,http://www.redfin.com/IN/Indianapolis/7516-Brehob-Rd-46217/home/66922051,MIBOR,21518937,N,Y,39.6563495,-86.1653402
PAST SALE,September-26-2017,Single Family Residential,3328 Stoddard Pl,Indianapolis,IN,46217,217532,3,2,Perry,1801,14418,2017,172,121,,Sold,,,http://www.redfin.com/IN/Indianapolis/3328-Stoddard-Ln-46217/home/111930209,MIBOR,21514346,N,Y,39.6399535,-86.2145967
PAST SALE,September-22-2017,Single Family Residential,8617 Royal Meadow Dr,Indianapolis,IN,46217,183000,3,2,Perry,2010,14810,1971,176,91,,Sold,,,http://www.redfin.com/IN/Indianapolis/8617-Royal-Meadow-Dr-46217/home/82210956,MIBOR,21502554,N,Y,39.6404217,-86.172593
PAST SALE,September-18-2017,Single Family Residential,648 Meadows Edge Ln,Indianapolis,IN,46217,127000,3,2.5,Perry,1568,6534,1998,180,81,15,Sold,,,http://www.redfin.com/IN/Indianapolis/648-Meadows-Edge-Ln-46217/home/82274245,MIBOR,21502474,N,Y,39.6548678,-86.1716989
PAST SALE,October-2-2017,Single Family Residential,3469 Otisco Ln,Indianapolis,IN,46217,140000,3,2,Perry,1336,5501,2006,166,105,33,Sold,,,http://www.redfin.com/IN/Indianapolis/3469-Otisco-Ln-46217/home/59989141,MIBOR,21506654,N,Y,39.6583463,-86.2177753
PAST SALE,September-27-2017,Single Family Residential,7415 Rooses Dr,Indianapolis,IN,46217,272000,3,2,Perry,2052,14984,1999,171,133,25,Sold,,,http://www.redfin.com/IN/Indianapolis/7415-Rooses-Dr-46217/home/60167716,MIBOR,21494352,N,Y,39.6576035,-86.187592
PAST SALE,September-25-2017,Single Family Residential,7618 Moultrie Ct,Indianapolis,IN,46217,128000,3,2,Perry,1630,6316,1980,173,79,,Sold,,,http://www.redfin.com/IN/Indianapolis/7618-Moultrie-Ct-46217/home/66952774,MIBOR,21506117,N,Y,39.6547204,-86.1757918
PAST SALE,September-28-2017,Single Family Residential,6036 Creekbend Ct,Indianapolis,IN,46217,200000,3,2,Perry,1682,12196,1997,170,119,22,Sold,,,http://www.redfin.com/IN/Indianapolis/6036-Creekbend-Ct-46217/home/82214168,MIBOR,21509828,N,Y,39.6775594,-86.1676851
PAST SALE,January-18-2018,Single Family Residential,3504 Possett Ln,Indianapolis,IN,46217,165000,3,2.5,Perry,2106,9361,2009,58,78,33,Sold,,,http://www.redfin.com/IN/Indianapolis/3504-Possett-Ln-46217/home/144327711,MIBOR,21525431,N,Y,39.6566299,-86.2174633
PAST SALE,November-22-2017,Single Family Residential,7405 Forest Park Dr,Indianapolis,IN,46217,115000,3,1.5,Perry,1116,11325,1966,115,103,,Sold,,,http://www.redfin.com/IN/Indianapolis/7405-Forest-Park-Dr-46217/home/60140809,MIBOR,21512944,N,Y,39.6581769,-86.1719373
PAST SALE,February-2-2018,Single Family Residential,1502 Friendship Dr,Indianapolis,IN,46217,224000,4,2.5,Perry,3235,15986,1978,43,69,,Sold,,,http://www.redfin.com/IN/Indianapolis/1502-Friendship-Dr-46217/home/60048881,MIBOR,21504767,N,Y,39.642629,-86.1864796
PAST SALE,December-22-2017,Single Family Residential,1013 Pecan Ct,Indianapolis,IN,46217,115000,4,2.5,Perry,2343,8015,1981,85,49,,Sold,,,http://www.redfin.com/IN/Indianapolis/1013-Pecan-Ct-46217/home/67025838,MIBOR,21513161,N,Y,39.6543221,-86.1783746
PAST SALE,December-22-2017,Single Family Residential,8405 Morgantown Rd,Indianapolis,IN,46217,130000,2,1,Perry,2195,49222,1953,85,59,,Sold,,,http://www.redfin.com/IN/Indianapolis/8405-Morgantown-Rd-46217/home/82206292,MIBOR,21524047,N,Y,39.6425381,-86.1960134
PAST SALE,January-8-2018,Single Family Residential,8116 Maple Stream Ln,Indianapolis,IN,46217,130250,3,2.5,Perry,1553,5662,2001,68,84,18,Sold,,,http://www.redfin.com/IN/Indianapolis/8116-Maple-Stream-Ln-46217/home/82277631,MIBOR,21518245,N,Y,39.6474172,-86.1811459
PAST SALE,February-14-2018,Single Family Residential,8320 Lake Tree Ln,Indianapolis,IN,46217,138000,3,2.5,Perry,1833,9191,2002,31,75,18,Sold,,,http://www.redfin.com/IN/Indianapolis/8320-Lake-Tree-Ln-46217/home/60110522,MIBOR,21529780,N,Y,39.6443144,-86.1789309
PAST SALE,January-11-2018,Single Family Residential,7232 Kimble Dr,Indianapolis,IN,46217,137000,3,2.5,Perry,1550,,2001,65,88,33,Sold,,,http://www.redfin.com/IN/Indianapolis/7232-Kimble-Dr-46217/home/60034951,MIBOR,21523068,N,Y,39.6598562,-86.2047907
PAST SALE,January-19-2018,Single Family Residential,8171 Laura Lynne Ln,Indianapolis,IN,46217,149000,3,2,Perry,1345,17249,1966,57,111,,Sold,,,http://www.redfin.com/IN/Indianapolis/8171-Laura-Lynne-Ln-46217/home/82209746,MIBOR,21527091,N,Y,39.6472501,-86.1604515
PAST SALE,March-2-2018,Single Family Residential,1830 Inisheer Ct,Indianapolis,IN,46217,537000,4,3.5,Perry,7183,18295,2000,15,75,25,Sold,,,http://www.redfin.com/IN/Indianapolis/1830-Inisheer-Ct-46217/home/60059879,MIBOR,21549675,N,Y,39.6533993,-86.1927441
PAST SALE,March-12-2018,Single Family Residential,8132 S Meridian St,Indianapolis,IN,46217,150000,3,1.5,Perry,1326,16857,1962,5,113,,Sold,,,http://www.redfin.com/IN/Indianapolis/8132-S-Meridian-St-46217/home/82209622,MIBOR,21545796,N,Y,39.6484861,-86.1588616
PAST SALE,March-13-2018,Single Family Residential,7827 Islay Rd,Indianapolis,IN,46217,248000,4,2.5,Perry,2608,10890,1996,4,95,21,Sold,,,http://www.redfin.com/IN/Indianapolis/7827-Islay-Rd-46217/home/60128103,MIBOR,21542414,N,Y,39.6510464,-86.1902972
PAST SALE,October-5-2017,Single Family Residential,7011 Mclain Dr,Indianapolis,IN,46217,180500,3,2,Perry,1900,19602,1972,163,95,,Sold,,,http://www.redfin.com/IN/INDIANAPOLIS/7011-MCLAIN-DR-46217/home/60124045,MIBOR,21507009,N,Y,39.663138,-86.165422
PAST SALE,October-4-2017,Single Family Residential,3033 Everbloom Way,Indianapolis,IN,46217,91900,2,1,Perry,933,5619,2002,164,98,20,Sold,,,http://www.redfin.com/IN/Indianapolis/3033-Everbloom-Way-46217/home/82284114,MIBOR,21506776,N,Y,39.6674483,-86.2104694
PAST SALE,November-14-2017,Single Family Residential,1715 Brassica Way,Indianapolis,IN,46217,131000,3,2,Perry,1749,5662,2001,123,75,21,Sold,,,http://www.redfin.com/IN/Indianapolis/1715-Brassica-Way-46217/home/62678894,MIBOR,21491719,N,Y,39.6688617,-86.1900846
PAST SALE,December-6-2017,Single Family Residential,7322 Kimble Dr,Indianapolis,IN,46217,132000,4,2.5,Perry,1689,4399,2003,101,78,33,Sold,,,http://www.redfin.com/IN/Indianapolis/7322-Kimble-Dr-46217/home/60016716,MIBOR,21513198,N,Y,39.6590212,-86.2051084
PAST SALE,February-23-2018,Single Family Residential,7221 Broyles Ln,Indianapolis,IN,46217,105000,2,2,Perry,1196,4356,1999,22,88,109,Sold,,,http://www.redfin.com/IN/Indianapolis/7221-Broyles-Ln-46217/home/60035283,MIBOR,21530354,N,Y,39.6599383,-86.1838973
PAST SALE,March-14-2018,Single Family Residential,7805 Sergi Canyon Dr,Indianapolis,IN,46217,145000,3,2,Perry,1264,6621,2003,3,115,33,Sold,,,http://www.redfin.com/IN/Indianapolis/7805-Sergi-Canyon-Dr-46217/home/82284207,MIBOR,21542609,N,Y,39.6519272,-86.2037447
PAST SALE,October-6-2017,Single Family Residential,129 Hoss Rd,Indianapolis,IN,46217,152000,4,2,Perry,3280,15158,1948,162,46,,Sold,,,http://www.redfin.com/IN/Indianapolis/129-Hoss-Rd-46217/home/82204574,MIBOR,21501526,N,Y,39.6969973,-86.1616439
PAST SALE,December-15-2017,Single Family Residential,135 Jordan Rd,Indianapolis,IN,46217,560000,6,4,Perry,6971,76230,1981,92,80,,Sold,,,http://www.redfin.com/IN/Indianapolis/135-Jordan-Rd-46217/home/67085214,MIBOR,21505458,N,Y,39.6662334,-86.1617035
PAST SALE,January-31-2018,Single Family Residential,832 Gettysburg Ct,Indianapolis,IN,46217,179000,3,2.5,Perry,1803,11499,1969,45,99,20,Sold,,,http://www.redfin.com/IN/Indianapolis/832-Gettysburg-Ct-46217/home/60144099,MIBOR,21527246,N,Y,39.6697008,-86.1747189
PAST SALE,February-23-2018,Single Family Residential,703 Rahkewood Dr,Indianapolis,IN,46217,155000,3,2,Perry,1377,10018,1978,22,113,,Sold,,,http://www.redfin.com/IN/Indianapolis/703-Rahkewood-Dr-46217/home/67112354,MIBOR,21527124,N,Y,39.6817212,-86.1718578
PAST SALE,January-5-2018,Single Family Residential,604 Cresthaven Dr,Indianapolis,IN,46217,129900,2,1.5,Perry,1228,5793,2003,71,106,50,Sold,,,http://www.redfin.com/IN/Indianapolis/604-Cresthaven-Dr-46217/home/82277916,MIBOR,21523045,N,Y,39.6846753,-86.1699106
PAST SALE,,Single Family Residential,902 Hildebrand Dr,Indianapolis,IN,46217,179900,,,,,,,,,,,,,http://www.redfin.com/IN/Indianapolis/902-Hildebrand-Dr-46217/home/111929305,,,N,Y,39.6912939,-86.1753945
PAST SALE,March-13-2018,Single Family Residential,7042 Beal Ln,Indianapolis,IN,46217,230769,3,2.5,Perry,2404,10759,2018,4,96,23,Sold,,,http://www.redfin.com/IN/Indianapolis/7042-Beal-Ct-46217/home/144063175,MIBOR,21551115,N,Y,39.6633348,-86.1788668
PAST SALE,March-16-2018,Single Family Residential,5336 S Capitol Ave,Indianapolis,IN,46217,132000,3,1.5,Perry,2394,15986,1958,1,55,,Sold,,,http://www.redfin.com/IN/Indianapolis/5336-S-Capitol-Ave-46217/home/82208258,MIBOR,21509399,N,Y,39.6884918,-86.1611669
PAST SALE,November-13-2017,Single Family Residential,8625 S Tibbs Ave,Indianapolis,IN,46217,208403,4,2.5,Perry,2408,8102,2017,124,87,23,Sold,,,http://www.redfin.com/IN/Indianapolis/8625-S-Tibbs-Ave-46217/home/82301712,MIBOR,21524775,N,Y,39.639353,-86.213247
PAST SALE,January-25-2018,Single Family Residential,8325 Forward Pass Rd,Indianapolis,IN,46217,220000,4,3,Perry,2533,16988,1978,51,87,,Sold,,,http://www.redfin.com/IN/Indianapolis/8325-Forward-Pass-Rd-46217/home/60163508,MIBOR,21523007,N,Y,39.6439545,-86.1893323
PAST SALE,December-15-2017,Single Family Residential,8010 Apalachee Dr,Indianapolis,IN,46217,225000,3,3,Perry,2661,8712,2005,92,85,30,Sold,,,http://www.redfin.com/IN/Indianapolis/8010-Apalachee-Dr-46217/home/60029183,MIBOR,21518934,N,Y,39.6483792,-86.2115217
PAST SALE,December-15-2017,Single Family Residential,3460 Wicker Rd,Indianapolis,IN,46217,124000,2,2.5,Perry,1300,17380,1983,92,95,,Sold,,,http://www.redfin.com/IN/Indianapolis/3460-Wicker-Rd-46217/home/63650162,MIBOR,21513391,N,Y,39.6417923,-86.2176165
PAST SALE,January-5-2018,Single Family Residential,2010 Sandhill Ct,Indianapolis,IN,46217,182900,3,2,Perry,2508,17380,1976,71,73,8,Sold,,,http://www.redfin.com/IN/Indianapolis/2010-Sandhill-Ct-46217/home/82211193,MIBOR,21506666,N,Y,39.6404623,-86.195324
PAST SALE,November-13-2017,Single Family Residential,7423 Copperwood Dr,Indianapolis,IN,46217,231700,4,2.5,Perry,2934,12196,2001,124,79,33,Sold,,,http://www.redfin.com/IN/Indianapolis/7423-Copperwood-Dr-46217/home/82274431,MIBOR,21513147,N,Y,39.6565905,-86.2108268
PAST SALE,February-26-2018,Single Family Residential,7431 Oak Knoll Dr,Indianapolis,IN,46217,135000,2,2,Perry,1693,6534,2001,19,80,,Sold,,,http://www.redfin.com/IN/Indianapolis/7431-Oak-Knoll-Dr-46217/home/82277669,MIBOR,21545846,N,Y,39.657399,-86.1801228
PAST SALE,December-13-2017,Single Family Residential,729 Fabyan Rd,Indianapolis,IN,46217,163000,4,2.5,Perry,1997,11325,2013,94,82,,Sold,,,http://www.redfin.com/IN/Indianapolis/729-Fabyan-Rd-46217/home/60133558,MIBOR,21519982,N,Y,39.6482728,-86.1737851
PAST SALE,February-28-2018,Single Family Residential,8328 Hill Gail Dr,Indianapolis,IN,46217,190000,3,2,Perry,1892,14810,1980,17,100,,Sold,,,http://www.redfin.com/IN/Indianapolis/8328-Hill-Gail-Dr-46217/home/66944238,MIBOR,21524554,N,Y,39.6442476,-86.1885653
PAST SALE,March-1-2018,Single Family Residential,835 Wakulla Ct,Indianapolis,IN,46217,158000,4,2.5,Perry,2470,12066,1978,16,64,,Sold,,,http://www.redfin.com/IN/Indianapolis/835-Wakulla-Ct-46217/home/82212641,MIBOR,21543095,N,Y,39.6560471,-86.1745203
PAST SALE,December-1-2017,Single Family Residential,1306 Tommy Lee Ct,Indianapolis,IN,46217,124500,3,2,Marion,1363,19602,1978,106,91,,Sold,,,http://www.redfin.com/IN/Indianapolis/1306-Tommy-Lee-Ct-46217/home/82212316,MIBOR,21493248,N,Y,39.6561252,-86.1817916
PAST SALE,March-2-2018,Single Family Residential,2625 Wicker Rd,Indianapolis,IN,46217,228000,3,2.5,Perry,3040,511830,1948,15,75,,Sold,,,http://www.redfin.com/IN/Indianapolis/2625-Wicker-Rd-46217/home/60013062,MIBOR,21540715,N,Y,39.6413306,-86.2046716
PAST SALE,February-14-2018,Single Family Residential,3019 Shadow Lake Dr,Indianapolis,IN,46217,217900,4,2.5,Perry,2401,13155,2001,31,91,20,Sold,,,http://www.redfin.com/IN/Indianapolis/3019-Shadow-Lake-Dr-46217/home/66972238,MIBOR,21507529,N,Y,39.6566049,-86.2100326
PAST SALE,March-9-2018,Single Family Residential,1131 Milwaukee Ct,Indianapolis,IN,46217,110000,3,1.5,Perry,1080,10018,1983,8,102,,Sold,,,http://www.redfin.com/IN/Indianapolis/1131-Milwaukee-Ct-46217/home/60133435,MIBOR,21539914,N,Y,39.6371172,-86.1795765
