SALE TYPE,SOLD DATE,PROPERTY TYPE,ADDRESS,CITY,STATE,ZIP,PRICE,BEDS,BATHS,LOCATION,SQUARE FEET,LOT SIZE,YEAR BUILT,DAYS ON MARKET,$/SQUARE FEET,HOA/MONTH,STATUS,NEXT OPEN HOUSE START TIME,NEXT OPEN HOUSE END TIME,URL (SEE http://www.redfin.com/buy-a-home/comparative-market-analysis FOR INFO ON PRICING),SOURCE,MLS#,FAVORITE,INTERESTED,LATITUDE,LONGITUDE
PAST SALE,November-27-2017,Single Family Residential,6106 E Arrival Pkwy,Camby,IN,46113,204000,3,2,Madison,1700,12022,2014,110,120,17,Sold,,,http://www.redfin.com/IN/Unknown/6106-Arrival-Pkwy-46113/home/60181013,MIBOR,21519873,N,Y,39.62269,-86.314355
PAST SALE,November-29-2017,Single Family Residential,11276 N Sarah Ln,Mooresville,IN,46158,375000,3,2.5,Madison,2362,244911,1992,108,159,33,Sold,,,http://www.redfin.com/IN/Mooresville/11276-Sarah-Ln-46158/home/82389811,MIBOR,21517389,N,Y,39.5939089,-86.296278
PAST SALE,November-21-2017,Single Family Residential,5426 Collett Dr E,Camby,IN,46113,122000,3,1,Madison,1258,12196,1994,116,97,,Sold,,,http://www.redfin.com/IN/Unknown/5426-Collett-Dr-E-46113/home/60140599,MIBOR,21520521,N,Y,39.6159543,-86.3278322
PAST SALE,October-11-2017,Single Family Residential,13951 N Old Otto Ct,Camby,IN,46113,189900,4,2.5,Madison,2630,8712,1999,157,72,30,Sold,,,http://www.redfin.com/IN/Unknown/13951-N-Old-Otto-Ct-46113/home/66825321,MIBOR,21505515,N,Y,39.6319191,-86.3116262
PAST SALE,October-6-2017,Single Family Residential,6290 E Rockhill Ct,Camby,IN,46113,130000,3,2,Madison,1370,,2000,162,95,30,Sold,,,http://www.redfin.com/IN/Unknown/6290-Rockhill-Ct-46113/home/66991805,MIBOR,21504719,N,Y,39.629238,-86.3109129
PAST SALE,,Single Family Residential,6935 Morgan Ave,Indianapolis,IN,46113,50000,3,1,,2054,67518,1929,,24,,,,,http://www.redfin.com/IN/Indianapolis/6935-Morgan-Ave-46113/home/82181217,,,N,Y,39.6621713,-86.3111259
PAST SALE,October-13-2017,Single Family Residential,8648 Blooming Grove Dr,Camby,IN,46113,170000,4,2.5,Decatur,3524,7405,2002,155,48,30,Sold,,,http://www.redfin.com/IN/Indianapolis/8648-Blooming-Grove-Dr-46113/home/82279126,MIBOR,21495234,N,Y,39.6355464,-86.3142417
PAST SALE,October-16-2017,Single Family Residential,10877 Delphi Dr,Camby,IN,46113,115000,3,2,Guilford,1646,5270,1999,152,70,30,Sold,,,http://www.redfin.com/IN/Unknown/10877-Delphi-Dr-46113/home/60030743,MIBOR,21440243,N,Y,39.6369258,-86.3285849
PAST SALE,October-19-2017,Single Family Residential,13830 N Ferguson Rd E,Camby,IN,46113,143500,4,3,Brown,3960,64381,1951,149,36,,Sold,,,http://www.redfin.com/IN/Unknown/13830-County-Road-450-E-46113/home/60007693,MIBOR,21472912,N,Y,39.6292505,-86.3458152
PAST SALE,December-1-2017,Single Family Residential,8743 Ogden Dunes Rd,Camby,IN,46113,135000,4,2.5,Decatur,2508,4791,1999,106,54,30,Sold,,,http://www.redfin.com/IN/Indianapolis/8743-Ogden-Dunes-Dr-46113/home/60037759,MIBOR,21517639,N,Y,39.6356778,-86.3260494
PAST SALE,October-20-2017,Single Family Residential,7730 Irene Ct,Camby,IN,46113,178500,5,3,Decatur,3274,7840,2012,148,55,25,Sold,,,http://www.redfin.com/IN/Indianapolis/7730-Irene-Ct-46113/home/82301536,MIBOR,21486938,N,Y,39.6637523,-86.2969489
PAST SALE,November-30-2017,Single Family Residential,13041 N Forest Dr,Camby,IN,46113,85000,2,1,Madison,912,43560,1964,107,93,,Sold,,,http://www.redfin.com/IN/Unknown/13041-N-Forest-Dr-46113/home/60110399,MIBOR,21500641,N,Y,39.6190095,-86.2818952
PAST SALE,November-17-2017,Single Family Residential,8410 Sansa St,Camby,IN,46113,133500,3,2.5,Decatur,1711,4791,2008,120,78,24,Sold,,,http://www.redfin.com/IN/Indianapolis/8410-Sansa-St-46113/home/82301434,MIBOR,21517328,N,Y,39.6494977,-86.3096843
PAST SALE,November-16-2017,Single Family Residential,7747 E Triple Crown Ln,Camby,IN,46113,155000,3,2,Madison,1285,38332,1998,121,121,,Sold,,,http://www.redfin.com/IN/Unknown/7747-Triple-Crown-Ln-46113/home/67088633,MIBOR,21506595,N,Y,39.628055,-86.282162
PAST SALE,September-21-2017,Single Family Residential,6309 Ratliff Rd,Indianapolis,IN,46113,75010,3,2,Decatur,1560,22215,1950,177,48,,Sold,,,http://www.redfin.com/IN/Indianapolis/6309-Ratliff-Rd-46113/home/66863306,MIBOR,21477358,N,Y,39.6718366,-86.3118738
PAST SALE,December-5-2017,Single Family Residential,8624 Liberty Mills Dr,Camby,IN,46113,153500,3,2.5,Decatur,3024,,2002,102,51,30,Sold,,,http://www.redfin.com/IN/Indianapolis/8624-Liberty-Mills-Dr-46113/home/59988861,MIBOR,21517023,N,Y,39.6370701,-86.3133897
PAST SALE,December-11-2017,Single Family Residential,8657 Ingalls Ln,Camby,IN,46113,122500,3,2,Decatur,1459,7405,2005,96,84,31,Sold,,,http://www.redfin.com/IN/Indianapolis/8657-Ingalls-Ln-46113/home/60021192,MIBOR,21524477,N,Y,39.6371403,-86.3098825
PAST SALE,December-7-2017,Single Family Residential,8512 Adams Mills Pl,Camby,IN,46113,160900,3,2.5,Decatur,2167,8276,2006,100,74,30,Sold,,,http://www.redfin.com/IN/Indianapolis/8512-Adams-Mills-Pl-46113/home/82297971,MIBOR,21504876,N,Y,39.6369048,-86.3113488
PAST SALE,January-2-2018,Single Family Residential,8827 Browns Valley Ct,Camby,IN,46113,150000,3,2.5,Decatur,2680,6098,2001,74,56,30,Sold,,,http://www.redfin.com/IN/Indianapolis/8827-Browns-Valley-Ct-46113/home/60097416,MIBOR,21504982,N,Y,39.6346241,-86.3175777
PAST SALE,December-22-2017,Single Family Residential,6250 E Runnymede Ct,Camby,IN,46113,156000,3,2.5,Madison,1776,8646,2003,85,88,30,Sold,,,http://www.redfin.com/IN/Unknown/6250-Runnymede-Ct-46113/home/82386381,MIBOR,21524410,N,Y,39.6283145,-86.311646
PAST SALE,January-5-2018,Single Family Residential,5431 Collett Dr E,Camby,IN,46113,123000,3,1,Madison,1104,13068,1994,71,111,,Sold,,,http://www.redfin.com/IN/Camby/5431-Collett-Dr-E-46113/home/60164209,MIBOR,21527182,N,Y,39.6162982,-86.327238
PAST SALE,,Single Family Residential,8537 Bluff Point Dr,Indianapolis,IN,46113,79888,3,1,,1224,4792,2003,,65,,,,,http://www.redfin.com/IN/Indianapolis/8537-Bluff-Point-Dr-46113/home/82282490,,,N,Y,39.638698,-86.32439
PAST SALE,January-15-2018,Single Family Residential,13843 N Honey Creek Dr,Camby,IN,46113,370000,5,4.5,Madison,4000,19166,2017,61,93,30,Sold,,,http://www.redfin.com/IN/Unknown/13843-N-Honey-Creek-Ln-E-46113/home/82386427,MIBOR,21544959,N,Y,39.630382,-86.303706
PAST SALE,January-4-2018,Single Family Residential,8710 Aylesworth Dr,Camby,IN,46113,148000,3,2.5,Decatur,2430,6534,2001,72,61,30,Sold,,,http://www.redfin.com/IN/Indianapolis/8710-Aylesworth-Dr-46113/home/60045415,MIBOR,21522889,N,Y,39.6367338,-86.3199478
PAST SALE,,Single Family Residential,8805 Mellot Way,Camby,IN,46113,,3,1.5,,2480,12632,2002,,,,Sold,,,http://www.redfin.com/IN/Indianapolis/8805-Mellot-Way-46113/home/60095929,MIBOR,,N,Y,39.6353717,-86.3125377
PAST SALE,September-29-2017,Single Family Residential,8765 Blooming Grove Dr,Camby,IN,46113,160000,4,2.5,Decatur,3528,7840,2001,169,45,30,Sold,,,http://www.redfin.com/IN/Indianapolis/8765-Blooming-Grove-Dr-46113/home/66831048,MIBOR,21479180,N,Y,39.6362308,-86.3167778
PAST SALE,October-13-2017,Single Family Residential,8809 Youngs Creek Ln,Camby,IN,46113,145000,3,2.5,Decatur,2011,8276,2002,155,72,30,Sold,,,http://www.redfin.com/IN/Indianapolis/8809-Youngs-Creek-Ln-46113/home/60123439,MIBOR,21507554,N,Y,39.6390942,-86.3168967
PAST SALE,November-6-2017,Single Family Residential,6451 E Aberdene Ct,Camby,IN,46113,202000,4,2.5,Madison,2740,10454,2002,131,74,30,Sold,,,http://www.redfin.com/IN/Unknown/6451-E-Aberdene-Ct-46113/home/60060600,MIBOR,21518037,N,Y,39.6278157,-86.3079802
PAST SALE,October-24-2017,Single Family Residential,11823 N Bens Ct,Camby,IN,46113,253000,3,2,Madison,1956,43560,1992,144,129,33,Sold,,,http://www.redfin.com/IN/Unknown/11823-N-Bens-Ct-46113/home/66973620,MIBOR,21517078,N,Y,39.6055129,-86.293314
PAST SALE,October-17-2017,Single Family Residential,6060 E Terhune Ct,Camby,IN,46113,155000,3,2.5,Madison,1940,9491,2000,151,80,30,Sold,,,http://www.redfin.com/IN/Unknown/6060-E-Terhune-Ct-46113/home/66999591,MIBOR,21512752,N,Y,39.6294262,-86.3155891
PAST SALE,,Single Family Residential,8448 Belle Uniion Dr,Camby,IN,46113,,3,1,,1524,7405,2005,,,,Sold,,,http://www.redfin.com/IN/Indianapolis/8448-Belle-Union-Dr-46113/home/60058008,MIBOR,,N,Y,39.6395895,-86.3109129
PAST SALE,October-2-2017,Single Family Residential,7730 Belmac Ln,Camby,IN,46113,130000,3,2.5,Decatur,2150,4791,2012,166,60,23,Sold,,,http://www.redfin.com/IN/Indianapolis/7730-Belmac-Ln-46113/home/82301619,MIBOR,21502426,N,Y,39.6507511,-86.3085737
PAST SALE,October-13-2017,Single Family Residential,8318 Alan Dr,Camby,IN,46113,142000,3,2,Decatur,1200,28314,1958,155,118,,Sold,,,http://www.redfin.com/IN/Indianapolis/8318-Alan-Dr-46113/home/82311826,MIBOR,21510491,N,Y,39.6425613,-86.3017575
PAST SALE,October-23-2017,Single Family Residential,10763 Glenayr Dr,Camby,IN,46113,130000,3,2.5,Guilford,1723,4800,2000,145,75,30,Sold,,,http://www.redfin.com/IN/Unknown/10763-Glenayr-Dr-46113/home/82482553,MIBOR,21507418,N,Y,39.6323948,-86.3308331
PAST SALE,October-20-2017,Single Family Residential,9209 Stones Bluff Pl,Camby,IN,46113,127000,3,2.5,Decatur,2226,5227,2004,148,57,30,Sold,,,http://www.redfin.com/IN/Indianapolis/9209-Stones-Bluff-Pl-46113/home/60023749,MIBOR,21508180,N,Y,39.6370889,-86.3248212
PAST SALE,October-19-2017,Single Family Residential,8621 Bluff Point Dr,Camby,IN,46113,111000,3,2,Decatur,1224,4791,2003,149,91,38,Sold,,,http://www.redfin.com/IN/Indianapolis/8621-Bluff-Point-Dr-46113/home/60139704,MIBOR,21511656,N,Y,39.6378586,-86.3255938
PAST SALE,October-16-2017,Single Family Residential,8003 E Landersdale Rd,Camby,IN,46113,270000,4,2.5,Madison,2938,222330,1991,152,92,,Sold,,,http://www.redfin.com/IN/Unknown/8003-E-Landersdale-Rd-46113/home/60168856,MIBOR,21506729,N,Y,39.6174931,-86.2785642
PAST SALE,October-17-2017,Single Family Residential,8251 Alan Dr,Camby,IN,46113,147000,3,2,Decatur,1500,29185,1961,151,98,,Sold,,,http://www.redfin.com/IN/Indianapolis/8251-Alan-Dr-46113/home/82181386,MIBOR,21509330,N,Y,39.6430219,-86.301044
PAST SALE,,Single Family Residential,8820 Pleasant Garden Ln,Camby,IN,46113,,3,1.5,,3839,26572,2001,,,,Sold,,,http://www.redfin.com/IN/Indianapolis/8820-Pleasant-Garden-Ln-46113/home/60164207,MIBOR,,N,Y,39.6338097,-86.3172732
PAST SALE,November-9-2017,Single Family Residential,7748 Bolero Dr,Camby,IN,46113,150000,4,2.5,Decatur,2082,6969,2011,128,72,22,Sold,,,http://www.redfin.com/IN/Indianapolis/7748-Bolero-Dr-46113/home/60144497,MIBOR,21517433,N,Y,39.6501596,-86.3102392
PAST SALE,October-31-2017,Single Family Residential,8611 Blooming Grv,Camby,IN,46113,148000,3,2,Decatur,1803,9147,2001,137,82,30,Sold,,,http://www.redfin.com/IN/Indianapolis/8611-Blooming-Grove-Dr-46113/home/82295171,MIBOR,21511615,N,Y,39.6347851,-86.3130925
PAST SALE,September-25-2017,Single Family Residential,6501 Stanley Rd,Camby,IN,46113,68000,3,1,Decatur,1784,29620,1924,173,38,,Sold,,,http://www.redfin.com/IN/Indianapolis/6501-Stanley-Rd-46113/home/82311703,MIBOR,21508166,N,Y,39.6686393,-86.3165797
PAST SALE,October-10-2017,Single Family Residential,8434 Ligonier Dr,Camby,IN,46113,146900,3,2.5,Decatur,1840,6098,2010,158,80,30,Sold,,,http://www.redfin.com/IN/Indianapolis/8434-Ligonier-Dr-46113/home/82299560,MIBOR,21509426,N,Y,39.6404654,-86.311864
PAST SALE,September-29-2017,Single Family Residential,8960 Camby Rd,Camby,IN,46113,615000,6,3,Decatur,6097,836352,1977,169,101,,Sold,,,http://www.redfin.com/IN/Indianapolis/8960-Camby-Rd-46113/home/82279323,MIBOR,21487002,N,Y,39.665037,-86.319515
PAST SALE,October-31-2017,Single Family Residential,7709 Gold Rush Dr,Camby,IN,46113,143000,3,2,Decatur,1611,6185,2012,137,89,15,Sold,,,http://www.redfin.com/IN/Indianapolis/7709-Gold-Rush-Dr-46113/home/82303045,MIBOR,21515277,N,Y,39.6513147,-86.3107254
PAST SALE,December-22-2017,Single Family Residential,8832 Hosta Way,Camby,IN,46113,135000,4,2.5,Decatur,2482,4791,2006,85,54,22,Sold,,,http://www.redfin.com/IN/Indianapolis/8832-Hosta-Way-46113/home/60136539,MIBOR,21525904,N,Y,39.6488872,-86.3177487
PAST SALE,October-30-2017,Single Family Residential,13672 Western Rd N,Camby,IN,46113,310000,3,2,Madison,3036,407721,1965,138,102,,Sold,,,http://www.redfin.com/IN/Unknown/13672-N-Western-Rd-46113/home/66990024,MIBOR,21500679,N,Y,39.630226,-86.319756
PAST SALE,December-1-2017,Single Family Residential,8540 W County Line Rd,Camby,IN,46113,175000,3,1,Decatur,1756,333669,1960,106,100,,Sold,,,http://www.redfin.com/IN/Indianapolis/8540-W-County-Line-Rd-46113/home/82180426,MIBOR,21514468,N,Y,39.6333119,-86.31285
PAST SALE,February-9-2018,Single Family Residential,6421 E Ablington Ct,Camby,IN,46113,170000,4,2.5,Madison,2216,8276,2006,36,77,30,Sold,,,http://www.redfin.com/IN/Unknown/6421-Ablington-Ct-46113/home/59989951,MIBOR,21529374,N,Y,39.6264686,-86.3099618
PAST SALE,December-19-2017,Single Family Residential,8410 Wanda Lake Dr,Camby,IN,46113,125900,3,2,Decatur,1593,5662,2006,88,79,30,Sold,,,http://www.redfin.com/IN/Indianapolis/8410-Wanda-Lake-Dr-46113/home/60030111,MIBOR,21513752,N,Y,39.641407,-86.3098335
PAST SALE,November-7-2017,Single Family Residential,10907 Delphi Dr,Camby,IN,46113,117000,3,2.5,Guilford,1964,5227,1999,130,60,31,Sold,,,http://www.redfin.com/IN/Unknown/10907-Delphi-Dr-46113/home/67055698,MIBOR,21512146,N,Y,39.6367497,-86.3281095
PAST SALE,December-18-2017,Single Family Residential,6274 E Clarks Hill Way,Camby,IN,46113,149900,4,2.5,Madison,2038,6194,2001,89,74,30,Sold,,,http://www.redfin.com/IN/Unknown/6274-E-Clarks-Hill-Way-46113/home/60100308,MIBOR,21524644,N,Y,39.6185297,-86.3098825
PAST SALE,October-24-2017,Single Family Residential,10822 Glenayr Dr,Camby,IN,46113,123500,4,2.5,Guilford,1776,4199,2000,144,70,30,Sold,,,http://www.redfin.com/IN/Unknown/10822-Glenayr-Dr-46113/home/82482716,MIBOR,21501080,N,Y,39.6328073,-86.3295753
PAST SALE,February-8-2018,Single Family Residential,8617 Blooming Grove Dr,Camby,IN,46113,143000,3,2.5,Decatur,2011,8712,2002,37,71,30,Sold,,,http://www.redfin.com/IN/Camby/8617-Blooming-Grove-Dr-46113/home/82279121,MIBOR,21528338,N,Y,39.6347938,-86.3133699
PAST SALE,December-5-2017,Single Family Residential,8520 Abbey Dell Dr,Camby,IN,46113,147000,3,2.5,Decatur,2430,5662,2004,102,60,30,Sold,,,http://www.redfin.com/IN/Indianapolis/8520-Abbey-Dell-Dr-46113/home/82295222,MIBOR,21511438,N,Y,39.6395762,-86.3245052
PAST SALE,March-2-2018,Single Family Residential,8452 Ligonier Dr,Camby,IN,46113,110599,3,2.5,Decatur,2328,6098,2005,15,48,30,Sold,,,http://www.redfin.com/IN/Indianapolis/8452-Ligonier-Dr-46113/home/70327064,MIBOR,21513918,N,Y,39.6400627,-86.3118637
PAST SALE,November-30-2017,Single Family Residential,10975 Walnut Grv,Camby,IN,46113,112000,3,2.5,Guilford,1368,4199,1999,107,82,30,Sold,,,http://www.redfin.com/IN/Unknown/10975-Walnut-Grove-Bnd-46113/home/82482676,MIBOR,21518241,N,Y,39.6339281,-86.3267628
PAST SALE,October-2-2017,Single Family Residential,6420 E Ablington Ct,Camby,IN,46113,185000,4,2.5,Madison,3210,8712,2006,166,58,30,Sold,,,http://www.redfin.com/IN/Unknown/6420-Ablington-Ct-46113/home/59986324,MIBOR,21507389,N,Y,39.626942,-86.3096447
PAST SALE,February-5-2018,Single Family Residential,6853 Percy Dr,Camby,IN,46113,140500,3,2,Decatur,1486,6534,2012,40,95,25,Sold,,,http://www.redfin.com/IN/Camby/6853-Percy-Dr-46113/home/76426699,MIBOR,21530271,N,Y,39.6635071,-86.2956407
PAST SALE,November-22-2017,Single Family Residential,11413 N Sarah Ln,Mooresville,IN,46158,439100,3,3,Madison,2604,335738,1995,115,169,,Sold,,,http://www.redfin.com/IN/Mooresville/11413-N-Sarah-Ln-46158/home/82391170,MIBOR,21507642,N,Y,39.595968,-86.294696
PAST SALE,February-6-2018,Single Family Residential,7462 E Candice Dr,Camby,IN,46113,204000,4,3.5,Madison,3648,70567,1985,39,56,8,Sold,,,http://www.redfin.com/IN/Unknown/7462-Candice-Dr-46113/home/67012454,MIBOR,21528727,N,Y,39.6034159,-86.2894683
PAST SALE,February-9-2018,Single Family Residential,8545 Wheatfield Dr,Camby,IN,46113,194100,4,3.5,Decatur,4286,7405,2007,36,45,30,Sold,,,http://www.redfin.com/IN/Camby/8545-Wheatfield-Dr-46113/home/60036483,MIBOR,21540519,N,Y,39.6386055,-86.3078216
PAST SALE,January-29-2018,Single Family Residential,8317 Sansa St,Camby,IN,46113,149000,4,2.5,Decatur,2044,4791,2014,47,73,22,Sold,,,http://www.redfin.com/IN/Camby/8317-Sansa-St-46113/home/59994439,MIBOR,21526247,N,Y,39.649079,-86.308064
PAST SALE,December-15-2017,Single Family Residential,7075 E Buddy Ln,Camby,IN,46113,134000,3,1.5,Madison,1370,19301,1962,92,98,,Sold,,,http://www.redfin.com/IN/Unknown/7075-Buddy-Ln-46113/home/66957290,MIBOR,21522582,N,Y,39.6130463,-86.2957718
PAST SALE,December-22-2017,Single Family Residential,8151 Alan Dr,Camby,IN,46113,170000,3,2.5,Decatur,1668,32234,1965,85,102,,Sold,,,http://www.redfin.com/IN/Indianapolis/8151-Alan-Dr-46113/home/82311822,MIBOR,21522435,N,Y,39.644512,-86.301044
PAST SALE,January-19-2018,Single Family Residential,7157 E Buddy Ln,Camby,IN,46113,128000,3,1.5,Madison,1173,19166,1976,57,109,,Sold,,,http://www.redfin.com/IN/Camby/7157-Buddy-Ln-46113/home/67012845,MIBOR,21528891,N,Y,39.6130502,-86.2943348
PAST SALE,December-28-2017,Single Family Residential,7119 E Wiser Ave,Camby,IN,46113,75000,3,1,Madison,1066,21801,1962,79,70,,Sold,,,http://www.redfin.com/IN/Camby/7119-E-Wiser-Ave-46113/home/82388372,MIBOR,21525194,N,Y,39.6118481,-86.2961286
PAST SALE,November-13-2017,Single Family Residential,13183 N Brick Chapel Dr,Camby,IN,46113,144000,3,2.5,Madison,2082,4652,2001,124,69,30,Sold,,,http://www.redfin.com/IN/Unknown/13183-N-Brick-Chapel-Dr-46113/home/60079823,MIBOR,21518289,N,Y,39.6205077,-86.3087332
PAST SALE,March-5-2018,Single Family Residential,7705 S Mooresville Rd,Camby,IN,46113,265500,3,1,Decatur,1860,281397,1958,12,143,,Sold,,,http://www.redfin.com/IN/Camby/7705-S-Mooresville-Rd-46113/home/144798976,MIBOR,21544353,N,Y,39.6455452,-86.3049611
PAST SALE,January-12-2018,Single Family Residential,8420 Ingalls Way,Camby,IN,46113,166000,4,2.5,Decatur,2932,7840,2005,64,57,31,Sold,,,http://www.redfin.com/IN/Indianapolis/8420-Ingalls-Way-46113/home/60030183,MIBOR,21516662,N,Y,39.6387929,-86.3099221
PAST SALE,March-9-2018,Single Family Residential,8515 Wheatfield Dr,Camby,IN,46113,171000,3,2.5,Decatur,2910,7405,2005,8,59,31,Sold,,,http://www.redfin.com/IN/Indianapolis/8515-Wheatfield-Dr-46113/home/60071037,MIBOR,21543116,N,Y,39.6394525,-86.3078613
PAST SALE,March-9-2018,Single Family Residential,8411 Centenary Dr,Camby,IN,46113,136000,4,2.5,Decatur,1992,5662,2003,8,68,30,Sold,,,http://www.redfin.com/IN/Indianapolis/8411-Centenary-Dr-46113/home/60089038,MIBOR,21545611,N,Y,39.6409826,-86.3218497
PAST SALE,March-14-2018,Single Family Residential,8342 Belle Union Dr,Camby,IN,46113,150000,3,2.5,Decatur,2328,7405,2005,3,64,30,Sold,,,http://www.redfin.com/IN/Camby/8342-Belle-Union-Dr-46113/home/60044098,MIBOR,21509208,N,Y,39.6400465,-86.3088124
PAST SALE,March-16-2018,Single Family Residential,5720 Donald Dr E,Camby,IN,46113,120000,3,1,Madison,1024,12371,1998,1,117,5,Sold,,,http://www.redfin.com/IN/Unknown/5720-Donald-Dr-E-46113/home/60043471,MIBOR,21545101,N,Y,39.617313,-86.322181
PAST SALE,March-14-2018,Single Family Residential,12841 N Oakhaven Dr,Camby,IN,46113,192000,3,2,Madison,1947,22215,1974,3,99,,Sold,,,http://www.redfin.com/IN/Unknown/12841-N-Oakhaven-Dr-46113/home/66981364,MIBOR,21530161,N,Y,39.6153999,-86.3077424
PAST SALE,,Single Family Residential,8314 Becks Mill Ln,Indianapolis,IN,46113,110000,4,1.5,,1792,5227,2004,,61,,,,,http://www.redfin.com/IN/Indianapolis/8314-Becks-Mill-Ln-46113/home/66805307,,,N,Y,39.6421903,-86.3243854
PAST SALE,January-3-2018,Single Family Residential,10945 Walnut Grv,Camby,IN,46113,119900,3,2.5,Guilford,1308,4356,1999,73,92,30,Sold,,,http://www.redfin.com/IN/Unknown/10945-Walnut-Grove-Bnd-46113/home/60141072,MIBOR,21524787,N,Y,39.6339103,-86.3274757
PAST SALE,February-20-2018,Single Family Residential,6148 E Aviator Ct,Camby,IN,46113,260000,3,2,Madison,1975,11761,2008,25,132,17,Sold,,,http://www.redfin.com/IN/Unknown/6148-Aviator-Ct-46113/home/60007792,MIBOR,21529567,N,Y,39.6188063,-86.3135284
PAST SALE,February-7-2018,Single Family Residential,6571 E Daisy Hill Ct,Camby,IN,46113,212500,4,2.5,Madison,3008,9583,2001,38,71,31,Sold,,,http://www.redfin.com/IN/Unknown/6571-Daisy-Hill-Ct-46113/home/82386072,MIBOR,21519708,N,Y,39.6288553,-86.3059159
PAST SALE,February-23-2018,Single Family Residential,13840 N Layton Mills Ct,Mooresville,IN,46113,267000,4,2,Madison,4732,12196,2001,22,56,30,Sold,,,http://www.redfin.com/IN/Unknown/13840-N-Layton-Mills-Ct-46113/home/66960589,MIBOR,21520306,N,Y,39.6303435,-86.3063948
PAST SALE,January-31-2018,Single Family Residential,8753 Blooming Grove Dr,Camby,IN,46113,162000,3,2.5,Decatur,2494,7405,2001,45,65,31,Sold,,,http://www.redfin.com/IN/Camby/8753-Blooming-Grove-Dr-46113/home/60063042,MIBOR,21526562,N,Y,39.63597,-86.316474
PAST SALE,February-12-2018,Single Family Residential,8804 Story Dr,Camby,IN,46113,124900,3,2.5,Guilford,1880,5353,2000,33,66,30,Sold,,,http://www.redfin.com/IN/Camby/8804-Story-Dr-46113/home/82482765,MIBOR,21500565,N,Y,39.6349294,-86.3291396
PAST SALE,February-28-2018,Single Family Residential,6115 E Concourse Ct,Camby,IN,46113,255000,3,2,Madison,1928,15681,2007,17,132,17,Sold,,,http://www.redfin.com/IN/Unknown/6115-E-Concourse-Ct-46113/home/66882867,MIBOR,21527153,N,Y,39.6201056,-86.3138454
PAST SALE,February-28-2018,Single Family Residential,7374 Ewbank Ct,Camby,IN,46113,210000,3,2,Guilford,1733,27782,1996,17,121,,Sold,,,http://www.redfin.com/IN/Unknown/7374-Ewbank-Ct-46113/home/82482313,MIBOR,21511629,N,Y,39.655084,-86.3348439
PAST SALE,December-28-2017,Single Family Residential,13302 N Badger Grove Dr,Camby,IN,46113,161200,4,2.5,Madison,2888,7405,2004,79,56,30,Sold,,,http://www.redfin.com/IN/Unknown/13302-N-Badger-Grove-Dr-46113/home/60051745,MIBOR,21522330,N,Y,39.620655,-86.3082973
PAST SALE,February-27-2018,Single Family Residential,8645 Hosta Way,Camby,IN,46113,117000,3,2.5,Decatur,1643,5227,2006,18,71,20,Sold,,,http://www.redfin.com/IN/Indianapolis/8645-Hosta-Way-46113/home/67100438,MIBOR,21527511,N,Y,39.6482114,-86.3146306
PAST SALE,January-19-2018,Single Family Residential,8935 Limberlost Ct,Camby,IN,46113,114000,3,2,Decatur,1505,6098,2002,57,76,30,Sold,,,http://www.redfin.com/IN/Indianapolis/8935-Limberlost-Ct-46113/home/67029809,MIBOR,21527895,N,Y,39.6388572,-86.3195912
PAST SALE,February-15-2018,Single Family Residential,7752 Bolero Dr,Camby,IN,46113,140000,3,2.5,Decatur,1992,8276,2012,30,70,24,Sold,,,http://www.redfin.com/IN/Camby/7752-Boleru-Dr-46113/home/82301614,MIBOR,21529983,N,Y,39.6500375,-86.3101995
PAST SALE,March-2-2018,Single Family Residential,7501 Trotter Rd,Camby,IN,46113,258000,4,3.5,Decatur,3718,24829,1990,15,69,,Sold,,,http://www.redfin.com/IN/Indianapolis/7501-Trotter-Rd-46113/home/60165699,MIBOR,21519418,N,Y,39.6544104,-86.3071479
PAST SALE,February-27-2018,Single Family Residential,7614 Bolero Dr,Camby,IN,46113,161432,3,2,Decatur,1611,6098,2018,18,100,,Sold,,,http://www.redfin.com/IN/Indianapolis/7614-Bolero-Dr-46113/home/144063017,MIBOR,21527517,N,Y,39.6510453,-86.3099858
PAST SALE,November-22-2017,Single Family Residential,8619 Hopewell Ct,Camby,IN,46113,158500,4,2.5,Decatur,2889,6534,2007,115,55,30,Sold,,,http://www.redfin.com/IN/Indianapolis/8619-Hopewell-Ct-46113/home/59992712,MIBOR,21504363,N,Y,39.6377911,-86.3088124
PAST SALE,November-17-2017,Single Family Residential,6240 E Mariah Hill Ln,Camby,IN,46113,123500,3,2,Madison,1220,5662,2002,120,101,31,Sold,,,http://www.redfin.com/IN/Unknown/6240-E-Mariah-Hill-Ln-46113/home/60036779,MIBOR,21514710,N,Y,39.619518,-86.3105562
PAST SALE,September-21-2017,Single Family Residential,8333 Belle Union Dr,Camby,IN,46113,158000,3,2.5,Decatur,2434,10018,2004,177,65,30,Sold,,,http://www.redfin.com/IN/Indianapolis/8333-Belle-Union-Dr-46113/home/66822503,MIBOR,21501844,N,Y,39.6396506,-86.3083963
PAST SALE,November-30-2017,Single Family Residential,10893 Glenayr Dr,Camby,IN,46113,104000,3,2,Guilford,1171,4791,2000,107,89,30,Sold,,,http://www.redfin.com/IN/Unknown/10893-Glenayr-Dr-46113/home/66938178,MIBOR,21518816,N,Y,39.6324657,-86.3282878
PAST SALE,November-16-2017,Single Family Residential,7448 Camby Rd,Camby,IN,46113,163000,3,2,Decatur,1480,15999,1978,121,110,,Sold,,,http://www.redfin.com/IN/Indianapolis/7448-Camby-Rd-46113/home/67068437,MIBOR,21501860,N,Y,39.6623871,-86.2920748
PAST SALE,November-28-2017,Single Family Residential,6255 E Mariah Hill Ln,Camby,IN,46113,118000,3,2.5,Madison,1856,5662,2002,109,64,31,Sold,,,http://www.redfin.com/IN/Unknown/6255-E-Mariah-Hill-Ln-46113/home/60034334,MIBOR,21516907,N,Y,39.6191092,-86.3102988
PAST SALE,November-1-2017,Single Family Residential,8329 Ash Grove Dr,Camby,IN,46113,153500,4,2.5,Decatur,2632,8276,2005,136,58,30,Sold,,,http://www.redfin.com/IN/Indianapolis/8329-Ash-Grove-Dr-46113/home/82297942,MIBOR,21510955,N,Y,39.6403952,-86.3083765
PAST SALE,November-30-2017,Single Family Residential,7937 Liberty School Ln,Camby,IN,46113,130000,3,2.5,Decatur,1800,5227,2006,107,72,,Sold,,,http://www.redfin.com/IN/Indianapolis/7937-Liberty-School-Ln-46113/home/82299849,MIBOR,21522690,N,Y,39.6475242,-86.3134888
PAST SALE,October-30-2017,Single Family Residential,8805 Hosta Way,Camby,IN,46113,140000,3,2,Decatur,2368,4791,2006,138,59,24,Sold,,,http://www.redfin.com/IN/Indianapolis/8805-Hosta-Way-46113/home/82299877,MIBOR,21511387,N,Y,39.6483972,-86.3168967
PAST SALE,November-30-2017,Single Family Residential,5731 E N Co Line Rd,Camby,IN,46113,110000,3,1.5,Madison,1497,28314,1955,107,73,,Sold,,,http://www.redfin.com/IN/Unknown/5731-E-North-County-Line-Rd-46113/home/82386721,MIBOR,21507375,N,Y,39.6320186,-86.3220973
PAST SALE,November-29-2017,Single Family Residential,12844 N Slideoff Rd,Camby,IN,46113,250000,3,2,Madison,2014,174240,1970,108,124,,Sold,,,http://www.redfin.com/IN/Unknown/12844-N-Slideoff-Rd-46113/home/60045578,MIBOR,21520404,N,Y,39.615537,-86.3171741
PAST SALE,November-20-2017,Single Family Residential,13952 N Honey Creek Ln E,Camby,IN,46113,270000,4,3,Madison,2658,19166,2007,117,102,61,Sold,,,http://www.redfin.com/IN/Unknown/13952-N-Honey-Creek-Ln-E-46113/home/60063737,MIBOR,21444823,N,Y,39.6317974,-86.3039771
PAST SALE,November-17-2017,Single Family Residential,8427 Gates Corner Dr,Camby,IN,46113,147000,3,2.5,Decatur,2112,5662,2011,120,70,30,Sold,,,http://www.redfin.com/IN/Indianapolis/8427-Gates-Corner-Dr-46113/home/60109251,MIBOR,21514659,N,Y,39.6423194,-86.3106355
PAST SALE,November-30-2017,Single Family Residential,13841 N Ayrshire Dr,Camby,IN,46113,149900,3,2,Madison,1840,9147,2000,107,81,30,Sold,,,http://www.redfin.com/IN/Unknown/13841-Ayrshire-Cir-46113/home/66939303,MIBOR,21512921,N,Y,39.6299049,-86.3128944
PAST SALE,October-31-2017,Single Family Residential,6161 E Runnymede Ct,Camby,IN,46113,160000,4,2.5,Madison,2314,8145,2002,137,69,30,Sold,,,http://www.redfin.com/IN/Unknown/6161-Runnymede-Ct-46113/home/66969023,MIBOR,21360362,N,Y,39.6279046,-86.3133303
PAST SALE,November-29-2017,Single Family Residential,10977 Delphi Dr,Camby,IN,46113,124500,3,2,Guilford,1479,5662,1997,108,84,30,Sold,,,http://www.redfin.com/IN/Unknown/10977-Delphi-Dr-46113/home/66982825,MIBOR,21513919,N,Y,39.6363107,-86.3269606
PAST SALE,November-13-2017,Single Family Residential,7418 Landersdale Rd,Camby,IN,46113,80500,3,1,Madison,1691,87120,1948,124,48,,Sold,,,http://www.redfin.com/IN/Unknown/7418-E-Landersdale-Rd-46113/home/82387025,MIBOR,21513004,N,Y,39.6186114,-86.2896269
PAST SALE,November-9-2017,Single Family Residential,13401 N Carefree Ct,Camby,IN,46113,159900,2,2,Madison,1675,6098,2004,128,95,31,Sold,,,http://www.redfin.com/IN/Unknown/13401-N-Carefree-Ct-46113/home/82387039,MIBOR,21514252,N,Y,39.6241969,-86.3058629
PAST SALE,October-31-2017,Single Family Residential,12376 N Paddock Rd,Camby,IN,46113,158000,3,2,Madison,1577,35749,1997,137,100,17,Sold,,,http://www.redfin.com/IN/Unknown/12376-Paddock-Rd-46113/home/82388012,MIBOR,21511465,N,Y,39.6096403,-86.2887943
PAST SALE,November-15-2017,Single Family Residential,7543 Firecrest Ln,Camby,IN,46113,140000,3,2.5,Decatur,1677,6028,2015,122,83,15,Sold,,,http://www.redfin.com/IN/Indianapolis/7543-Firecrest-Ln-46113/home/106772934,MIBOR,21495161,N,Y,39.6532887,-86.3132473
PAST SALE,October-3-2017,Single Family Residential,7503 Brattle Dr,Camby,IN,46113,164000,3,2.5,Decatur,2128,8441,2016,165,77,15,Sold,,,http://www.redfin.com/IN/Indianapolis/7503-Brattle-Dr-46113/home/109858865,MIBOR,21507740,N,Y,39.6543065,-86.3124031
PAST SALE,March-2-2018,Single Family Residential,6935 Percy Dr,Camby,IN,46113,164000,4,2.5,Decatur,2802,6534,2011,15,59,26,Sold,,,http://www.redfin.com/IN/Indianapolis/6935-Percy-Dr-46113/home/60105043,MIBOR,21540301,N,Y,39.6625811,-86.2956407
PAST SALE,March-13-2018,Single Family Residential,7287 E Hadley Rd,Camby,IN,46113,224900,3,2,Madison,1865,39073,1996,4,121,17,Sold,,,http://www.redfin.com/IN/Camby/7287-E-Hadley-Rd-46113/home/70327063,MIBOR,21540840,N,Y,39.6106108,-86.2920651
PAST SALE,March-5-2018,Single Family Residential,6445 Ratliff Rd,Camby,IN,46113,95000,3,1.5,Decatur,1376,35719,1960,12,69,,Sold,,,http://www.redfin.com/IN/Indianapolis/6445-Ratliff-Rd-46113/home/66965907,MIBOR,21529603,N,Y,39.6693367,-86.3119032
PAST SALE,March-14-2018,Single Family Residential,7943 Puckett Ln,Camby,IN,46113,118500,3,2,Decatur,1588,6098,2007,3,75,22,Sold,,,http://www.redfin.com/IN/Indianapolis/7943-Puckett-Ln-46113/home/82299847,MIBOR,21541483,N,Y,39.6472927,-86.3125377
PAST SALE,January-8-2018,Single Family Residential,6271 E Old Otto Ct S,Camby,IN,46113,146500,3,2.5,Madison,1766,8555,1999,68,83,31,Sold,,,http://www.redfin.com/IN/Unknown/6271-E-Old-Otto-Ct-S-46113/home/60008220,MIBOR,21524204,N,Y,39.630221,-86.3114281
PAST SALE,February-1-2018,Single Family Residential,8355 Becks Mill Ln,Camby,IN,46113,145000,3,2.5,Decatur,2328,5227,2004,44,62,30,Sold,,,http://www.redfin.com/IN/Camby/8355-Becks-Mill-Ln-46113/home/60057912,MIBOR,21527279,N,Y,39.6417073,-86.3231176
PAST SALE,January-8-2018,Single Family Residential,9220 Bainbridge Dr,Camby,IN,46113,135000,3,2.5,Decatur,1904,5227,2004,68,71,30,Sold,,,http://www.redfin.com/IN/Indianapolis/9220-Bainbridge-Dr-46113/home/82296589,MIBOR,21525184,N,Y,39.6417485,-86.324425
PAST SALE,December-18-2017,Single Family Residential,13286 N Swayzee Ct,Camby,IN,46113,119900,3,2,Madison,1275,3175,2002,89,94,30,Sold,,,http://www.redfin.com/IN/Unknown/13286-N-Swayzee-Ct-46113/home/82386015,MIBOR,21519724,N,Y,39.621633,-86.3111903
PAST SALE,November-14-2017,Single Family Residential,10858 Delphi Dr,Camby,IN,46113,135000,3,2.5,Guilford,1880,5248,1998,123,72,32,Sold,,,http://www.redfin.com/IN/Unknown/10858-Delphi-Dr-46113/home/82482379,MIBOR,21517216,N,Y,39.6374117,-86.3286642
PAST SALE,February-23-2018,Single Family Residential,6281 E Ablington Ct,Camby,IN,46113,200000,4,2.5,Madison,3210,8123,2005,22,62,30,Sold,,,http://www.redfin.com/IN/Unknown/6281-Ablington-Ct-46113/home/82386961,MIBOR,21525442,N,Y,39.6271179,-86.3126566
PAST SALE,February-28-2018,Single Family Residential,8251 Ossian Ct,Camby,IN,46113,200000,4,3.5,Decatur,4160,5662,2012,17,48,30,Sold,,,http://www.redfin.com/IN/Indianapolis/8251-Ossian-Ct-46113/home/82299548,MIBOR,21506332,N,Y,39.643228,-86.3113488
PAST SALE,January-11-2018,Single Family Residential,8614 Hopewell Ct,Camby,IN,46113,175000,4,2.5,Decatur,3357,9583,2006,65,52,30,Sold,,,http://www.redfin.com/IN/Indianapolis/8614-Hopewell-Ct-46113/home/60113139,MIBOR,21526305,N,Y,39.6379736,-86.3094862
PAST SALE,March-2-2018,Single Family Residential,10846 Sweetsen Rd,Camby,IN,46113,127000,3,2.5,Guilford,1812,3920,1999,15,70,30,Sold,,,http://www.redfin.com/IN/Unknown/10846-Sweetsen-Rd-46113/home/67001502,MIBOR,21529144,N,Y,39.6335599,-86.3291396
PAST SALE,February-28-2018,Single Family Residential,8803 Browns Valley Ct,Camby,IN,46113,147250,3,2.5,Decatur,2036,6098,2000,17,72,30,Sold,,,http://www.redfin.com/IN/Indianapolis/8803-Browns-Valley-Ct-46113/home/67072418,MIBOR,21526703,N,Y,39.6346625,-86.3168571
PAST SALE,September-29-2017,Single Family Residential,13459 N Paddock Rd,Camby,IN,46113,218950,4,2.5,Madison,2197,27878,2004,169,100,,Sold,,,http://www.redfin.com/IN/Unknown/13459-Paddock-Rd-46113/home/82404378,MIBOR,21501549,N,Y,39.6250394,-86.2878031
PAST SALE,January-10-2018,Single Family Residential,7732 E Triple Crown Ln,Camby,IN,46113,197000,3,2,Madison,1881,36590,2010,66,105,,Sold,,,http://www.redfin.com/IN/Camby/7732-Triple-Crown-Ln-46113/home/82387400,MIBOR,21525693,N,Y,39.628058,-86.283058
PAST SALE,March-6-2018,Single Family Residential,7785 North Dr E,Camby,IN,46113,150000,4,1.5,Madison,1632,38768,1952,11,92,,Sold,,,http://www.redfin.com/IN/Unknown/7785-East-North-Dr-46113/home/67090013,MIBOR,21545571,N,Y,39.6016873,-86.2830927
PAST SALE,,Single Family Residential,7836 E Triple Crown Ln,Camby,IN,46113,,3,2,,1266,57499,1998,,,,Sold,,,http://www.redfin.com/IN/Unknown/7836-Triple-Crown-Ln-46113/home/66972598,MIBOR,,N,Y,39.627827,-86.281132
PAST SALE,November-27-2017,Single Family Residential,8453 Wanda Lake Dr,Camby,IN,46113,165000,4,2.5,Decatur,3020,6098,2007,110,55,30,Sold,,,http://www.redfin.com/IN/Indianapolis/8453-Wanda-Lake-Dr-46113/home/66802933,MIBOR,21512665,N,Y,39.6406782,-86.3109525
PAST SALE,January-29-2018,Single Family Residential,8412 Pippen Pl,Camby,IN,46113,150014,3,2,Decatur,1395,5662,2018,47,108,13,Sold,,,http://www.redfin.com/IN/Camby/8412-Pippen-Pl-46113/home/144063053,MIBOR,21542162,N,Y,39.6535076,-86.3124969
PAST SALE,December-19-2017,Single Family Residential,13970 N Old Otto Ct,Camby,IN,46113,180000,4,2.5,Madison,2432,13939,1999,88,74,30,Sold,,,http://www.redfin.com/IN/Unknown/13970-N-Old-Otto-Ct-46113/home/67091196,MIBOR,21524041,N,Y,39.632055,-86.3121027
PAST SALE,January-31-2018,Single Family Residential,12652 N Sheryl Ave,Camby,IN,46113,164900,3,1,Madison,2150,21801,1965,45,77,,Sold,,,http://www.redfin.com/IN/Unknown/12652-Sheryl-Ln-46113/home/82387923,MIBOR,21491113,N,Y,39.6130796,-86.2981107
PAST SALE,December-14-2017,Single Family Residential,13124 N Etna Green Dr,Camby,IN,46113,149000,4,2.5,Madison,2021,4791,2002,93,74,30,Sold,,,http://www.redfin.com/IN/Unknown/13124-N-Etna-Green-Dr-46113/home/67097780,MIBOR,21515196,N,Y,39.6201055,-86.3100786
PAST SALE,January-19-2018,Single Family Residential,9133 Stones Bluff Ln,Camby,IN,46113,140000,4,2.5,Decatur,2320,5227,2000,57,60,,Sold,,,http://www.redfin.com/IN/Indianapolis/9133-Stones-Bluff-Ln-46113/home/82275490,MIBOR,21526733,N,Y,39.6382096,-86.3233157
PAST SALE,January-19-2018,Single Family Residential,7153 W Ralston Rd,Indianapolis,IN,46221,205000,3,3,Decatur,2295,41817,1966,57,89,,Sold,,,http://www.redfin.com/IN/Indianapolis/7153-W-Ralston-Rd-46221/home/82182429,MIBOR,21514665,N,Y,39.6398048,-86.2856918
PAST SALE,September-27-2017,Single Family Residential,6701 E Landersdale Rd,Camby,IN,46113,179500,3,2,Madison,1494,17424,1977,171,120,11,Sold,,,http://www.redfin.com/IN/Unknown/6701-E-Landersdale-Rd-46113/home/66804447,MIBOR,21495829,N,Y,39.6177331,-86.3038186
PAST SALE,September-29-2017,Single Family Residential,6350 E Runnymede Ct,Camby,IN,46113,145000,3,2,Madison,1540,8450,2004,169,94,30,Sold,,,http://www.redfin.com/IN/Unknown/6350-Runnymede-Ct-46113/home/66997627,MIBOR,21507555,N,Y,39.6278697,-86.3096843
PAST SALE,September-29-2017,Single Family Residential,8123 Trotter Rd,Camby,IN,46113,145000,3,2,Decatur,1226,95832,1967,169,118,,Sold,,,http://www.redfin.com/IN/Indianapolis/8123-Trotter-Rd-46113/home/82182323,MIBOR,21509429,N,Y,39.6451814,-86.3069111
PAST SALE,November-1-2017,Single Family Residential,8418 Belmac Way,Camby,IN,46113,179246,3,3.5,Decatur,1966,4356,2017,136,91,13,Sold,,,http://www.redfin.com/IN/Indianapolis/8418-Belmac-Ln-46113/home/144062678,MIBOR,21522449,N,Y,39.6497123,-86.3082975
PAST SALE,December-22-2017,Single Family Residential,10928 Delphi Dr,Camby,IN,46113,150000,4,2.5,Guilford,2472,5248,1998,85,61,31,Sold,,,http://www.redfin.com/IN/Unknown/10928-Delphi-Dr-46113/home/82482381,MIBOR,21524767,N,Y,39.6368878,-86.3277535
PAST SALE,January-31-2018,Single Family Residential,11899 N Bens Ct,Camby,IN,46113,266636,3,5,Madison,2359,43560,2018,45,113,,Sold,,,http://www.redfin.com/IN/Unknown/11899-N-Bens-Ct-46113/home/82405186,MIBOR,21542992,N,Y,39.606639,-86.293303
PAST SALE,December-11-2017,Single Family Residential,9135 Bainbridge Dr,Camby,IN,46113,152000,3,2.5,Decatur,2011,7405,2004,96,76,30,Sold,,,http://www.redfin.com/IN/Indianapolis/9135-Bainbridge-Dr-46113/home/59996227,MIBOR,21521932,N,Y,39.6402221,-86.323276
PAST SALE,December-11-2017,Single Family Residential,7912 Puckett Ln,Camby,IN,46113,114000,3,2.5,Decatur,1588,4791,2007,96,72,19,Sold,,,http://www.redfin.com/IN/Indianapolis/7912-Puckett-Ln-46113/home/60056258,MIBOR,21523481,N,Y,39.6481535,-86.3130133
PAST SALE,November-1-2017,Single Family Residential,7722 Reynolds Rd,Camby,IN,46113,275000,3,3,Decatur,3334,43124,1994,136,82,,Sold,,,http://www.redfin.com/IN/Indianapolis/7722-Reynolds-Rd-46113/home/82180588,MIBOR,21496243,N,Y,39.6598049,-86.2963466
PAST SALE,December-14-2017,Single Family Residential,6340 E Chapel Hill Ct,Camby,IN,46113,262000,4,2.5,Madison,3614,13551,2003,93,72,30,Sold,,,http://www.redfin.com/IN/Unknown/6340-E-Chapel-Hill-Ct-46113/home/82387297,MIBOR,21467668,N,Y,39.6312056,-86.3094465
PAST SALE,December-29-2017,Single Family Residential,8850 Taggart Dr,Camby,IN,46113,157900,4,2.5,Guilford,2470,7426,2001,78,64,30,Sold,,,http://www.redfin.com/IN/Unknown/8850-Taggart-Dr-46113/home/82482520,MIBOR,21524877,N,Y,39.6342331,-86.3300507
PAST SALE,December-29-2017,Single Family Residential,8752 Blooming Grove Dr,Camby,IN,46113,149000,4,2.5,Decatur,2320,7405,2002,78,64,30,Sold,,,http://www.redfin.com/IN/Indianapolis/8752-Blooming-Grove-Dr-46113/home/82279130,MIBOR,21522624,N,Y,39.6362876,-86.3160249
PAST SALE,October-19-2017,Single Family Residential,12684 N Mccorkle Ln,Camby,IN,46113,423000,4,3,Madison,3952,345430,1981,149,107,,Sold,,,http://www.redfin.com/IN/Unknown/12684-N-McCorkle-Ln-46113/home/82387681,MIBOR,21477252,N,Y,39.614272,-86.274103
