SALE TYPE,SOLD DATE,PROPERTY TYPE,ADDRESS,CITY,STATE,ZIP,PRICE,BEDS,BATHS,LOCATION,SQUARE FEET,LOT SIZE,YEAR BUILT,DAYS ON MARKET,$/SQUARE FEET,HOA/MONTH,STATUS,NEXT OPEN HOUSE START TIME,NEXT OPEN HOUSE END TIME,URL (SEE http://www.redfin.com/buy-a-home/comparative-market-analysis FOR INFO ON PRICING),SOURCE,MLS#,FAVORITE,INTERESTED,LATITUDE,LONGITUDE
PAST SALE,December-29-2017,Single Family Residential,1144 N Morgantown Rd,Greenwood,IN,46142,118000,3,1,White River,1080,19166,1960,78,109,,Sold,,,http://www.redfin.com/IN/Greenwood/1144-N-Morgantown-Rd-46142/home/66998653,MIBOR,21525428,N,Y,39.631529,-86.196706
PAST SALE,December-1-2017,Single Family Residential,1433 Hunters Ln,Greenwood,IN,46142,162500,4,2,White River,2112,10454,1990,106,77,7,Sold,,,http://www.redfin.com/IN/Greenwood/1433-Hunters-Ln-46142/home/60146110,MIBOR,21519228,N,Y,39.6089947,-86.1509509
PAST SALE,January-31-2018,Single Family Residential,664 Westberry Ln,Greenwood,IN,46142,336310,3,2,White River,3565,13068,2017,45,94,37,Sold,,,http://www.redfin.com/IN/Greenwood/664-Westberry-Ln-46142/home/142265277,MIBOR,21507064,N,Y,39.611732,-86.173752
PAST SALE,January-4-2018,Single Family Residential,135 N Windmill Trl,Greenwood,IN,46142,185100,3,2,White River,1520,22651,1977,72,122,,Sold,,,http://www.redfin.com/IN/Greenwood/135-Windmill-Trl-46142/home/60165749,MIBOR,21526391,N,Y,39.6147822,-86.1848111
PAST SALE,December-29-2017,Single Family Residential,549 Hall Dr,Greenwood,IN,46142,192000,3,2.5,White River,1767,14810,1992,78,109,,Sold,,,http://www.redfin.com/IN/Greenwood/549-Hall-Dr-46142/home/82511262,MIBOR,21527760,N,Y,39.6227685,-86.2017526
PAST SALE,December-7-2017,Single Family Residential,155 Myrtle Ter,Greenwood,IN,46142,236000,4,2.5,White River,2536,15245,1993,100,93,33,Sold,,,http://www.redfin.com/IN/Greenwood/155-Myrtle-Ter-46142/home/82511593,MIBOR,21488640,N,Y,39.6156062,-86.1921405
PAST SALE,December-15-2017,Single Family Residential,229 Adrienne Dr,Greenwood,IN,46142,250000,3,2,White River,2118,17424,1988,92,118,,Sold,,,http://www.redfin.com/IN/Greenwood/229-Adrienne-Dr-46142/home/82512235,MIBOR,21508035,N,Y,39.6113175,-86.1866584
PAST SALE,February-15-2018,Single Family Residential,1232 Stonegate Rd,Greenwood,IN,46142,116500,4,3,White River,2534,12863,1973,30,46,,Sold,,,http://www.redfin.com/IN/Greenwood/1232-Stonegate-Rd-46142/home/82512477,MIBOR,21522683,N,Y,39.6339475,-86.1545486
PAST SALE,November-14-2017,Single Family Residential,4853 Altair Ct,Greenwood,IN,46142,217000,5,2.5,White River,3497,,1999,123,62,30,Sold,,,http://www.redfin.com/IN/Greenwood/4853-Altair-Ct-46142/home/60148796,MIBOR,21490214,N,Y,39.6077029,-86.1925576
PAST SALE,November-20-2017,Single Family Residential,1150 Apple Valley Rd,Greenwood,IN,46142,165000,3,2,White River,1814,12597,1976,117,91,,Sold,,,http://www.redfin.com/IN/Greenwood/1150-Apple-Valley-Rd-46142/home/66971855,MIBOR,21513359,N,Y,39.6328371,-86.1556823
PAST SALE,December-8-2017,Single Family Residential,283 Southwind Way,Greenwood,IN,46142,318000,4,2.5,White River,3224,23522,1990,99,99,,Sold,,,http://www.redfin.com/IN/Greenwood/283-Southwind-Way-46142/home/66977381,MIBOR,21492239,N,Y,39.6174523,-86.1691952
PAST SALE,November-30-2017,Single Family Residential,314 Fairfax Ln,Greenwood,IN,46142,245000,5,3.5,White River,3634,12196,2001,107,67,16,Sold,,,http://www.redfin.com/IN/Greenwood/314-Fairfax-Ln-46142/home/67060176,MIBOR,21500221,N,Y,39.6104232,-86.2067764
PAST SALE,February-26-2018,Single Family Residential,3833 Pineview Ln,Greenwood,IN,46142,175000,3,2,White River,1602,17498,1977,19,109,,Sold,,,http://www.redfin.com/IN/Greenwood/3833-Pineview-Ln-46142/home/82514159,MIBOR,21541444,N,Y,39.6338893,-86.1738745
PAST SALE,February-26-2018,Single Family Residential,806 Leisure Ln,Greenwood,IN,46142,207000,4,2.5,White River,1980,14810,1968,19,105,25,Sold,,,http://www.redfin.com/IN/Greenwood/806-Leisure-Ln-46142/home/60164947,MIBOR,21522813,N,Y,39.630287,-86.1724142
PAST SALE,February-23-2018,Single Family Residential,769 Nonchalant Ct,Greenwood,IN,46142,229000,4,3.5,White River,2688,16500,1972,22,85,27,Sold,,,http://www.redfin.com/IN/Greenwood/769-Nonchalant-Ct-46142/home/82513983,MIBOR,21526686,N,Y,39.6290172,-86.1705464
PAST SALE,February-16-2018,Single Family Residential,4062 Primrose Path,Greenwood,IN,46142,219999,3,2,White River,1734,20634,1972,29,127,25,Sold,,,http://www.redfin.com/IN/Greenwood/Primrose-Ct-46142/home/60146573,MIBOR,21518138,N,Y,39.626663,-86.166657
PAST SALE,March-16-2018,Single Family Residential,226 Innisbrooke Ave,Greenwood,IN,46142,250000,3,2,White River,1922,14810,1993,1,130,26,Sold,,,http://www.redfin.com/IN/Greenwood/226-Innisbrooke-Ave-46142/home/82511423,MIBOR,21528072,N,Y,39.6160517,-86.203992
PAST SALE,December-1-2017,Single Family Residential,,Greenwood,IN,46142,143700,3,2,,2396,20908,1948,106,60,,Sold,,,http://www.redfin.com/IN/Greenwood/Undisclosed-address-46142/home/60026759,MIBOR,21511882,N,Y,39.6073557,-86.1137266
PAST SALE,December-8-2017,Single Family Residential,391 Leisure Ln,Greenwood,IN,46142,227000,4,4,White River,4980,23400,1967,99,46,20,Sold,,,http://www.redfin.com/IN/Greenwood/391-Leisure-Ln-46142/home/82512145,MIBOR,21497654,N,Y,39.6191846,-86.1636908
PAST SALE,September-29-2017,Single Family Residential,167 Westridge Pl,Greenwood,IN,46142,139900,3,2.5,White River,1656,8712,1994,169,84,,Sold,,,http://www.redfin.com/IN/Greenwood/167-Westridge-Pl-46142/home/67030703,MIBOR,21496659,N,Y,39.6157581,-86.144709
PAST SALE,December-11-2017,Single Family Residential,495 Howard Rd,Greenwood,IN,46142,124000,3,1.5,Pleasant,1416,21000,1958,96,88,,Sold,,,http://www.redfin.com/IN/Greenwood/495-Howard-Rd-46142/home/67079266,MIBOR,21508065,N,Y,39.622106,-86.125037
PAST SALE,December-12-2017,Single Family Residential,436 Lea Ln,Greenwood,IN,46142,185000,4,2.5,White River,2258,20473,1968,95,82,,Sold,,,http://www.redfin.com/IN/Greenwood/436-Lea-Ln-46142/home/60101841,MIBOR,21514999,N,Y,39.607797,-86.1458023
PAST SALE,February-16-2018,Single Family Residential,"615 Joy Dr Unit 615, 617",Greenwood,IN,46142,166900,5,3.5,White River,2376,37326,1978,29,70,,Sold,,,http://www.redfin.com/IN/Greenwood/615-Joy-Dr-46142/unit-615-617/home/143993538,MIBOR,21516830,N,Y,39.625769,-86.143966
PAST SALE,February-2-2018,Single Family Residential,62 Hudson Bay Ln,Greenwood,IN,46142,370000,5,4.5,Pleasant,4605,16117,1996,43,80,13,Sold,,,http://www.redfin.com/IN/Greenwood/62-Hudson-Bay-Ln-46142/home/67002859,MIBOR,21516365,N,Y,39.6148076,-86.1379095
PAST SALE,December-18-2017,Single Family Residential,706 Shady Creek Dr,Greenwood,IN,46142,199000,4,2.5,White River,2556,19602,1978,89,78,,Sold,,,http://www.redfin.com/IN/Greenwood/706-Shady-Creek-Dr-46142/home/67096790,MIBOR,21524287,N,Y,39.6265724,-86.141829
PAST SALE,December-18-2017,Single Family Residential,1031 Maple St,Greenwood,IN,46142,155000,3,1.5,Pleasant,1740,11199,1963,89,89,,Sold,,,http://www.redfin.com/IN/Greenwood/1031-Maple-St-46142/home/82508931,MIBOR,21523898,N,Y,39.6262709,-86.1276889
PAST SALE,February-9-2018,Single Family Residential,653 N Greenbriar Dr,Greenwood,IN,46142,144000,3,2.5,White River,1584,18852,1979,36,91,,Sold,,,http://www.redfin.com/IN/Greenwood/653-N-Greenbriar-Dr-46142/home/82512401,MIBOR,21526156,N,Y,39.624447,-86.1431778
PAST SALE,November-29-2017,Single Family Residential,495 Sunset Blvd,Greenwood,IN,46142,94000,3,1,Pleasant,1104,12750,1957,108,85,,Sold,,,http://www.redfin.com/IN/Greenwood/495-Sunset-Blvd-46142/home/60031166,MIBOR,21523592,N,Y,39.6222744,-86.1237909
PAST SALE,March-1-2018,Single Family Residential,1254 Avalon Cir,Greenwood,IN,46142,171900,3,2.5,White River,1843,7405,1996,16,93,11,Sold,,,http://www.redfin.com/IN/Greenwood/1254-Avalon-Cir-46142/home/66980981,MIBOR,21539475,N,Y,39.6141911,-86.1423671
PAST SALE,November-30-2017,Single Family Residential,899 W Ashbourne Ln,Greenwood,IN,46142,193000,4,3.5,Pleasant,2549,16552,1981,107,76,,Sold,,,http://www.redfin.com/IN/Greenwood/899-Ashbourne-Ln-46142/home/66842445,MIBOR,21505579,N,Y,39.6066339,-86.1289656
PAST SALE,December-4-2017,Single Family Residential,55 Westridge Pl,Greenwood,IN,46143,141000,3,2.5,White River,1710,10890,1996,103,82,,Sold,,,http://www.redfin.com/IN/Greenwood/55-Westridge-Pl-46142/home/67092613,MIBOR,21517886,N,Y,39.6137529,-86.1449873
PAST SALE,September-27-2017,Single Family Residential,1107 Janet Dr,Greenwood,IN,46142,49414,2,1,Pleasant,896,24824,1962,171,55,,Sold,,,http://www.redfin.com/IN/Greenwood/1107-Janet-Dr-46142/home/82508074,MIBOR,21504747,N,Y,39.6327414,-86.1111733
PAST SALE,November-7-2017,Single Family Residential,1082 Galaxie Dr,Greenwood,IN,46142,63300,3,1,Pleasant,1377,12497,1963,130,46,,Sold,,,http://www.redfin.com/IN/Greenwood/1082-Galaxie-Dr-46142/home/82508244,MIBOR,21516494,N,Y,39.6326726,-86.1338684
PAST SALE,November-20-2017,Single Family Residential,616 Orchard Ln,Greenwood,IN,46142,145000,3,2,Pleasant,1348,14078,1960,117,108,,Sold,,,http://www.redfin.com/IN/Greenwood/616-Orchard-Ln-46142/home/82509527,MIBOR,21514424,N,Y,39.6078014,-86.1174263
PAST SALE,October-31-2017,Single Family Residential,652 Yorktown Rd,Greenwood,IN,46142,134000,3,2,White River,1312,12196,1987,137,102,,Sold,,,http://www.redfin.com/IN/Greenwood/652-Yorktown-Rd-46142/unit-AD/home/82513885,MIBOR,21514119,N,Y,39.6075166,-86.1403749
PAST SALE,March-2-2018,Single Family Residential,212 Maple St,Greenwood,IN,46142,175000,4,2,Pleasant,1611,19602,1950,15,109,,Sold,,,http://www.redfin.com/IN/Greenwood/212-Maple-St-46142/home/60044532,MIBOR,21527275,N,Y,39.6280209,-86.110553
PAST SALE,December-27-2017,Single Family Residential,260 N Brewer St,Greenwood,IN,46142,142000,3,1.5,Pleasant,2688,6098,1915,80,53,,Sold,,,http://www.redfin.com/IN/Greenwood/260-N-Brewer-St-46142/home/60091545,MIBOR,21525751,N,Y,39.6194437,-86.1077586
PAST SALE,,Single Family Residential,1262 Avalon Cir,Greenwood,IN,46142,,3,2,,1616,7841,1995,,,,Sold,,,http://www.redfin.com/IN/Greenwood/1262-Avalon-Cir-46142/home/59989516,MIBOR,,N,Y,39.6142393,-86.1426057
PAST SALE,March-15-2018,Single Family Residential,1046 New Amsterdam Dr,Greenwood,IN,46142,295000,4,3,Pleasant,3623,12632,1994,2,81,13,Sold,,,http://www.redfin.com/IN/Greenwood/1046-New-Amsterdam-Dr-46142/home/82509961,MIBOR,21520866,N,Y,39.616598,-86.1360405
PAST SALE,November-17-2017,Single Family Residential,1007 Mount Vernon Ct,Greenwood,IN,46142,372000,4,3.5,Pleasant,3020,19602,1990,120,123,,Sold,,,http://www.redfin.com/IN/Greenwood/1007-Mount-Vernon-Ct-46142/home/79100159,MIBOR,21514477,N,Y,39.619061,-86.134358
PAST SALE,December-18-2017,Single Family Residential,410 W Wiley St,Greenwood,IN,46142,134500,3,1,Pleasant,2068,6534,1800,89,65,,Sold,,,http://www.redfin.com/IN/Greenwood/410-W-Wiley-St-46142/home/60047885,MIBOR,21522326,N,Y,39.6165173,-86.1130104
PAST SALE,November-20-2017,Single Family Residential,299 N Brewer St,Greenwood,IN,46142,92000,2,1,Pleasant,1760,8276,1920,117,52,,Sold,,,http://www.redfin.com/IN/Greenwood/299-N-Brewer-St-46142/home/66981728,MIBOR,21511825,N,Y,39.6199527,-86.1073209
PAST SALE,January-30-2018,Single Family Residential,431 W Wiley St,Greenwood,IN,46142,69500,3,1,Pleasant,1064,7348,1800,46,65,,Sold,,,http://www.redfin.com/IN/Greenwood/431-W-Wiley-St-46142/home/66984244,MIBOR,21523721,N,Y,39.6160967,-86.1136868
PAST SALE,January-24-2018,Single Family Residential,962 Timber Creek Ln,Greenwood,IN,46142,132000,3,2,White River,1130,9583,1993,52,117,,Sold,,,http://www.redfin.com/IN/Greenwood/962-Timber-Creek-Ln-46142/home/67059351,MIBOR,21530168,N,Y,39.6309225,-86.153197
PAST SALE,January-30-2018,Single Family Residential,370 Euclid Ave,Greenwood,IN,46142,130000,2,1,Pleasant,1608,11308,1800,46,81,,Sold,,,http://www.redfin.com/IN/Greenwood/370-Euclid-Ave-46142/home/60039135,MIBOR,21526048,N,Y,39.6177019,-86.1122943
PAST SALE,November-14-2017,Single Family Residential,655 Sunset Blvd,Greenwood,IN,46142,133000,3,1.5,Pleasant,1308,10497,1964,123,102,,Sold,,,http://www.redfin.com/IN/Greenwood/655-Sunset-Blvd-46142/home/60001069,MIBOR,21524890,N,Y,39.6245328,-86.1238705
PAST SALE,December-4-2017,Single Family Residential,642 Whipporwill Way,Greenwood,IN,46142,180000,3,2,White River,2348,17424,1979,103,77,,Sold,,,http://www.redfin.com/IN/Greenwood/642-Whipporwill-Way-46142/home/60158073,MIBOR,21519711,N,Y,39.625391,-86.1485258
PAST SALE,October-31-2017,Single Family Residential,705 Horton St,Greenwood,IN,46142,95000,3,2,Pleasant,1802,14810,1964,137,53,,Sold,,,http://www.redfin.com/IN/Greenwood/705-Horton-St-46142/home/62677763,MIBOR,21519482,N,Y,39.6255008,-86.108813
PAST SALE,October-4-2017,Single Family Residential,1616 Michele Ct,Greenwood,IN,46142,149400,3,2,White River,1504,16770,1979,164,99,,Sold,,,http://www.redfin.com/IN/Greenwood/1616-Michele-Ln-46142/home/82512554,MIBOR,21510413,N,Y,39.623205,-86.1542902
PAST SALE,December-22-2017,Single Family Residential,404 W Pearl St,Greenwood,IN,46142,219190,4,2,Pleasant,1492,7710,1800,85,147,,Sold,,,http://www.redfin.com/IN/Greenwood/404-W-Pearl-St-46142/home/82514897,MIBOR,21523653,N,Y,39.6145823,-86.1129707
PAST SALE,November-3-2017,Single Family Residential,335 Entrance Hall,Greenwood,IN,46142,268350,3,2,White River,2061,11194,2017,134,130,37,Sold,,,http://www.redfin.com/IN/Greenwood/335-Entrance-Hall-Vw-46142/home/82512251,MIBOR,21523887,N,Y,39.610244,-86.178113
PAST SALE,December-27-2017,Single Family Residential,351 W Wing,Greenwood,IN,46142,260000,4,2.5,White River,3132,12850,2010,80,83,37,Sold,,,http://www.redfin.com/IN/Greenwood/351-W-Wing-Vw-46142/home/82512250,MIBOR,21500583,N,Y,39.6099498,-86.1799639
PAST SALE,December-13-2017,Single Family Residential,600 San Ricardo Ct,Greenwood,IN,46142,184900,4,2.5,White River,1888,16317,1980,94,98,,Sold,,,http://www.redfin.com/IN/Greenwood/600-San-Ricardo-Ct-46142/home/82513329,MIBOR,21520314,N,Y,39.6239642,-86.1810367
PAST SALE,November-10-2017,Single Family Residential,583 Pebble Way,Greenwood,IN,46142,215000,3,2,White River,2050,10018,1987,127,105,,Sold,,,http://www.redfin.com/IN/Greenwood/583-Pebble-Way-46142/home/60076535,MIBOR,21514360,N,Y,39.6238943,-86.1967482
PAST SALE,December-17-2017,Single Family Residential,5272 Red Hawk Ln,Greenwood,IN,46142,270000,4,2,White River,2888,14810,2002,90,93,23,Sold,,,http://www.redfin.com/IN/Greenwood/5272-Red-Hawk-Ln-46142/home/60097236,MIBOR,21491826,N,Y,39.6294427,-86.2013568
PAST SALE,January-12-2018,Single Family Residential,231 Summit Ridge Dr,Greenwood,IN,46142,225000,4,2.5,White River,3590,16552,1977,64,63,,Sold,,,http://www.redfin.com/IN/Greenwood/231-Summit-Ridge-Dr-46142/home/82511661,MIBOR,21486386,N,Y,39.6157814,-86.1808778
PAST SALE,January-22-2018,Single Family Residential,4179 Bittersweet Ln,Greenwood,IN,46142,200000,4,2.5,White River,1888,25221,1975,54,106,,Sold,,,http://www.redfin.com/IN/Greenwood/4179-Bittersweet-Ln-46142/home/60086643,MIBOR,21528748,N,Y,39.6186016,-86.1845727
PAST SALE,December-22-2017,Single Family Residential,287 Entrance Hall,Greenwood,IN,46142,302836,5,3,White River,3355,11979,2017,85,90,37,Sold,,,http://www.redfin.com/IN/Greenwood/287-Entrance-Hall-Vw-46142/home/109770481,MIBOR,21528719,N,Y,39.6111273,-86.1782386
PAST SALE,November-22-2017,Single Family Residential,1298 Bobwhite Ct,Greenwood,IN,46143,311590,4,3.5,White River,2734,10890,2017,115,114,,Sold,,,http://www.redfin.com/IN/Greenwood/1298-Bobwhite-Ct-46143/home/144352921,MIBOR,21525865,N,Y,39.6136578,-86.1066526
PAST SALE,November-30-2017,Single Family Residential,4299 Valley Way Dr,Greenwood,IN,46142,270200,3,2.5,White River,2224,20708,1974,107,121,,Sold,,,http://www.redfin.com/IN/Greenwood/4299-Valley-Way-Dr-46142/home/61802880,MIBOR,21520065,N,Y,39.620956,-86.185656
PAST SALE,November-30-2017,Single Family Residential,39 Virgil Dr,Greenwood,IN,46142,95000,2,1.5,Pleasant,1104,5227,1996,107,86,,Sold,,,http://www.redfin.com/IN/Greenwood/39-Virgil-Dr-46142/home/66802974,MIBOR,21505646,N,Y,39.629078,-86.10727
PAST SALE,December-4-2017,Single Family Residential,1132 Kristi Ct,Greenwood,IN,46142,150000,2,2,White River,1206,7666,2016,103,124,95,Sold,,,http://www.redfin.com/IN/Greenwood/1132-Kristi-Way-46142/home/142735259,MIBOR,21516477,N,Y,39.630977,-86.176786
PAST SALE,December-6-2017,Single Family Residential,162 Little Ben Ln,Greenwood,IN,46142,405000,3,2.5,White River,4669,16988,2017,101,87,37,Sold,,,http://www.redfin.com/IN/Greenwood/162-Little-Ben-Ln-46142/home/144537273,MIBOR,21527786,N,Y,39.6114101,-86.1742097
PAST SALE,November-28-2017,Single Family Residential,237 West Wing Vw,Greenwood,IN,46142,244974,4,2.5,White River,2801,11325,2017,109,87,37,Sold,,,http://www.redfin.com/IN/Greenwood/237-W-Wing-Vw-46142/home/109770507,MIBOR,21526186,N,Y,39.6111965,-86.1802658
PAST SALE,December-14-2017,Single Family Residential,1067 Galaxie Dr,Greenwood,IN,46142,120000,4,1,Pleasant,1593,11199,1963,93,75,,Sold,,,http://www.redfin.com/IN/Greenwood/1067-Galaxie-Dr-46142/home/60110666,MIBOR,21523899,N,Y,39.632439,-86.1333165
PAST SALE,January-2-2018,Single Family Residential,4899 Kilda Dr,Greenwood,IN,46143,145000,3,2,White River,1214,10018,1999,74,119,13,Sold,,,http://www.redfin.com/IN/Greenwood/4899-Kilda-Dr-46142/home/66952377,MIBOR,21526177,N,Y,39.6082657,-86.1937493
PAST SALE,February-20-2018,Single Family Residential,917 Ramblin Rd,Greenwood,IN,46142,180000,3,2.5,White River,3672,16949,1971,25,49,25,Sold,,,http://www.redfin.com/IN/Greenwood/917-Ramblin-Rd-46142/home/82512752,MIBOR,21523014,N,Y,39.6318617,-86.1664133
PAST SALE,February-23-2018,Single Family Residential,936 Silver Valley Cir,Greenwood,IN,46142,229900,3,2,White River,1744,14810,1993,22,132,19,Sold,,,http://www.redfin.com/IN/Greenwood/936-Silver-Valley-Cir-46142/home/82513075,MIBOR,21540727,N,Y,39.6279743,-86.1958743
PAST SALE,February-22-2018,Single Family Residential,349 Green Hills Ct,Greenwood,IN,46142,205000,3,2,White River,1731,38332,1974,23,118,,Sold,,,http://www.redfin.com/IN/Greenwood/349-Green-Hills-Ct-46142/home/66983331,MIBOR,21528979,N,Y,39.6197731,-86.1687184
PAST SALE,February-26-2018,Single Family Residential,645 Yorktown Rd,Greenwood,IN,46142,107500,3,2,White River,1208,15681,1987,19,89,,Sold,,,http://www.redfin.com/IN/Greenwood/645-Yorktown-Rd-46142/home/67100664,MIBOR,21530282,N,Y,39.607658,-86.1397785
PAST SALE,February-23-2018,Single Family Residential,1383 Easy St,Greenwood,IN,46142,152000,4,2.5,White River,2624,20908,1978,22,58,,Sold,,,http://www.redfin.com/IN/Greenwood/1383-Easy-St-46142/home/82510863,MIBOR,21517581,N,Y,39.6318964,-86.1453629
PAST SALE,February-28-2018,Single Family Residential,615 Oak Dr,Greenwood,IN,46142,166400,3,2,Pleasant,2509,11199,1966,17,66,,Sold,,,http://www.redfin.com/IN/Greenwood/615-Oak-Dr-46142/home/82508621,MIBOR,21502347,N,Y,39.6237016,-86.1267343
PAST SALE,February-28-2018,Single Family Residential,314 Melrose Ln,Greenwood,IN,46142,289000,4,2.5,White River,2551,18295,1993,17,113,33,Sold,,,http://www.redfin.com/IN/Greenwood/314-Melrose-Ln-46142/home/82511688,MIBOR,21540525,N,Y,39.6179494,-86.1925891
PAST SALE,November-7-2017,Single Family Residential,3937 Presidents Ln,Greenwood,IN,46142,390000,4,3.5,White River,4169,11717,2014,130,94,37,Sold,,,http://www.redfin.com/IN/Greenwood/3937-Presidents-Ln-46142/home/59989362,MIBOR,21514931,N,Y,39.6126631,-86.1760898
PAST SALE,February-26-2018,Single Family Residential,5210 Red Stone Ln,Greenwood,IN,46142,280000,4,3.5,White River,3703,14810,1998,19,76,25,Sold,,,http://www.redfin.com/IN/Greenwood/5210-Red-Stone-Ln-46142/home/59992865,MIBOR,21524916,N,Y,39.6284573,-86.2007994
PAST SALE,February-20-2018,Single Family Residential,384 Pleasantview Blvd,Greenwood,IN,46142,215000,3,2,White River,2245,20037,1978,25,96,,Sold,,,http://www.redfin.com/IN/Greenwood/384-Pleasantview-Blvd-46142/home/67092650,MIBOR,21530181,N,Y,39.6212465,-86.1620811
PAST SALE,November-1-2017,Single Family Residential,3981 Shadow Hill Ln,Greenwood,IN,46142,224900,3,2,White River,3240,50616,1978,136,69,,Sold,,,http://www.redfin.com/IN/Greenwood/3981-Shadow-Hill-Ln-46142/home/82512453,MIBOR,21513636,N,Y,39.6151012,-86.1761097
PAST SALE,March-2-2018,Single Family Residential,109 Innisbrooke Ave,Greenwood,IN,46142,285000,4,3,White River,2900,35719,1993,15,98,,Sold,,,http://www.redfin.com/IN/Greenwood/109-Innisbrooke-Ave-46142/home/60057236,MIBOR,21541802,N,Y,39.6149262,-86.2015342
PAST SALE,March-14-2018,Single Family Residential,292 Leaning Tree Rd,Greenwood,IN,46142,203000,3,2.5,White River,2042,33044,1978,3,99,,Sold,,,http://www.redfin.com/IN/Greenwood/292-Leaning-Tree-Rd-46142/home/60063874,MIBOR,21519247,N,Y,39.6170514,-86.188903
PAST SALE,March-15-2018,Single Family Residential,4561 Breir Dr,Greenwood,IN,46142,425000,4,4,White River,5002,22651,2000,2,85,23,Sold,,,http://www.redfin.com/IN/Greenwood/4561-Breir-Dr-46142/home/67107046,MIBOR,21525186,N,Y,39.614902,-86.190143
PAST SALE,March-15-2018,Single Family Residential,5114 Heckman Way,Greenwood,IN,46142,259500,3,3.5,White River,3288,18730,1987,2,79,,Sold,,,http://www.redfin.com/IN/Greenwood/5114-Heckman-Way-46142/home/82511042,MIBOR,21517943,N,Y,39.6254443,-86.1991909
PAST SALE,March-14-2018,Single Family Residential,3554 Sugar Maple Ct,Greenwood,IN,46142,275000,3,2.5,White River,2477,23522,2002,3,111,23,Sold,,,http://www.redfin.com/IN/Greenwood/3554-Sugar-Maple-Ct-46142/home/70325185,MIBOR,21460259,N,Y,39.608308,-86.168619
PAST SALE,November-28-2017,Single Family Residential,1422 Trailside Dr,Greenwood,IN,46143,287395,5,3,Pleasant,3159,9104,2017,109,91,21,Sold,,,http://www.redfin.com/IN/GREENWOOD/1422-TRAILSIDE-DR-46143/home/144396861,MIBOR,21525493,N,Y,39.6136578,-86.1066526
PAST SALE,October-11-2017,Single Family Residential,1337 Fieldcrest Ln,Greenwood,IN,46143,267525,3,2,Pleasant,2334,9147,2017,157,115,21,Sold,,,http://www.redfin.com/IN/GREENWOOD/1337-FIELDCREST-LN-46143/home/144189131,MIBOR,21518813,N,Y,39.6136578,-86.1066526
PAST SALE,October-25-2017,Single Family Residential,1410 Trailside Dr,Greenwood,IN,46143,353410,4,2.5,Pleasant,4118,9104,2017,143,86,21,Sold,,,http://www.redfin.com/IN/GREENWOOD/1410-TRAILSIDE-DR-46143/home/144218299,MIBOR,21520257,N,Y,39.6136578,-86.1066526
PAST SALE,November-14-2017,Single Family Residential,75 W Pearl St,Greenwood,IN,46142,42000,3,2,Pleasant,1172,3515,1900,123,36,,Sold,,,http://www.redfin.com/IN/Greenwood/75-W-Pearl-St-46142/home/82510730,MIBOR,21523553,N,Y,39.6144688,-86.1071618
PAST SALE,November-30-2017,Single Family Residential,312 Elm St,Greenwood,IN,46142,167000,3,2,Pleasant,3120,21344,1950,107,54,,Sold,,,http://www.redfin.com/IN/Greenwood/312-Elm-St-46142/home/60024022,MIBOR,21521924,N,Y,39.6267287,-86.1124137
PAST SALE,November-13-2017,Single Family Residential,351 W Pearl St,Greenwood,IN,46142,129500,4,1,Pleasant,2204,7919,1800,124,59,,Sold,,,http://www.redfin.com/IN/Greenwood/351-W-Pearl-St-46142/home/60059846,MIBOR,21506213,N,Y,39.6143122,-86.1115185
PAST SALE,October-31-2017,Single Family Residential,701 E Fairview Dr,Greenwood,IN,46142,169900,3,2,Pleasant,1904,14191,1958,137,89,,Sold,,,http://www.redfin.com/IN/Greenwood/701-E-Fairview-Dr-46142/home/82508402,MIBOR,21511370,N,Y,39.6254025,-86.107679
PAST SALE,October-30-2017,Single Family Residential,475 Lawndale Dr,Greenwood,IN,46142,157000,3,2,Pleasant,2016,16430,1955,138,78,,Sold,,,http://www.redfin.com/IN/Greenwood/475-Lawndale-Dr-46142/home/82510135,MIBOR,21510226,N,Y,39.6218722,-86.1225976
PAST SALE,November-15-2017,Single Family Residential,861 N Madison Ave,Greenwood,IN,46142,130000,2,1,Pleasant,1638,13991,1954,122,79,,Sold,,,http://www.redfin.com/IN/Greenwood/861-N-Madison-Ave-46142/home/82510296,MIBOR,21520828,N,Y,39.6275145,-86.1139189
PAST SALE,December-7-2017,Single Family Residential,745 Redbud Ln,Greenwood,IN,46142,108000,3,1.5,Pleasant,1449,21344,1971,100,75,,Sold,,,http://www.redfin.com/IN/Greenwood/745-Redbud-Ln-46142/home/59982857,MIBOR,21523779,N,Y,39.61875,-86.1231943
PAST SALE,December-13-2017,Single Family Residential,501 Walnut Woods Dr,Greenwood,IN,46142,345000,5,3,White River,3676,12196,2002,94,94,25,Sold,,,http://www.redfin.com/IN/Greenwood/501-Walnut-Woods-Dr-46142/home/60167780,MIBOR,21504730,N,Y,39.6078121,-86.1706855
PAST SALE,December-5-2017,Single Family Residential,213 Maple St,Greenwood,IN,46142,141000,3,2,Pleasant,1400,13503,1954,102,101,,Sold,,,http://www.redfin.com/IN/Greenwood/213-Maple-St-46142/home/82508394,MIBOR,21517420,N,Y,39.6275913,-86.110504
PAST SALE,December-1-2017,Single Family Residential,150 N Smart St,Greenwood,IN,46142,130000,3,2,Pleasant,1324,7000,1946,106,98,,Sold,,,http://www.redfin.com/IN/Greenwood/150-N-Smart-St-46142/home/82510252,MIBOR,21504264,N,Y,39.6177917,-86.1089523
PAST SALE,November-22-2017,Single Family Residential,120 Hazy Ln,Greenwood,IN,46142,369900,4,2.5,White River,3910,59241,2002,115,95,23,Sold,,,http://www.redfin.com/IN/Greenwood/120-Hazy-Ln-46142/home/60161854,MIBOR,21512641,N,Y,39.6138642,-86.189718
PAST SALE,November-17-2017,Single Family Residential,474 Columbia Ct,Greenwood,IN,46142,164000,3,2,White River,1923,11325,2003,120,85,17,Sold,,,http://www.redfin.com/IN/Greenwood/474-Columbia-Ct-46142/home/60046354,MIBOR,21518349,N,Y,39.6087839,-86.214599
PAST SALE,October-20-2017,Single Family Residential,486 Covered Bridge Rd,Greenwood,IN,46142,164000,3,2.5,White River,1707,17424,1979,148,96,,Sold,,,http://www.redfin.com/IN/Greenwood/486-Covered-Bridge-Rd-46142/home/60086369,MIBOR,21501183,N,Y,39.6217254,-86.1484688
PAST SALE,October-30-2017,Single Family Residential,5764 Columbia Cir S,Greenwood,IN,46142,189900,4,2.5,White River,2332,7405,2004,138,81,16,Sold,,,http://www.redfin.com/IN/Greenwood/5764-Columbia-Cir-S-46142/home/60111201,MIBOR,21511544,N,Y,39.6081424,-86.2122166
PAST SALE,October-4-2017,Single Family Residential,4939 Aquaduct Dr,Greenwood,IN,46142,189000,4,2.5,White River,1924,10018,2002,164,98,,Sold,,,http://www.redfin.com/IN/Greenwood/4939-Aquaduct-Dr-46142/home/60126728,MIBOR,21510299,N,Y,39.6097005,-86.194504
PAST SALE,September-25-2017,Single Family Residential,260 Keeneland Ln,Greenwood,IN,46142,305500,4,3.5,White River,3144,16988,2000,173,97,6,Sold,,,http://www.redfin.com/IN/Greenwood/260-Keeneland-Ln-46142/home/60146000,MIBOR,21507764,N,Y,39.6108132,-86.1909488
PAST SALE,November-21-2017,Single Family Residential,1520 Timber Village Dr,Greenwood,IN,46142,139900,4,3,White River,1746,6969,1993,116,80,,Sold,,,http://www.redfin.com/IN/Greenwood/1520-Timber-Village-Dr-46142/home/60148810,MIBOR,21515035,N,Y,39.6322457,-86.1511894
PAST SALE,November-6-2017,Single Family Residential,5340 Crooked Stick Ct,Greenwood,IN,46142,375000,4,3.5,White River,4229,21344,1995,131,89,28,Sold,,,http://www.redfin.com/IN/Greenwood/5340-Crooked-Stick-Trl-46142/home/66826103,MIBOR,21510092,N,Y,39.6139005,-86.2015937
PAST SALE,October-26-2017,Single Family Residential,1259 Crisfield Cir,Greenwood,IN,46142,163500,4,2,White River,1576,8276,1995,142,104,14,Sold,,,http://www.redfin.com/IN/Greenwood/1259-Crisfield-Cir-46142/home/66843806,MIBOR,21500831,N,Y,39.6170983,-86.1426016
PAST SALE,November-20-2017,Single Family Residential,1518 Timber Village Dr,Greenwood,IN,46142,145000,4,2,White River,1744,6969,1992,117,83,,Sold,,,http://www.redfin.com/IN/Greenwood/1518-Timber-Village-Dr-46142/home/66951061,MIBOR,21518117,N,Y,39.6322624,-86.1509717
PAST SALE,November-17-2017,Single Family Residential,158 Easton Point Way,Greenwood,IN,46142,212500,4,2.5,White River,2332,12632,1993,120,91,15,Sold,,,http://www.redfin.com/IN/Greenwood/158-Easton-Point-Way-46142/home/67022383,MIBOR,21515057,N,Y,39.6165698,-86.1436752
PAST SALE,November-6-2017,Single Family Residential,5422 Wakefield South Dr,Greenwood,IN,46142,239000,4,3.5,White River,3224,14374,1996,131,74,28,Sold,,,http://www.redfin.com/IN/Greenwood/5422-Wakefield-Dr-S-46142/home/67082051,MIBOR,21513891,N,Y,39.608331,-86.2043936
PAST SALE,October-24-2017,Single Family Residential,5186 Mount Pleasant South St,Greenwood,IN,46142,140000,3,1,White River,1564,21780,1950,144,90,,Sold,,,http://www.redfin.com/IN/Greenwood/5186-S-Mount-Pleasant-St-46142/home/67097572,MIBOR,21503209,N,Y,39.6306612,-86.2018125
PAST SALE,November-7-2017,Single Family Residential,627 Leah Way,Greenwood,IN,46142,166000,3,2,Pleasant,1893,28270,1996,130,88,,Sold,,,http://www.redfin.com/IN/Greenwood/627-Leah-Way-46142/home/82508885,MIBOR,21524180,N,Y,39.6070308,-86.1330182
PAST SALE,November-3-2017,Single Family Residential,519 Leah Way,Greenwood,IN,46142,254000,4,2.5,Pleasant,2456,9713,2000,134,103,,Sold,,,http://www.redfin.com/IN/Greenwood/519-Leah-Way-46142/home/82509175,MIBOR,21514564,N,Y,39.6088318,-86.1326313
PAST SALE,October-31-2017,Single Family Residential,441 Hall Dr,Greenwood,IN,46142,217000,3,2.5,White River,1772,9583,1992,137,122,,Sold,,,http://www.redfin.com/IN/Greenwood/441-Hall-Dr-46142/home/82511254,MIBOR,21504863,N,Y,39.6209324,-86.2016533
PAST SALE,November-22-2017,Single Family Residential,259 Innisbrooke Dr,Greenwood,IN,46142,240000,3,2,White River,1980,15245,1993,115,121,3,Sold,,,http://www.redfin.com/IN/Greenwood/259-Innisbrooke-Dr-46142/home/82511161,MIBOR,21517666,N,Y,39.6164669,-86.2043142
PAST SALE,November-27-2017,Single Family Residential,4081 Rockingchair Rd,Greenwood,IN,46142,167000,3,2,White River,1788,14000,1973,110,93,17,Sold,,,http://www.redfin.com/IN/Greenwood/4081-Rocking-Chair-Rd-46142/home/82513222,MIBOR,21517399,N,Y,39.6251565,-86.1682812
PAST SALE,November-15-2017,Single Family Residential,90 S Restin Rd,Greenwood,IN,46142,196500,3,2,White River,1805,16509,1973,122,109,25,Sold,,,http://www.redfin.com/IN/Greenwood/90-S-Restin-Rd-46142/home/82513485,MIBOR,21514618,N,Y,39.6120059,-86.1640684
PAST SALE,November-20-2017,Single Family Residential,224 Melody Ave,Greenwood,IN,46142,139900,3,2,White River,1289,15498,1971,117,109,,Sold,,,http://www.redfin.com/IN/Greenwood/224-Melody-Ave-46142/home/82513700,MIBOR,21504867,N,Y,39.6122925,-86.1568741
PAST SALE,November-15-2017,Single Family Residential,541 Hunting Creek Dr,Greenwood,IN,46143,182500,4,2.5,White River,2984,16552,1992,122,61,7,Sold,,,http://www.redfin.com/IN/Greenwood/541-Hunting-Creek-Dr-46142/home/82514107,MIBOR,21501804,N,Y,39.6085432,-86.1494799
PAST SALE,November-30-2017,Single Family Residential,1511 Lake Point Ln N,Greenwood,IN,46142,156000,3,2,White River,1478,6534,1991,107,106,12,Sold,,,http://www.redfin.com/IN/Greenwood/1511-Lake-Point-Ln-N-46142/home/82513941,MIBOR,21519825,N,Y,39.617226,-86.150116
PAST SALE,December-8-2017,Single Family Residential,128 Caplinger Pl,Greenwood,IN,46143,255365,4,2.5,Clark,2227,,2017,99,115,33,Sold,,,http://www.redfin.com/IN/GREENWOOD/128-CAPLINGER-PL-46143/home/144453088,MIBOR,21527490,N,Y,39.6136578,-86.1066526
PAST SALE,December-12-2017,Single Family Residential,1386 Trailside Dr,Greenwood,IN,46143,242695,3,2.5,Pleasant,2338,9104,2017,95,104,21,Sold,,,http://www.redfin.com/IN/GREENWOOD/1386-TRAILSIDE-DR-46143/home/144537445,MIBOR,21528405,N,Y,39.6136578,-86.1066526
PAST SALE,December-4-2017,Single Family Residential,752 Enchance Ct,Greenwood,IN,46142,214000,4,2.5,White River,2544,27399,1972,103,84,25,Sold,,,http://www.redfin.com/IN/Greenwood/752-Enchance-Ct-46142/home/82513978,MIBOR,21489051,N,Y,39.6282606,-86.1683607
PAST SALE,September-29-2017,Single Family Residential,127 Easton Pt,Greenwood,IN,46142,150000,3,2,White River,1367,7840,1993,169,110,15,Sold,,,http://www.redfin.com/IN/Greenwood/127-Easton-Point-Way-46142/home/66984455,MIBOR,21510954,N,Y,39.6157912,-86.1432776
PAST SALE,October-3-2017,Single Family Residential,5234 N Mt Pleasant St,Greenwood,IN,46142,120000,3,2,White River,2898,20908,1956,165,41,,Sold,,,http://www.redfin.com/IN/Greenwood/5234-N-Mount-Pleasant-St-46142/home/82511071,MIBOR,21507056,N,Y,39.6332775,-86.202249
PAST SALE,October-6-2017,Single Family Residential,555 Echo Bend Blvd,Greenwood,IN,46142,114000,3,2,White River,1538,17424,1987,162,74,,Sold,,,http://www.redfin.com/IN/Greenwood/555-Echo-Bnd-46142/home/82512396,MIBOR,21501511,N,Y,39.6232267,-86.1464186
PAST SALE,November-9-2017,Single Family Residential,323 Entrance Hall,Greenwood,IN,46142,229284,3,2,White River,1977,11194,2017,128,116,37,Sold,,,http://www.redfin.com/IN/Greenwood/323-Entrance-Hall-Vw-46142/home/82511992,MIBOR,21524462,N,Y,39.610438,-86.178096
PAST SALE,October-27-2017,Single Family Residential,4448 Willow Wind Ct,Greenwood,IN,46142,367900,4,3,White River,4002,15245,1994,141,92,,Sold,,,http://www.redfin.com/IN/Greenwood/4448-Willow-Wind-Ct-46142/home/60129293,MIBOR,21506189,N,Y,39.6080207,-86.1871946
PAST SALE,November-8-2017,Single Family Residential,688 Covered Bridge Rd,Greenwood,IN,46142,164900,3,2.5,White River,1884,15245,1979,129,88,,Sold,,,http://www.redfin.com/IN/Greenwood/688-Covered-Bridge-Rd-46142/home/67004425,MIBOR,21495424,N,Y,39.6259929,-86.1493706
PAST SALE,October-25-2017,Single Family Residential,4755 Silver Springs Dr,Greenwood,IN,46142,248000,3,2.5,White River,1952,14810,1989,143,127,20,Sold,,,http://www.redfin.com/IN/Greenwood/4755-Silver-Springs-Dr-46142/home/82513142,MIBOR,21504298,N,Y,39.6301179,-86.1924583
PAST SALE,October-27-2017,Single Family Residential,340 Hope Ct,Greenwood,IN,46142,90200,4,3,White River,1969,16108,1969,141,46,,Sold,,,http://www.redfin.com/IN/Greenwood/340-Hope-Ct-46142/home/82513921,MIBOR,21516549,N,Y,39.6092013,-86.1547672
PAST SALE,October-30-2017,Single Family Residential,412 Us Highway 31 N,Greenwood,IN,46142,275000,4,2,Pleasant,2497,226512,1956,138,110,,Sold,,,http://www.redfin.com/IN/Greenwood/412-U-S-31-46142/home/82510358,MIBOR,21509723,N,Y,39.620799,-86.117492
PAST SALE,October-31-2017,Single Family Residential,1315 Thornhill Ln,Greenwood,IN,46143,269550,4,3.5,Pleasant,3211,9104,2017,137,84,21,Sold,,,http://www.redfin.com/IN/GREENWOOD/1315-THORNHILL-LN-46143/home/144228514,MIBOR,21522118,N,Y,39.6136578,-86.1066526
PAST SALE,November-10-2017,Single Family Residential,226 Hazy Ln,Greenwood,IN,46142,336500,5,3.5,White River,3709,14810,1999,127,91,19,Sold,,,http://www.redfin.com/IN/Greenwood/226-Hazy-Ln-46142/home/59996496,MIBOR,21510562,N,Y,39.6166056,-86.1912864
PAST SALE,October-30-2017,Single Family Residential,3788 W Smith Valley Rd,Greenwood,IN,46142,132000,3,1,White River,2560,27442,1948,138,52,,Sold,,,http://www.redfin.com/IN/Greenwood/3788-Smith-Valley-Rd-46142/home/60029088,MIBOR,21512337,N,Y,39.6058925,-86.1729705
PAST SALE,October-26-2017,Single Family Residential,1103 Lincoln Park Dr W,Greenwood,IN,46142,169000,2,2,White River,1410,5227,2000,142,120,42,Sold,,,http://www.redfin.com/IN/Greenwood/1103-W-Lincoln-Park-Dr-46142/home/66984629,MIBOR,21511880,N,Y,39.6326657,-86.1651415
PAST SALE,September-19-2017,Single Family Residential,700 Orchard Ln,Greenwood,IN,46142,160000,2,2.5,Pleasant,1728,14078,1960,179,93,,Sold,,,http://www.redfin.com/IN/Greenwood/700-Orchard-Ln-46142/home/82509523,MIBOR,21505576,N,Y,39.6077695,-86.1182816
PAST SALE,September-25-2017,Single Family Residential,1413 Fry Rd,Greenwood,IN,46142,175000,3,2,White River,1804,18948,1981,173,97,,Sold,,,http://www.redfin.com/IN/Greenwood/1413-Fry-Rd-46142/home/82512510,MIBOR,21503530,N,Y,39.6276142,-86.1487643
PAST SALE,October-6-2017,Single Family Residential,3186 Brixton Dr,Greenwood,IN,46142,173000,3,2.5,White River,1777,13939,1990,162,97,,Sold,,,http://www.redfin.com/IN/Greenwood/3186-Brixton-Dr-46142/home/67025278,MIBOR,21510912,N,Y,39.6284445,-86.16538
PAST SALE,,Single Family Residential,5025 Mount Pleasant South St,Greenwood,IN,46142,,3,1,,1161,21806,1955,,,,Sold,,,http://www.redfin.com/IN/Greenwood/5025-S-Mount-Pleasant-St-46142/home/82514494,MIBOR,,N,Y,39.6301817,-86.1987143
PAST SALE,October-24-2017,Single Family Residential,1338 Garden Terrace Ave,Greenwood,IN,46143,339859,5,3.5,Pleasant,4609,9104,2017,144,74,21,Sold,,,http://www.redfin.com/IN/Greenwood/1338-S-Greenwood-Trail-Dr-46142/home/144218327,MIBOR,21519969,N,Y,39.6303506,-86.1064742
PAST SALE,October-26-2017,Single Family Residential,155 Beech Dr,Greenwood,IN,46142,162000,3,2,Pleasant,1532,17859,1977,142,106,,Sold,,,http://www.redfin.com/IN/Greenwood/155-Beech-Dr-46142/home/60089568,MIBOR,21505643,N,Y,39.6303473,-86.1110212
PAST SALE,October-12-2017,Single Family Residential,599 Whispering Trl,Greenwood,IN,46142,226500,3,2,White River,2019,16060,1984,156,112,,Sold,,,http://www.redfin.com/IN/Greenwood/599-Whispering-Trl-46142/home/67068224,MIBOR,21505126,N,Y,39.6247195,-86.1525808
PAST SALE,October-10-2017,Single Family Residential,381 Redbud Pl,Greenwood,IN,46142,189000,3,2,Pleasant,2136,63597,1970,158,88,,Sold,,,http://www.redfin.com/IN/Greenwood/381-Redbud-Pl-46142/home/82510349,MIBOR,21507212,N,Y,39.6204727,-86.1204894
PAST SALE,November-1-2017,Single Family Residential,898 N Scott Dr,Greenwood,IN,46142,253000,4,3.5,White River,2869,12196,1999,136,88,73,Sold,,,http://www.redfin.com/IN/Greenwood/898-N-Scott-Dr-46142/home/82511052,MIBOR,21509336,N,Y,39.6291226,-86.2008193
PAST SALE,October-27-2017,Single Family Residential,3946 Woodmore Dr,Greenwood,IN,46142,234900,5,2.5,White River,2856,47480,1986,141,82,,Sold,,,http://www.redfin.com/IN/Greenwood/3946-Woodmore-Dr-46142/home/82514293,MIBOR,21506735,N,Y,39.6238494,-86.1752503
PAST SALE,November-10-2017,Single Family Residential,1322 Thornhill Ln,Greenwood,IN,46143,294835,4,2.5,Pleasant,3392,9104,2017,127,87,21,Sold,,,http://www.redfin.com/IN/Greenwood/1322-Thornhill-Ln-46143/home/144371280,MIBOR,21524772,N,Y,39.6136578,-86.1066526
PAST SALE,October-30-2017,Single Family Residential,988 W Smith Valley Rd,Greenwood,IN,46142,103000,2,2,Pleasant,2524,20908,1960,138,41,,Sold,,,http://www.redfin.com/IN/Greenwood/988-Smith-Valley-Rd-46142/home/60073073,MIBOR,21514706,N,Y,39.6065169,-86.1321036
PAST SALE,November-10-2017,Single Family Residential,412 Pleasant Run Dr,Greenwood,IN,46142,105000,3,1,Pleasant,1140,10280,1950,127,92,,Sold,,,http://www.redfin.com/IN/Greenwood/412-Pleasant-Run-Dr-46142/home/69096862,MIBOR,21507332,N,Y,39.6322018,-86.1134879
PAST SALE,October-20-2017,Single Family Residential,1208 Ridgetop Dr,Greenwood,IN,46142,109900,3,1,Pleasant,1442,1089,1961,148,76,,Sold,,,http://www.redfin.com/IN/Greenwood/1208-Ridgetop-Dr-46142/home/60002134,MIBOR,21510937,N,Y,39.6343795,-86.134379
PAST SALE,November-9-2017,Single Family Residential,1813 Chateaux Ct,Greenwood,IN,46143,369070,4,3.5,White River,4734,13503,2017,128,78,33,Sold,,,http://www.redfin.com/IN/GREENWOOD/1813-CHATEAUX-CT-46143/home/142735413,MIBOR,21528343,N,Y,39.6136578,-86.1066526
PAST SALE,October-25-2017,Single Family Residential,3830 Presidents Ln,Greenwood,IN,46142,382639,3,2.5,White River,3839,14244,2017,143,100,37,Sold,,,http://www.redfin.com/IN/Greenwood/3830-Presidents-Ln-46142/home/144228509,MIBOR,21520256,N,Y,39.6124356,-86.1754306
PAST SALE,October-5-2017,Single Family Residential,135 Westridge Pl,Greenwood,IN,46142,124000,3,2,White River,1300,7840,1994,163,95,,Sold,,,http://www.redfin.com/IN/Greenwood/135-Westridge-Pl-46142/home/59983430,MIBOR,21505520,N,Y,39.6151848,-86.1444306
PAST SALE,November-6-2017,Single Family Residential,405 S Serenity Way,Greenwood,IN,46142,176000,3,2,White River,1574,14810,1974,131,112,,Sold,,,http://www.redfin.com/IN/Greenwood/405-S-Serenity-Way-46142/home/60043328,MIBOR,21517477,N,Y,39.6099479,-86.1670293
PAST SALE,October-25-2017,Single Family Residential,4990 Auburn Frd,Greenwood,IN,46142,280000,4,3.5,White River,2782,18295,1995,143,101,33,Sold,,,http://www.redfin.com/IN/Greenwood/4990-Auburn-Frd-46142/home/60148406,MIBOR,21504828,N,Y,39.6159479,-86.1958148
PAST SALE,October-23-2017,Single Family Residential,760 S Serenity Way,Greenwood,IN,46142,201500,3,2,White River,1636,32887,1978,145,123,,Sold,,,http://www.redfin.com/IN/Greenwood/760-S-Serenity-Way-46142/home/82513498,MIBOR,21513744,N,Y,39.6076294,-86.1675857
PAST SALE,October-4-2017,Single Family Residential,1330 Westridge Ct,Greenwood,IN,46142,142000,4,3,White River,1925,11761,1994,164,74,,Sold,,,http://www.redfin.com/IN/Greenwood/1330-Westridge-Ct-46142/home/59987973,MIBOR,21502433,N,Y,39.6169626,-86.1445897
PAST SALE,October-3-2017,Single Family Residential,1639 Fry Rd,Greenwood,IN,46142,125000,3,1.5,White River,1452,16478,1970,165,86,,Sold,,,http://www.redfin.com/IN/Greenwood/1639-Fry-Rd-46142/home/82512260,MIBOR,21493158,N,Y,39.626251,-86.1550455
PAST SALE,October-18-2017,Single Family Residential,1301 Garden Terrace Ave,Greenwood,IN,46143,337044,5,3,Pleasant,4588,11151,2017,150,73,21,Sold,,,http://www.redfin.com/IN/Greenwood/1301-S-Greenwood-Trail-Dr-46142/home/144218311,MIBOR,21519821,N,Y,39.6303506,-86.1064742
PAST SALE,September-28-2017,Single Family Residential,3817 Presidents Ln,Greenwood,IN,46142,396750,4,2.5,White River,4876,18730,2017,170,81,37,Sold,,,http://www.redfin.com/IN/Greenwood/3817-Presidents-Ln-46142/home/113969706,MIBOR,21516872,N,Y,39.611732,-86.173752
PAST SALE,December-11-2017,Single Family Residential,1339 Garden Terrace Ave,Greenwood,IN,46143,296000,4,3,Pleasant,3213,9104,2017,96,92,,Sold,,,http://www.redfin.com/IN/Greenwood/1339-S-Greenwood-Trail-Dr-46142/home/144453459,MIBOR,21527923,N,Y,39.6303506,-86.1064742
PAST SALE,December-18-2017,Single Family Residential,3754 Presidents Ln,Greenwood,IN,46142,410345,3,2,White River,4060,13068,2017,89,101,37,Sold,,,http://www.redfin.com/IN/Greenwood/3754-Presidents-Ln-46142/home/144632198,MIBOR,21528572,N,Y,39.6124356,-86.1754306
PAST SALE,December-19-2017,Single Family Residential,347 Entrance Hall Vw,Greenwood,IN,46142,287990,4,2.5,White River,2586,11194,2017,88,111,37,Sold,,,http://www.redfin.com/IN/Greenwood/347-Entrance-Hall-Vw-46142/home/82512252,MIBOR,21501382,N,Y,39.610055,-86.178112
PAST SALE,December-18-2017,Single Family Residential,364 Melody Ave,Greenwood,IN,46142,140000,3,2,White River,1359,16552,1972,89,103,,Sold,,,http://www.redfin.com/IN/Greenwood/364-Melody-Ave-46142/home/67009330,MIBOR,21522699,N,Y,39.6093124,-86.1569138
PAST SALE,December-12-2017,Single Family Residential,451 W Broadway St,Greenwood,IN,46142,33500,2,2,Pleasant,1850,10454,1800,95,18,,Sold,,,http://www.redfin.com/IN/Greenwood/451-W-Broadway-St-46142/home/82509459,MIBOR,21528403,N,Y,39.6151908,-86.1133983
PAST SALE,December-1-2017,Single Family Residential,620 W Smith Valley Rd,Greenwood,IN,46142,125000,3,2,Pleasant,1175,16552,1960,106,106,,Sold,,,http://www.redfin.com/IN/Greenwood/620-Smith-Valley-Rd-46142/home/60074465,MIBOR,21496840,N,Y,39.6065201,-86.117665
PAST SALE,November-22-2017,Single Family Residential,248 N Smart St,Greenwood,IN,46142,120000,3,1.5,Pleasant,2552,16008,1930,115,47,,Sold,,,http://www.redfin.com/IN/Greenwood/248-N-Smart-St-46142/home/60139162,MIBOR,21518530,N,Y,39.6191613,-86.1089523
PAST SALE,December-4-2017,Single Family Residential,201 Pleasant Ln,Greenwood,IN,46142,104000,2,2,Pleasant,1914,9583,1947,103,54,,Sold,,,http://www.redfin.com/IN/Greenwood/201-Pleasant-Ln-46142/home/82509893,MIBOR,21513406,N,Y,39.6094897,-86.1091611
PAST SALE,December-12-2017,Single Family Residential,5776 Columbia Cir S,Greenwood,IN,46142,190000,4,2.5,White River,2300,7840,2003,95,83,16,Sold,,,http://www.redfin.com/IN/Greenwood/5776-Columbia-Cir-S-46142/home/82511358,MIBOR,21504268,N,Y,39.6081489,-86.2124151
PAST SALE,September-30-2017,Single Family Residential,644 Yeagy Rd,Greenwood,IN,46142,226000,3,2,White River,1894,23230,1979,168,119,,Sold,,,http://www.redfin.com/IN/Greenwood/644-Yeagy-Rd-46142/home/82513346,MIBOR,21509349,N,Y,39.6246688,-86.1951792
PAST SALE,November-27-2017,Single Family Residential,3870 W Fairview Rd,Greenwood,IN,46142,143000,3,2,White River,1756,28997,1970,110,81,,Sold,,,http://www.redfin.com/IN/Greenwood/3870-Fairview-Rd-46142/home/82514532,MIBOR,21512341,N,Y,39.6204771,-86.1742024
PAST SALE,September-28-2017,Single Family Residential,620 E Fairview Dr,Greenwood,IN,46142,132000,3,1.5,Pleasant,1220,13760,1966,170,108,,Sold,,,http://www.redfin.com/IN/Greenwood/620-E-Fairview-Dr-46142/home/60017485,MIBOR,21496362,N,Y,39.6244152,-86.1079675
PAST SALE,October-13-2017,Single Family Residential,1232 Greenbriar Dr,Greenwood,IN,46142,147000,3,2.5,White River,1518,13939,1979,155,97,,Sold,,,http://www.redfin.com/IN/Greenwood/1232-Greenbriar-Dr-46142/home/60045122,MIBOR,21507788,N,Y,39.624645,-86.1418064
PAST SALE,September-26-2017,Single Family Residential,817 Richart Ln,Greenwood,IN,46142,285000,4,2.5,Pleasant,2590,15245,1993,172,110,21,Sold,,,http://www.redfin.com/IN/Greenwood/817-Richart-Ln-46142/home/82509115,MIBOR,21479764,N,Y,39.608749,-86.1216828
PAST SALE,October-10-2017,Single Family Residential,888 Briarwood Dr,Greenwood,IN,46142,199000,4,2.5,Pleasant,2882,13499,1974,158,69,,Sold,,,http://www.redfin.com/IN/Greenwood/888-Briarwood-Dr-46142/home/82508809,MIBOR,21513689,N,Y,39.6182425,-86.1285241
PAST SALE,September-29-2017,Single Family Residential,140 Appletree Row,Greenwood,IN,46142,233000,5,3,Pleasant,3776,12850,1976,169,62,,Sold,,,http://www.redfin.com/IN/Greenwood/140-Appletree-Row-46142/home/82510341,MIBOR,21489757,N,Y,39.6172699,-86.1283934
PAST SALE,September-29-2017,Single Family Residential,1317 Fieldcrest Ln,Greenwood,IN,46143,306730,5,3.5,Pleasant,3355,9147,2017,169,91,21,Sold,,,http://www.redfin.com/IN/GREENWOOD/1317-FIELDCREST-LN-46143/home/143988413,MIBOR,21517145,N,Y,39.6136578,-86.1066526
PAST SALE,October-13-2017,Single Family Residential,612 Brookview Dr,Greenwood,IN,46142,180000,3,2.5,Pleasant,2016,15002,1972,155,89,,Sold,,,http://www.redfin.com/IN/Greenwood/612-Brookview-Dr-46142/home/82508724,MIBOR,21504532,N,Y,39.6215077,-86.1358047
PAST SALE,December-8-2017,Single Family Residential,618 Leisure Ln,Greenwood,IN,46142,183000,3,2,White River,1696,16552,1970,99,108,25,Sold,,,http://www.redfin.com/IN/Greenwood/618-Leisure-Ln-46142/home/66864553,MIBOR,21521996,N,Y,39.6253534,-86.1718181
PAST SALE,November-8-2017,Single Family Residential,4552 Riviera Ct,Greenwood,IN,46142,364900,4,3.5,White River,3396,23522,1998,129,107,20,Sold,,,http://www.redfin.com/IN/Greenwood/4552-Riviera-Ct-46142/home/60004546,MIBOR,21502524,N,Y,39.6164796,-86.1898961
PAST SALE,November-3-2017,Single Family Residential,1338 Old Hickory Cir,Greenwood,IN,46142,164900,3,2.5,White River,1968,9147,1987,134,84,,Sold,,,http://www.redfin.com/IN/Greenwood/1338-Old-Hickory-Cir-46142/home/60060133,MIBOR,21497907,N,Y,39.6205274,-86.1451861
PAST SALE,November-22-2017,Single Family Residential,4522 Southway Rd,Greenwood,IN,46142,213500,3,2.5,White River,1850,19166,1979,115,115,,Sold,,,http://www.redfin.com/IN/Greenwood/4522-Southway-Rd-46142/unit-4D/home/82513006,MIBOR,21511793,N,Y,39.6215737,-86.1898365
PAST SALE,November-21-2017,Single Family Residential,264 Haywood Rd,Greenwood,IN,46142,175000,3,2,White River,1697,7884,2015,116,103,15,Sold,,,http://www.redfin.com/IN/Greenwood/264-Haywood-Rd-46142/home/82534830,MIBOR,21520504,N,Y,39.6119857,-86.2120776
PAST SALE,December-22-2017,Single Family Residential,1337 Wood Thrush Ct,Greenwood,IN,46143,255000,5,3,Pleasant,3095,10018,2017,85,82,35,Sold,,,http://www.redfin.com/IN/Greenwood/1337-Wood-Thrush-Ct-46143/home/144463719,MIBOR,21494444,N,Y,39.6136578,-86.1066526
PAST SALE,December-22-2017,Single Family Residential,1016 Lincoln Park East Dr,Greenwood,IN,46142,158000,2,2,White River,1385,5662,2003,85,114,42,Sold,,,http://www.redfin.com/IN/Greenwood/1016-E-Lincoln-Park-Dr-46142/home/82512738,MIBOR,21523121,N,Y,39.631717,-86.164538
PAST SALE,January-3-2018,Single Family Residential,1782 Chateaux Trce,Greenwood,IN,46143,389685,4,4.5,White River,3896,12196,2017,73,100,,Sold,,,http://www.redfin.com/IN/GREENWOOD/1782-CHATEAUX-TRCE-46143/home/142735422,MIBOR,21529936,N,Y,39.6136578,-86.1066526
PAST SALE,January-12-2018,Single Family Residential,5301 Tracey Jo Rd,Greenwood,IN,46142,195000,3,2,White River,1639,9147,1993,64,119,,Sold,,,http://www.redfin.com/IN/Greenwood/5301-Tracey-Jo-Rd-46142/home/82511268,MIBOR,21517156,N,Y,39.620049,-86.202104
PAST SALE,January-19-2018,Single Family Residential,814 Knollwood Dr,Greenwood,IN,46142,147900,3,2,Pleasant,1673,,1968,57,88,,Sold,,,http://www.redfin.com/IN/Greenwood/814-Knollwood-Dr-46142/home/66852730,MIBOR,21522316,N,Y,39.6073701,-86.1238307
PAST SALE,December-29-2017,Single Family Residential,747 Hillcrest Dr,Greenwood,IN,46142,214900,4,2.5,Pleasant,2424,16121,1970,78,89,,Sold,,,http://www.redfin.com/IN/Greenwood/747-Hillcrest-Dr-46142/home/60105697,MIBOR,21522475,N,Y,39.6259536,-86.1353334
PAST SALE,January-16-2018,Single Family Residential,429 N Greenbriar Dr,Greenwood,IN,46142,175000,3,2,White River,1540,12632,1997,60,114,10,Sold,,,http://www.redfin.com/IN/Greenwood/429-N-Greenbriar-Dr-46142/home/60076558,MIBOR,21527803,N,Y,39.6211074,-86.1432063
PAST SALE,January-11-2018,Single Family Residential,5286 Linda Way #0,Greenwood,IN,46142,202000,3,2,White River,1834,10890,1991,65,110,,Sold,,,http://www.redfin.com/IN/Greenwood/5286-Linda-Way-46142/unit-0/home/98919985,MIBOR,21527838,N,Y,39.6216459,-86.2012963
PAST SALE,March-6-2018,Single Family Residential,4852 Altair Ct,Greenwood,IN,46142,237000,3,3.5,White River,3000,13503,1998,11,79,15,Sold,,,http://www.redfin.com/IN/Greenwood/4852-Altair-Ct-46142/home/70118372,MIBOR,21540516,N,Y,39.6081448,-86.1925179
PAST SALE,December-27-2017,Single Family Residential,74 Tarry Ct,Greenwood,IN,46142,239000,3,2.5,White River,1942,63162,1974,80,123,,Sold,,,http://www.redfin.com/IN/Greenwood/74-Tarry-Ct-46142/home/60166359,MIBOR,21526373,N,Y,39.6084463,-86.1648633
PAST SALE,March-6-2018,Single Family Residential,137 Imel,Greenwood,IN,46143,295260,4,2.5,Pleasant,2280,,2018,11,130,17,Sold,,,http://www.redfin.com/IN/Greenwood/137-Imel-46143/home/145079589,MIBOR,21548588,N,Y,39.6136578,-86.1066526
PAST SALE,March-6-2018,Single Family Residential,222 Pennswood Rd,Greenwood,IN,46142,220000,4,2.5,White River,2296,,1999,11,96,16,Sold,,,http://www.redfin.com/IN/Greenwood/222-Pennswood-Rd-46142/home/60117335,MIBOR,21528860,N,Y,39.6120191,-86.2075309
PAST SALE,March-8-2018,Single Family Residential,1000 Silver Valley Dr,Greenwood,IN,46142,212000,3,2.5,White River,2117,14810,1989,9,100,19,Sold,,,http://www.redfin.com/IN/Greenwood/1000-Silver-Valley-Dr-46142/home/82513462,MIBOR,21541759,N,Y,39.6297321,-86.1947267
PAST SALE,October-18-2017,Single Family Residential,360 N Brewer St,Greenwood,IN,46142,130000,3,2,Pleasant,2592,8276,1935,150,50,,Sold,,,http://www.redfin.com/IN/Greenwood/360-N-Brewer-St-46142/home/59988517,MIBOR,21501869,N,Y,39.6206521,-86.1077586
PAST SALE,October-12-2017,Single Family Residential,5583 Patriot Pl,Greenwood,IN,46142,227500,4,2.5,White River,3293,13503,1999,156,69,16,Sold,,,http://www.redfin.com/IN/Greenwood/5583-Patriots-Ct-46142/home/82511372,MIBOR,21500004,N,Y,39.6098979,-86.2079677
PAST SALE,September-25-2017,Single Family Residential,493 Gainesway Dr N,Greenwood,IN,46142,250000,3,2.5,White River,3134,15245,1996,173,80,25,Sold,,,http://www.redfin.com/IN/Greenwood/493-Gainesway-Dr-N-46142/home/60032186,MIBOR,21504896,N,Y,39.6068037,-86.2045127
PAST SALE,September-18-2017,Single Family Residential,702 Yeagy Rd,Greenwood,IN,46142,225000,3,2.5,White River,1913,22529,1980,180,118,,Sold,,,http://www.redfin.com/IN/Greenwood/702-Yeagy-Rd-46142/home/67003465,MIBOR,21507777,N,Y,39.6256971,-86.1945125
PAST SALE,September-22-2017,Single Family Residential,899 W Oakwood Dr,Greenwood,IN,46142,289900,4,3,Pleasant,3410,21801,1977,176,85,,Sold,,,http://www.redfin.com/IN/Greenwood/899-Oakwood-Dr-46142/home/82509236,MIBOR,21490576,N,Y,39.6114938,-86.1242855
PAST SALE,September-28-2017,Single Family Residential,1152 Waterford Dr,Greenwood,IN,46142,181500,3,2.5,White River,2246,13464,1978,170,81,,Sold,,,http://www.redfin.com/IN/Greenwood/1152-Waterford-Dr-46142/home/60068038,MIBOR,21504153,N,Y,39.6331316,-86.1633927
PAST SALE,September-18-2017,Single Family Residential,1267 W Greenbriar Dr,Greenwood,IN,46142,155000,3,2.5,White River,2088,18730,1979,180,74,,Sold,,,http://www.redfin.com/IN/Greenwood/1267-Greenbriar-Dr-46142/home/60070609,MIBOR,21507269,N,Y,39.6246389,-86.1428402
PAST SALE,September-28-2017,Single Family Residential,400 W Main St,Greenwood,IN,46142,163000,4,2,Pleasant,2078,5662,1800,170,78,,Sold,,,http://www.redfin.com/IN/Greenwood/400-W-Main-St-46142/home/60098562,MIBOR,21504245,N,Y,39.6137996,-86.1124535
PAST SALE,September-29-2017,Single Family Residential,245 Love Ave,Greenwood,IN,46142,162000,3,2,White River,1918,15245,1968,169,84,,Sold,,,http://www.redfin.com/IN/Greenwood/245-Love-Ave-46142/home/82513932,MIBOR,21494286,N,Y,39.6116938,-86.1539921
PAST SALE,September-18-2017,Single Family Residential,189 Centennial Ln,Greenwood,IN,46142,364000,4,3,White River,3831,12632,2014,180,95,37,Sold,,,http://www.redfin.com/IN/Greenwood/189-Centennial-Ln-46142/home/59988443,MIBOR,21503596,N,Y,39.6119332,-86.1750847
PAST SALE,September-27-2017,Single Family Residential,3778 Presidents Ln,Greenwood,IN,46142,503513,3,3.5,White River,4775,12632,2017,171,105,37,Sold,,,http://www.redfin.com/IN/Greenwood/3778-Presidents-Ln-46142/home/143988285,MIBOR,21515310,N,Y,39.6124356,-86.1754306
PAST SALE,September-29-2017,Single Family Residential,122 Myrtle Ter,Greenwood,IN,46142,240000,3,2,White River,2332,13503,1994,169,103,33,Sold,,,http://www.redfin.com/IN/Greenwood/122-Myrtle-Ter-46142/home/66879388,MIBOR,21503566,N,Y,39.614555,-86.192637
PAST SALE,October-20-2017,Single Family Residential,135 Caplinger Pl,Greenwood,IN,46143,230435,3,2,Pleasant,1792,14810,2017,148,129,,Sold,,,http://www.redfin.com/IN/Greenwood/135-Caplinger-Pl-46143/home/144581901,MIBOR,21529729,N,Y,39.6136578,-86.1066526
PAST SALE,October-5-2017,Single Family Residential,349 W Broadway St,Greenwood,IN,46142,139000,3,1,Pleasant,1765,7840,1800,163,79,,Sold,,,http://www.redfin.com/IN/Greenwood/349-W-Broadway-St-46142/home/60070780,MIBOR,21507499,N,Y,39.6152764,-86.1114389
PAST SALE,October-13-2017,Single Family Residential,1468 Hunters Ln,Greenwood,IN,46142,144900,3,2,White River,1437,6969,1990,155,101,8,Sold,,,http://www.redfin.com/IN/Greenwood/1468-Hunters-Ln-46142/home/60077732,MIBOR,21509751,N,Y,39.6094368,-86.1515273
PAST SALE,October-16-2017,Single Family Residential,588 Moccosin Rd,Greenwood,IN,46142,155000,3,2.5,White River,1672,19798,1978,152,93,,Sold,,,http://www.redfin.com/IN/Greenwood/588-Moccosin-Rd-46142/home/67006833,MIBOR,21514893,N,Y,39.6240829,-86.1907943
PAST SALE,September-29-2017,Single Family Residential,205 Pleasant Ln,Greenwood,IN,46142,110000,2,1,Pleasant,2409,14374,1947,169,46,,Sold,,,http://www.redfin.com/IN/Greenwood/205-Pleasant-Ln-46142/home/82509894,MIBOR,21506943,N,Y,39.6094698,-86.1094695
PAST SALE,October-13-2017,Single Family Residential,1101 Bomar Ln,Greenwood,IN,46142,115000,3,2,White River,1450,19602,1951,155,79,,Sold,,,http://www.redfin.com/IN/Greenwood/1101-Bomar-Ln-46142/home/82510884,MIBOR,21506077,N,Y,39.6324996,-86.1476968
PAST SALE,October-23-2017,Single Family Residential,358 Crest Dr,Greenwood,IN,46142,152000,3,2,White River,1567,21344,1973,145,97,,Sold,,,http://www.redfin.com/IN/Greenwood/358-Crest-Dr-46142/home/82511522,MIBOR,21509826,N,Y,39.6186365,-86.1813347
PAST SALE,October-19-2017,Single Family Residential,1404 Hunters Ln,Greenwood,IN,46142,145000,4,2.5,White River,1986,7840,1992,149,73,7,Sold,,,http://www.redfin.com/IN/Greenwood/1404-Hunters-Ln-46142/home/60146039,MIBOR,21514636,N,Y,39.6092128,-86.1502353
PAST SALE,October-20-2017,Single Family Residential,697 Sutton Dr,Greenwood,IN,46142,258500,4,2.5,White River,4346,24829,2002,148,59,29,Sold,,,http://www.redfin.com/IN/Greenwood/697-Sutton-Dr-46142/home/67084931,MIBOR,21519965,N,Y,39.6054525,-86.2001441
PAST SALE,October-17-2017,Single Family Residential,1111 Barefoot,Greenwood,IN,46142,115000,4,1.5,White River,1400,9317,1966,151,82,,Sold,,,http://www.redfin.com/IN/Greenwood/1111-Barefoot-Trl-46142/home/82510597,MIBOR,21512659,N,Y,39.6327786,-86.1408213
PAST SALE,November-28-2017,Single Family Residential,686 Westberry Ln,Greenwood,IN,46142,309990,3,2,White River,3073,22912,2017,109,101,37,Sold,,,http://www.redfin.com/IN/Greenwood/686-Westberry-Ct-46142/home/113815980,MIBOR,21506846,N,Y,39.611732,-86.173752
PAST SALE,November-15-2017,Single Family Residential,5546 Patriot Pl,Greenwood,IN,46142,241000,4,3.5,White River,3234,16117,2000,122,75,16,Sold,,,http://www.redfin.com/IN/Greenwood/5546-Patriots-Ct-46142/home/60111083,MIBOR,21493733,N,Y,39.610479,-86.2072529
PAST SALE,December-1-2017,Single Family Residential,348 Green Hills Ct,Greenwood,IN,46142,215000,3,2,White River,2103,52707,1974,106,102,,Sold,,,http://www.redfin.com/IN/Greenwood/348-Green-Hills-Ct-46142/home/82511956,MIBOR,21518196,N,Y,39.6196953,-86.1694138
PAST SALE,October-31-2017,Single Family Residential,686 Winding Trl,Greenwood,IN,46142,175200,3,2,White River,1867,15158,1979,137,94,,Sold,,,http://www.redfin.com/IN/Greenwood/686-Winding-Trl-46142/home/82512253,MIBOR,21516750,N,Y,39.6258963,-86.1516267
PAST SALE,November-17-2017,Single Family Residential,353 Lake Ridge Ln,Greenwood,IN,46142,119000,2,1.5,White River,1016,7405,1994,120,117,,Sold,,,http://www.redfin.com/IN/Greenwood/353-Lake-Ridge-Ln-46142/home/82513764,MIBOR,21517439,N,Y,39.6183058,-86.1498775
PAST SALE,September-20-2017,Single Family Residential,1529 Timber Village Dr,Greenwood,IN,46142,79900,2,1.5,White River,1170,5227,1991,178,68,,Sold,,,http://www.redfin.com/IN/Greenwood/1529-Timber-Village-Dr-46142/home/82512451,MIBOR,21507712,N,Y,39.631835,-86.15148
PAST SALE,October-19-2017,Single Family Residential,773 San Ricardo Dr,Greenwood,IN,46142,227000,4,3.5,White River,2448,36760,1980,149,93,,Sold,,,http://www.redfin.com/IN/Greenwood/773-San-Ricardo-Dr-46142/home/82512994,MIBOR,21500246,N,Y,39.6261797,-86.1810367
PAST SALE,October-23-2017,Single Family Residential,600 Averitt Rd,Greenwood,IN,46142,110000,3,1.5,Pleasant,1050,13050,1956,145,105,,Sold,,,http://www.redfin.com/IN/Greenwood/600-Averitt-Rd-46142/home/60073395,MIBOR,21507015,N,Y,39.6073513,-86.1208474
PAST SALE,February-15-2018,Single Family Residential,991 Briarwood Dr,Greenwood,IN,46142,372430,5,2.5,Pleasant,3144,67082,1975,30,118,,Sold,,,http://www.redfin.com/IN/Greenwood/991-Briarwood-Dr-46142/home/82510344,MIBOR,21487954,N,Y,39.617194,-86.129429
PAST SALE,February-5-2018,Single Family Residential,784 Whispering Trl,Greenwood,IN,46142,225000,4,3,White River,2483,21780,1987,40,91,,Sold,,,http://www.redfin.com/IN/Greenwood/784-Whispering-Trl-46142/home/60012719,MIBOR,21504461,N,Y,39.6269996,-86.1521038
PAST SALE,January-24-2018,Single Family Residential,1360 Whipporwill Cir,Greenwood,IN,46142,215000,4,2.5,White River,2274,25900,1977,52,95,,Sold,,,http://www.redfin.com/IN/Greenwood/1360-Whipporwill-Cir-46142/home/82512649,MIBOR,21512577,N,Y,39.6246589,-86.1470945
PAST SALE,December-29-2017,Single Family Residential,637 Brushwood Ln,Greenwood,IN,46142,140000,3,2.5,Pleasant,1713,13068,1973,78,82,,Sold,,,http://www.redfin.com/IN/Greenwood/637-Brushwood-Way-46142/home/60049771,MIBOR,21526189,N,Y,39.6256682,-86.138797
PAST SALE,December-22-2017,Single Family Residential,817 W Main St,Greenwood,IN,46142,169900,2,2,Pleasant,1546,16117,1995,85,110,,Sold,,,http://www.redfin.com/IN/Greenwood/817-W-Main-St-46142/home/60047188,MIBOR,21492350,N,Y,39.6127773,-86.1228761
PAST SALE,March-2-2018,Single Family Residential,570 Weyworth Pl,Greenwood,IN,46142,184900,2,2,Pleasant,1608,10193,2003,15,115,19,Sold,,,http://www.redfin.com/IN/Greenwood/570-Weyworth-Pl-46142/home/82509297,MIBOR,21518072,N,Y,39.6088229,-86.1378499
PAST SALE,December-8-2017,Single Family Residential,521 Beech Park Dr,Greenwood,IN,46142,194900,3,2,Pleasant,3264,108900,1956,99,60,,Sold,,,http://www.redfin.com/IN/Greenwood/521-Beech-Park-Dr-46142/home/82507598,MIBOR,21524782,N,Y,39.6219874,-86.1160837
PAST SALE,March-2-2018,Single Family Residential,371 S Hendricks Dr,Greenwood,IN,46142,175000,3,2,White River,3102,20852,1957,15,56,,Sold,,,http://www.redfin.com/IN/Greenwood/371-S-Hendricks-Dr-46142/home/82513902,MIBOR,21492129,N,Y,39.608801,-86.147026
PAST SALE,January-5-2018,Single Family Residential,4066 N Oval Ln,Greenwood,IN,46142,310840,4,2.5,White River,4041,9104,2017,71,77,37,Sold,,,http://www.redfin.com/IN/Greenwood/4066-N-Oval-Ln-46142/home/109770605,MIBOR,21541331,N,Y,39.6123675,-86.1794541
PAST SALE,December-29-2017,Single Family Residential,1209 Woodcreek Dr,Greenwood,IN,46142,152000,3,2,White River,1540,14549,1987,78,99,,Sold,,,http://www.redfin.com/IN/Greenwood/1209-Woodcreek-Dr-46142/home/60101614,MIBOR,21522679,N,Y,39.6321936,-86.177123
PAST SALE,February-16-2018,Single Family Residential,3366 W Fairview Rd,Greenwood,IN,46142,475000,6,4,White River,15872,553647,1968,29,30,,Sold,,,http://www.redfin.com/IN/Greenwood/3366-Fairview-Rd-46142/home/82513296,MIBOR,21506466,N,Y,39.621841,-86.165155
PAST SALE,February-20-2018,Single Family Residential,1007 Leisure Ln,Greenwood,IN,46142,232000,3,2.5,White River,2203,14810,1971,25,105,19,Sold,,,http://www.redfin.com/IN/Greenwood/1007-Leisure-Ln-46142/home/66836962,MIBOR,21524158,N,Y,39.6327965,-86.1691158
PAST SALE,February-23-2018,Single Family Residential,3736 Presidents Ln,Greenwood,IN,46142,372335,3,2.5,White River,4128,13068,2017,22,90,37,Sold,,,http://www.redfin.com/IN/Greenwood/3736-Presidents-Ln-46142/home/144932943,MIBOR,21546929,N,Y,39.6124356,-86.1754306
PAST SALE,February-27-2018,Single Family Residential,263 Pennswood Rd,Greenwood,IN,46142,241900,4,2.5,White River,2782,21780,2001,18,87,16,Sold,,,http://www.redfin.com/IN/Greenwood/263-Pennswood-Rd-46142/home/82511381,MIBOR,21542133,N,Y,39.6110222,-86.2078486
PAST SALE,February-6-2018,Single Family Residential,383 Leisure Ln,Greenwood,IN,46142,309000,5,3,White River,4392,26571,1975,39,70,25,Sold,,,http://www.redfin.com/IN/Greenwood/383-Leisure-Ln-46142/home/60142974,MIBOR,21522366,N,Y,39.6184595,-86.1636908
PAST SALE,February-15-2018,Single Family Residential,3097 Sable Ridge Pl,Greenwood,IN,46142,149900,3,2,White River,1334,15245,1992,30,112,,Sold,,,http://www.redfin.com/IN/Greenwood/3097-Sable-Ridge-Pl-46142/home/60088167,MIBOR,21540836,N,Y,39.6299665,-86.1626773
PAST SALE,January-31-2018,Single Family Residential,205 Home Ave,Greenwood,IN,46142,115400,2,1,Pleasant,1440,8712,1947,45,80,,Sold,,,http://www.redfin.com/IN/Greenwood/205-Home-Ave-46142/home/67049836,MIBOR,21539659,N,Y,39.6099116,-86.1094297
PAST SALE,February-15-2018,Single Family Residential,1340 Fieldcrest Ln,Greenwood,IN,46143,295450,5,2.5,Pleasant,2899,9104,2017,30,102,21,Sold,,,http://www.redfin.com/IN/GREENWOOD/1340-FIELDCREST-LN-46143/home/144929853,MIBOR,21547601,N,Y,39.6136578,-86.1066526
PAST SALE,March-1-2018,Single Family Residential,373 W County Line Rd,Greenwood,IN,46142,124900,3,1,Pleasant,2112,17859,1949,16,59,,Sold,,,http://www.redfin.com/IN/Greenwood/373-W-County-Line-Rd-46142/home/66863308,MIBOR,21511707,N,Y,39.6353305,-86.114015
PAST SALE,February-28-2018,Single Family Residential,357 W County Line Rd,Greenwood,IN,46142,80000,3,1,Pleasant,2150,16988,1950,17,37,,Sold,,,http://www.redfin.com/IN/Greenwood/357-W-County-Line-Rd-46142/home/66882585,MIBOR,21510814,N,Y,39.6353568,-86.1135973
PAST SALE,December-27-2017,Single Family Residential,1000 Bomar Ln,Greenwood,IN,46142,120000,3,2,White River,1270,18687,1950,80,94,,Sold,,,http://www.redfin.com/IN/Greenwood/1000-Bomar-Ln-46142/home/82510882,MIBOR,21527247,N,Y,39.6312689,-86.1484463
