SALE TYPE,SOLD DATE,PROPERTY TYPE,ADDRESS,CITY,STATE,ZIP,PRICE,BEDS,BATHS,LOCATION,SQUARE FEET,LOT SIZE,YEAR BUILT,DAYS ON MARKET,$/SQUARE FEET,HOA/MONTH,STATUS,NEXT OPEN HOUSE START TIME,NEXT OPEN HOUSE END TIME,URL (SEE http://www.redfin.com/buy-a-home/comparative-market-analysis FOR INFO ON PRICING),SOURCE,MLS#,FAVORITE,INTERESTED,LATITUDE,LONGITUDE
PAST SALE,October-13-2017,Single Family Residential,7907 Jennifer Ln,Brownsburg,IN,46112,174500,3,2,Brown,1636,20473,1969,155,107,,Sold,,,http://www.redfin.com/IN/Brownsburg/7907-Jennifer-Ln-46112/home/60113015,MIBOR,21511990,N,Y,39.8732533,-86.3847298
PAST SALE,October-6-2017,Single Family Residential,661 Settlers Walk,Brownsburg,IN,46112,280000,5,2.5,Lincoln,4712,10454,2011,162,59,40,Sold,,,http://www.redfin.com/IN/Brownsburg/661-Settlers-Walk-46112/home/82483857,MIBOR,21491285,N,Y,39.8525934,-86.367555
PAST SALE,September-29-2017,Single Family Residential,1049 Statesman Dr,Brownsburg,IN,46112,216000,4,2.5,Lincoln,2284,11761,2000,169,95,21,Sold,,,http://www.redfin.com/IN/Brownsburg/1049-Statesman-Dr-46112/home/82461223,MIBOR,21504667,N,Y,39.8198914,-86.380097
PAST SALE,October-10-2017,Single Family Residential,1308 River Ridge Dr,Brownsburg,IN,46112,193500,4,2,Brown,2159,13068,2004,158,90,40,Sold,,,http://www.redfin.com/IN/Brownsburg/1308-River-Ridge-Dr-46112/home/66916891,MIBOR,21510686,N,Y,39.8592619,-86.3754888
PAST SALE,September-28-2017,Single Family Residential,24 Fairlane Dr,Brownsburg,IN,46112,170000,4,2.5,Lincoln,2105,16500,1978,170,81,,Sold,,,http://www.redfin.com/IN/Brownsburg/24-Fairlane-Dr-46112/home/82457905,MIBOR,21501324,N,Y,39.823271,-86.3793081
PAST SALE,October-18-2017,Single Family Residential,728 Ridge Gate Dr,Brownsburg,IN,46112,367500,3,3,Lincoln,4184,16552,2006,150,88,21,Sold,,,http://www.redfin.com/IN/Brownsburg/728-Ridge-Gate-Dr-46112/home/66981005,MIBOR,21506728,N,Y,39.8562008,-86.4120273
PAST SALE,October-27-2017,Single Family Residential,3575 N County Road 950 E,Brownsburg,IN,46112,161500,3,2,Lincoln,1344,20037,1970,141,120,,Sold,,,http://www.redfin.com/IN/Brownsburg/3575-N-County-Road-950-E-46112/home/66862875,MIBOR,21507340,N,Y,39.8154457,-86.3538037
PAST SALE,October-27-2017,Single Family Residential,316 S Odell St,Brownsburg,IN,46112,92900,2,1,Lincoln,1824,9448,1955,141,51,,Sold,,,http://www.redfin.com/IN/Brownsburg/316-S-Odell-St-46112/home/82458307,MIBOR,21513900,N,Y,39.8382395,-86.3880934
PAST SALE,October-4-2017,Single Family Residential,10377 Butler Dr,Brownsburg,IN,46112,194000,3,2.5,Brown,2854,8380,2005,164,68,40,Sold,,,http://www.redfin.com/IN/Brownsburg/10377-Butler-Dr-46112/home/82463419,MIBOR,21507387,N,Y,39.8596003,-86.3446275
PAST SALE,November-6-2017,Single Family Residential,717 Kingston Cir,Brownsburg,IN,46112,159900,3,2.5,Brown,1840,7074,1999,131,87,,Sold,,,http://www.redfin.com/IN/Brownsburg/717-Kingston-Cir-46112/home/82456513,MIBOR,21510610,N,Y,39.8597097,-86.385363
PAST SALE,October-30-2017,Single Family Residential,9630 Shoal Creek Ln,Brownsburg,IN,46112,203000,4,2.5,Brown,2317,50965,1979,138,88,21,Sold,,,http://www.redfin.com/IN/Brownsburg/9630-Shoal-Creek-Ln-46112/home/82463955,MIBOR,21493199,N,Y,39.8600112,-86.3551606
PAST SALE,September-27-2017,Single Family Residential,7401 Marigold Way,Brownsburg,IN,46112,272175,5,3,Lincoln,3167,13068,2017,171,86,50,Sold,,,http://www.redfin.com/IN/BROWNSBURG/7401-MARIGOLD-WAY-46112/home/143931093,MIBOR,21515215,N,Y,39.8433769,-86.3977735
PAST SALE,September-29-2017,Single Family Residential,922 Pine Ridge Way,Brownsburg,IN,46112,170000,4,2,Lincoln,1766,8712,2001,169,96,38,Sold,,,http://www.redfin.com/IN/Brownsburg/922-Pine-Ridge-Way-46112/home/60096048,MIBOR,21510590,N,Y,39.8554273,-86.3754295
PAST SALE,October-2-2017,Single Family Residential,256 Brooks Bnd,Brownsburg,IN,46112,190000,3,2.5,Brown,1824,9583,1998,166,104,10,Sold,,,http://www.redfin.com/IN/Brownsburg/256-Brooks-Bnd-46112/home/82453359,MIBOR,21507282,N,Y,39.8705694,-86.3952154
PAST SALE,September-27-2017,Single Family Residential,538 Nelson Dr,Brownsburg,IN,46112,172000,4,2.5,Lincoln,2595,12728,1978,171,66,,Sold,,,http://www.redfin.com/IN/Brownsburg/538-Nelson-Dr-46112/home/82457450,MIBOR,21503750,N,Y,39.8490582,-86.3884198
PAST SALE,September-29-2017,Single Family Residential,1285 Hornaday Rd,Brownsburg,IN,46112,172500,3,2,Lincoln,1596,16117,1962,169,108,,Sold,,,http://www.redfin.com/IN/Brownsburg/1285-Hornaday-Rd-46112/home/60078421,MIBOR,21506088,N,Y,39.8254366,-86.3818014
PAST SALE,October-2-2017,Single Family Residential,1630 Beacon Pointe Blvd,Brownsburg,IN,46112,257000,4,3,Lincoln,3296,12632,2009,166,78,30,Sold,,,http://www.redfin.com/IN/Brownsburg/1630-Beacon-Pointe-Blvd-46112/home/60136325,MIBOR,21494660,N,Y,39.8209035,-86.3688117
PAST SALE,September-21-2017,Single Family Residential,4333 N County Road 1000 E,Brownsburg,IN,46112,110000,3,1,Lincoln,1086,9583,1956,177,101,,Sold,,,http://www.redfin.com/IN/Brownsburg/4333-N-County-Road-1000-E-46112/home/67070857,MIBOR,21514152,N,Y,39.8272091,-86.3460132
PAST SALE,September-27-2017,Single Family Residential,8131 Douglas Hill Dr,Brownsburg,IN,46112,310000,4,2.5,Brown,3714,14374,2001,171,83,71,Sold,,,http://www.redfin.com/IN/Brownsburg/8131-Douglas-Hill-Dr-46112/home/82452741,MIBOR,21503443,N,Y,39.8818828,-86.3880736
PAST SALE,September-27-2017,Single Family Residential,6724 Branches Dr,Brownsburg,IN,46112,225000,4,2.5,Brown,3156,7039,2013,171,71,39,Sold,,,http://www.redfin.com/IN/Brownsburg/6724-Branches-Dr-46112/home/82463934,MIBOR,21492344,N,Y,39.8622178,-86.3487457
PAST SALE,September-29-2017,Single Family Residential,5478 Forest Glen Dr,Brownsburg,IN,46112,321315,4,2.5,Lincoln,3500,9583,2017,169,92,,Sold,,,http://www.redfin.com/IN/Brownsburg/5478-Forest-Glen-Dr-46112/home/109822609,MIBOR,21516760,N,Y,39.8434835,-86.4165345
PAST SALE,November-7-2017,Single Family Residential,7609 Northern Oak,Brownsburg,IN,46112,440240,3,4,Brown,3500,16988,2017,130,126,50,Sold,,,http://www.redfin.com/IN/Brownsburg/7609-Northern-Oak-46112/home/109821782,MIBOR,21523819,N,Y,39.8716185,-86.4129315
PAST SALE,October-25-2017,Single Family Residential,640 Settlers Walk,Brownsburg,IN,46112,280000,5,2.5,Lincoln,3382,11325,2011,143,83,40,Sold,,,http://www.redfin.com/IN/Brownsburg/640-Settlers-Walk-46112/home/60150457,MIBOR,21505843,N,Y,39.8520488,-86.3681265
PAST SALE,September-26-2017,Single Family Residential,1160 Highland Lake Way,Brownsburg,IN,46112,185000,4,2.5,Brown,2124,11761,2005,172,87,38,Sold,,,http://www.redfin.com/IN/Brownsburg/1160-Highland-Lake-Way-46112/home/60079452,MIBOR,21507426,N,Y,39.8608275,-86.3748753
PAST SALE,September-18-2017,Single Family Residential,1218 Auburn Dr,Brownsburg,IN,46112,146000,3,2,Brown,1468,7379,1998,180,99,17,Sold,,,http://www.redfin.com/IN/Brownsburg/1218-Auburn-Dr-46112/home/82456303,MIBOR,21501152,N,Y,39.8605115,-86.3866293
PAST SALE,September-22-2017,Single Family Residential,6785 Branches Dr,Brownsburg,IN,46112,287500,4,3,Brown,4760,6969,2011,176,60,39,Sold,,,http://www.redfin.com/IN/Brownsburg/6785-Branches-Dr-46112/home/82463916,MIBOR,21504972,N,Y,39.8630833,-86.3481913
PAST SALE,September-29-2017,Single Family Residential,1312 River Ridge Dr,Brownsburg,IN,46112,137000,3,2,Lincoln,1372,7840,2002,169,100,40,Sold,,,http://www.redfin.com/IN/Brownsburg/1312-River-Ridge-Dr-46112/home/66992249,MIBOR,21508125,N,Y,39.8618947,-86.3782
PAST SALE,September-29-2017,Single Family Residential,9970 N County Road 950 E,Brownsburg,IN,46112,219500,3,3,Brown,1770,44866,1973,169,124,,Sold,,,http://www.redfin.com/IN/Brownsburg/9970-N-County-Road-950-E-46112/home/82452758,MIBOR,21494421,N,Y,39.9086847,-86.3554108
PAST SALE,September-25-2017,Single Family Residential,6446 Leather Oak,Brownsburg,IN,46112,360000,5,3.5,Brown,4946,15707,2012,173,73,43,Sold,,,http://www.redfin.com/IN/Brownsburg/6446-Leather-Oak-46112/home/82453161,MIBOR,21507336,N,Y,39.8707613,-86.4150529
PAST SALE,October-16-2017,Single Family Residential,4021 Stoneridge Dr,Brownsburg,IN,46112,299900,5,5.5,Lincoln,5783,222155,1973,152,52,,Sold,,,http://www.redfin.com/IN/Brownsburg/4021-Stoneridge-Dr-46112/home/77288642,MIBOR,21387750,N,Y,39.8213226,-86.4201955
PAST SALE,October-6-2017,Single Family Residential,356 Pennwood Ln,Brownsburg,IN,46112,153900,4,2.5,Lincoln,1684,10454,1999,162,91,18,Sold,,,http://www.redfin.com/IN/Brownsburg/356-Pennwood-Ln-46112/home/60022125,MIBOR,21503865,N,Y,39.8458816,-86.3846903
PAST SALE,September-20-2017,Single Family Residential,7230 N State Road 267,Brownsburg,IN,46112,188000,3,2,Brown,3154,26136,1960,178,60,,Sold,,,http://www.redfin.com/IN/Brownsburg/7230-Indiana-267-46112/home/60086640,MIBOR,21504954,N,Y,39.8690902,-86.3923872
PAST SALE,September-28-2017,Single Family Residential,640 Pigeon Dr,Brownsburg,IN,46112,335000,5,3.5,Lincoln,4115,19602,2010,170,81,48,Sold,,,http://www.redfin.com/IN/Brownsburg/640-Pigeon-Dr-46112/home/77521885,MIBOR,21507809,N,Y,39.8410449,-86.4372703
PAST SALE,September-29-2017,Single Family Residential,10296 Haag Dr,Brownsburg,IN,46112,259807,4,2.5,Lincoln,2385,7143,2017,169,109,39,Sold,,,http://www.redfin.com/IN/Brownsburg/10296-Haag-Dr-46112/home/60034803,MIBOR,21462021,N,Y,39.8613945,-86.3462501
PAST SALE,October-11-2017,Single Family Residential,746 Apple Ln,Brownsburg,IN,46112,165000,4,2.5,Brown,1952,6647,1998,157,85,17,Sold,,,http://www.redfin.com/IN/Brownsburg/746-Apple-Ln-46112/home/60080339,MIBOR,21502888,N,Y,39.8607744,-86.3842565
PAST SALE,October-3-2017,Single Family Residential,2107 Heartland Ln,Brownsburg,IN,46112,194977,3,2,Lincoln,1604,13904,2017,165,122,70,Sold,,,http://www.redfin.com/IN/Brownsburg/2107-Heartland-Ln-46112/home/82461324,MIBOR,21455524,N,Y,39.810409,-86.384435
PAST SALE,October-10-2017,Single Family Residential,574 Heartland Ln,Brownsburg,IN,46112,157800,4,2,Lincoln,1698,13939,2009,158,93,32,Sold,,,http://www.redfin.com/IN/Brownsburg/574-Heartland-Ln-46112/home/60105454,MIBOR,21518467,N,Y,39.8119167,-86.3912984
PAST SALE,September-26-2017,Single Family Residential,2693 Kilgobbin Cres,Brownsburg,IN,46112,306600,5,3,Lincoln,3459,9583,2017,172,89,52,Sold,,,http://www.redfin.com/IN/Brownsburg/2693-Kilgobbin-Cres-46112/home/109821814,MIBOR,21475401,N,Y,39.801298,-86.371999
PAST SALE,October-17-2017,Single Family Residential,2563 N State Road 267,Brownsburg,IN,46112,500000,3,2,Lincoln,1806,179902,1981,151,277,,Sold,,,http://www.redfin.com/IN/Brownsburg/2563-Indiana-267-46112/home/59983015,MIBOR,21490873,N,Y,39.8004275,-86.3998006
PAST SALE,October-13-2017,Single Family Residential,10297 Crooked Stick Dr,Brownsburg,IN,46112,217000,4,2.5,Brown,2384,7405,2011,155,91,35,Sold,,,http://www.redfin.com/IN/Brownsburg/10297-Crooked-Stick-Dr-46112/home/60137266,MIBOR,21503534,N,Y,39.8634807,-86.3463768
PAST SALE,October-13-2017,Single Family Residential,1860 Pine Cone Dr,Brownsburg,IN,46112,239500,3,2,Lincoln,2046,2613,2003,155,117,65,Sold,,,http://www.redfin.com/IN/Brownsburg/1860-Pine-Cone-Dr-46112/unit-148/home/82461562,MIBOR,21513328,N,Y,39.8157871,-86.3769137
PAST SALE,October-20-2017,Single Family Residential,441 E Douglas Dr,Brownsburg,IN,46112,107900,3,1,Lincoln,912,11325,1952,148,118,,Sold,,,http://www.redfin.com/IN/Brownsburg/441-Douglas-Dr-46112/home/60005786,MIBOR,21510936,N,Y,39.8448761,-86.3894684
PAST SALE,October-13-2017,Single Family Residential,522 S Jefferson St,Brownsburg,IN,46112,115000,4,1.5,Lincoln,1800,12632,1965,155,64,,Sold,,,http://www.redfin.com/IN/Brownsburg/522-S-Jefferson-St-46112/home/60036093,MIBOR,21511811,N,Y,39.8342366,-86.3962441
PAST SALE,October-23-2017,Single Family Residential,1231 Spring Lake Dr,Brownsburg,IN,46112,178000,3,2,Lincoln,1622,12632,2001,145,110,40,Sold,,,http://www.redfin.com/IN/Brownsburg/1231-Spring-Lake-Dr-46112/home/60117630,MIBOR,21511930,N,Y,39.8562759,-86.3775469
PAST SALE,,Single Family Residential,407 N Green St,Brownsburg,IN,46112,5835,3,1,,912,10380,1955,,6,,,,,http://www.redfin.com/IN/Brownsburg/407-N-Green-St-46112/home/66792467,,,N,Y,39.8489927,-86.3956902
PAST SALE,October-11-2017,Single Family Residential,42 S Lake Dr S,Brownsburg,IN,46112,151900,3,2,Lincoln,1400,5662,1991,157,109,12,Sold,,,http://www.redfin.com/IN/Brownsburg/42-Lake-Dr-S-46112/home/67046225,MIBOR,21510945,N,Y,39.8259536,-86.3984596
PAST SALE,November-3-2017,Single Family Residential,1545 Windswept,Brownsburg,IN,46112,424000,4,3.5,Brown,5600,19201,2014,134,76,36,Sold,,,http://www.redfin.com/IN/Brownsburg/1545-Windswept-Dr-46112/home/59986938,MIBOR,21511755,N,Y,39.8675538,-86.4066877
PAST SALE,November-10-2017,Single Family Residential,14 Augusta Dr,Brownsburg,IN,46112,265000,2,2,Middle,2053,16988,2000,127,129,105,Sold,,,http://www.redfin.com/IN/Brownsburg/14-Augusta-Dr-46112/home/66962878,MIBOR,21507955,N,Y,39.8703552,-86.4312058
PAST SALE,October-31-2017,Single Family Residential,1336 Oak Lake Ln,Brownsburg,IN,46112,192000,4,2.5,Brown,2444,10890,2004,137,79,38,Sold,,,http://www.redfin.com/IN/Brownsburg/1336-Oak-Lake-Ln-46112/home/67009856,MIBOR,21513422,N,Y,39.864374,-86.3746972
PAST SALE,November-9-2017,Single Family Residential,7665 E Maloney Rd E,Brownsburg,IN,46112,345000,3,2.5,Brown,3131,47044,1991,128,110,,Sold,,,http://www.redfin.com/IN/Brownsburg/7665-Maloney-Rd-46112/home/67042435,MIBOR,21507321,N,Y,39.890552,-86.390151
PAST SALE,October-25-2017,Single Family Residential,10298 Breezeway Cir,Brownsburg,IN,46112,407900,4,2.5,Brown,3552,28030,1993,143,115,21,Sold,,,http://www.redfin.com/IN/Brownsburg/10298-Breezeway-Cir-46112/home/82452357,MIBOR,21507021,N,Y,39.9160557,-86.3810495
PAST SALE,October-27-2017,Single Family Residential,8360 Deborah Ct,Brownsburg,IN,46112,255000,4,4,Brown,2787,25025,1987,141,91,,Sold,,,http://www.redfin.com/IN/Brownsburg/8360-Deborah-Ct-46112/home/82452655,MIBOR,21489883,N,Y,39.8852329,-86.3951956
PAST SALE,November-1-2017,Single Family Residential,1350 Mineral Lake Ct,Brownsburg,IN,46112,172000,3,2,Lincoln,1650,9239,2001,136,104,,Sold,,,http://www.redfin.com/IN/Brownsburg/1350-Mineral-Lake-Ct-46112/home/82455726,MIBOR,21513931,N,Y,39.8581126,-86.372738
PAST SALE,October-27-2017,Single Family Residential,420 E Trevor,Brownsburg,IN,46112,105000,3,1.5,Lincoln,1008,8712,1955,141,104,,Sold,,,http://www.redfin.com/IN/Brownsburg/420-E-Trevor-St-46112/home/82457516,MIBOR,21509238,N,Y,39.8442568,-86.3912204
PAST SALE,October-31-2017,Single Family Residential,1802 Hunters Trl,Brownsburg,IN,46112,267000,3,2,Lincoln,1984,15681,1994,137,135,3,Sold,,,http://www.redfin.com/IN/Brownsburg/1802-Hunters-Trl-46112/home/82460783,MIBOR,21517702,N,Y,39.8178241,-86.3907643
PAST SALE,November-9-2017,Single Family Residential,2258 Walpole Rd,Brownsburg,IN,46112,222400,4,2.5,Lincoln,2663,16552,2011,128,84,30,Sold,,,http://www.redfin.com/IN/Brownsburg/2258-Walpole-Rd-46112/home/60052631,MIBOR,21509500,N,Y,39.809478,-86.3929602
PAST SALE,October-30-2017,Single Family Residential,1729 Falcon Way,Brownsburg,IN,46112,315000,3,3,Lincoln,4244,11325,2008,138,74,48,Sold,,,http://www.redfin.com/IN/Brownsburg/1729-Falcon-Way-46112/home/60091818,MIBOR,21507802,N,Y,39.8356807,-86.4307116
PAST SALE,November-7-2017,Single Family Residential,2278 Walpole Rd,Brownsburg,IN,46112,236500,4,2.5,Lincoln,3006,17859,2011,130,79,30,Sold,,,http://www.redfin.com/IN/Brownsburg/2278-Walpole-Rd-46112/home/60101893,MIBOR,21507931,N,Y,39.8089817,-86.3925218
PAST SALE,November-3-2017,Single Family Residential,1306 Mayapple Dr,Brownsburg,IN,46112,229900,4,2.5,Lincoln,2699,17424,2004,134,85,38,Sold,,,http://www.redfin.com/IN/Brownsburg/1306-Mayapple-Dr-46112/home/60108478,MIBOR,21509307,N,Y,39.8215353,-86.3751524
PAST SALE,November-2-2017,Single Family Residential,1919 Midnight Pass,Brownsburg,IN,46112,300000,4,2.5,Lincoln,3856,22485,2009,135,78,44,Sold,,,http://www.redfin.com/IN/Brownsburg/1919-Midnight-Pass-46112/home/60130421,MIBOR,21511402,N,Y,39.8416643,-86.437966
PAST SALE,September-29-2017,Single Family Residential,6450 Terrill Ln,Brownsburg,IN,46112,425000,4,3.5,Brown,4563,15245,2017,169,93,49,Sold,,,http://www.redfin.com/IN/BROWNSBURG/6450-TERRILL-LN-46112/home/109525989,MIBOR,21455302,N,Y,39.874434,-86.411286
PAST SALE,October-3-2017,Single Family Residential,2117 Heartland Ln,Brownsburg,IN,46112,206235,3,2.5,Lincoln,2029,9178,2017,165,102,70,Sold,,,http://www.redfin.com/IN/Brownsburg/2117-Heartland-Ln-46112/home/82460914,MIBOR,21455530,N,Y,39.81023,-86.384402
PAST SALE,October-20-2017,Single Family Residential,7015 Marstella Ln,Brownsburg,IN,46112,167900,3,2,Brown,1708,24829,1973,148,98,,Sold,,,http://www.redfin.com/IN/Brownsburg/7015-Marstella-Ln-46112/home/67052918,MIBOR,21515080,N,Y,39.8804577,-86.4007749
PAST SALE,October-17-2017,Single Family Residential,8732 Wicklow Way,Brownsburg,IN,46112,279190,3,2,Lincoln,2802,10759,2017,151,100,49,Sold,,,http://www.redfin.com/IN/Brownsburg/8732-Wicklow-Way-46112/home/144217688,MIBOR,21519793,N,Y,39.8018537,-86.3742636
PAST SALE,October-9-2017,Single Family Residential,7872 Elm Dr,Brownsburg,IN,46112,194000,3,2,Brown,1989,20351,1970,159,98,,Sold,,,http://www.redfin.com/IN/Brownsburg/7872-Elm-Dr-46112/home/82453720,MIBOR,21510729,N,Y,39.8782293,-86.3912193
PAST SALE,October-21-2017,Single Family Residential,5614 Henderson Dr,Brownsburg,IN,46112,123000,3,1,Lincoln,1212,18295,1953,147,101,,Sold,,,http://www.redfin.com/IN/Brownsburg/5614-Henderson-Dr-46112/home/82457593,MIBOR,21494629,N,Y,39.8477435,-86.4136998
PAST SALE,October-13-2017,Single Family Residential,7768 Acre Ln,Brownsburg,IN,46112,184100,3,2.5,Brown,2396,20037,1971,155,77,,Sold,,,http://www.redfin.com/IN/Brownsburg/7768-Acre-Ln-46112/home/60147188,MIBOR,21507455,N,Y,39.8762668,-86.3873845
PAST SALE,October-20-2017,Single Family Residential,2620 Kilgobbin Cres,Brownsburg,IN,46112,245770,4,3.5,Lincoln,2417,10018,2017,148,102,49,Sold,,,http://www.redfin.com/IN/Brownsburg/2620-Kilgobbin-Cres-46112/home/144217695,MIBOR,21522260,N,Y,39.801993,-86.3692614
PAST SALE,October-23-2017,Single Family Residential,7237 Janean Dr,Brownsburg,IN,46112,191000,3,2,Brown,2001,26136,1973,145,95,,Sold,,,http://www.redfin.com/IN/Brownsburg/7237-Janean-Dr-46112/home/67080906,MIBOR,21507537,N,Y,39.8690165,-86.3865501
PAST SALE,November-1-2017,Single Family Residential,1424 Hession Dr,Brownsburg,IN,46112,242000,3,2.5,Lincoln,2547,10402,2010,136,95,40,Sold,,,http://www.redfin.com/IN/Brownsburg/1424-Hession-Dr-46112/home/82456155,MIBOR,21507129,N,Y,39.8559027,-86.3676118
PAST SALE,February-28-2018,Single Family Residential,7345 E County Road 900 N,Brownsburg,IN,46112,193500,3,2,Brown,1538,33541,1971,17,126,,Sold,,,http://www.redfin.com/IN/Brownsburg/7345-E-County-Road-900-N-46112/home/67054136,MIBOR,21524650,N,Y,39.8942377,-86.3951758
PAST SALE,September-20-2017,Single Family Residential,5919 Jamestown Square Ln,Brownsburg,IN,46112,171900,3,2,Lincoln,1630,7405,2003,178,105,18,Sold,,,http://www.redfin.com/IN/Brownsburg/5919-Jamestown-Square-Ln-46112/home/143324887,MIBOR,21507044,N,Y,39.8433769,-86.3977735
PAST SALE,October-2-2017,Single Family Residential,326 Arborglen Dr,Brownsburg,IN,46112,325000,4,2.5,Lincoln,3463,10890,2010,166,94,45,Sold,,,http://www.redfin.com/IN/Brownsburg/326-Arborglen-Dr-46112/home/60098546,MIBOR,21496621,N,Y,39.8499176,-86.4228427
PAST SALE,October-13-2017,Single Family Residential,1534 Arborwoods Dr,Brownsburg,IN,46112,335000,4,2.5,Lincoln,4260,15681,2005,155,79,45,Sold,,,http://www.redfin.com/IN/Brownsburg/1534-Arborwoods-Dr-46112/home/67035419,MIBOR,21513597,N,Y,39.8479958,-86.4236018
PAST SALE,September-29-2017,Single Family Residential,1584 Windswept,Brownsburg,IN,46112,390000,3,2,Brown,4707,18238,2014,169,83,45,Sold,,,http://www.redfin.com/IN/Brownsburg/1584-Windswept-46112/home/60139971,MIBOR,21491652,N,Y,39.8688853,-86.4066202
PAST SALE,November-15-2017,Single Family Residential,6862 School Branch Dr,Brownsburg,IN,46112,239900,4,2.5,Brown,3170,7710,2017,122,76,39,Sold,,,http://www.redfin.com/IN/Brownsburg/6862-School-Branch-Dr-46112/home/143331701,MIBOR,21507597,N,Y,39.86568,-86.340758
PAST SALE,December-11-2017,Single Family Residential,7159 Creekwood Ests,Brownsburg,IN,46112,322000,4,2.5,Brown,3148,32234,1979,96,102,,Sold,,,http://www.redfin.com/IN/Brownsburg/7159-Creekwood-Est-46112/home/82453375,MIBOR,21504710,N,Y,39.8677916,-86.3995407
PAST SALE,December-15-2017,Single Family Residential,6631 Leah Ct,Brownsburg,IN,46112,310835,4,2.5,Lincoln,3297,10454,2017,92,94,42,Sold,,,http://www.redfin.com/IN/BROWNSBURG/6631-LEAH-CT-46112/home/109822190,MIBOR,21518756,N,Y,39.859088,-86.367989
PAST SALE,November-22-2017,Single Family Residential,8862 Castleblaney Dr,Brownsburg,IN,46112,306210,4,2.5,Lincoln,4534,9757,2017,115,68,49,Sold,,,http://www.redfin.com/IN/BROWNSBURG/8862-CASTLEBLANEY-DR-46112/home/144385489,MIBOR,21525145,N,Y,39.8433769,-86.3977735
PAST SALE,December-14-2017,Single Family Residential,6392 Terrill Ln,Brownsburg,IN,46112,492245,4,3.5,Brown,4056,,2017,93,121,,Sold,,,http://www.redfin.com/IN/BROWNSBURG/6392-TERRILL-LN-46112/home/144481051,MIBOR,21527417,N,Y,39.8433769,-86.3977735
PAST SALE,December-27-2017,Single Family Residential,6413 Toliver Pl,Brownsburg,IN,46112,435000,6,4.5,Brown,5178,14374,2017,80,84,49,Sold,,,http://www.redfin.com/IN/Brownsburg/6413-Toliver-Pl-46112/home/113374784,MIBOR,21472887,N,Y,39.874434,-86.411286
PAST SALE,December-27-2017,Single Family Residential,8796 Wicklow Way,Brownsburg,IN,46112,316286,4,2.5,Lincoln,3407,10018,2017,80,93,49,Sold,,,http://www.redfin.com/IN/BROWNSBURG/8796-WICKLOW-WAY-46112/home/144628514,MIBOR,21528829,N,Y,39.8433769,-86.3977735
PAST SALE,December-12-2017,Single Family Residential,7050 N State Road 267,Brownsburg,IN,46112,118000,3,2.5,Brown,1456,20473,1973,95,81,,Sold,,,http://www.redfin.com/IN/Brownsburg/7050-Indiana-267-46112/home/60019577,MIBOR,21487170,N,Y,39.8665263,-86.392404
PAST SALE,January-26-2018,Single Family Residential,13 Augusta Dr,Brownsburg,IN,46112,260000,3,2.5,Lincoln,1981,12196,1997,50,131,105,Sold,,,http://www.redfin.com/IN/Brownsburg/13-Augusta-Dr-46112/home/82453219,MIBOR,21527479,N,Y,39.8697971,-86.4313244
PAST SALE,December-18-2017,Single Family Residential,420 E Rodney St,Brownsburg,IN,46112,85000,2,1,Lincoln,768,7000,1950,89,111,,Sold,,,http://www.redfin.com/IN/Brownsburg/420-Rodney-St-46112/home/60058896,MIBOR,21523033,N,Y,39.8470086,-86.390298
PAST SALE,February-12-2018,Single Family Residential,506 E Trevor St,Brownsburg,IN,46112,123000,2,2,Lincoln,1135,9147,1954,33,108,,Sold,,,http://www.redfin.com/IN/Brownsburg/506-E-Trevor-St-46112/home/60154108,MIBOR,21529946,N,Y,39.844337,-86.3892409
PAST SALE,February-1-2018,Single Family Residential,1288 Summer Ridge Ln,Brownsburg,IN,46112,191000,4,2.5,Lincoln,2124,9583,2003,44,90,40,Sold,,,http://www.redfin.com/IN/Brownsburg/1288-Summer-Ridge-Ln-46112/home/66872900,MIBOR,21528319,N,Y,39.8631033,-86.3777052
PAST SALE,January-29-2018,Single Family Residential,,Brownsburg,IN,46112,170000,3,2.5,,1900,7971,1998,47,89,17,Sold,,,http://www.redfin.com/IN/Brownsburg/Undisclosed-address-46112/home/82456304,MIBOR,21525733,N,Y,39.8606721,-86.3866293
PAST SALE,January-12-2018,Single Family Residential,12 N Grant St,Brownsburg,IN,46112,100000,1,1,Lincoln,1160,8250,1930,64,86,,Sold,,,http://www.redfin.com/IN/Brownsburg/12-N-Grant-St-46112/home/82458134,MIBOR,21517355,N,Y,39.8422985,-86.3924351
PAST SALE,December-27-2017,Single Family Residential,101 W William Dr,Brownsburg,IN,46112,89900,3,1,Lincoln,1056,8720,1954,80,85,,Sold,,,http://www.redfin.com/IN/Brownsburg/101-W-William-Dr-46112/home/82459769,MIBOR,21502796,N,Y,39.8343311,-86.4032278
PAST SALE,February-21-2018,Single Family Residential,7643 N State Road 267,Brownsburg,IN,46112,202000,3,2,Brown,1484,28314,1965,24,136,,Sold,,,http://www.redfin.com/IN/Brownsburg/7643-Indiana-267-46112/home/82453772,MIBOR,21542362,N,Y,39.874886,-86.391947
PAST SALE,February-23-2018,Single Family Residential,1047 E Harris St,Brownsburg,IN,46112,152000,3,2,Lincoln,1327,13068,1960,22,115,,Sold,,,http://www.redfin.com/IN/Brownsburg/1047-E-Harris-St-46112/home/60137984,MIBOR,21544382,N,Y,39.8346669,-86.3790707
PAST SALE,January-9-2018,Single Family Residential,763 Woodcote Ln,Brownsburg,IN,46112,138000,3,2,Brown,1292,9583,1998,67,107,17,Sold,,,http://www.redfin.com/IN/Brownsburg/763-Woodcote-Ln-46112/home/60078507,MIBOR,21527675,N,Y,39.8642002,-86.3839384
PAST SALE,January-16-2018,Single Family Residential,8305 Reel Creek Dr,Brownsburg,IN,46112,386000,4,2.5,Brown,3999,47044,1998,60,97,61,Sold,,,http://www.redfin.com/IN/Brownsburg/8305-Reel-Creek-Dr-46112/home/82451848,MIBOR,21513425,N,Y,39.8850221,-86.3320116
PAST SALE,January-19-2018,Single Family Residential,5985 N County Road 600 E,Brownsburg,IN,46112,246900,3,2,Lincoln,1933,29189,1988,57,128,,Sold,,,http://www.redfin.com/IN/Brownsburg/5985-N-County-Rd-600-E-46112/home/82457333,MIBOR,21520232,N,Y,39.849671,-86.4202532
PAST SALE,January-19-2018,Single Family Residential,6508 Walnut Way Ct,Brownsburg,IN,46112,173000,4,2,Brown,2080,22651,1978,57,83,,Sold,,,http://www.redfin.com/IN/Brownsburg/6508-Walnut-Way-Ct-46112/home/82456134,MIBOR,21524208,N,Y,39.8574449,-86.4342105
PAST SALE,January-12-2018,Single Family Residential,1221 River Ridge Dr,Brownsburg,IN,46112,187900,3,2.5,Lincoln,2084,7884,2003,64,90,40,Sold,,,http://www.redfin.com/IN/Brownsburg/1221-River-Ridge-Dr-46112/home/64450784,MIBOR,21526375,N,Y,39.8602531,-86.3783187
PAST SALE,March-5-2018,Single Family Residential,7551 Northern Oak,Brownsburg,IN,46112,379000,5,3,Brown,4551,15245,2017,12,83,49,Sold,,,http://www.redfin.com/IN/Brownsburg/7551-Northern-Oak-46112/home/109821452,MIBOR,21497430,N,Y,39.874434,-86.411286
PAST SALE,March-9-2018,Single Family Residential,6709 School Branch Dr,Brownsburg,IN,46112,227100,4,4.5,Brown,2460,7039,2016,8,92,39,Sold,,,http://www.redfin.com/IN/Brownsburg/6709-School-Branch-Dr-46112/home/82484665,MIBOR,21525496,N,Y,39.8614143,-86.3494352
PAST SALE,October-31-2017,Single Family Residential,10310 Nicole Dr,Brownsburg,IN,46112,353000,3,2.5,Brown,2787,34848,1991,137,127,21,Sold,,,http://www.redfin.com/IN/Brownsburg/10310-Nicole-Dr-46112/home/60152780,MIBOR,21505664,N,Y,39.9121133,-86.3819211
PAST SALE,September-21-2017,Single Family Residential,8875 Castleblaney Dr,Brownsburg,IN,46112,323785,5,3,Lincoln,4630,12632,2017,177,70,49,Sold,,,http://www.redfin.com/IN/BROWNSBURG/8875-CASTLEBLANEY-DR-46112/home/143987286,MIBOR,21514866,N,Y,39.8433769,-86.3977735
PAST SALE,October-13-2017,Single Family Residential,3380 Farmbrook Ct,Brownsburg,IN,46112,230000,3,2.5,Lincoln,2291,24872,1994,155,100,,Sold,,,http://www.redfin.com/IN/Brownsburg/3380-Farmbrook-Ct-46112/home/143844794,MIBOR,21491974,N,Y,39.8433769,-86.3977735
PAST SALE,,Single Family Residential,10309 Haag Dr,Brownsburg,IN,46112,193000,3,2.5,,3118,7039,2008,,62,,,,,http://www.redfin.com/IN/Brownsburg/10309-Haag-Dr-46112/home/60048521,,,N,Y,39.8609596,-86.3460261
PAST SALE,December-14-2017,Single Family Residential,1806 Quinn Creek Dr,Brownsburg,IN,46112,149900,3,2,Lincoln,1410,8276,2003,93,106,29,Sold,,,http://www.redfin.com/IN/Brownsburg/1806-Quinn-Creek-Dr-46112/home/67013470,MIBOR,21519996,N,Y,39.8266407,-86.364704
PAST SALE,November-28-2017,Single Family Residential,5985 Autumn Trl,Brownsburg,IN,46112,369490,3,2.5,Lincoln,4184,8712,2017,109,88,40,Sold,,,http://www.redfin.com/IN/Brownsburg/5985-Autumn-Trl-46112/home/109822686,MIBOR,21529624,N,Y,39.8459538,-86.4177677
PAST SALE,December-24-2017,Single Family Residential,6372 Terrill Ln,Brownsburg,IN,46112,421940,5,2.5,Brown,4643,12632,2017,83,91,,Sold,,,http://www.redfin.com/IN/BROWNSBURG/6372-TERRILL-LN-46112/home/144562290,MIBOR,21529553,N,Y,39.8433769,-86.3977735
PAST SALE,December-21-2017,Single Family Residential,5504 Forest Glen Dr,Brownsburg,IN,46112,350000,4,2.5,Lincoln,3848,9583,2017,86,91,42,Sold,,,http://www.redfin.com/IN/Brownsburg/5504-Forest-Glen-Dr-46112/home/109821955,MIBOR,21494769,N,Y,39.845136,-86.419315
PAST SALE,January-25-2018,Single Family Residential,7321 Jean Ann Ct,Brownsburg,IN,46112,189900,3,2,Brown,1744,36154,1970,51,109,,Sold,,,http://www.redfin.com/IN/Brownsburg/7321-Jean-Ann-Ct-46112/home/60148003,MIBOR,21524272,N,Y,39.8700783,-86.3859297
PAST SALE,January-26-2018,Single Family Residential,9330 E County Road 300 N,Brownsburg,IN,46112,125000,3,2,Lincoln,1224,19980,1967,50,102,,Sold,,,http://www.redfin.com/IN/Brownsburg/9330-E-County-Rd-300-N-46112/home/82465352,MIBOR,21506477,N,Y,39.807837,-86.3564078
PAST SALE,,Single Family Residential,4375 Windsor Rd,Brownsburg,IN,46112,92000,3,1.5,,1393,14645,1971,,66,,,,,http://www.redfin.com/IN/Brownsburg/4375-Windsor-Rd-46112/home/82465270,,,N,Y,39.8281149,-86.3352401
PAST SALE,December-18-2017,Single Family Residential,417 S Grant St,Brownsburg,IN,46112,100000,2,1,Lincoln,1792,18295,1949,89,56,,Sold,,,http://www.redfin.com/IN/Brownsburg/417-S-Grant-St-46112/home/60069826,MIBOR,21516601,N,Y,39.8363644,-86.391061
PAST SALE,November-28-2017,Single Family Residential,7246 Janean Dr,Brownsburg,IN,46112,175000,3,2,Brown,1656,24829,1973,109,106,,Sold,,,http://www.redfin.com/IN/Brownsburg/7246-Janean-Dr-46112/home/60074842,MIBOR,21513273,N,Y,39.8691966,-86.3871833
PAST SALE,December-21-2017,Single Family Residential,10 Murphy Cir,Brownsburg,IN,46112,167500,3,2,Lincoln,1702,10018,2002,86,98,18,Sold,,,http://www.redfin.com/IN/Brownsburg/10-Murphy-Cir-46112/home/60084468,MIBOR,21525141,N,Y,39.8415607,-86.3845122
PAST SALE,February-13-2018,Single Family Residential,10762 Forest Lake Ct,Brownsburg,IN,46278,440000,3,2.5,Brown,3812,75358,1998,32,115,129,Sold,,,http://www.redfin.com/IN/Indianapolis/10762-Forest-Lake-Ct-46278/home/67042068,MIBOR,21514335,N,Y,39.8723167,-86.3304865
PAST SALE,January-31-2018,Single Family Residential,201 Brooks Bnd,Brownsburg,IN,46112,182500,4,2.5,Brown,1719,9827,1996,45,106,10,Sold,,,http://www.redfin.com/IN/Brownsburg/201-Brooks-Bnd-46112/home/82453670,MIBOR,21526594,N,Y,39.8689601,-86.3963428
PAST SALE,October-31-2017,Single Family Residential,843 Settlers Walk,Brownsburg,IN,46112,305000,5,3.5,Lincoln,4197,18295,2010,137,73,160,Sold,,,http://www.redfin.com/IN/Brownsburg/843-Settlers-Walk-46112/home/82455736,MIBOR,21509737,N,Y,39.8573489,-86.3676161
PAST SALE,February-15-2018,Single Family Residential,416 N Odell St,Brownsburg,IN,46112,140000,3,2,Lincoln,1207,8511,1999,30,116,16,Sold,,,http://www.redfin.com/IN/Brownsburg/416-N-Odell-St-46112/home/82457215,MIBOR,21525842,N,Y,39.845436,-86.3871437
PAST SALE,February-15-2018,Single Family Residential,19 Redwood Ct,Brownsburg,IN,46112,190000,3,2,Lincoln,1960,18295,1993,30,97,,Sold,,,http://www.redfin.com/IN/Brownsburg/19-Redwood-Ct-46112/home/82459312,MIBOR,21525220,N,Y,39.8266006,-86.3837207
PAST SALE,January-9-2018,Single Family Residential,5853 Tulip Dr,Brownsburg,IN,46112,178000,4,2,Lincoln,1682,20298,1973,67,106,,Sold,,,http://www.redfin.com/IN/Brownsburg/5853-Tulip-Dr-46112/home/82459578,MIBOR,21518165,N,Y,39.8298848,-86.4230608
PAST SALE,February-16-2018,Single Family Residential,2337 Bersot Ct,Brownsburg,IN,46112,155500,2,2,Lincoln,1642,7143,2008,29,95,70,Sold,,,http://www.redfin.com/IN/Brownsburg/2337-Bersot-Ct-46112/home/82460882,MIBOR,21523855,N,Y,39.8074212,-86.3849277
PAST SALE,February-23-2018,Single Family Residential,1167 Highland Lake Way,Brownsburg,IN,46112,188500,4,2.5,Brown,2160,11891,2006,22,87,38,Sold,,,http://www.redfin.com/IN/Brownsburg/1167-Highland-Lake-Way-46112/home/82456028,MIBOR,21540854,N,Y,39.861071,-86.3743014
PAST SALE,February-26-2018,Single Family Residential,10 Lake Dr N,Brownsburg,IN,46112,127900,3,2,Lincoln,1200,6969,1991,19,107,12,Sold,,,http://www.redfin.com/IN/Brownsburg/10-Lake-Dr-N-46112/home/66979311,MIBOR,21542855,N,Y,39.8270162,-86.4003663
PAST SALE,February-27-2018,Single Family Residential,424 Rodney St,Brownsburg,IN,46112,92000,2,1,Lincoln,864,6969,1954,18,106,,Sold,,,http://www.redfin.com/IN/Brownsburg/424-Rodney-St-46112/home/82457428,MIBOR,21541537,N,Y,39.8470073,-86.3899135
PAST SALE,February-27-2018,Single Family Residential,7533 Dunleer Dr,Brownsburg,IN,46112,315000,5,3.5,Lincoln,3355,12371,2017,18,94,44,Sold,,,http://www.redfin.com/IN/Brownsburg/7533-Dunleer-Dr-46112/home/109822440,MIBOR,21493285,N,Y,39.800401,-86.387376
PAST SALE,February-28-2018,Single Family Residential,515 S Saratoga Dr,Brownsburg,IN,46112,98000,3,1.5,Lincoln,2688,8398,1956,17,36,,Sold,,,http://www.redfin.com/IN/Brownsburg/515-S-Saratoga-Dr-46112/home/82458395,MIBOR,21514280,N,Y,39.8349876,-86.399966
PAST SALE,December-8-2017,Single Family Residential,2699 Mickelson Dr,Brownsburg,IN,46112,360000,6,4.5,Lincoln,4606,24781,2015,99,78,,Sold,,,http://www.redfin.com/IN/Brownsburg/2699-Mickelson-Dr-46112/home/60465814,MIBOR,21509395,N,Y,39.80268,-86.3850421
PAST SALE,November-28-2017,Single Family Residential,139 Torrey Pine Dr,Brownsburg,IN,46112,260000,5,2.5,Brown,3262,9583,1997,109,80,35,Sold,,,http://www.redfin.com/IN/Brownsburg/139-Torrey-Pine-Dr-46112/home/67004012,MIBOR,21494575,N,Y,39.8625142,-86.4306919
PAST SALE,March-2-2018,Single Family Residential,1366 River Ridge Dr,Brownsburg,IN,46112,153000,3,2,Brown,1425,7801,2002,15,107,,Sold,,,http://www.redfin.com/IN/Brownsburg/1366-River-Ridge-Dr-46112/home/82455644,MIBOR,21542579,N,Y,39.8635,-86.3782
PAST SALE,March-2-2018,Single Family Residential,5228 E Us Highway 136,Pittsboro,IN,46167,307000,3,2,Lincoln,1836,270943,1968,15,167,,Sold,,,http://www.redfin.com/IN/Pittsboro/5228-US-Highway-136-46167/home/107284398,MIBOR,21523901,N,Y,39.856299,-86.435431
PAST SALE,December-1-2017,Single Family Residential,10262 Mcclain Dr,Brownsburg,IN,46112,192000,4,2.5,Brown,2384,7318,2010,106,81,39,Sold,,,http://www.redfin.com/IN/Brownsburg/10262-McClain-Dr-46112/home/82463978,MIBOR,21516733,N,Y,39.8621631,-86.3470032
PAST SALE,December-11-2017,Single Family Residential,9545 E County Road 400 Rd N,Brownsburg,IN,46112,138000,3,1,Lincoln,960,33105,1960,96,144,,Sold,,,http://www.redfin.com/IN/Brownsburg/9545-E-County-Road-400-N-46112/home/82465478,MIBOR,21520805,N,Y,39.8219767,-86.3532996
PAST SALE,March-5-2018,Single Family Residential,21 Covington St,Brownsburg,IN,46112,155500,3,2,Lincoln,1628,11434,1995,12,96,43,Sold,,,http://www.redfin.com/IN/Brownsburg/21-Covington-St-46112/home/60105662,MIBOR,21541507,N,Y,39.8161122,-86.3977277
PAST SALE,February-28-2018,Single Family Residential,446 Raven Cir,Brownsburg,IN,46112,278000,4,3.5,Lincoln,4204,14745,2005,17,66,48,Sold,,,http://www.redfin.com/IN/Brownsburg/446-Raven-Cir-46112/home/82457254,MIBOR,21495422,N,Y,39.8453004,-86.4243887
PAST SALE,March-2-2018,Single Family Residential,1711 Sparrow Ct,Brownsburg,IN,46112,225000,3,2,Lincoln,3200,11761,2005,15,70,,Sold,,,http://www.redfin.com/IN/Brownsburg/1711-Sparrow-Ct-46112/home/60033702,MIBOR,21527887,N,Y,39.8375143,-86.4296244
PAST SALE,March-7-2018,Single Family Residential,7690 Rosemont Dr,Brownsburg,IN,46112,319000,4,2.5,Lincoln,4047,12980,2017,10,79,44,Sold,,,http://www.redfin.com/IN/Brownsburg/7690-Rosemont-Dr-46112/home/113684164,MIBOR,21479578,N,Y,39.800401,-86.387376
PAST SALE,March-9-2018,Single Family Residential,1302 Black Lake Ct,Brownsburg,IN,46112,215000,3,2.5,Lincoln,2338,11900,2000,8,92,40,Sold,,,http://www.redfin.com/IN/Brownsburg/1302-Black-Lake-Ct-46112/home/82456152,MIBOR,21542440,N,Y,39.8542283,-86.3704422
PAST SALE,March-12-2018,Single Family Residential,2252 Hanover Rd,Brownsburg,IN,46112,242000,4,2.5,Lincoln,3133,12632,2013,5,77,30,Sold,,,http://www.redfin.com/IN/Brownsburg/2252-Hanover-Rd-46112/home/60146466,MIBOR,21544176,N,Y,39.8093919,-86.394068
PAST SALE,March-13-2018,Single Family Residential,522 Alpha Ave,Brownsburg,IN,46112,94000,3,2,Lincoln,1189,10454,1956,4,79,,Sold,,,http://www.redfin.com/IN/Brownsburg/522-S-Alpha-Ave-46112/home/66923779,MIBOR,21540030,N,Y,39.8345914,-86.4073898
PAST SALE,March-14-2018,Single Family Residential,314 Arborglen Dr,Brownsburg,IN,46112,339000,4,2.5,Lincoln,3611,10528,2009,3,94,45,Sold,,,http://www.redfin.com/IN/Brownsburg/314-Arborglen-Dr-46112/home/82457238,MIBOR,21541452,N,Y,39.84993,-86.4219436
PAST SALE,March-15-2018,Single Family Residential,5461 Forest Glen Dr,Brownsburg,IN,46112,338000,4,2.5,Lincoln,4136,8276,2017,2,82,40,Sold,,,http://www.redfin.com/IN/Brownsburg/5461-FOREST-GLEN-DR-46112/home/109821983,MIBOR,21488814,N,Y,39.845136,-86.419315
PAST SALE,October-20-2017,Single Family Residential,1056 Lake Dr W,Brownsburg,IN,46112,145000,3,2,Lincoln,1420,10018,1992,148,102,10,Sold,,,http://www.redfin.com/IN/Brownsburg/1056-Lake-Dr-W-46112/home/66987847,MIBOR,21490463,N,Y,39.8265855,-86.4007145
PAST SALE,October-23-2017,Single Family Residential,8822 Wicklow Way,Brownsburg,IN,46112,255775,3,2,Lincoln,2061,9888,2017,145,124,49,Sold,,,http://www.redfin.com/IN/Brownsburg/8822-Wicklow-Way-46112/home/144217702,MIBOR,21520010,N,Y,39.8018537,-86.3742636
PAST SALE,October-30-2017,Single Family Residential,,Brownsburg,IN,46112,93751,3,1,,1904,11761,1955,138,49,,Sold,,,http://www.redfin.com/IN/Brownsburg/Undisclosed-address-46112/home/60048936,MIBOR,21522558,N,Y,39.8359061,-86.4003422
PAST SALE,November-30-2017,Single Family Residential,110 Bent Stream Ln,Brownsburg,IN,46112,158000,3,2.5,Lincoln,1807,6098,2000,107,87,29,Sold,,,http://www.redfin.com/IN/Brownsburg/110-Bent-Stream-Ln-46112/home/82458755,MIBOR,21518481,N,Y,39.831293,-86.371518
PAST SALE,December-1-2017,Single Family Residential,67 Carriage Lake Dr,Brownsburg,IN,46112,220000,4,2.5,Brown,3000,14810,1998,106,73,25,Sold,,,http://www.redfin.com/IN/Brownsburg/67-Carriage-Lake-Dr-46112/home/60093584,MIBOR,21518930,N,Y,39.869611,-86.388143
PAST SALE,January-26-2018,Single Family Residential,22 Lake Dr N,Brownsburg,IN,46112,149900,3,2,Lincoln,1400,7405,1991,50,107,11,Sold,,,http://www.redfin.com/IN/Brownsburg/22-Lake-Dr-N-46112/home/60154686,MIBOR,21528100,N,Y,39.8270368,-86.3997255
PAST SALE,,Single Family Residential,8968 Sunset Ln,Brownsburg,IN,46112,138000,3,2,,1353,19998,1971,,102,,,,,http://www.redfin.com/IN/Brownsburg/8968-Sunset-Ln-46112/home/59991683,,,N,Y,39.8502657,-86.3656523
PAST SALE,December-22-2017,Single Family Residential,2905 Avebury Way,Brownsburg,IN,46112,216500,4,2.5,Lincoln,2284,12750,2010,85,95,49,Sold,,,http://www.redfin.com/IN/Brownsburg/2905-Avebury-Way-46112/home/60002540,MIBOR,21522953,N,Y,39.8058456,-86.3678692
PAST SALE,December-27-2017,Single Family Residential,8388 Tralee Ln,Brownsburg,IN,46112,177000,3,2,Lincoln,1685,11761,2013,80,105,49,Sold,,,http://www.redfin.com/IN/Brownsburg/8388-Tralee-Ln-46112/home/60129541,MIBOR,21525729,N,Y,39.8051749,-86.3750324
PAST SALE,January-24-2018,Single Family Residential,117 Clear Branch Dr,Brownsburg,IN,46112,115900,2,2,Lincoln,1110,4356,2001,52,104,85,Sold,,,http://www.redfin.com/IN/Brownsburg/117-Clear-Branch-Dr-46112/home/82458709,MIBOR,21527485,N,Y,39.8312163,-86.3701169
PAST SALE,December-27-2017,Single Family Residential,1723 Sparrow Ct,Brownsburg,IN,46112,310000,4,3,Lincoln,4486,13904,2005,80,69,48,Sold,,,http://www.redfin.com/IN/Brownsburg/1723-Sparrow-Ct-46112/home/82457214,MIBOR,21494978,N,Y,39.8370093,-86.4301779
PAST SALE,November-21-2017,Single Family Residential,4669 N County Road 575 E,Brownsburg,IN,46112,145000,3,2,Lincoln,1431,19946,1969,116,101,,Sold,,,http://www.redfin.com/IN/Brownsburg/4669-N-County-Road-575-E-46112/home/82459575,MIBOR,21522278,N,Y,39.8306914,-86.4244843
PAST SALE,February-8-2018,Single Family Residential,657 Hanover Rd,Brownsburg,IN,46112,207000,4,2.5,Lincoln,2911,14374,2005,37,71,30,Sold,,,http://www.redfin.com/IN/Brownsburg/657-Hanover-Rd-46112/home/60128942,MIBOR,21522021,N,Y,39.8081977,-86.3889807
PAST SALE,February-8-2018,Single Family Residential,505 S Stephen Dr,Brownsburg,IN,46112,99500,2,1.5,Lincoln,1096,8250,1953,37,91,,Sold,,,http://www.redfin.com/IN/Brownsburg/505-S-Stephen-Dr-46112/home/60037977,MIBOR,21512919,N,Y,39.8353981,-86.4027611
PAST SALE,January-4-2018,Single Family Residential,7015 Bluffwood Ct,Brownsburg,IN,46112,285000,4,3,Brown,3006,27312,1979,72,95,,Sold,,,http://www.redfin.com/IN/Brownsburg/7015-Bluffwood-Ct-46112/home/82453174,MIBOR,21485654,N,Y,39.8654719,-86.427687
PAST SALE,November-10-2017,Single Family Residential,7812 Walker Cup Dr,Brownsburg,IN,46112,393000,5,4,Brown,5412,12196,2012,127,73,69,Sold,,,http://www.redfin.com/IN/Brownsburg/7812-Walker-Cup-Dr-46112/home/60043982,MIBOR,21510159,N,Y,39.8848729,-86.3868271
PAST SALE,December-29-2017,Single Family Residential,8186 Wind Drift Cir,Brownsburg,IN,46112,358000,4,2.5,Brown,3732,41190,1992,78,96,21,Sold,,,http://www.redfin.com/IN/Brownsburg/8186-Wind-Drift-Cir-46112/home/67060353,MIBOR,21509327,N,Y,39.9102183,-86.3802975
PAST SALE,October-25-2017,Single Family Residential,10497 Ballard Dr,Brownsburg,IN,46112,177900,3,2.5,Brown,2274,7562,2006,143,78,39,Sold,,,http://www.redfin.com/IN/Brownsburg/10497-Ballard-Dr-46112/home/82463732,MIBOR,21496833,N,Y,39.8635479,-86.3426032
PAST SALE,December-8-2017,Single Family Residential,1401 Audubon Dr,Brownsburg,IN,46112,164000,3,2.5,Brown,1786,7840,1998,99,92,33,Sold,,,http://www.redfin.com/IN/Brownsburg/1401-Audubon-Dr-46112/home/60051617,MIBOR,21520031,N,Y,39.8637792,-86.3833052
PAST SALE,December-8-2017,Single Family Residential,2248 Walpole Rd,Brownsburg,IN,46112,205248,3,2.5,Lincoln,2294,12501,2011,99,89,33,Sold,,,http://www.redfin.com/IN/Brownsburg/2248-Walpole-Rd-46112/home/60105355,MIBOR,21505777,N,Y,39.8097604,-86.3929998
PAST SALE,December-12-2017,Single Family Residential,11 Carnaby Dr,Brownsburg,IN,46112,340000,4,4,Lincoln,3075,35283,1989,95,111,,Sold,,,http://www.redfin.com/IN/Brownsburg/11-Carnaby-Dr-46112/home/60061920,MIBOR,21515251,N,Y,39.8510512,-86.4067566
PAST SALE,January-2-2018,Single Family Residential,1502 Winding Creek Trl,Brownsburg,IN,46112,212000,4,2.5,Brown,2020,9583,1998,74,105,10,Sold,,,http://www.redfin.com/IN/Brownsburg/1502-Winding-Creek-Trl-46112/home/60098834,MIBOR,21525393,N,Y,39.8664896,-86.3943454
PAST SALE,January-2-2018,Single Family Residential,7246 Marstella Dr,Brownsburg,IN,46112,240000,4,3,Brown,3641,39639,1973,74,66,,Sold,,,http://www.redfin.com/IN/Brownsburg/7246-Marstella-Dr-46112/home/82452893,MIBOR,21511716,N,Y,39.8821506,-86.3973518
PAST SALE,,Single Family Residential,8950 N County Road 750 E,Brownsburg,IN,46112,210381,4,2,,1468,55321,1926,,143,,,,,http://www.redfin.com/IN/Brownsburg/8950-N-County-Road-750-E-46112/home/82454091,,,N,Y,39.9044357,-86.3932399
PAST SALE,December-19-2017,Single Family Residential,722 S Green St,Brownsburg,IN,46112,83750,3,1,Lincoln,1056,32670,1950,88,79,,Sold,,,http://www.redfin.com/IN/Brownsburg/722-S-Green-St-46112/home/82459407,MIBOR,21525207,N,Y,39.8319565,-86.4017035
PAST SALE,November-3-2017,Single Family Residential,7588 Acre Ln,Brownsburg,IN,46112,170000,3,2,Brown,1572,20251,1966,134,108,,Sold,,,http://www.redfin.com/IN/Brownsburg/7588-Acre-Ln-46112/home/82453782,MIBOR,21517884,N,Y,39.876244,-86.390757
PAST SALE,November-29-2017,Single Family Residential,1670 Cottongrass Dr,Brownsburg,IN,46112,279900,6,3.5,Lincoln,3923,14823,2002,108,71,38,Sold,,,http://www.redfin.com/IN/Brownsburg/1670-Cottongrass-Dr-46112/home/82461357,MIBOR,21500720,N,Y,39.8185567,-86.3762211
PAST SALE,September-19-2017,Single Family Residential,2793 N State Road 267,Brownsburg,IN,46112,230000,4,2.5,Lincoln,2056,98881,1983,179,112,,Sold,,,http://www.redfin.com/IN/Brownsburg/2793-Indiana-267-46112/home/66985888,MIBOR,21507168,N,Y,39.803638,-86.399905
PAST SALE,September-29-2017,Single Family Residential,2639 Kilgobbin Cres,Brownsburg,IN,46112,249250,4,2.5,Lincoln,2877,9583,2017,169,87,49,Sold,,,http://www.redfin.com/IN/Brownsburg/2639-Kilgobbin-Cres-46112/home/143987236,MIBOR,21516886,N,Y,39.801993,-86.3692614
PAST SALE,September-28-2017,Single Family Residential,2625 Kilgobbin Cres,Brownsburg,IN,46112,326105,3,3,Lincoln,3779,9583,2017,170,86,49,Sold,,,http://www.redfin.com/IN/Brownsburg/2625-Kilgobbin-Cres-46112/home/143987383,MIBOR,21516873,N,Y,39.801993,-86.3692614
PAST SALE,October-13-2017,Single Family Residential,2792 Arklow Way,Brownsburg,IN,46112,226000,3,2.5,Lincoln,2696,11316,2015,155,84,49,Sold,,,http://www.redfin.com/IN/Brownsburg/2792-Arklow-Way-46112/home/62285510,MIBOR,21495890,N,Y,39.8037128,-86.3772405
PAST SALE,November-3-2017,Single Family Residential,642 Stonehenge Way,Brownsburg,IN,46112,182500,3,2.5,Lincoln,2232,14300,2006,134,82,30,Sold,,,http://www.redfin.com/IN/Brownsburg/642-Stonehenge-Way-46112/home/82460883,MIBOR,21516691,N,Y,39.8104505,-86.3893358
PAST SALE,November-15-2017,Single Family Residential,7550 Rosemont Dr,Brownsburg,IN,46112,281050,4,2,Lincoln,1982,11277,2017,122,142,,Sold,,,http://www.redfin.com/IN/Brownsburg/7550-Rosemont-Dr-46112/home/143740276,MIBOR,21525060,N,Y,39.8028336,-86.3865119
PAST SALE,November-22-2017,Single Family Residential,8760 Wicklow Way,Brownsburg,IN,46112,334872,4,2.5,Lincoln,3588,11586,2017,115,93,49,Sold,,,http://www.redfin.com/IN/Brownsburg/8760-Wicklow-Way-46112/home/121286393,MIBOR,21524962,N,Y,39.801298,-86.371999
PAST SALE,November-28-2017,Single Family Residential,8784 Wicklow Way,Brownsburg,IN,46112,312770,4,2.5,Lincoln,3588,10802,2017,109,87,49,Sold,,,http://www.redfin.com/IN/Brownsburg/8784-Wicklow-Way-46112/home/113787039,MIBOR,21525146,N,Y,39.801298,-86.371999
PAST SALE,December-1-2017,Single Family Residential,6744 Buckingham Ln,Brownsburg,IN,46112,230200,3,2,Lincoln,1632,7082,2017,106,141,,Sold,,,http://www.redfin.com/IN/Brownsburg/6744-Buckingham-Ln-46112/home/60060629,MIBOR,21474197,N,Y,39.799947,-86.4054446
PAST SALE,December-14-2017,Single Family Residential,7600 Rosemont Dr,Brownsburg,IN,46112,325000,5,3.5,Lincoln,3276,12371,2017,93,99,44,Sold,,,http://www.redfin.com/IN/Brownsburg/7600-Rosemont-Dr-46112/home/142254913,MIBOR,21507590,N,Y,39.800401,-86.387376
PAST SALE,February-2-2018,Single Family Residential,1406 Hideaway Cir,Brownsburg,IN,46112,193000,3,3,Lincoln,2796,5536,2006,43,69,100,Sold,,,http://www.redfin.com/IN/Brownsburg/1406-Hideaway-Cir-46112/home/60053301,MIBOR,21540015,N,Y,39.8239839,-86.4029715
PAST SALE,January-31-2018,Single Family Residential,7517 Dunleer Dr,Brownsburg,IN,46112,286000,5,3,Lincoln,3085,13939,2017,45,93,44,Sold,,,http://www.redfin.com/IN/Brownsburg/Dunleer-Dr-46112/home/109822072,MIBOR,21490299,N,Y,39.800401,-86.387376
PAST SALE,December-29-2017,Single Family Residential,2440 Odell St,Brownsburg,IN,46112,213000,3,2.5,Lincoln,2268,14836,2010,78,94,30,Sold,,,http://www.redfin.com/IN/Brownsburg/2440-Odell-St-46112/home/60146460,MIBOR,21515181,N,Y,39.8078275,-86.3922989
PAST SALE,,Single Family Residential,4398 Clifford Rd,Brownsburg,IN,46112,110000,3,1.5,,1292,12554,1972,,85,,,,,http://www.redfin.com/IN/Brownsburg/4398-Clifford-Rd-46112/home/67100085,,,N,Y,39.8282424,-86.3380128
PAST SALE,February-23-2018,Single Family Residential,4373 Varner Rd,Brownsburg,IN,46112,119900,3,1,Lincoln,1040,10454,1960,22,115,,Sold,,,http://www.redfin.com/IN/Brownsburg/4373-Varner-Rd-46112/home/82464766,MIBOR,21548047,N,Y,39.8279026,-86.342528
PAST SALE,November-6-2017,Single Family Residential,4150 Oles Dr,Brownsburg,IN,46112,180000,4,3,Lincoln,1924,20037,1989,131,94,,Sold,,,http://www.redfin.com/IN/Brownsburg/4150-Oles-Dr-46112/home/66942594,MIBOR,21503591,N,Y,39.823152,-86.4234958
PAST SALE,December-1-2017,Single Family Residential,354 Ryan Trl,Brownsburg,IN,46112,202500,4,2.5,Lincoln,2040,16117,1993,106,99,13,Sold,,,http://www.redfin.com/IN/Brownsburg/354-Ryan-Trl-46112/home/67049876,MIBOR,21514211,N,Y,39.8242199,-86.3943447
PAST SALE,December-1-2017,Single Family Residential,645 Stonehenge Way,Brownsburg,IN,46112,192000,4,2.5,Lincoln,3535,12632,2006,106,54,30,Sold,,,http://www.redfin.com/IN/Brownsburg/645-Stonehenge-Way-46112/home/67094168,MIBOR,21507657,N,Y,39.8101443,-86.389293
PAST SALE,March-1-2018,Single Family Residential,3208 Lakewood Dr,Indianapolis,IN,46234,145000,3,2,Lincoln,1655,18665,1966,16,88,34,Sold,,,http://www.redfin.com/IN/Indianapolis/3208-Lakewood-Dr-46234/home/60071682,MIBOR,21527505,N,Y,39.810122,-86.3528429
PAST SALE,March-15-2018,Single Family Residential,2855 Arklow Way,Brownsburg,IN,46112,225000,3,2.5,Lincoln,2412,13939,2015,2,93,50,Sold,,,http://www.redfin.com/IN/Brownsburg/2855-Arklow-Way-46112/home/86087109,MIBOR,21523483,N,Y,39.8052968,-86.3768022
PAST SALE,January-17-2018,Single Family Residential,8601 N County Road 1050 E,Brownsburg,IN,46112,650000,6,6,Brown,5784,195584,1986,59,112,,Sold,,,http://www.redfin.com/IN/Brownsburg/8601-N-Co-Road-1050-E-46112/home/82451844,MIBOR,21471708,N,Y,39.8880573,-86.3347647
PAST SALE,October-5-2017,Single Family Residential,7676 Rosemont Dr,Brownsburg,IN,46112,335000,5,4.5,Lincoln,4877,12632,2017,163,69,44,Sold,,,http://www.redfin.com/IN/Brownsburg/7676-Rosemont-Dr-46112/home/113706975,MIBOR,21478167,N,Y,39.800401,-86.387376
PAST SALE,November-20-2017,Single Family Residential,6835 Branches Dr,Brownsburg,IN,46112,225000,4,2.5,Brown,2920,8720,2010,117,77,39,Sold,,,http://www.redfin.com/IN/Brownsburg/6835-Branches-Dr-46112/home/82464510,MIBOR,21485197,N,Y,39.8637222,-86.3478284
PAST SALE,December-1-2017,Single Family Residential,8836 Wicklow Way,Brownsburg,IN,46112,377145,4,3.5,Lincoln,5350,10454,2017,106,70,49,Sold,,,http://www.redfin.com/IN/Brownsburg/8836-Wicklow-Way-46112/home/144485465,MIBOR,21527655,N,Y,39.8433769,-86.3977735
PAST SALE,September-28-2017,Single Family Residential,535 Southwind Dr,Brownsburg,IN,46112,496000,4,4.5,Brown,4404,27878,2005,170,113,36,Sold,,,http://www.redfin.com/IN/Brownsburg/535-Southwind-46112/home/60006270,MIBOR,21506920,N,Y,39.8693827,-86.4074392
PAST SALE,December-6-2017,Single Family Residential,10335 Homestead Dr,Brownsburg,IN,46112,189000,4,2.5,Brown,3124,7013,2007,101,60,39,Sold,,,http://www.redfin.com/IN/Brownsburg/10335-Homestead-Dr-46112/home/60031877,MIBOR,21519434,N,Y,39.8602671,-86.3456241
PAST SALE,December-6-2017,Single Family Residential,9 Raccoon Ct,Brownsburg,IN,46112,295000,3,2.5,Lincoln,2428,14810,1994,101,121,3,Sold,,,http://www.redfin.com/IN/Brownsburg/9-Raccoon-Ct-46112/home/60151898,MIBOR,21520712,N,Y,39.816098,-86.3894981
PAST SALE,,Single Family Residential,102 N Green St,Brownsburg,IN,46112,27000,3,2,,1975,8712,1917,,14,,,,,http://www.redfin.com/IN/Brownsburg/102-N-Green-St-46112/home/66878631,,,N,Y,39.844679,-86.3976616
PAST SALE,December-14-2017,Single Family Residential,2728 Kilgobbin Cres,Brownsburg,IN,46112,296425,4,2.5,Lincoln,2765,11591,2017,93,107,49,Sold,,,http://www.redfin.com/IN/Brownsburg/2728-Kilgobbin-Cres-46112/home/109821841,MIBOR,21485203,N,Y,39.801298,-86.371999
PAST SALE,December-19-2017,Single Family Residential,225 1/2 N Adams St,Brownsburg,IN,46112,55000,3,2,Lincoln,1126,3998,1922,88,49,,Sold,,,http://www.redfin.com/IN/Brownsburg/225-N-Adams-St-46112/home/66805876,MIBOR,21517377,N,Y,39.846248,-86.394643
PAST SALE,December-28-2017,Single Family Residential,8810 Wicklow Way,Brownsburg,IN,46112,330416,4,2.5,Lincoln,3030,9888,2017,79,109,49,Sold,,,http://www.redfin.com/IN/BROWNSBURG/8810-WICKLOW-WAY-46112/home/144641097,MIBOR,21528906,N,Y,39.8433769,-86.3977735
PAST SALE,January-22-2018,Single Family Residential,7831 Eaker Ct,Brownsburg,IN,46112,188000,3,2,Brown,1944,42601,1975,54,97,,Sold,,,http://www.redfin.com/IN/Brownsburg/7831-Eaker-Ct-46112/home/66983703,MIBOR,21528843,N,Y,39.8773796,-86.4221513
PAST SALE,December-28-2017,Single Family Residential,6663 E County Road 1000 N,Brownsburg,IN,46112,380000,4,4.5,Brown,3066,43560,1999,79,124,,Sold,,,http://www.redfin.com/IN/Brownsburg/6663-E-County-Road-1000-N-46112/home/82452296,MIBOR,21489831,N,Y,39.9085763,-86.4087296
PAST SALE,December-28-2017,Single Family Residential,1943 Midnight Pass,Brownsburg,IN,46112,294900,4,3.5,Lincoln,3504,12871,2009,79,84,48,Sold,,,http://www.redfin.com/IN/Brownsburg/1943-Midnight-Pass-46112/home/82482862,MIBOR,21524457,N,Y,39.8412859,-86.4380648
PAST SALE,February-9-2018,Single Family Residential,10770 Cedar Ridge Ln,Indianapolis,IN,46278,445000,4,3.5,Brown,4756,92347,1985,36,94,44,Sold,,,http://www.redfin.com/IN/Indianapolis/10770-Cedar-Ridge-Ln-46278/home/82452025,MIBOR,21511526,N,Y,39.892109,-86.330162
PAST SALE,January-16-2018,Single Family Residential,724 Hawthorne Ln,Brownsburg,IN,46112,199900,3,3,Brown,2554,7318,1997,60,78,17,Sold,,,http://www.redfin.com/IN/Brownsburg/724-Hawthorne-Ln-46112/home/60088763,MIBOR,21524295,N,Y,39.8629529,-86.3851256
PAST SALE,March-5-2018,Single Family Residential,14 Murphy Cir,Brownsburg,IN,46112,145000,3,2,Lincoln,1292,18295,1999,12,112,16,Sold,,,http://www.redfin.com/IN/Brownsburg/14-Murphy-Cir-46112/home/82458345,MIBOR,21541610,N,Y,39.8414492,-86.3841758
PAST SALE,March-9-2018,Single Family Residential,4132 Oles Dr,Brownsburg,IN,46112,233500,4,2.5,Lincoln,3028,20037,1978,8,77,,Sold,,,http://www.redfin.com/IN/Brownsburg/4132-Oles-Dr-46112/home/60127917,MIBOR,21523671,N,Y,39.8229111,-86.4234958
PAST SALE,March-9-2018,Single Family Residential,1655 Beacon Pointe Blvd,Brownsburg,IN,46112,237000,4,2.5,Lincoln,2789,16988,2006,8,85,60,Sold,,,http://www.redfin.com/IN/Brownsburg/1655-Beacon-Pointe-Blvd-46112/home/60037098,MIBOR,21544590,N,Y,39.820011,-86.3681016
PAST SALE,March-12-2018,Single Family Residential,344 N Jefferson St,Brownsburg,IN,46112,102500,2,2,Lincoln,1842,16239,1953,5,56,,Sold,,,http://www.redfin.com/IN/Brownsburg/344-N-Jefferson-St-46112/home/82457374,MIBOR,21526896,N,Y,39.8488562,-86.3941216
PAST SALE,December-20-2017,Single Family Residential,6476 Terrill Ln,Brownsburg,IN,46112,348980,3,2.5,Brown,2402,16552,2017,87,145,49,Sold,,,http://www.redfin.com/IN/BROWNSBURG/6476-TERRILL-LN-46112/home/109821797,MIBOR,21529506,N,Y,39.8433769,-86.3977735
PAST SALE,December-29-2017,Single Family Residential,7583 Rosemont Dr,Brownsburg,IN,46112,329360,5,4.5,Lincoln,4877,12632,2017,78,68,44,Sold,,,http://www.redfin.com/IN/Brownsburg/7583-Rosemont-Dr-46112/home/143232674,MIBOR,21530020,N,Y,39.8028336,-86.3865119
PAST SALE,December-27-2017,Single Family Residential,8877 Wicklow Way,Brownsburg,IN,46112,354220,4,2.5,Lincoln,4864,22215,2017,80,73,49,Sold,,,http://www.redfin.com/IN/Brownsburg/8877-Wicklow-Way-46112/home/144628534,MIBOR,21528910,N,Y,39.8433769,-86.3977735
PAST SALE,January-17-2018,Single Family Residential,8848 Castleblaney Dr,Brownsburg,IN,46112,300000,4,2.5,Lincoln,3247,9801,2017,59,92,49,Sold,,,http://www.redfin.com/IN/BROWNSBURG/8848-CASTLEBLANEY-DR-46112/home/142995082,MIBOR,21519975,N,Y,39.801298,-86.371999
PAST SALE,January-25-2018,Single Family Residential,7788 Jennifer Ln,Brownsburg,IN,46112,215000,4,2.5,Brown,2143,20037,1969,51,100,,Sold,,,http://www.redfin.com/IN/Brownsburg/7788-Jennifer-Ln-46112/home/82453954,MIBOR,21527402,N,Y,39.8736042,-86.3869854
PAST SALE,February-2-2018,Single Family Residential,711 Cabot Cir,Brownsburg,IN,46112,162000,3,2.5,Brown,1694,8712,1996,43,96,33,Sold,,,http://www.redfin.com/IN/Brownsburg/711-Cabot-Cir-46112/home/66957011,MIBOR,21530077,N,Y,39.8648939,-86.3856004
PAST SALE,December-15-2017,Single Family Residential,10 Ashwood Cir,Brownsburg,IN,46112,134000,3,1.5,Lincoln,1365,10018,1994,92,98,,Sold,,,http://www.redfin.com/IN/Brownsburg/10-Ashwood-Cir-46112/home/60070276,MIBOR,21519361,N,Y,39.8373997,-86.3869063
PAST SALE,February-28-2018,Single Family Residential,8645 River Ridge Dr,Brownsburg,IN,46112,301495,4,2.5,Lincoln,3297,10454,2017,17,91,42,Sold,,,http://www.redfin.com/IN/Brownsburg/8645-River-Ridge-Dr-46112/home/109822712,MIBOR,21497390,N,Y,39.859088,-86.367989
PAST SALE,January-22-2018,Single Family Residential,1692 Cape Hatteras Trl,Brownsburg,IN,46112,180000,3,2,Lincoln,1872,13176,2011,54,96,29,Sold,,,http://www.redfin.com/IN/Brownsburg/1692-Cape-Hatteras-Trl-46112/home/82461296,MIBOR,21525389,N,Y,39.8216088,-86.3691171
PAST SALE,March-6-2018,Single Family Residential,8119 Northpoint Dr,Brownsburg,IN,46112,276000,4,2.5,Brown,3361,10402,2004,11,82,71,Sold,,,http://www.redfin.com/IN/Brownsburg/8119-N-Point-Dr-46112/home/82452661,MIBOR,21530319,N,Y,39.8818366,-86.3814254
PAST SALE,March-15-2018,Single Family Residential,7176 Eagle Rd,Indianapolis,IN,46278,226000,3,2.5,Brown,2459,21780,1974,2,92,,Sold,,,http://www.redfin.com/IN/Indianapolis/7176-Eagle-Rd-46278/home/66923768,MIBOR,21500495,N,Y,39.868825,-86.327553
PAST SALE,March-16-2018,Single Family Residential,326 S Green St,Brownsburg,IN,46112,90500,2,1,Lincoln,1180,13068,1932,1,77,,Sold,,,http://www.redfin.com/IN/Brownsburg/326-S-Green-St-46112/home/60048747,MIBOR,21541829,N,Y,39.8379215,-86.4008564
PAST SALE,November-20-2017,Single Family Residential,4340 Norman Ct,Brownsburg,IN,46112,124000,3,2,Lincoln,1337,12196,1979,117,93,,Sold,,,http://www.redfin.com/IN/Brownsburg/4340-Norman-Ct-46112/home/60147075,MIBOR,21518344,N,Y,39.8274137,-86.3393398
PAST SALE,November-1-2017,Single Family Residential,8746 Wicklow Way,Brownsburg,IN,46112,264356,3,2,Lincoln,1954,10890,2017,136,135,49,Sold,,,http://www.redfin.com/IN/Brownsburg/8746-Wicklow-Way-46112/home/144371120,MIBOR,21523886,N,Y,39.8018537,-86.3742636
PAST SALE,November-30-2017,Single Family Residential,6958 Kara Ln,Brownsburg,IN,46112,363451,5,3,Lincoln,4845,16117,2017,107,75,42,Sold,,,http://www.redfin.com/IN/Brownsburg/6958-Kara-Ln-46112/home/109822625,MIBOR,21526627,N,Y,39.8609857,-86.3651439
PAST SALE,December-1-2017,Single Family Residential,10227 Legacy Dr,Brownsburg,IN,46112,274210,3,2,Brown,4132,8581,2017,106,66,39,Sold,,,http://www.redfin.com/IN/Brownsburg/10227-Legacy-Park-Dr-46112/home/144503525,MIBOR,21528960,N,Y,39.8018971,-86.4051979
PAST SALE,December-1-2017,Single Family Residential,8441 Bushypark Dr,Brownsburg,IN,46112,165000,3,2,Lincoln,1718,10018,2009,106,96,49,Sold,,,http://www.redfin.com/IN/Brownsburg/8441-Bushypark-Dr-46112/home/60139577,MIBOR,21516528,N,Y,39.8047767,-86.3730294
PAST SALE,October-6-2017,Single Family Residential,1326 Blue Ridge Ln,Brownsburg,IN,46112,167500,3,2.5,Brown,1606,9448,2004,162,104,40,Sold,,,http://www.redfin.com/IN/Brownsburg/1326-Blue-Ridge-Ln-46112/home/66889073,MIBOR,21511955,N,Y,39.8652293,-86.3757461
PAST SALE,,Single Family Residential,406 N Green St,Brownsburg,IN,46112,22000,3,1,,1626,13068,1936,,14,,,,,http://www.redfin.com/IN/Brownsburg/406-N-Green-St-46112/home/82457365,,,N,Y,39.8490087,-86.3962045
PAST SALE,,Single Family Residential,509 N Green St,Brownsburg,IN,46112,38065,2,1.5,,1056,11326,1956,,36,,,,,http://www.redfin.com/IN/Brownsburg/509-N-Green-St-46112/home/60046386,,,N,Y,39.8498258,-86.3953737
PAST SALE,September-29-2017,Single Family Residential,4444 Varner Rd,Brownsburg,IN,46112,117500,3,1,Lincoln,1576,10358,1957,169,75,,Sold,,,http://www.redfin.com/IN/Brownsburg/4444-Varner-Rd-46112/home/82464750,MIBOR,21505455,N,Y,39.828888,-86.343144
PAST SALE,November-27-2017,Single Family Residential,7660 Rosemont,Brownsburg,IN,46112,350000,5,3.5,Lincoln,4166,12763,2017,110,84,44,Sold,,,http://www.redfin.com/IN/Brownsburg/7660-Rosemont-Dr-46112/home/113706974,MIBOR,21478194,N,Y,39.800401,-86.387376
PAST SALE,December-8-2017,Single Family Residential,10750 Forest Lake Ct,Brownsburg,IN,46112,674900,6,4.5,Brown,7918,130680,2003,99,85,,Sold,,,http://www.redfin.com/IN/Brownsburg/10750-Forest-Lake-Ct-46112/home/136120721,MIBOR,21474229,N,Y,39.8712289,-86.3323862
PAST SALE,December-11-2017,Single Family Residential,8833 Castleblaney Dr,Brownsburg,IN,46112,281015,3,2,Lincoln,2748,11761,2017,96,102,49,Sold,,,http://www.redfin.com/IN/BROWNSBURG/8833-CASTLEBLANEY-DR-46112/home/144592856,MIBOR,21528393,N,Y,39.8433769,-86.3977735
PAST SALE,December-11-2017,Single Family Residential,1842 Midnight Pass,Brownsburg,IN,46112,299900,4,2.5,Lincoln,4040,12632,2008,96,74,48,Sold,,,http://www.redfin.com/IN/Brownsburg/1842-Midnight-Pass-46112/home/60128119,MIBOR,21488965,N,Y,39.8421718,-86.4361871
PAST SALE,October-31-2017,Single Family Residential,7793 Hickory Rd,Brownsburg,IN,46112,180000,3,2,Brown,1792,21344,1972,137,100,,Sold,,,http://www.redfin.com/IN/Brownsburg/7793-Hickory-Rd-46112/home/60005835,MIBOR,21507710,N,Y,39.8770949,-86.3869854
PAST SALE,November-3-2017,Single Family Residential,7949 Heather Ct,Brownsburg,IN,46112,330000,5,3,Brown,4206,12196,2004,134,78,71,Sold,,,http://www.redfin.com/IN/Brownsburg/7949-Heather-Ct-46112/home/60130828,MIBOR,21494614,N,Y,39.8830618,-86.3840571
PAST SALE,October-25-2017,Single Family Residential,7929 Elm Dr,Brownsburg,IN,46112,145000,3,2,Brown,2272,19166,1967,143,64,,Sold,,,http://www.redfin.com/IN/Brownsburg/7929-Elm-Dr-46112/home/67070366,MIBOR,21509760,N,Y,39.8789294,-86.3905071
PAST SALE,October-23-2017,Single Family Residential,10223 N County Rd 1000 E,Brownsburg,IN,46112,260000,3,2,Brown,2023,78408,1975,145,129,,Sold,,,http://www.redfin.com/IN/Brownsburg/10223-N-County-Road-1000-E-46112/home/82452107,MIBOR,21509206,N,Y,39.9128164,-86.3441655
PAST SALE,October-17-2017,Single Family Residential,7095 E County Road 800 N,Brownsburg,IN,46112,188500,3,2.5,Brown,1666,30927,1973,151,113,,Sold,,,http://www.redfin.com/IN/Brownsburg/7095-E-County-Road-800-N-46112/home/107301555,MIBOR,21511096,N,Y,39.8785855,-86.4001211
PAST SALE,October-9-2017,Single Family Residential,7342 Windridge Way,Brownsburg,IN,46112,377500,4,2.5,Brown,3380,34848,1994,159,112,8,Sold,,,http://www.redfin.com/IN/Brownsburg/7342-Windridge-Way-46112/home/59996466,MIBOR,21508158,N,Y,39.86941,-86.405755
PAST SALE,October-10-2017,Single Family Residential,5756 Foxfire Ln,Brownsburg,IN,46112,311000,4,3,Lincoln,2840,245678,1971,158,110,,Sold,,,http://www.redfin.com/IN/Brownsburg/5756-Foxfire-Ln-46112/home/82457504,MIBOR,21507485,N,Y,39.838312,-86.425825
PAST SALE,October-6-2017,Single Family Residential,10335 Crooked Stick Dr,Brownsburg,IN,46112,255900,4,2.5,Brown,2796,7562,2013,162,92,39,Sold,,,http://www.redfin.com/IN/Brownsburg/10335-Crooked-Stick-Dr-46112/home/60042235,MIBOR,21494847,N,Y,39.8634893,-86.3456289
PAST SALE,November-1-2017,Single Family Residential,10382 Wilson Rd,Brownsburg,IN,46112,117500,3,1,Brown,1548,34063,1954,136,76,,Sold,,,http://www.redfin.com/IN/Brownsburg/10382-Wilson-Rd-46112/home/82451941,MIBOR,21517749,N,Y,39.8962907,-86.3378557
PAST SALE,October-5-2017,Single Family Residential,6571 Branches Dr,Brownsburg,IN,46112,190000,5,3.5,Brown,3554,8276,2005,163,53,35,Sold,,,http://www.redfin.com/IN/Brownsburg/6571-Branches-Dr-46112/home/60038704,MIBOR,21462118,N,Y,39.8600928,-86.3481724
PAST SALE,December-6-2017,Single Family Residential,8821 Wicklow Way,Brownsburg,IN,46112,368376,5,2.5,Lincoln,3459,16857,2017,101,106,49,Sold,,,http://www.redfin.com/IN/Brownsburg/8821-Wicklow-Way-46112/home/144448808,MIBOR,21527583,N,Y,39.8433769,-86.3977735
PAST SALE,December-20-2017,Single Family Residential,126 Valley Cir,Brownsburg,IN,46112,199500,4,2.5,Brown,2225,14374,1998,87,90,10,Sold,,,http://www.redfin.com/IN/Brownsburg/126-Valley-Cir-46112/home/59982655,MIBOR,21518649,N,Y,39.8725499,-86.3943846
PAST SALE,November-17-2017,Single Family Residential,1714 Woodstock Dr,Brownsburg,IN,46112,241000,3,2.5,Lincoln,3717,13068,1999,120,65,20,Sold,,,http://www.redfin.com/IN/Brownsburg/1714-Woodstock-Dr-46112/home/60030541,MIBOR,21510555,N,Y,39.8197038,-86.3782395
PAST SALE,December-12-2017,Single Family Residential,7022 Eagle Rd,Indianapolis,IN,46278,182000,3,2,Brown,1820,20198,1973,95,100,,Sold,,,http://www.redfin.com/IN/Indianapolis/7022-Eagle-Rd-46278/home/60036308,MIBOR,21524094,N,Y,39.8664945,-86.3271785
PAST SALE,December-15-2017,Single Family Residential,144 Thornburg Pkwy,Brownsburg,IN,46112,182000,3,2,Lincoln,1725,18621,1996,92,106,11,Sold,,,http://www.redfin.com/IN/Brownsburg/144-Thornburg-Pkwy-46112/home/82460774,MIBOR,21524231,N,Y,39.8158098,-86.3950967
PAST SALE,,Single Family Residential,202 E College Ave,Brownsburg,IN,46112,70000,2,1,,1000,15403,1926,,70,,,,,http://www.redfin.com/IN/Brownsburg/202-E-College-Ave-46112/home/82458446,,,N,Y,39.8412682,-86.3951363
PAST SALE,December-20-2017,Single Family Residential,2748 Odell St,Brownsburg,IN,46112,199612,3,2,Lincoln,2000,9583,2017,87,100,50,Sold,,,http://www.redfin.com/IN/Brownsburg/2748-Odell-St-46112/home/109821966,MIBOR,21529176,N,Y,39.8025737,-86.3951693
PAST SALE,September-22-2017,Single Family Residential,78 Carriage Lake Dr,Brownsburg,IN,46112,195000,4,2.5,Brown,1814,10890,1998,176,107,25,Sold,,,http://www.redfin.com/IN/Brownsburg/78-Carriage-Lake-Dr-46112/home/66948484,MIBOR,21503279,N,Y,39.8695439,-86.389319
PAST SALE,November-13-2017,Single Family Residential,1645 Winding Creek Trl,Brownsburg,IN,46112,188000,4,2.5,Brown,1888,8664,1997,124,100,,Sold,,,http://www.redfin.com/IN/Brownsburg/1645-Winding-Creek-Trl-46112/home/82453687,MIBOR,21525149,N,Y,39.8707513,-86.3933163
PAST SALE,November-27-2017,Single Family Residential,44 Robinwood Dr,Brownsburg,IN,46112,99375,3,1.5,Lincoln,1558,10890,1963,110,64,,Sold,,,http://www.redfin.com/IN/Brownsburg/44-Robinwood-Dr-46112/home/82458785,MIBOR,21526410,N,Y,39.8284433,-86.3784176
PAST SALE,October-20-2017,Single Family Residential,1408 Beechwood Dr,Brownsburg,IN,46112,145000,3,2,Lincoln,1449,14374,1979,148,100,,Sold,,,http://www.redfin.com/IN/Brownsburg/1408-Beechwood-Dr-46112/home/82458861,MIBOR,21505601,N,Y,39.8228176,-86.3840967
PAST SALE,October-3-2017,Single Family Residential,818 Bristle Lake Dr,Brownsburg,IN,46112,173600,3,2,Lincoln,1902,12201,2008,165,91,40,Sold,,,http://www.redfin.com/IN/Brownsburg/818-Bristle-Lake-Dr-46112/home/82476342,MIBOR,21503360,N,Y,39.8564835,-86.3687598
PAST SALE,October-27-2017,Single Family Residential,114 Valley Cir,Brownsburg,IN,46112,176900,3,2.5,Brown,1885,13068,1998,141,94,10,Sold,,,http://www.redfin.com/IN/Brownsburg/114-Valley-Cir-46112/home/60095617,MIBOR,21500676,N,Y,39.8722405,-86.3947802
PAST SALE,November-27-2017,Single Family Residential,1161 River Ridge Dr,Brownsburg,IN,46112,149900,3,2,Brown,1426,7840,2003,110,105,40,Sold,,,http://www.redfin.com/IN/Brownsburg/1161-River-Ridge-Dr-46112/home/66969281,MIBOR,21518454,N,Y,39.8595548,-86.3778042
PAST SALE,November-17-2017,Single Family Residential,1902 Cold Spring Dr,Brownsburg,IN,46112,164900,3,2.5,Lincoln,2264,5227,2001,120,73,11,Sold,,,http://www.redfin.com/IN/Brownsburg/1902-Cold-Spring-Dr-46112/home/82458720,MIBOR,21484301,N,Y,39.82959,-86.3636927
PAST SALE,October-31-2017,Single Family Residential,7230 Fox Hunt Ct,Brownsburg,IN,46112,315000,3,2.5,Brown,3504,28314,1993,137,90,17,Sold,,,http://www.redfin.com/IN/Brownsburg/7230-Fox-Hunt-Ct-46112/home/60096350,MIBOR,21511030,N,Y,39.8698873,-86.3304271
PAST SALE,November-28-2017,Single Family Residential,402 Weston Rd,Brownsburg,IN,46112,212000,4,2.5,Lincoln,2035,10058,1974,109,104,,Sold,,,http://www.redfin.com/IN/Brownsburg/402-Weston-Rd-46112/home/82460918,MIBOR,21513115,N,Y,39.8313301,-86.4083984
PAST SALE,November-27-2017,Single Family Residential,5537 Forest Glen Dr,Brownsburg,IN,46112,374805,4,2.5,Lincoln,4080,10454,2017,110,92,,Sold,,,http://www.redfin.com/IN/Brownsburg/5537-Forest-Glen-Dr-46112/home/109822344,MIBOR,21529815,N,Y,39.8434835,-86.4165345
PAST SALE,October-23-2017,Single Family Residential,8899 Castleblaney Dr,Brownsburg,IN,46112,313085,5,3,Lincoln,3389,18295,2017,145,92,49,Sold,,,http://www.redfin.com/IN/Brownsburg/8899-Castleblaney-Dr-46112/home/144217705,MIBOR,21520201,N,Y,39.8433769,-86.3977735
PAST SALE,January-8-2018,Single Family Residential,6617 Leah Ct,Brownsburg,IN,46112,305854,4,2.5,Lincoln,3297,6534,2017,68,93,,Sold,,,http://www.redfin.com/IN/BROWNSBURG/6617-LEAH-CT-46112/home/109822240,MIBOR,21530414,N,Y,39.8433769,-86.3977735
PAST SALE,January-22-2018,Single Family Residential,4236 Allen Dr,Brownsburg,IN,46112,75000,3,1,Lincoln,1020,18373,1964,54,74,,Sold,,,http://www.redfin.com/IN/Brownsburg/4236-Allen-Dr-46112/home/82465333,MIBOR,21539551,N,Y,39.8258806,-86.3444557
PAST SALE,January-12-2018,Single Family Residential,5464 Forest Glen Dr,Brownsburg,IN,46112,350000,5,3.5,Lincoln,4701,9583,2017,64,74,40,Sold,,,http://www.redfin.com/IN/Brownsburg/5464-Forest-Glen-Dr-46112/home/109822616,MIBOR,21496447,N,Y,39.845136,-86.419315
PAST SALE,January-31-2018,Single Family Residential,318 Bent Stream Ln,Brownsburg,IN,46112,137000,3,2,Lincoln,1207,,2000,45,114,27,Sold,,,http://www.redfin.com/IN/Brownsburg/318-Bent-Stream-Ln-46112/home/66994141,MIBOR,21529099,N,Y,39.8277156,-86.3724609
PAST SALE,January-23-2018,Single Family Residential,7415 Frolic Dr,Brownsburg,IN,46112,267664,3,2,Guilford,2325,,2018,53,115,,Sold,,,http://www.redfin.com/IN/BROWNSBURG/7415-FROLIC-DR-46112/home/144787669,MIBOR,21542653,N,Y,39.8433769,-86.3977735
PAST SALE,February-15-2018,Single Family Residential,21 E Tilden Dr,Brownsburg,IN,46112,116500,3,1,Lincoln,1509,8855,1956,30,77,,Sold,,,http://www.redfin.com/IN/Brownsburg/21-E-Tilden-Dr-46112/home/67041236,MIBOR,21541243,N,Y,39.8354041,-86.3989464
PAST SALE,January-4-2018,Single Family Residential,402 Fountain Dr,Brownsburg,IN,46112,370000,5,3.5,Lincoln,4311,14374,2006,72,86,26,Sold,,,http://www.redfin.com/IN/Brownsburg/402-Fountain-Dr-46112/home/60107663,MIBOR,21509339,N,Y,39.8548423,-86.4122261
PAST SALE,January-9-2018,Single Family Residential,7056 Eagle Rd,Indianapolis,IN,46278,262500,4,2.5,Brown,3267,20473,1971,67,80,,Sold,,,http://www.redfin.com/IN/Indianapolis/7056-Eagle-Rd-46278/home/67101326,MIBOR,21518577,N,Y,39.8670563,-86.3271785
PAST SALE,December-28-2017,Single Family Residential,7698 Sheila Dr,Brownsburg,IN,46112,209900,4,3,Brown,2562,19602,1969,79,82,,Sold,,,http://www.redfin.com/IN/Brownsburg/7698-Sheila-Dr-46112/home/82453965,MIBOR,21525016,N,Y,39.8757385,-86.3885286
PAST SALE,February-21-2018,Single Family Residential,88 Bradford Ct,Brownsburg,IN,46112,185000,3,2.5,Brown,1823,9147,1999,24,101,25,Sold,,,http://www.redfin.com/IN/Brownsburg/88-Bradford-Ct-46112/home/66944589,MIBOR,21523615,N,Y,39.8707661,-86.3899135
PAST SALE,February-21-2018,Single Family Residential,1333 Mayapple Dr,Brownsburg,IN,46112,235000,5,2.5,Lincoln,2809,14810,2002,24,84,38,Sold,,,http://www.redfin.com/IN/Brownsburg/1333-Mayapple-Dr-46112/home/59990951,MIBOR,21540399,N,Y,39.821093,-86.3738463
PAST SALE,February-27-2018,Single Family Residential,939 Nature Lake Cir,Brownsburg,IN,46112,183000,3,2,Lincoln,2181,9151,2001,18,84,,Sold,,,http://www.redfin.com/IN/Brownsburg/939-Nature-Lake-Ct-46112/home/66944210,MIBOR,21540755,N,Y,39.8580774,-86.375469
PAST SALE,February-28-2018,Single Family Residential,112 Oak Hill Dr,Brownsburg,IN,46112,399900,4,4.5,Brown,4682,14810,1999,17,85,8,Sold,,,http://www.redfin.com/IN/Brownsburg/112-Oak-Hill-Dr-46112/home/66897614,MIBOR,21506275,N,Y,39.862331,-86.4384598
PAST SALE,February-27-2018,Single Family Residential,349 Harts Ford Way,Brownsburg,IN,46112,148000,3,2.5,Lincoln,1668,6969,2000,18,89,17,Sold,,,http://www.redfin.com/IN/Brownsburg/349-Harts-Ford-Way-46112/home/66990777,MIBOR,21524801,N,Y,39.8273795,-86.3711277
PAST SALE,February-28-2018,Single Family Residential,8892 Castleblaney Dr,Brownsburg,IN,46112,350205,5,3,Lincoln,4419,16814,2017,17,79,49,Sold,,,http://www.redfin.com/IN/Brownsburg/8892-Castleblaney-Dr-46112/home/144958046,MIBOR,21547809,N,Y,39.8433769,-86.3977735
PAST SALE,January-12-2018,Single Family Residential,501 Raven Cir,Brownsburg,IN,46112,265000,4,2.5,Lincoln,3953,11761,2012,64,67,48,Sold,,,http://www.redfin.com/IN/Brownsburg/501-Raven-Cir-46112/home/60113759,MIBOR,21517019,N,Y,39.8446813,-86.4211628
PAST SALE,March-2-2018,Single Family Residential,7569 Northern Oak Dr,Brownsburg,IN,46112,410000,5,3.5,Brown,4643,13503,2017,15,88,49,Sold,,,http://www.redfin.com/IN/Brownsburg/7569-Northern-Oak-46112/home/109821584,MIBOR,21470595,N,Y,39.874434,-86.411286
PAST SALE,February-15-2018,Single Family Residential,705 Ridge Gate Dr,Brownsburg,IN,46112,365000,4,3.5,Lincoln,4328,16552,2004,30,84,26,Sold,,,http://www.redfin.com/IN/Brownsburg/705-Ridge-Gate-Dr-46112/home/66920100,MIBOR,21518976,N,Y,39.8561877,-86.4107885
PAST SALE,February-20-2018,Single Family Residential,4405 N County Road 1025 E,Indianapolis,IN,46234,130000,3,1.5,Lincoln,1136,12196,1980,25,114,,Sold,,,http://www.redfin.com/IN/Indianapolis/4405-N-County-Rd-1025-E-46234/home/66924781,MIBOR,21541531,N,Y,39.828235,-86.341188
PAST SALE,March-5-2018,Single Family Residential,1491 Hession Dr,Brownsburg,IN,46112,248900,4,2.5,Lincoln,2974,10018,2011,12,84,40,Sold,,,http://www.redfin.com/IN/Brownsburg/1491-Hession-Dr-46112/home/60098247,MIBOR,21540163,N,Y,39.8540725,-86.3654544
PAST SALE,March-6-2018,Single Family Residential,6755 N County Road 550 E,Brownsburg,IN,46112,130000,3,1,Brown,1638,12196,1940,11,79,,Sold,,,http://www.redfin.com/IN/Brownsburg/6755-N-County-Road-550-E-46112/home/60002531,MIBOR,21528081,N,Y,39.8610464,-86.4299407
PAST SALE,February-28-2018,Single Family Residential,7018 Marstella Ln,Brownsburg,IN,46112,150000,3,2,Brown,1486,25264,1973,17,101,,Sold,,,http://www.redfin.com/IN/Brownsburg/7018-Marstella-Ln-46112/home/82452891,MIBOR,21525951,N,Y,39.8806556,-86.4015362
PAST SALE,March-12-2018,Single Family Residential,123 Green Acre Dr,Brownsburg,IN,46112,108000,2,1,Lincoln,1632,7840,1950,5,66,,Sold,,,http://www.redfin.com/IN/Brownsburg/123-Green-Acre-Dr-46112/home/60079664,MIBOR,21545169,N,Y,39.8395649,-86.3945824
PAST SALE,March-13-2018,Single Family Residential,262 Bent Stream Ln,Brownsburg,IN,46112,150500,3,2.5,Lincoln,1440,6033,2002,4,105,27,Sold,,,http://www.redfin.com/IN/Brownsburg/262-Bent-Stream-Ln-46112/home/82457990,MIBOR,21542510,N,Y,39.8288813,-86.3725005
PAST SALE,March-16-2018,Single Family Residential,3925 N Co Rd 900e,Brownsburg,IN,46112,275000,4,2.5,Lincoln,2336,46609,1996,1,118,13,Sold,,,http://www.redfin.com/IN/Brownsburg/3925-N-County-Road-900-E-46112/home/66976969,MIBOR,21520297,N,Y,39.8209834,-86.3623406
PAST SALE,March-16-2018,Single Family Residential,467 Sugar Bush Ln S,Brownsburg,IN,46112,189900,4,2.5,Lincoln,1908,12118,1991,1,100,13,Sold,,,http://www.redfin.com/IN/Brownsburg/467-Sugar-Bush-Ln-S-46112/home/82459331,MIBOR,21545284,N,Y,39.8226775,-86.3918721
PAST SALE,September-29-2017,Single Family Residential,664 Heartland Ln,Brownsburg,IN,46112,215000,3,2.5,Lincoln,3094,13799,2008,169,69,30,Sold,,,http://www.redfin.com/IN/Brownsburg/664-Heartland-Ln-46112/home/82460885,MIBOR,21505644,N,Y,39.8111304,-86.3882928
PAST SALE,November-15-2017,Single Family Residential,7538 Rosemont Dr,Brownsburg,IN,46112,309215,5,3.5,Lincoln,3290,11212,2017,122,94,,Sold,,,http://www.redfin.com/IN/Brownsburg/7538-Rosemont-Dr-46112/home/113675357,MIBOR,21525092,N,Y,39.800401,-86.387376
PAST SALE,November-30-2017,Single Family Residential,8753 Wicklow Way,Brownsburg,IN,46112,326225,5,3,Lincoln,3530,21780,2017,107,92,49,Sold,,,http://www.redfin.com/IN/Brownsburg/8753-Wicklow-Way-46112/home/144435722,MIBOR,21525737,N,Y,39.8018537,-86.3742636
PAST SALE,January-18-2018,Single Family Residential,2804 Arklow Way,Brownsburg,IN,46112,220000,4,2.5,Lincoln,2578,11761,2015,58,85,49,Sold,,,http://www.redfin.com/IN/Brownsburg/2804-Arklow-Way-46112/home/61441232,MIBOR,21515081,N,Y,39.8037128,-86.3772405
PAST SALE,October-13-2017,Single Family Residential,12 Springview Ct,Brownsburg,IN,46112,216000,5,2.5,Brown,2353,15324,1999,155,92,25,Sold,,,http://www.redfin.com/IN/Brownsburg/12-Springview-Ct-46112/home/66976418,MIBOR,21511371,N,Y,39.8668562,-86.3880538
