SALE TYPE,SOLD DATE,PROPERTY TYPE,ADDRESS,CITY,STATE,ZIP,PRICE,BEDS,BATHS,LOCATION,SQUARE FEET,LOT SIZE,YEAR BUILT,DAYS ON MARKET,$/SQUARE FEET,HOA/MONTH,STATUS,NEXT OPEN HOUSE START TIME,NEXT OPEN HOUSE END TIME,URL (SEE http://www.redfin.com/buy-a-home/comparative-market-analysis FOR INFO ON PRICING),SOURCE,MLS#,FAVORITE,INTERESTED,LATITUDE,LONGITUDE
PAST SALE,September-26-2017,Single Family Residential,7638 The Commons,Zionsville,IN,46077,485000,4,4.5,Eagle,4999,8276,2006,170,97,118,Sold,,,http://www.redfin.com/IN/Zionsville/7638-The-Commons-46077/home/59995546,MIBOR,21445715,N,Y,39.9560398,-86.3268418
PAST SALE,October-19-2017,Single Family Residential,3745 Castle Rock Dr,Zionsville,IN,46077,383000,4,3.5,Clay,4271,14810,2003,147,90,42,Sold,,,http://www.redfin.com/IN/Zionsville/3745-Castle-Rock-Dr-46077/home/66985579,MIBOR,21509370,N,Y,39.9560582,-86.2248817
PAST SALE,September-18-2017,Single Family Residential,486 Danny Rd,Zionsville,IN,46077,168000,3,1.5,Eagle,1050,13068,1967,178,160,,Sold,,,http://www.redfin.com/IN/Zionsville/486-Danny-Rd-46077/home/60147203,MIBOR,21504999,N,Y,39.9719269,-86.2622234
PAST SALE,September-20-2017,Single Family Residential,90 N 1100 E,Zionsville,IN,46077,509000,3,3,Union,3749,468270,1974,176,136,,Sold,,,http://www.redfin.com/IN/Zionsville/90-N-1100-E-46077/home/82496709,MIBOR,21379746,N,Y,40.042557,-86.260808
PAST SALE,September-28-2017,Single Family Residential,90 Clifden Pond Rd,Zionsville,IN,46077,805000,4,4,Eagle,6588,43560,2004,168,122,158,Sold,,,http://www.redfin.com/IN/Zionsville/90-Clifden-Pond-Rd-46077/home/82486397,MIBOR,21475257,N,Y,39.9418789,-86.281523
PAST SALE,September-22-2017,Single Family Residential,6253 Canterbury Dr,Zionsville,IN,46077,170600,3,2,Eagle,1558,8276,2006,174,109,43,Sold,,,http://www.redfin.com/IN/Zionsville/6253-Canterbury-Dr-46077/home/66848816,MIBOR,21503922,N,Y,39.9421358,-86.3446667
PAST SALE,October-16-2017,Single Family Residential,7960 Hunt Country Pl,Zionsville,IN,46077,935000,4,6.5,Eagle,6857,131115,1999,150,136,67,Sold,,,http://www.redfin.com/IN/Zionsville/7960-Hunt-Country-Pl-46077/home/82487890,MIBOR,21487627,N,Y,39.9248127,-86.3272578
PAST SALE,October-4-2017,Single Family Residential,9840 Equestrian Way,Zionsville,IN,46077,779108,4,3.5,Eagle,4141,21780,2017,162,188,,Sold,,,http://www.redfin.com/IN/Zionsville/9840-Equestrian-Way-46077/home/82491574,MIBOR,21517316,N,Y,39.9773846,-86.2815124
PAST SALE,October-11-2017,Single Family Residential,11509 Willow Bend Dr,Zionsville,IN,46077,562500,4,3.5,Eagle,6057,23958,2013,155,93,97,Sold,,,http://www.redfin.com/IN/Zionsville/11509-Willow-Bend-Dr-46077/home/82498588,MIBOR,21506878,N,Y,39.9928942,-86.2535948
PAST SALE,September-26-2017,Single Family Residential,6317 Sugar Maple Dr,Zionsville,IN,46077,336443,3,2,Eagle,3984,6969,2017,170,84,52,Sold,,,http://www.redfin.com/IN/Zionsville/6317-Sugar-Maple-Dr-46077/home/109742488,MIBOR,21515288,N,Y,39.9472666,-86.3310886
PAST SALE,September-25-2017,Single Family Residential,6748 Dorchester Dr,Zionsville,IN,46077,179000,4,2.5,Eagle,1848,6534,1998,171,97,43,Sold,,,http://www.redfin.com/IN/Zionsville/6748-Dorchester-Dr-46077/home/60050684,MIBOR,21505851,N,Y,39.9386557,-86.34233
PAST SALE,September-29-2017,Single Family Residential,6177 Eagle Lake Dr,Zionsville,IN,46077,307000,3,2.5,Eagle,2800,6534,2012,167,110,44,Sold,,,http://www.redfin.com/IN/Zionsville/6177-Eagle-Lake-Dr-46077/home/82497879,MIBOR,21503889,N,Y,39.9244267,-86.3481186
PAST SALE,October-3-2017,Single Family Residential,9659 Bellflower Dr,Zionsville,IN,46077,365750,4,2.5,Eagle,4322,15681,1999,163,85,21,Sold,,,http://www.redfin.com/IN/Zionsville/9659-Bellflower-Dr-46077/home/80159837,MIBOR,21503454,N,Y,39.9732008,-86.2872873
PAST SALE,September-22-2017,Single Family Residential,7735 Eagle Crescent Dr,Zionsville,IN,46077,343000,3,2.5,Eagle,4634,7840,2013,174,74,44,Sold,,,http://www.redfin.com/IN/Zionsville/7735-Eagle-Crescent-Dr-46077/home/60134133,MIBOR,21494551,N,Y,39.9291206,-86.3536548
PAST SALE,September-29-2017,Single Family Residential,872 Franklin Trce,Zionsville,IN,46077,385000,4,2.5,Eagle,4179,15420,1991,167,92,29,Sold,,,http://www.redfin.com/IN/Zionsville/872-Franklin-Trce-46077/home/82492361,MIBOR,21503895,N,Y,39.9600844,-86.2771422
PAST SALE,September-29-2017,Single Family Residential,1085 Park Pl,Zionsville,IN,46077,600000,5,3.5,Eagle,6438,35980,1984,167,93,23,Sold,,,http://www.redfin.com/IN/Zionsville/1085-Park-Pl-46077/home/82492292,MIBOR,21477847,N,Y,39.9658207,-86.2743241
PAST SALE,October-11-2017,Single Family Residential,1850 S Us 421,Zionsville,IN,46077,275000,2,1,Union,1420,225640,1900,155,194,,Sold,,,http://www.redfin.com/IN/Zionsville/1850-U-S-421-46077/home/60031571,MIBOR,21500776,N,Y,40.0160703,-86.2740432
PAST SALE,October-24-2017,Single Family Residential,9440 Moore Rd,Zionsville,IN,46077,440000,6,3.5,Pike,3500,56628,1963,142,126,,Sold,,,http://www.redfin.com/IN/Zionsville/9440-Moore-Rd-46077/home/67092746,MIBOR,21467908,N,Y,39.9230263,-86.2893097
PAST SALE,October-27-2017,Single Family Residential,3785 Stonington Pl,Zionsville,IN,46077,390000,4,3.5,Eagle,4714,13068,2008,139,83,62,Sold,,,http://www.redfin.com/IN/Zionsville/3785-Stonington-Pl-46077/home/60002888,MIBOR,21477868,N,Y,39.9863435,-86.2934095
PAST SALE,October-25-2017,Single Family Residential,6619 Regents Park Dr,Zionsville,IN,46077,660000,5,4.5,Eagle,4830,8712,2011,141,137,123,Sold,,,http://www.redfin.com/IN/Zionsville/6619-Regents-Park-Dr-46077/home/60105017,MIBOR,21462193,N,Y,39.956997,-86.3286047
PAST SALE,November-6-2017,Single Family Residential,6573 Hunters Rdg S,Zionsville,IN,46077,265000,3,2,Eagle,2994,12196,2000,129,89,43,Sold,,,http://www.redfin.com/IN/Zionsville/6573-Hunters-Rdg-S-46077/home/82487228,MIBOR,21516732,N,Y,39.9403023,-86.3348043
PAST SALE,October-3-2017,Single Family Residential,6510 Amherst Way,Zionsville,IN,46077,228000,4,2.5,Eagle,2610,12632,2003,163,87,43,Sold,,,http://www.redfin.com/IN/Zionsville/6510-Amherst-Way-46077/home/82487648,MIBOR,21503560,N,Y,39.9455936,-86.349081
PAST SALE,October-24-2017,Single Family Residential,11934 Mannings Pass,Zionsville,IN,46077,350000,5,3.5,Clay,4125,9583,2012,142,85,50,Sold,,,http://www.redfin.com/IN/Zionsville/11934-Mannings-Pass-46077/home/60045138,MIBOR,21485767,N,Y,39.9600003,-86.2402027
PAST SALE,October-2-2017,Single Family Residential,,Zionsville,IN,46077,269900,4,2.5,,2143,18730,1988,164,126,17,Sold,,,http://www.redfin.com/IN/Zionsville/Undisclosed-address-46077/home/60083390,MIBOR,21497187,N,Y,39.952301,-86.28016
PAST SALE,October-5-2017,Single Family Residential,1025 Starkey Rd,Zionsville,IN,46077,375000,3,2,Eagle,2023,53143,1971,161,185,,Sold,,,http://www.redfin.com/IN/Zionsville/1025-Starkey-Rd-46077/home/61800953,MIBOR,21509253,N,Y,39.9438628,-86.272175
PAST SALE,October-5-2017,Single Family Residential,7355 Hull Rd,Zionsville,IN,46077,1185000,4,5,Eagle,9961,106722,1992,161,119,83,Sold,,,http://www.redfin.com/IN/Zionsville/7355-Hull-Rd-46077/home/82488138,MIBOR,21485546,N,Y,39.9364318,-86.2842148
PAST SALE,September-28-2017,Single Family Residential,7810 Hedgehop Dr,Zionsville,IN,46077,335000,4,2.5,Eagle,4825,7405,2012,168,69,44,Sold,,,http://www.redfin.com/IN/Zionsville/7810-Hedgehop-Dr-46077/home/82497543,MIBOR,21505411,N,Y,39.9268064,-86.3487854
PAST SALE,September-20-2017,Single Family Residential,7815 Gray Eagle Dr,Zionsville,IN,46077,371750,5,3.5,Eagle,4594,7405,2013,176,81,44,Sold,,,http://www.redfin.com/IN/Zionsville/7815-Gray-Eagle-Dr-46077/home/59990041,MIBOR,21503577,N,Y,39.9264077,-86.3492605
PAST SALE,October-10-2017,Single Family Residential,6610 Westminster Dr,Zionsville,IN,46077,660000,5,5,Eagle,6848,13503,2005,156,96,118,Sold,,,http://www.redfin.com/IN/Zionsville/6610-Westminster-Dr-46077/home/60053534,MIBOR,21475854,N,Y,39.9577783,-86.3279709
PAST SALE,November-2-2017,Single Family Residential,7611 W Stonegate Dr,Zionsville,IN,46077,460000,4,3.5,Eagle,3578,5662,2006,133,129,121,Sold,,,http://www.redfin.com/IN/Zionsville/7611-W-Stonegate-Dr-46077/home/59986670,MIBOR,21510820,N,Y,39.9547226,-86.3295357
PAST SALE,November-15-2017,Single Family Residential,625 W Sycamore St,Zionsville,IN,46077,635000,4,3.5,Eagle,4715,21780,2007,120,135,,Sold,,,http://www.redfin.com/IN/Zionsville/625-W-Sycamore-St-46077/home/60069170,MIBOR,21464920,N,Y,39.9471035,-86.2676974
PAST SALE,October-24-2017,Single Family Residential,8813 Weather Stone,Zionsville,IN,46077,319000,4,2.5,Eagle,3389,15245,2004,142,94,62,Sold,,,http://www.redfin.com/IN/Zionsville/8813-Weather-Stone-Xing-46077/home/67008439,MIBOR,21502714,N,Y,39.9840473,-86.3003466
PAST SALE,November-3-2017,Single Family Residential,160 N Main St,Zionsville,IN,46077,223725,2,1,Eagle,840,5227,1880,132,266,,Sold,,,http://www.redfin.com/IN/Zionsville/160-N-Main-St-46077/home/82486560,MIBOR,21514066,N,Y,39.9529883,-86.2625408
PAST SALE,November-17-2017,Single Family Residential,6525 Hyde Park Dr,Zionsville,IN,46077,250000,4,2.5,Eagle,2836,8276,1999,118,88,43,Sold,,,http://www.redfin.com/IN/Zionsville/6525-Hyde-Park-Dr-46077/home/82487507,MIBOR,21512500,N,Y,39.9441006,-86.3370621
PAST SALE,September-29-2017,Single Family Residential,11040 Brentwood Ave,Zionsville,IN,46077,316000,4,2.5,Eagle,2518,22302,1988,167,125,8,Sold,,,http://www.redfin.com/IN/Zionsville/11040-Brentwood-Ave-46077/home/82490659,MIBOR,21497149,N,Y,39.9739966,-86.2593275
PAST SALE,November-22-2017,Single Family Residential,11504 Golden Willow Ct,Zionsville,IN,46077,475000,3,3,Eagle,3862,9147,2016,113,123,97,Sold,,,http://www.redfin.com/IN/Zionsville/11504-Golden-Willow-Dr-46077/home/82499090,MIBOR,21501707,N,Y,39.9973599,-86.2483176
PAST SALE,November-17-2017,Single Family Residential,11704 Sweeping Ridge Dr,Zionsville,IN,46077,450000,5,3.5,Clay,4340,14374,2002,118,104,79,Sold,,,http://www.redfin.com/IN/Zionsville/11704-Sweeping-Ridge-Dr-46077/home/82359456,MIBOR,21505997,N,Y,39.95754,-86.2304192
PAST SALE,November-30-2017,Single Family Residential,11939 Mannings Pass,Zionsville,IN,46077,340000,4,2.5,Clay,3920,8276,2014,105,87,50,Sold,,,http://www.redfin.com/IN/Zionsville/11939-Mannings-Pass-46077/home/60050056,MIBOR,21505633,N,Y,39.9602666,-86.2397661
PAST SALE,September-28-2017,Single Family Residential,7658 Deerfield Ln,Zionsville,IN,46077,962935,5,4.5,Eagle,5647,13503,2017,168,171,118,Sold,,,http://www.redfin.com/IN/Zionsville/7658-Deerfield-Ln-46077/home/109742724,MIBOR,21515260,N,Y,39.957867,-86.325015
PAST SALE,November-30-2017,Single Family Residential,3920 Sugar Pine Ln,Zionsville,IN,46077,588621,4,4.5,Eagle,6905,11325,2017,105,85,,Sold,,,http://www.redfin.com/IN/Zionsville/3920-Sugar-Pine-Ln-46077/home/109742553,MIBOR,21530125,N,Y,39.9889027,-86.2549121
PAST SALE,October-23-2017,Single Family Residential,7821 Blue Jay Way,Zionsville,IN,46077,286500,4,3.5,Eagle,3275,7840,2006,143,87,44,Sold,,,http://www.redfin.com/IN/Zionsville/7821-Blue-Jay-Way-46077/home/59981555,MIBOR,21491281,N,Y,39.9258713,-86.3404883
PAST SALE,November-22-2017,Single Family Residential,545 W Poplar St,Zionsville,IN,46077,610000,3,3.5,Eagle,2676,6969,1860,113,228,,Sold,,,http://www.redfin.com/IN/Zionsville/545-W-Poplar-St-46077/home/60058174,MIBOR,21502119,N,Y,39.9520444,-86.2662099
PAST SALE,November-3-2017,Single Family Residential,6478 Glenwood Trce,Zionsville,IN,46077,239000,5,2.5,Eagle,2860,7405,2003,132,84,,Sold,,,http://www.redfin.com/IN/Zionsville/6478-Glenwood-Trce-46077/home/60071777,MIBOR,21517937,N,Y,39.9455914,-86.3424087
PAST SALE,November-7-2017,Single Family Residential,912 Cardinal Dr,Zionsville,IN,46077,259900,3,2,Eagle,1580,25700,1974,128,164,,Sold,,,http://www.redfin.com/IN/Zionsville/912-Cardinal-Dr-46077/home/60161164,MIBOR,21515073,N,Y,39.9642376,-86.2973179
PAST SALE,October-13-2017,Single Family Residential,3965 Stonington Pl,Zionsville,IN,46077,397000,5,5,Eagle,5622,19166,2008,153,71,60,Sold,,,http://www.redfin.com/IN/Zionsville/3965-Stonington-Pl-46077/home/60162940,MIBOR,21476056,N,Y,39.9841656,-86.2935716
PAST SALE,November-22-2017,Single Family Residential,9755 Soaring Hawk Cir,Zionsville,IN,46077,840000,4,5,Eagle,7213,136342,1994,113,116,,Sold,,,http://www.redfin.com/IN/Zionsville/9755-Soaring-Hawk-Cir-46077/home/60169527,MIBOR,21479343,N,Y,39.9269202,-86.290737
PAST SALE,November-10-2017,Single Family Residential,6280 Briargate Dr,Zionsville,IN,46077,186000,4,2.5,Eagle,2136,5793,2000,125,87,40,Sold,,,http://www.redfin.com/IN/Zionsville/6280-Briargate-Dr-46077/home/66922816,MIBOR,21516574,N,Y,39.9405281,-86.3419735
PAST SALE,November-22-2017,Single Family Residential,7475 W 92nd St,Indianapolis,IN,46077,355000,4,3,Pike,4048,89733,1958,113,88,,Sold,,,http://www.redfin.com/IN/Zionsville/7475-W-92nd-St-46077/home/82215695,MIBOR,21502882,N,Y,39.9177258,-86.292905
PAST SALE,November-8-2017,Single Family Residential,11545 Willow Bend Dr,Zionsville,IN,46077,462500,4,3.5,Eagle,5047,20037,2013,127,92,,Sold,,,http://www.redfin.com/IN/Zionsville/11545-Willow-Bend-Dr-46077/home/82498286,MIBOR,21501687,N,Y,39.9917949,-86.2499247
PAST SALE,December-4-2017,Single Family Residential,11936 Eagleview,Zionsville,IN,46077,419530,4,3.5,Clay,4059,,2017,101,103,,Sold,,,http://www.redfin.com/IN/Zionsville/11936-Eagleview-Dr-46077/home/144441047,MIBOR,21526873,N,Y,39.9600846,-86.2384171
PAST SALE,December-13-2017,Single Family Residential,1422 Waterford Dr,Zionsville,IN,46077,280000,4,2.5,Eagle,2192,27007,1988,92,128,19,Sold,,,http://www.redfin.com/IN/Zionsville/1422-Waterford-Dr-46077/home/60162114,MIBOR,21524665,N,Y,39.9577852,-86.2794541
PAST SALE,October-16-2017,Single Family Residential,11320 Abercairn Ct,Zionsville,IN,46077,590000,5,4.5,Union,5749,16552,2008,150,103,73,Sold,,,http://www.redfin.com/IN/Zionsville/11320-Abercairn-Ct-46077/home/60162040,MIBOR,21497211,N,Y,40.0022785,-86.2534559
PAST SALE,December-21-2017,Single Family Residential,6344 Silver Maple Way,Zionsville,IN,46077,295000,3,2,Eagle,2795,7840,2014,84,106,52,Sold,,,http://www.redfin.com/IN/Zionsville/6344-Silver-Maple-Way-46077/home/60141980,MIBOR,21522459,N,Y,39.947165,-86.329164
PAST SALE,December-22-2017,Single Family Residential,9704 Winter Way,Zionsville,IN,46077,390000,4,2.5,Eagle,3931,15245,1999,83,99,35,Sold,,,http://www.redfin.com/IN/Zionsville/9704-Winter-Way-46077/home/82491383,MIBOR,21519862,N,Y,39.9784944,-86.2861376
PAST SALE,December-22-2017,Single Family Residential,845 Sugarbush Rdg,Zionsville,IN,46077,437000,4,2.5,Eagle,4374,36590,1981,83,100,4,Sold,,,http://www.redfin.com/IN/Zionsville/845-Sugarbush-Rdg-46077/home/67085642,MIBOR,21481917,N,Y,39.9385074,-86.2720051
PAST SALE,December-28-2017,Single Family Residential,10255 Lemberger Blvd,Zionsville,IN,46077,398000,4,2.5,Eagle,3489,8712,2017,77,114,42,Sold,,,http://www.redfin.com/IN/ZIONSVILLE/10255-LEMBERGER-BLVD-46077/home/113161460,MIBOR,21475546,N,Y,39.932673,-86.260453
PAST SALE,December-29-2017,Single Family Residential,7621 Beekman Ter,Zionsville,IN,46077,470000,3,2.5,Eagle,3342,3484,2017,76,141,108,Sold,,,http://www.redfin.com/IN/Zionsville/7621-Beekman-Ter-46077/home/82491893,MIBOR,21519211,N,Y,39.9543331,-86.3283374
PAST SALE,January-5-2018,Single Family Residential,9749 Winter Way,Zionsville,IN,46077,386410,3,2.5,Eagle,3522,26571,1999,69,110,35,Sold,,,http://www.redfin.com/IN/Zionsville/9749-Winter-Way-46077/home/82491382,MIBOR,21502398,N,Y,39.9791507,-86.2846343
PAST SALE,January-12-2018,Single Family Residential,2905 S 1200 E,Zionsville,IN,46077,546000,4,4.5,Washington,4914,130680,1996,62,111,,Sold,,,http://www.redfin.com/IN/Zionsville/2905-S-1200-E-46077/home/82356625,MIBOR,21505753,N,Y,40.000576,-86.240058
PAST SALE,February-14-2018,Single Family Residential,655 Spring Hills Dr,Zionsville,IN,46077,322000,4,2.5,Eagle,3584,20908,1972,29,90,,Sold,,,http://www.redfin.com/IN/Zionsville/655-Spring-Hills-Dr-46077/home/60088201,MIBOR,21528742,N,Y,39.9490167,-86.2910469
PAST SALE,January-5-2018,Single Family Residential,7820 Eagles Nest Blvd,Zionsville,IN,46077,302000,4,2.5,Eagle,3581,6969,2010,69,84,44,Sold,,,http://www.redfin.com/IN/Zionsville/7820-Eagles-Nest-Blvd-46077/home/60088878,MIBOR,21513121,N,Y,39.9258781,-86.3477161
PAST SALE,December-6-2017,Single Family Residential,6105 Golden Eagle Dr,Zionsville,IN,46077,332500,5,4,Eagle,4657,10890,2007,99,71,44,Sold,,,http://www.redfin.com/IN/Zionsville/6105-Golden-Eagle-Dr-46077/home/60100120,MIBOR,21518684,N,Y,39.9296933,-86.3473002
PAST SALE,January-25-2018,Single Family Residential,6525 Hunters Rdg N,Zionsville,IN,46077,265000,4,2.5,Eagle,3136,8537,2002,49,85,43,Sold,,,http://www.redfin.com/IN/Zionsville/6525-Hunters-Rdg-N-46077/home/82486662,MIBOR,21506430,N,Y,39.9443501,-86.3335367
PAST SALE,December-15-2017,Single Family Residential,11644 Willow Springs Dr,Zionsville,IN,46077,700000,6,5.5,Eagle,5991,49222,2014,90,117,97,Sold,,,http://www.redfin.com/IN/Zionsville/11644-Willow-Springs-Dr-46077/home/82498577,MIBOR,21518520,N,Y,39.9929881,-86.2459568
PAST SALE,March-5-2018,Single Family Residential,11680 Walton Cres,Zionsville,IN,46077,710000,5,4.5,Eagle,4964,16552,2017,10,143,100,Sold,,,http://www.redfin.com/IN/ZIONSVILLE/11680-WALTON-CRES-46077/home/113966984,MIBOR,21484657,N,Y,39.966543,-86.249197
PAST SALE,March-6-2018,Single Family Residential,11527 Willow Ridge Dr,Zionsville,IN,46077,1168000,7,7.5,Eagle,10074,52707,2004,9,116,125,Sold,,,http://www.redfin.com/IN/Zionsville/11527-Willow-Ridge-Dr-46077/home/82498585,MIBOR,21549868,N,Y,39.9828154,-86.2488481
PAST SALE,November-20-2017,Single Family Residential,6371 Sugar Maple Dr,Zionsville,IN,46077,325000,5,3,Eagle,3178,9147,2017,115,102,52,Sold,,,http://www.redfin.com/IN/Zionsville/6371-Sugar-Maple-Dr-46077/home/109742527,MIBOR,21481412,N,Y,39.9468313,-86.3314667
PAST SALE,March-13-2018,Single Family Residential,6738 Wimbledon Dr Dr,Zionsville,IN,46077,147000,3,2,Eagle,1325,5227,2003,2,111,42,Sold,,,http://www.redfin.com/IN/Zionsville/6738-Wimbledon-Dr-46077/home/60088340,MIBOR,21544380,N,Y,39.9392377,-86.3442706
PAST SALE,December-28-2017,Single Family Residential,3706 Abney Highland Dr,Carmel,IN,46077,468000,5,4,Clay,4956,20473,2012,77,94,55,Sold,,,http://www.redfin.com/IN/Zionsville/3706-Abney-Highland-Dr-46077/home/107133026,MIBOR,21509658,N,Y,39.9617846,-86.2229563
PAST SALE,November-14-2017,Single Family Residential,11578 Willow Bend Ct,Zionsville,IN,46077,1277400,6,7,Eagle,10055,64904,2008,121,127,97,Sold,,,http://www.redfin.com/IN/Zionsville/11578-Willow-Bend-Ct-46077/home/82499106,MIBOR,21487760,N,Y,39.9923466,-86.2440719
PAST SALE,October-12-2017,Single Family Residential,8750 E 575 S,Zionsville,IN,46077,295000,4,3,Eagle,3911,65340,1995,154,75,,Sold,,,http://www.redfin.com/IN/Zionsville/8750-E-575-S-46077/home/82491904,MIBOR,21473132,N,Y,39.9601945,-86.3026661
PAST SALE,October-27-2017,Single Family Residential,672 W Russell Lake Dr,Zionsville,IN,46077,690000,5,3.5,Eagle,3815,422096,1999,139,181,,Sold,,,http://www.redfin.com/IN/Zionsville/672-W-Russell-Lake-Dr-46077/home/107315417,MIBOR,21482034,N,Y,39.945556,-86.301622
PAST SALE,November-10-2017,Single Family Residential,6235 Stonegate Ln,Zionsville,IN,46077,810000,5,4.5,Eagle,7605,46609,2014,125,107,,Sold,,,http://www.redfin.com/IN/Zionsville/6235-Stonegate-Ln-46077/home/60176915,MIBOR,21486599,N,Y,39.9513637,-86.3204347
PAST SALE,October-13-2017,Single Family Residential,11127 Glen Avon Way,Zionsville,IN,46077,660994,4,5,Union,6106,20908,2017,153,108,73,Sold,,,http://www.redfin.com/IN/Zionsville/11127-Glen-Avon-Way-46077/home/125656403,MIBOR,21518775,N,Y,40.0042569,-86.255609
PAST SALE,November-27-2017,Single Family Residential,692 Morningside Dr,Zionsville,IN,46077,450000,5,3.5,Eagle,4920,31842,1978,108,91,4,Sold,,,http://www.redfin.com/IN/Zionsville/692-Morningside-Dr-46077/home/82486095,MIBOR,21480697,N,Y,39.9401201,-86.2742444
PAST SALE,December-8-2017,Single Family Residential,11330 Still Creek Dr,Zionsville,IN,46077,588380,4,4.5,Union,5644,16988,2017,97,104,73,Sold,,,http://www.redfin.com/IN/Zionsville/11330-Still-Creek-Dr-46077/home/109742686,MIBOR,21493470,N,Y,40.005555,-86.25204
PAST SALE,December-29-2017,Single Family Residential,6287 Sugar Maple Dr,Zionsville,IN,46077,308000,4,2.5,Eagle,2593,6534,2017,76,119,52,Sold,,,http://www.redfin.com/IN/Zionsville/6287-Sugar-Maple-Dr-46077/home/109742665,MIBOR,21517321,N,Y,39.9475393,-86.3308487
PAST SALE,September-29-2017,Single Family Residential,4851 Willow Ridge Ct,Zionsville,IN,46077,775000,5,5.5,Eagle,6060,22651,1995,167,128,,Sold,,,http://www.redfin.com/IN/Zionsville/4851-Willow-Ridge-Ct-46077/home/60069720,MIBOR,21501737,N,Y,39.9711513,-86.2731406
PAST SALE,December-1-2017,Single Family Residential,6421 Sugar Maple Dr,Zionsville,IN,46077,278275,3,2,Eagle,2281,9844,2017,104,122,52,Sold,,,http://www.redfin.com/IN/Zionsville/6421-Sugar-Maple-Dr-46077/home/144537308,MIBOR,21529191,N,Y,39.9476881,-86.3307539
PAST SALE,December-8-2017,Single Family Residential,6254 Saddletree Dr,Zionsville,IN,46077,214900,4,2.5,Eagle,2744,10018,2002,97,78,43,Sold,,,http://www.redfin.com/IN/Zionsville/6254-Saddletree-Dr-46077/home/59986401,MIBOR,21514755,N,Y,39.9445192,-86.3439934
PAST SALE,December-8-2017,Single Family Residential,7818 Eagles Nest Blvd,Zionsville,IN,46077,320000,5,3.5,Eagle,3332,6969,2010,97,96,44,Sold,,,http://www.redfin.com/IN/Zionsville/7818-Eagles-Nest-Blvd-46077/home/60095474,MIBOR,21513915,N,Y,39.9260433,-86.347777
PAST SALE,December-15-2017,Single Family Residential,1141 Huntington Woods Pt,Zionsville,IN,46077,435000,6,3.5,Eagle,4326,15245,2000,90,101,33,Sold,,,http://www.redfin.com/IN/Zionsville/1141-Huntington-Woods-Rd-46077/home/82488079,MIBOR,21518426,N,Y,39.9379129,-86.2759774
PAST SALE,December-18-2017,Single Family Residential,730 S Us 421,Zionsville,IN,46077,150000,2,2,Union,1344,32670,1948,87,112,,Sold,,,http://www.redfin.com/IN/Zionsville/730-U-S-421-46077/home/59986544,MIBOR,21521995,N,Y,40.0315507,-86.2813004
PAST SALE,February-27-2018,Single Family Residential,12101 Daugherty Dr,Zionsville,IN,46077,280000,3,2,Eagle,2030,23522,1966,16,138,,Sold,,,http://www.redfin.com/IN/Zionsville/12101-Daugherty-Dr-46077/home/82492499,MIBOR,21542042,N,Y,39.9628008,-86.2425093
PAST SALE,February-28-2018,Single Family Residential,12833 West Rd,Zionsville,IN,46077,1050000,4,3.5,Clay,4424,292287,1988,15,237,,Sold,,,http://www.redfin.com/IN/Zionsville/12833-West-Rd-46077/home/82405869,MIBOR,21505272,N,Y,39.973165,-86.233904
PAST SALE,March-9-2018,Single Family Residential,11639 Weeping Willow Ct,Zionsville,IN,46077,495000,4,3,Eagle,3059,11761,2016,6,162,97,Sold,,,http://www.redfin.com/IN/Zionsville/11639-Weeping-Willow-Ct-46077/home/82499057,MIBOR,21523229,N,Y,39.9946829,-86.2466171
PAST SALE,October-3-2017,Single Family Residential,6545 Briarwood Pl,Zionsville,IN,46077,410000,4,4.5,Eagle,4940,13939,2003,163,83,48,Sold,,,http://www.redfin.com/IN/Zionsville/6545-Briarwood-Pl-46077/home/67041912,MIBOR,21503333,N,Y,39.9447068,-86.3062878
PAST SALE,December-18-2017,Single Family Residential,700 Round Ct,Zionsville,IN,46077,372500,4,2.5,Eagle,3710,22651,1978,87,100,,Sold,,,http://www.redfin.com/IN/Zionsville/700-Round-Ct-46077/home/82492226,MIBOR,21513165,N,Y,39.9559744,-86.2533742
PAST SALE,January-25-2018,Single Family Residential,1673 Catalina Way,Zionsville,IN,46077,274000,4,2.5,Eagle,2208,18905,1988,49,124,19,Sold,,,http://www.redfin.com/IN/Zionsville/1673-Catalina-Way-46077/home/60127987,MIBOR,21525386,N,Y,39.9572594,-86.2858289
PAST SALE,January-30-2018,Single Family Residential,7363 Red Maple Dr,Zionsville,IN,46077,305000,3,2,Eagle,2061,7405,2014,44,148,52,Sold,,,http://www.redfin.com/IN/Zionsville/7363-Red-Maple-Dr-46077/home/59990809,MIBOR,21527405,N,Y,39.9461931,-86.3290801
PAST SALE,February-27-2018,Single Family Residential,4662 Rockcress Ct,Zionsville,IN,46077,393000,4,2.5,Eagle,3704,20037,2000,16,106,21,Sold,,,http://www.redfin.com/IN/Zionsville/4662-Rockcress-Ct-46077/home/82490895,MIBOR,21527506,N,Y,39.976374,-86.2910152
PAST SALE,February-26-2018,Single Family Residential,514 N 1100 E,Zionsville,IN,46077,308881,3,2,Union,2502,127630,1996,17,123,,Sold,,,http://www.redfin.com/IN/Zionsville/514-N-1100-E-46077/home/60045565,MIBOR,21510731,N,Y,40.0480603,-86.2629789
PAST SALE,February-28-2018,Single Family Residential,4585 Ivywood Ct,Zionsville,IN,46077,530000,5,4.5,Eagle,5192,34848,1997,15,102,42,Sold,,,http://www.redfin.com/IN/Zionsville/4585-Ivywood-Ct-46077/home/82490825,MIBOR,21528604,N,Y,39.9743377,-86.2786832
PAST SALE,March-1-2018,Single Family Residential,1666 Village Walk Dr,Zionsville,IN,46077,247500,4,2.5,Eagle,1720,19732,1986,14,144,19,Sold,,,http://www.redfin.com/IN/Zionsville/1666-Village-Walk-Dr-46077/home/82492115,MIBOR,21517190,N,Y,39.9563085,-86.2848691
PAST SALE,February-28-2018,Single Family Residential,11175 Patmore Ash Dr,Zionsville,IN,46077,424250,5,3,Eagle,5201,21780,2012,15,82,50,Sold,,,http://www.redfin.com/IN/Zionsville/11175-Patmore-Ash-Dr-46077/home/82498371,MIBOR,21529470,N,Y,39.9943681,-86.2570861
PAST SALE,March-1-2018,Single Family Residential,6565 Hunters Rdg S,Zionsville,IN,46077,274900,3,3,Eagle,3666,10018,2004,14,75,43,Sold,,,http://www.redfin.com/IN/Zionsville/6565-Hunters-Rdg-S-46077/home/60062881,MIBOR,21529221,N,Y,39.941003,-86.3347845
PAST SALE,February-28-2018,Single Family Residential,7024 Beaumont Ct,Zionsville,IN,46077,499900,3,4,Eagle,4147,30491,1998,15,121,75,Sold,,,http://www.redfin.com/IN/Zionsville/7024-Beaumont-Ct-46077/home/82498893,MIBOR,21541438,N,Y,39.9388496,-86.2796151
PAST SALE,March-5-2018,Single Family Residential,6831 Woodhaven Pl,Zionsville,IN,46077,485000,4,4,Eagle,5332,14374,2006,10,91,48,Sold,,,http://www.redfin.com/IN/Zionsville/6831-Woodhaven-Pl-46077/home/67087432,MIBOR,21522125,N,Y,39.9442334,-86.303703
PAST SALE,March-6-2018,Single Family Residential,7812 Sea Eagle Cir,Zionsville,IN,46077,334900,5,3.5,Eagle,4336,6969,2010,9,77,44,Sold,,,http://www.redfin.com/IN/Zionsville/7812-Sea-Eagle-Cir-46077/home/60088799,MIBOR,21540607,N,Y,39.9266561,-86.3467174
PAST SALE,March-8-2018,Single Family Residential,8785 Horseshoe Dr,Zionsville,IN,46077,162000,3,2,Eagle,2088,29533,1978,7,78,,Sold,,,http://www.redfin.com/IN/Zionsville/8785-Horseshoe-Dr-46077/home/82490466,MIBOR,21533407,N,Y,39.9932529,-86.3022926
PAST SALE,October-12-2017,Single Family Residential,2812 W High Grove Cir,Zionsville,IN,46077,485000,4,3.5,Union,5202,13068,2013,154,93,73,Sold,,,http://www.redfin.com/IN/Zionsville/2812-W-High-Grove-Cir-46077/home/82497967,MIBOR,21511180,N,Y,40.0002595,-86.2597052
PAST SALE,November-1-2017,Single Family Residential,5205 Willow Rd,Zionsville,IN,46077,335000,4,4,Eagle,2150,15986,1961,134,156,,Sold,,,http://www.redfin.com/IN/Zionsville/5205-Willow-Rd-46077/home/66843572,MIBOR,21505025,N,Y,39.9668837,-86.2599859
PAST SALE,October-31-2017,Single Family Residential,560 Meadow Ln,Zionsville,IN,46077,225000,5,2.5,Eagle,2016,15681,1965,135,112,,Sold,,,http://www.redfin.com/IN/Zionsville/560-Meadow-Ct-46077/home/59984863,MIBOR,21513563,N,Y,39.96747,-86.259199
PAST SALE,November-2-2017,Single Family Residential,6868 W 96th St,Zionsville,IN,46077,242500,4,2,Eagle,2088,28749,1977,133,116,,Sold,,,http://www.redfin.com/IN/Zionsville/6868-W-96th-St-46077/home/82488171,MIBOR,21502073,N,Y,39.9246599,-86.2844499
PAST SALE,December-18-2017,Single Family Residential,1185 Woodside Ct,Zionsville,IN,46077,449900,5,3,Eagle,4748,38768,2000,87,95,33,Sold,,,http://www.redfin.com/IN/Zionsville/1185-Woodside-Ct-46077/home/82488070,MIBOR,21489064,N,Y,39.9385462,-86.2738655
PAST SALE,December-27-2017,Single Family Residential,4290 Cherry Ct,Zionsville,IN,46077,390000,4,3.5,Eagle,4625,16552,2004,78,84,25,Sold,,,http://www.redfin.com/IN/Zionsville/4290-Cherry-Ct-46077/home/79073776,MIBOR,21519038,N,Y,39.9804017,-86.2929652
PAST SALE,December-20-2017,Single Family Residential,5771 Arbois Cir,Zionsville,IN,46077,379090,3,4,Eagle,2092,8712,2017,85,181,42,Sold,,,http://www.redfin.com/IN/ZIONSVILLE/5771-ARBOIS-CIR-46077/home/125656000,MIBOR,21539482,N,Y,39.9508733,-86.261937
PAST SALE,December-27-2017,Single Family Residential,620 N Elm St,Zionsville,IN,46077,425000,3,2.5,Eagle,3250,6969,2004,78,131,,Sold,,,http://www.redfin.com/IN/Zionsville/620-N-Elm-St-46077/home/66971328,MIBOR,21503667,N,Y,39.9571332,-86.2610075
PAST SALE,December-31-2017,Single Family Residential,575 Sycamore St,Zionsville,IN,46077,625000,4,3,Eagle,3361,9452,2016,74,186,,Sold,,,http://www.redfin.com/IN/Zionsville/575-W-Sycamore-St-46077/home/113357361,MIBOR,21519717,N,Y,39.9473398,-86.2665877
PAST SALE,February-15-2018,Single Family Residential,10259 Lemberger Blvd,Zionsville,IN,46077,434995,5,3.5,Eagle,4623,8712,2017,28,94,42,Sold,,,http://www.redfin.com/IN/ZIONSVILLE/10259-LEMBERGER-BLVD-46077/home/113161459,MIBOR,21472013,N,Y,39.932673,-86.260453
PAST SALE,December-27-2017,Single Family Residential,7350 Hull Rd,Zionsville,IN,46077,950000,5,5.5,Eagle,8266,95832,1993,78,115,83,Sold,,,http://www.redfin.com/IN/Zionsville/7350-Hull-Rd-46077/home/60066153,MIBOR,21478896,N,Y,39.9356108,-86.2842346
PAST SALE,January-26-2018,Single Family Residential,2809 Newbury Ct,Zionsville,IN,46077,475000,4,4,Union,4762,8276,2009,48,100,73,Sold,,,http://www.redfin.com/IN/Zionsville/2809-Newbury-Ct-46077/home/60078670,MIBOR,21524510,N,Y,40.0005788,-86.2578597
PAST SALE,December-19-2017,Single Family Residential,880 W Oak St,Zionsville,IN,46077,255000,3,1.5,Eagle,3562,12632,1951,86,72,,Sold,,,http://www.redfin.com/IN/Zionsville/880-W-Oak-St-46077/home/60102069,MIBOR,21504125,N,Y,39.9505185,-86.2704738
PAST SALE,October-23-2017,Single Family Residential,8967 Winterberry Ct,Zionsville,IN,46077,365000,5,2.5,Eagle,4086,20037,2002,143,89,25,Sold,,,http://www.redfin.com/IN/Zionsville/8967-Winterberry-Ct-46077/home/66997524,MIBOR,21495233,N,Y,39.9782324,-86.2902613
PAST SALE,November-6-2017,Single Family Residential,640 Valley View Dr,Zionsville,IN,46077,350000,3,2.5,Eagle,1808,22651,1961,129,194,,Sold,,,http://www.redfin.com/IN/Zionsville/640-Valley-View-Dr-46077/home/82486300,MIBOR,21512181,N,Y,39.9519825,-86.2686493
PAST SALE,January-10-2018,Single Family Residential,38 Dapple Ct,Zionsville,IN,46077,226500,3,3,Eagle,1946,5662,1994,64,116,28,Sold,,,http://www.redfin.com/IN/Zionsville/38-Dapple-Ct-46077/home/82486475,MIBOR,21509396,N,Y,39.946263,-86.2776009
PAST SALE,January-26-2018,Single Family Residential,760 Sugarbush Dr,Zionsville,IN,46077,420750,4,3.5,Eagle,4613,18687,1981,48,91,4,Sold,,,http://www.redfin.com/IN/Zionsville/760-Sugarbush-Dr-46077/home/82488048,MIBOR,21480438,N,Y,39.9385554,-86.2698671
PAST SALE,November-30-2017,Single Family Residential,9455 E 200 S,Zionsville,IN,46077,690000,4,3.5,Union,4664,163350,1978,105,148,,Sold,,,http://www.redfin.com/IN/Zionsville/9455-E-200-S-46077/home/82489779,MIBOR,21511368,N,Y,40.0120812,-86.2900995
PAST SALE,October-9-2017,Single Family Residential,315 Camden Dr,Zionsville,IN,46077,356000,4,2.5,Eagle,3280,29185,1980,157,109,21,Sold,,,http://www.redfin.com/IN/Zionsville/315-Camden-Dr-46077/home/82491870,MIBOR,21507040,N,Y,39.9671911,-86.2832037
PAST SALE,December-15-2017,Single Family Residential,3235 Purple Ash Dr,Zionsville,IN,46077,396000,6,3,Eagle,4704,12196,2012,90,84,46,Sold,,,http://www.redfin.com/IN/Zionsville/3235-Purple-Ash-Dr-46077/home/82498261,MIBOR,21512158,N,Y,39.9957993,-86.2567687
PAST SALE,February-28-2018,Single Family Residential,9100 E 100 N,Zionsville,IN,46077,669000,5,4.5,Union,5300,341510,2005,15,126,,Sold,,,http://www.redfin.com/IN/Zionsville/9100-E-100-N-46077/home/60016772,MIBOR,21528877,N,Y,40.0543915,-86.2907195
PAST SALE,October-2-2017,Single Family Residential,4201 First Flight Cir,Zionsville,IN,46077,397000,3,3,Eagle,3700,16117,1998,164,107,58,Sold,,,http://www.redfin.com/IN/Zionsville/4201-First-Flight-Cir-46077/home/66820138,MIBOR,21504561,N,Y,39.981156,-86.2521783
PAST SALE,November-3-2017,Single Family Residential,4310 Tally Ho Cir,Zionsville,IN,46077,415000,4,4.5,Eagle,5693,20473,2002,132,73,58,Sold,,,http://www.redfin.com/IN/Zionsville/4310-Tally-Ho-Cir-46077/home/67078482,MIBOR,21492517,N,Y,39.9840129,-86.2542247
PAST SALE,November-3-2017,Single Family Residential,11735 Promontory Trl,Zionsville,IN,46077,540000,5,4,Eagle,4950,19602,1997,132,109,80,Sold,,,http://www.redfin.com/IN/Zionsville/11735-Promontory-Trl-46077/home/66993313,MIBOR,21428863,N,Y,39.9784885,-86.2458825
PAST SALE,November-3-2017,Single Family Residential,4478 Riverbirch Run,Zionsville,IN,46077,515000,4,4.5,Eagle,5585,13503,1998,132,92,60,Sold,,,http://www.redfin.com/IN/Zionsville/4478-Riverbirch-Run-46077/home/60029047,MIBOR,21509201,N,Y,39.9776686,-86.2417629
PAST SALE,December-15-2017,Single Family Residential,11546 Buckskin Dr,Zionsville,IN,46077,420000,4,3.5,Union,5073,14810,2009,90,83,52,Sold,,,http://www.redfin.com/IN/Zionsville/11546-Buckskin-Dr-46077/home/60010317,MIBOR,21518486,N,Y,40.001648,-86.2480619
PAST SALE,December-22-2017,Single Family Residential,4474 Eagleridge Ln,Zionsville,IN,46077,409605,4,3.5,Clay,3500,9147,2017,83,117,50,Sold,,,http://www.redfin.com/IN/Zionsville/4474-Eagleridge-Ln-46077/home/144659565,MIBOR,21539778,N,Y,39.9618251,-86.2383514
PAST SALE,January-19-2018,Single Family Residential,12031 Eagletree Ct,Zionsville,IN,46077,420450,3,2.5,Clay,3932,9583,2017,55,107,,Sold,,,http://www.redfin.com/IN/Zionsville/12031-Eagletree-Ct-46077/home/144727385,MIBOR,21540578,N,Y,39.9618582,-86.2399694
PAST SALE,December-11-2017,Single Family Residential,11946 Creekstone Way,Zionsville,IN,46077,419000,4,3.5,Eagle,4086,12632,1999,94,103,80,Sold,,,http://www.redfin.com/IN/Zionsville/11946-Creekstone-Way-46077/home/66968958,MIBOR,21491576,N,Y,39.9745768,-86.241929
PAST SALE,February-12-2018,Single Family Residential,3512 Sugar Pine Ln,Zionsville,IN,46077,573205,5,4.5,Eagle,5639,15245,2018,31,102,,Sold,,,http://www.redfin.com/IN/Zionsville/3512-Sugar-Pine-Ln-46077/home/109742828,MIBOR,21545756,N,Y,39.988793,-86.254606
PAST SALE,December-8-2017,Single Family Residential,12181 Daugherty Dr,Zionsville,IN,46077,212000,3,1.5,Eagle,1434,23522,1967,97,148,,Sold,,,http://www.redfin.com/IN/Zionsville/12181-Daugherty-Dr-46077/home/82492497,MIBOR,21504457,N,Y,39.9639425,-86.2425639
PAST SALE,January-26-2018,Single Family Residential,3246 Sunrise Ct,Zionsville,IN,46077,479900,4,3.5,Eagle,5346,25264,2010,48,90,97,Sold,,,http://www.redfin.com/IN/Zionsville/3246-Sunrise-Ct-46077/home/82498198,MIBOR,21522008,N,Y,39.9931083,-86.2546462
PAST SALE,February-26-2018,Single Family Residential,11538 Boylston Ct,Zionsville,IN,46077,505000,5,5,Union,5233,20037,2010,17,97,54,Sold,,,http://www.redfin.com/IN/Zionsville/11538-Boylston-Ct-46077/home/82489412,MIBOR,21525706,N,Y,40.0033784,-86.2503215
PAST SALE,March-1-2018,Single Family Residential,2 Woodard Blf,Zionsville,IN,46077,1655000,6,6.5,Eagle,9764,67953,2013,14,170,500,Sold,,,http://www.redfin.com/IN/Zionsville/2-Woodard-Blf-46077/home/60124064,MIBOR,21478561,N,Y,39.9584282,-86.2476014
PAST SALE,October-5-2017,Single Family Residential,15333 Little Eagle Creek Ave,Zionsville,IN,46077,325000,3,2,Washington,1806,130680,1986,161,180,,Sold,,,http://www.redfin.com/IN/Zionsville/15333-Little-Eagle-Creek-Ave-46077/home/82356578,MIBOR,21503871,N,Y,40.0096902,-86.228891
PAST SALE,February-6-2018,Single Family Residential,11423 Mears Dr,Zionsville,IN,46077,380000,4,2.5,Clay,4390,12632,2012,37,87,75,Sold,,,http://www.redfin.com/IN/Zionsville/11423-Mears-Dr-46077/home/107069167,MIBOR,21528627,N,Y,39.9528192,-86.2275414
PAST SALE,March-9-2018,Single Family Residential,3755 W 116th St,Zionsville,IN,46077,143740,4,2,Clay,1780,52272,1966,6,81,,Sold,,,http://www.redfin.com/IN/Zionsville/3755-W-116th-St-46077/home/82375422,MIBOR,21526076,N,Y,39.9554829,-86.2236151
PAST SALE,November-29-2017,Single Family Residential,7717 E 300 S,Whitestown,IN,46075,475000,4,3,Worth,4898,344995,1977,106,97,,Sold,,,http://www.redfin.com/IN/Whitestown/7717-E-300-S-46075/home/60037451,MIBOR,21493696,N,Y,39.9964841,-86.3232156
PAST SALE,December-15-2017,Single Family Residential,6106 Mountain Hawk Dr,Zionsville,IN,46077,306500,3,2.5,Eagle,4588,10454,2008,90,67,44,Sold,,,http://www.redfin.com/IN/Zionsville/6106-Mountain-Hawk-Dr-46077/home/60100908,MIBOR,21512991,N,Y,39.9291724,-86.346033
PAST SALE,October-26-2017,Single Family Residential,7825 Andaman Dr,Zionsville,IN,46077,295000,4,2.5,Eagle,3412,7405,2007,140,86,44,Sold,,,http://www.redfin.com/IN/Zionsville/7825-Andaman-Dr-46077/home/60136358,MIBOR,21496624,N,Y,39.9253592,-86.3426864
PAST SALE,January-5-2018,Single Family Residential,7737 Chestnut Eagle Ct,Zionsville,IN,46077,287000,4,2.5,Eagle,2844,8712,2011,69,101,44,Sold,,,http://www.redfin.com/IN/Zionsville/7737-Chestnut-Eagle-Ct-46077/home/60138331,MIBOR,21519322,N,Y,39.9288366,-86.3488895
PAST SALE,November-8-2017,Single Family Residential,7807 Gray Eagle Dr,Zionsville,IN,46077,400000,6,4.5,Eagle,4762,11325,2014,127,84,45,Sold,,,http://www.redfin.com/IN/Zionsville/7807-Gray-Eagle-Dr-46077/home/60141243,MIBOR,21508169,N,Y,39.9271094,-86.3492803
PAST SALE,December-21-2017,Single Family Residential,6726 Lexington Cir,Zionsville,IN,46077,212330,3,3.5,Eagle,3048,9583,1999,84,70,43,Sold,,,http://www.redfin.com/IN/Zionsville/6726-Lexington-Cir-46077/home/66955121,MIBOR,21510360,N,Y,39.9403738,-86.3396367
PAST SALE,December-15-2017,Single Family Residential,6285 Canterbury Dr,Zionsville,IN,46077,225000,4,2.5,Eagle,2404,8712,2003,90,94,43,Sold,,,http://www.redfin.com/IN/Zionsville/6285-Canterbury-Dr-46077/home/66985538,MIBOR,21522088,N,Y,39.9415602,-86.3416567
PAST SALE,December-22-2017,Single Family Residential,7728 Imperial Eagle Dr,Zionsville,IN,46077,305000,4,3,Eagle,4818,8712,2013,83,63,44,Sold,,,http://www.redfin.com/IN/Zionsville/7728-Imperial-Eagle-Dr-46077/home/82487897,MIBOR,21497566,N,Y,39.9295884,-86.3484289
PAST SALE,March-1-2018,Single Family Residential,7618 Bishops Grn,Zionsville,IN,46077,450000,4,3.5,Eagle,3176,8712,2013,14,142,117,Sold,,,http://www.redfin.com/IN/Zionsville/7618-Bishops-Grn-46077/home/82487462,MIBOR,21527404,N,Y,39.953123,-86.3277332
PAST SALE,October-30-2017,Single Family Residential,6274 Sugar Maple Dr,Zionsville,IN,46077,287000,3,2,Eagle,2273,6969,2016,136,126,52,Sold,,,http://www.redfin.com/IN/Zionsville/6274-Sugar-Maple-Dr-46077/home/102564771,MIBOR,21490017,N,Y,39.9478089,-86.3313112
PAST SALE,March-9-2018,Single Family Residential,6766 Lexington Cir,Zionsville,IN,46077,173000,3,2,Eagle,1404,8058,1999,6,123,43,Sold,,,http://www.redfin.com/IN/Zionsville/6766-Lexington-Cir-46077/home/67101434,MIBOR,21541364,N,Y,39.9379193,-86.3418547
PAST SALE,January-18-2018,Single Family Residential,923 Raven Rdg,Zionsville,IN,46077,230000,3,2.5,Eagle,2584,26136,1974,56,89,,Sold,,,http://www.redfin.com/IN/Zionsville/923-Raven-Ridge-Rd-46077/home/82492031,MIBOR,21496219,N,Y,39.963501,-86.2944524
PAST SALE,January-26-2018,Single Family Residential,2515 Wood Hollow Trl,Zionsville,IN,46077,562500,4,4.5,Union,5888,14374,2014,48,96,60,Sold,,,http://www.redfin.com/IN/Zionsville/2515-Wood-Hollow-Trl-46077/home/60188177,MIBOR,21511924,N,Y,40.0043268,-86.2530393
PAST SALE,January-12-2018,Single Family Residential,537 Quail Valley Dr,Zionsville,IN,46077,215000,3,2,Eagle,1796,30056,1974,62,120,,Sold,,,http://www.redfin.com/IN/Zionsville/537-Quail-Valley-Dr-46077/home/82492030,MIBOR,21522383,N,Y,39.9632234,-86.2969214
PAST SALE,October-11-2017,Single Family Residential,7355 Hunt Country Ln,Zionsville,IN,46077,925000,5,4.5,Eagle,10361,130680,2003,155,89,73,Sold,,,http://www.redfin.com/IN/Zionsville/7355-Hunt-Country-Ln-46077/home/59990970,MIBOR,21467455,N,Y,39.9271057,-86.3294169
PAST SALE,September-19-2017,Single Family Residential,7824 Eagles Nest Blvd,Zionsville,IN,46077,315000,5,3.5,Eagle,4155,8276,2010,177,76,44,Sold,,,http://www.redfin.com/IN/Zionsville/7824-Eagles-Nest-Blvd-46077/home/82487917,MIBOR,21480455,N,Y,39.9255392,-86.3477755
PAST SALE,September-18-2017,Single Family Residential,10263 Lemberger Blvd,Zionsville,IN,46077,375000,3,3,Eagle,2634,8712,2017,178,142,42,Sold,,,http://www.redfin.com/IN/ZIONSVILLE/10263-LEMBERGER-BLVD-46077/home/113161458,MIBOR,21471994,N,Y,39.932673,-86.260453
PAST SALE,November-30-2017,Single Family Residential,5790 Arbois Cir,Zionsville,IN,46077,506925,5,5.5,Eagle,5313,9147,2017,105,95,42,Sold,,,http://www.redfin.com/IN/ZIONSVILLE/5790-ARBOIS-CIR-46077/home/125655974,MIBOR,21526860,N,Y,39.9508733,-86.261937
PAST SALE,December-1-2017,Single Family Residential,6827 Windemere Dr,Zionsville,IN,46077,432000,6,4.5,Eagle,5350,13939,2004,104,81,56,Sold,,,http://www.redfin.com/IN/Zionsville/6827-Windemere-Dr-46077/home/66997940,MIBOR,21516541,N,Y,39.9440509,-86.3051022
PAST SALE,December-5-2017,Single Family Residential,4302 Cherry Ct,Zionsville,IN,46077,380000,4,2.5,Eagle,4306,21780,2003,100,88,25,Sold,,,http://www.redfin.com/IN/Zionsville/4302-Cherry-Ct-46077/home/60067467,MIBOR,21510965,N,Y,39.9804926,-86.293314
PAST SALE,February-14-2018,Single Family Residential,3220 Cimmaron Ash Dr,Zionsville,IN,46077,385000,4,3.5,Eagle,5057,13503,2008,29,76,46,Sold,,,http://www.redfin.com/IN/Zionsville/3220-Cimmaron-Ash-Dr-46077/home/66833459,MIBOR,21512284,N,Y,39.9967197,-86.2562336
PAST SALE,February-14-2018,Single Family Residential,576 Century Oaks Dr,Zionsville,IN,46077,403582,4,2.5,Eagle,4512,17293,1972,29,89,,Sold,,,http://www.redfin.com/IN/Zionsville/576-Century-Oaks-Dr-46077/home/67039509,MIBOR,21513471,N,Y,39.9666337,-86.2570663
PAST SALE,February-19-2018,Single Family Residential,950 Saddlebrook Dr,Zionsville,IN,46077,270000,3,2,Union,2082,62160,1977,24,130,,Sold,,,http://www.redfin.com/IN/Zionsville/950-Saddlebrook-Dr-46077/home/68485145,MIBOR,21540794,N,Y,40.0087172,-86.2894287
PAST SALE,February-1-2018,Single Family Residential,4600 Hickory Ct,Zionsville,IN,46077,500000,5,3.5,Eagle,5674,33541,1993,42,88,42,Sold,,,http://www.redfin.com/IN/Zionsville/4600-Hickory-Ct-46077/home/82490806,MIBOR,21519335,N,Y,39.9748902,-86.2746778
PAST SALE,February-15-2018,Single Family Residential,2809 W High Grove Cir,Zionsville,IN,46077,585000,6,5,Union,5137,13503,2014,28,114,73,Sold,,,http://www.redfin.com/IN/Zionsville/2809-W-High-Grove-Cir-46077/home/82498898,MIBOR,21486921,N,Y,40.0006801,-86.259149
PAST SALE,February-15-2018,Single Family Residential,11192 Glen Avon Way,Zionsville,IN,46077,590547,4,3.5,Eagle,5566,15245,2018,28,106,74,Sold,,,http://www.redfin.com/IN/Zionsville/11192-Glen-Avon-Way-46077/home/125656546,MIBOR,21547644,N,Y,40.0041974,-86.2555
PAST SALE,February-23-2018,Single Family Residential,9035 Horseshoe Dr,Zionsville,IN,46077,148000,3,1.5,Eagle,1428,29620,1964,20,104,,Sold,,,http://www.redfin.com/IN/Zionsville/9035-Horseshoe-Dr-46077/home/67001813,MIBOR,21506994,N,Y,39.9923467,-86.3014998
PAST SALE,February-28-2018,Single Family Residential,4355 Creekside Pass,Zionsville,IN,46077,680000,5,3.5,Eagle,5230,27442,1998,15,130,88,Sold,,,http://www.redfin.com/IN/Zionsville/4355-Creekside-Pass-46077/home/82491155,MIBOR,21530138,N,Y,39.9799707,-86.2440628
PAST SALE,February-15-2018,Single Family Residential,2782 W High Grove Cir,Zionsville,IN,46077,533000,4,3.5,Union,5096,12632,2016,28,105,60,Sold,,,http://www.redfin.com/IN/Zionsville/2782-W-High-Grove-Cir-46077/home/109742757,MIBOR,21522800,N,Y,40.003459,-86.259768
PAST SALE,March-5-2018,Single Family Residential,11080 E 550 S,Zionsville,IN,46077,389900,3,2,Eagle,1936,232610,1972,10,201,,Sold,,,http://www.redfin.com/IN/Zionsville/11080-E-550-S-46077/home/82492107,MIBOR,21540322,N,Y,39.9629507,-86.2590768
PAST SALE,March-5-2018,Single Family Residential,920 Tillson Dr,Zionsville,IN,46077,565000,3,4,Eagle,6017,40728,1988,10,94,,Sold,,,http://www.redfin.com/IN/Zionsville/920-Tillson-Dr-46077/home/59986396,MIBOR,21495648,N,Y,39.9504665,-86.2447588
PAST SALE,December-14-2017,Single Family Residential,9213 Brookstone Pl,Zionsville,IN,46077,412000,5,4,Eagle,3788,13503,2013,91,109,58,Sold,,,http://www.redfin.com/IN/Zionsville/9213-Brookstone-Pl-46077/home/60161927,MIBOR,21522923,N,Y,39.9846356,-86.2940614
PAST SALE,December-15-2017,Single Family Residential,7371 Fox Hollow Rdg,Zionsville,IN,46077,527500,5,5,Eagle,4652,21780,1998,90,113,75,Sold,,,http://www.redfin.com/IN/Zionsville/7371-Fox-Hollow-Rdg-46077/home/82498839,MIBOR,21515069,N,Y,39.9336929,-86.2813638
PAST SALE,December-18-2017,Single Family Residential,9422 Pleasant View Ln,Zionsville,IN,46077,1350000,5,4.5,Union,8924,86248,2010,87,151,83,Sold,,,http://www.redfin.com/IN/Zionsville/9422-Pleasant-View-Ln-46077/home/60172859,MIBOR,21491510,N,Y,40.0046507,-86.2929922
PAST SALE,December-21-2017,Single Family Residential,11543 Willow Springs Dr,Zionsville,IN,46077,1250000,6,6.5,Eagle,9291,95396,2004,84,135,85,Sold,,,http://www.redfin.com/IN/Zionsville/11543-Willow-Springs-Dr-46077/home/82498343,MIBOR,21475117,N,Y,39.9860181,-86.2474116
PAST SALE,December-20-2017,Single Family Residential,3707 E Evergreen Way,Zionsville,IN,46077,495464,4,3.5,Eagle,3922,9147,2017,85,126,63,Sold,,,http://www.redfin.com/IN/Zionsville/3707-Evergreen-Way-46077/home/144150826,MIBOR,21520402,N,Y,39.9866961,-86.2512409
PAST SALE,December-11-2017,Single Family Residential,3634 Sugar Pine Ln,Zionsville,IN,46077,540464,4,3.5,Eagle,5460,11761,2017,94,99,,Sold,,,http://www.redfin.com/IN/Zionsville/3634-Sugar-Pine-Ln-46077/home/109742476,MIBOR,21528145,N,Y,39.9889619,-86.2549232
PAST SALE,November-30-2017,Single Family Residential,2513 Wood Hollow Trl,Zionsville,IN,46077,560000,4,4.5,Union,6023,14374,2013,105,93,73,Sold,,,http://www.redfin.com/IN/Zionsville/2513-Wood-Hollow-Trl-46077/home/82498332,MIBOR,21500255,N,Y,40.0045553,-86.2532972
PAST SALE,January-26-2018,Single Family Residential,4586 Windledge Cir,Zionsville,IN,46077,625000,4,4,Clay,5080,49222,1987,48,123,8,Sold,,,http://www.redfin.com/IN/Zionsville/4586-Windledge-Cir-46077/home/60092369,MIBOR,21527812,N,Y,39.953138,-86.2386152
PAST SALE,November-6-2017,Single Family Residential,11915 Mannings Pass,Zionsville,IN,46077,420000,5,4,Clay,5289,10018,2014,129,79,50,Sold,,,http://www.redfin.com/IN/Zionsville/11915-Mannings-Pass-46077/home/107108972,MIBOR,21511606,N,Y,39.9597717,-86.2393296
PAST SALE,November-10-2017,Single Family Residential,9990 Ford Valley Ln,Zionsville,IN,46077,575000,5,5,Eagle,5761,37026,1996,125,100,83,Sold,,,http://www.redfin.com/IN/Zionsville/9990-Ford-Valley-Ln-46077/home/82498051,MIBOR,21512750,N,Y,39.9362342,-86.2797458
PAST SALE,September-28-2017,Single Family Residential,2699 E High Grove Cir,Zionsville,IN,46077,487000,5,5.5,Union,5307,9147,2013,168,92,73,Sold,,,http://www.redfin.com/IN/Zionsville/2699-E-High-Grove-Cir-46077/home/82497560,MIBOR,21487415,N,Y,40.0034734,-86.256372
PAST SALE,October-13-2017,Single Family Residential,7999 Hunt Club Rd,Zionsville,IN,46077,1195500,7,7.5,Eagle,9512,349786,1988,153,126,,Sold,,,http://www.redfin.com/IN/Zionsville/7999-Hunt-Club-Rd-46077/home/60087293,MIBOR,21487753,N,Y,39.9387866,-86.3162792
PAST SALE,October-20-2017,Single Family Residential,6738 Regents Park Dr,Zionsville,IN,46077,428000,4,3,Eagle,3253,7405,2013,146,132,123,Sold,,,http://www.redfin.com/IN/Zionsville/6738-Regents-Park-Dr-46077/home/82487057,MIBOR,21471228,N,Y,39.9526922,-86.3293178
PAST SALE,December-1-2017,Single Family Residential,6778 Old Hunt Club Rd,Zionsville,IN,46077,1350000,6,7,Eagle,9048,138564,2000,104,149,,Sold,,,http://www.redfin.com/IN/Zionsville/6778-Old-Hunt-Club-Rd-46077/home/59982950,MIBOR,21468734,N,Y,39.9370341,-86.3377691
PAST SALE,December-11-2017,Single Family Residential,6255 Canterbury Dr,Zionsville,IN,46077,255000,4,2.5,Eagle,2889,8276,2005,94,88,40,Sold,,,http://www.redfin.com/IN/Zionsville/6255-Canterbury-Dr-46077/home/60009124,MIBOR,21520746,N,Y,39.941973,-86.3445875
PAST SALE,March-1-2018,Single Family Residential,6725 Jons Sta,Zionsville,IN,46077,650000,5,4.5,Eagle,6856,17859,2003,14,95,118,Sold,,,http://www.redfin.com/IN/Zionsville/6725-Jons-Sta-46077/home/82487277,MIBOR,21464097,N,Y,39.951683,-86.3252768
PAST SALE,December-8-2017,Single Family Residential,6344 Sugar Maple Dr,Zionsville,IN,46077,321990,4,2.5,Eagle,3359,7405,2017,97,96,52,Sold,,,http://www.redfin.com/IN/Zionsville/6344-Sugar-Maple-Dr-46077/home/109742726,MIBOR,21485462,N,Y,39.9471919,-86.3318601
PAST SALE,October-31-2017,Single Family Residential,10263 Oak Ridge Dr,Zionsville,IN,46077,475000,5,4.5,Eagle,4939,32234,1994,135,96,,Sold,,,http://www.redfin.com/IN/Zionsville/10263-Oak-Ridge-Dr-46077/home/82491385,MIBOR,21510003,N,Y,39.9722429,-86.2741238
PAST SALE,November-17-2017,Single Family Residential,1093 Stanley Dr,Zionsville,IN,46077,259900,3,2,Eagle,2378,44431,1972,118,109,,Sold,,,http://www.redfin.com/IN/Zionsville/1093-Stanley-Dr-46077/home/82491501,MIBOR,21520638,N,Y,39.9713565,-86.2618919
PAST SALE,November-20-2017,Single Family Residential,5777 Arbois Cir,Zionsville,IN,46077,437965,5,3.5,Eagle,3948,9147,2017,115,111,42,Sold,,,http://www.redfin.com/IN/ZIONSVILLE/5777-ARBOIS-CIR-46077/home/125656007,MIBOR,21523606,N,Y,39.9508733,-86.261937
PAST SALE,December-6-2017,Single Family Residential,4924 S Cobblestone Dr,Zionsville,IN,46077,480000,4,5,Eagle,5104,16247,2005,99,94,50,Sold,,,http://www.redfin.com/IN/Zionsville/4924-S-Cobblestone-Dr-46077/home/82491661,MIBOR,21515169,N,Y,39.9686408,-86.293617
PAST SALE,December-8-2017,Single Family Residential,180 Governors Ln,Zionsville,IN,46077,365000,4,2.5,Eagle,3636,24219,1978,97,100,19,Sold,,,http://www.redfin.com/IN/Zionsville/180-Governors-Ln-46077/home/66943577,MIBOR,21511037,N,Y,39.966026,-86.2767995
PAST SALE,December-22-2017,Single Family Residential,6758 Chapel,Zionsville,IN,46077,580000,5,4.5,Eagle,4472,10018,2013,83,130,123,Sold,,,http://www.redfin.com/IN/Zionsville/6758-Chapel-Xing-46077/home/60136636,MIBOR,21511085,N,Y,39.9504762,-86.3272751
PAST SALE,December-27-2017,Single Family Residential,7822 Ringtail Cir,Zionsville,IN,46077,313000,4,2.5,Eagle,3459,6969,2013,78,90,42,Sold,,,http://www.redfin.com/IN/Zionsville/7822-Ringtail-Cir-46077/home/60133866,MIBOR,21520224,N,Y,39.9258663,-86.3508412
PAST SALE,January-25-2018,Single Family Residential,3870 Stonington Pl,Zionsville,IN,46077,425000,4,3.5,Eagle,5599,13808,2009,49,76,62,Sold,,,http://www.redfin.com/IN/Zionsville/3870-Stonington-Pl-46077/home/60079978,MIBOR,21526903,N,Y,39.985473,-86.2936629
PAST SALE,January-29-2018,Single Family Residential,7083 Fox Hollow Rdg,Zionsville,IN,46077,591000,5,4.5,Eagle,4285,23522,1996,45,138,67,Sold,,,http://www.redfin.com/IN/Zionsville/7083-Fox-Hollow-Rdg-46077/home/60072641,MIBOR,21518047,N,Y,39.9379306,-86.2827712
PAST SALE,January-31-2018,Single Family Residential,6822 Windemere Dr,Zionsville,IN,46077,390000,5,3.5,Eagle,4084,15681,2005,43,95,48,Sold,,,http://www.redfin.com/IN/Zionsville/6822-Windemere-Dr-46077/home/66995642,MIBOR,21514910,N,Y,39.9433326,-86.3049877
PAST SALE,November-13-2017,Single Family Residential,6310 Pickwick Ct,Zionsville,IN,46077,190000,4,2.5,Eagle,2177,7187,2000,122,87,42,Sold,,,http://www.redfin.com/IN/Zionsville/6310-Pickwick-Ct-46077/home/60120596,MIBOR,21507741,N,Y,39.940493,-86.345983
PAST SALE,November-3-2017,Single Family Residential,535 W Sycamore St,Zionsville,IN,46077,445000,3,2,Eagle,2094,9147,1983,132,213,,Sold,,,http://www.redfin.com/IN/Zionsville/535-W-Sycamore-St-46077/home/60156675,MIBOR,21507935,N,Y,39.9469661,-86.2659125
PAST SALE,January-26-2018,Single Family Residential,6263 Saddletree Dr,Zionsville,IN,46077,228000,4,2.5,Eagle,2449,7840,1999,48,93,38,Sold,,,http://www.redfin.com/IN/Zionsville/6263-Saddletree-Dr-46077/home/67006402,MIBOR,21526446,N,Y,39.9440855,-86.3429637
PAST SALE,January-18-2018,Single Family Residential,6504 Amherst Way,Zionsville,IN,46077,180000,3,2,Eagle,1660,6098,2002,56,108,43,Sold,,,http://www.redfin.com/IN/Zionsville/6504-Amherst-Way-46077/home/67008032,MIBOR,21528115,N,Y,39.9457634,-86.3484993
PAST SALE,December-22-2017,Single Family Residential,6525 Amherst Way,Zionsville,IN,46077,195000,3,2.5,Eagle,2464,6098,2005,83,79,46,Sold,,,http://www.redfin.com/IN/Zionsville/6525-Amherst-Way-46077/home/67103647,MIBOR,21510564,N,Y,39.9444851,-86.3486459
PAST SALE,February-2-2018,Single Family Residential,6746 Regents Park Dr,Zionsville,IN,46077,624000,3,3.5,Eagle,4230,7405,2009,41,148,123,Sold,,,http://www.redfin.com/IN/Zionsville/6746-Regents-Park-Dr-46077/home/82487054,MIBOR,21491283,N,Y,39.9526997,-86.3295555
PAST SALE,December-23-2017,Single Family Residential,6130 Golden Eagle Dr,Zionsville,IN,46077,360000,5,3.5,Eagle,5314,8276,2006,82,68,44,Sold,,,http://www.redfin.com/IN/Zionsville/6130-Golden-Eagle-Dr-46077/home/82488026,MIBOR,21525297,N,Y,39.9300647,-86.3438152
PAST SALE,September-19-2017,Single Family Residential,6524 Amherst Way,Zionsville,IN,46077,170000,3,2.5,Eagle,1934,,2005,177,88,,Sold,,,http://www.redfin.com/IN/Zionsville/6524-Amherst-Way-46077/home/67050158,MIBOR,21493122,N,Y,39.9444818,-86.3491813
PAST SALE,October-30-2017,Single Family Residential,5843 Muscadine Way,Zionsville,IN,46077,310690,3,2,Eagle,1982,,2017,136,157,,Sold,,,http://www.redfin.com/IN/ZIONSVILLE/5843-MUSCADINE-WAY-46077/home/125656060,MIBOR,21522609,N,Y,39.9508733,-86.261937
PAST SALE,November-1-2017,Single Family Residential,11558 E 500 South,Zionsville,IN,46077,1050000,5,5.5,Eagle,6193,605484,2000,134,170,,Sold,,,http://www.redfin.com/IN/Zionsville/11558-E-500-S-46077/home/66979490,MIBOR,21488301,N,Y,39.969757,-86.2496044
PAST SALE,November-6-2017,Single Family Residential,764 Bloor Woods Ct,Zionsville,IN,46077,324250,4,2.5,Eagle,3312,9583,2003,129,98,13,Sold,,,http://www.redfin.com/IN/Zionsville/764-Bloor-Woods-Ct-46077/home/66963775,MIBOR,21505258,N,Y,39.9583937,-86.2705105
PAST SALE,November-9-2017,Single Family Residential,4080 S 975 E,Zionsville,IN,46077,220000,2,2,Eagle,2960,152460,1977,126,74,,Sold,,,http://www.redfin.com/IN/Zionsville/4080-S-975-E-46077/home/82491364,MIBOR,21516951,N,Y,39.9824579,-86.2844382
PAST SALE,November-6-2017,Single Family Residential,7170 S 850 E,Zionsville,IN,46077,525000,4,3.5,Eagle,4432,348480,1995,129,118,,Sold,,,http://www.redfin.com/IN/Zionsville/7170-850-E-46077/home/67080829,MIBOR,21484234,N,Y,39.9364688,-86.3085467
PAST SALE,November-30-2017,Single Family Residential,5785 Arbois Cir,Zionsville,IN,46077,450000,5,3.5,Eagle,3948,9583,2017,105,114,42,Sold,,,http://www.redfin.com/IN/ZIONSVILLE/5785-ARBOIS-CIR-46077/home/114018269,MIBOR,21496822,N,Y,39.932673,-86.260453
PAST SALE,February-2-2018,Single Family Residential,6 Woodard Pl,Zionsville,IN,46067,1725000,5,6,Eagle,12124,75358,2006,41,142,500,Sold,,,http://www.redfin.com/IN/Zionsville/6-Woodard-Pl-46077/home/59982482,MIBOR,21526921,N,Y,39.9596523,-86.2511349
PAST SALE,December-8-2017,Single Family Residential,895 W Poplar St,Zionsville,IN,46077,205000,3,1,Eagle,1107,9583,1956,97,185,,Sold,,,http://www.redfin.com/IN/Zionsville/895-W-Poplar-St-46077/home/60007723,MIBOR,21522136,N,Y,39.9524204,-86.2708974
PAST SALE,December-14-2017,Single Family Residential,7780 Cheval Rue Ct,Zionsville,IN,46077,919000,5,5.5,Eagle,7402,131551,2006,91,124,83,Sold,,,http://www.redfin.com/IN/Zionsville/7780-Cheval-Rue-Ct-46077/home/60020743,MIBOR,21479765,N,Y,39.9280521,-86.3206808
PAST SALE,January-2-2018,Single Family Residential,6711 Beekman Pl W,Zionsville,IN,46077,775000,5,5,Eagle,6676,10454,2007,72,116,118,Sold,,,http://www.redfin.com/IN/Zionsville/6711-Beekman-Pl-W-46077/home/66804353,MIBOR,21495071,N,Y,39.9532557,-86.3293971
PAST SALE,December-15-2017,Single Family Residential,1942 Camargue Dr,Zionsville,IN,46077,620000,4,3.5,Eagle,5047,28139,1992,90,123,64,Sold,,,http://www.redfin.com/IN/Zionsville/1942-Camargue-Dr-46077/home/82486691,MIBOR,21492279,N,Y,39.9445762,-86.2901423
PAST SALE,November-20-2017,Single Family Residential,8857 Spring Violet Pl,Zionsville,IN,46077,494000,4,4.5,Eagle,5268,16552,2011,115,94,50,Sold,,,http://www.redfin.com/IN/Zionsville/8857-Spring-Violet-Pl-46077/home/82491747,MIBOR,21507799,N,Y,39.9744967,-86.2999737
PAST SALE,October-11-2017,Single Family Residential,3863 Heathfield Ct,Zionsville,IN,46077,475000,5,4.5,Clay,5344,20037,2004,155,89,30,Sold,,,http://www.redfin.com/IN/Zionsville/3863-Heathfield-Ct-46077/home/82359726,MIBOR,21513143,N,Y,39.9618438,-86.2266284
PAST SALE,September-29-2017,Single Family Residential,4954 S Cobblestone Dr,Zionsville,IN,46077,500000,4,5,Eagle,5302,16944,2006,167,94,50,Sold,,,http://www.redfin.com/IN/Zionsville/4954-S-Cobblestone-Dr-46077/home/82491657,MIBOR,21484159,N,Y,39.9687762,-86.292299
PAST SALE,October-24-2017,Single Family Residential,4613 Summersong Rd,Zionsville,IN,46077,450000,3,3,Eagle,2544,16117,2003,142,177,275,Sold,,,http://www.redfin.com/IN/Zionsville/4613-Summersong-Rd-46077/home/66967104,MIBOR,21497273,N,Y,39.9741548,-86.2611325
PAST SALE,October-20-2017,Single Family Residential,3697 Conifer Dr,Zionsville,IN,46077,481243,4,3.5,Eagle,4814,16988,2017,146,100,63,Sold,,,http://www.redfin.com/IN/Zionsville/3697-Conifer-Dr-46077/home/109742538,MIBOR,21495779,N,Y,39.9878313,-86.2525086
