SALE TYPE,SOLD DATE,PROPERTY TYPE,ADDRESS,CITY,STATE,ZIP,PRICE,BEDS,BATHS,LOCATION,SQUARE FEET,LOT SIZE,YEAR BUILT,DAYS ON MARKET,$/SQUARE FEET,HOA/MONTH,STATUS,NEXT OPEN HOUSE START TIME,NEXT OPEN HOUSE END TIME,URL (SEE http://www.redfin.com/buy-a-home/comparative-market-analysis FOR INFO ON PRICING),SOURCE,MLS#,FAVORITE,INTERESTED,LATITUDE,LONGITUDE
PAST SALE,February-9-2018,Single Family Residential,1311 Lawrence Rd,Carmel,IN,46033,235000,3,2,Clay,1995,13939,1970,34,118,5,Sold,,,http://www.redfin.com/IN/Carmel/1311-Lawrence-Rd-46033/home/82364463,MIBOR,21540608,N,Y,39.9718645,-86.1060278
PAST SALE,December-14-2017,Single Family Residential,13799 Forum Meadows Dr,Carmel,IN,46033,234900,3,2,Clay,1981,10890,1998,91,119,37,Sold,,,http://www.redfin.com/IN/Carmel/13799-Forum-Meadows-Dr-46033/home/67104121,MIBOR,21520022,N,Y,39.9841912,-86.0559476
PAST SALE,February-26-2018,Single Family Residential,14092 Knightstown Dr E,Carmel,IN,46033,341500,4,2.5,Clay,4266,11325,2013,17,80,58,Sold,,,http://www.redfin.com/IN/Carmel/14092-Knightstown-Dr-E-46033/home/107062925,MIBOR,21528082,N,Y,39.9916227,-86.0460692
PAST SALE,September-29-2017,Single Family Residential,4574 Aldersgate Dr,Carmel,IN,46033,254900,3,2,Clay,1861,6098,1986,167,137,6,Sold,,,http://www.redfin.com/IN/Carmel/4574-Aldersgate-Dr-46033/home/66933563,MIBOR,21494674,N,Y,39.96646,-86.092975
PAST SALE,October-30-2017,Single Family Residential,4408 Abbey Dr,Carmel,IN,46033,240000,4,2.5,Jackson,2389,16552,1978,136,100,,Sold,,,http://www.redfin.com/IN/Carmel/4408-Abbey-Dr-46033/home/66806540,MIBOR,21478464,N,Y,39.9780484,-86.0939899
PAST SALE,October-26-2017,Single Family Residential,1477 Queensborough Dr,Carmel,IN,46033,387500,5,3.5,Clay,4385,17859,1999,140,88,6,Sold,,,http://www.redfin.com/IN/Carmel/1477-Queensborough-Dr-46033/home/82362429,MIBOR,21506372,N,Y,39.9964856,-86.1017104
PAST SALE,October-31-2017,Single Family Residential,75 Red Oak Ln,Carmel,IN,46033,342000,4,2.5,Clay,4018,16552,1975,135,85,,Sold,,,http://www.redfin.com/IN/Carmel/75-Red-Oak-Ln-46033/home/82364248,MIBOR,21505097,N,Y,39.9796825,-86.1044958
PAST SALE,September-29-2017,Single Family Residential,11211 Rolling Springs Dr,Carmel,IN,46033,200000,4,2.5,Clay,2928,20037,1968,167,68,63,Sold,,,http://www.redfin.com/IN/Carmel/11211-Rolling-Springs-Dr-46033/home/82379241,MIBOR,21511830,N,Y,39.9513245,-86.1125554
PAST SALE,October-30-2017,Single Family Residential,3378 Hawthorne Dr W,Carmel,IN,46033,350000,4,3,Clay,4461,15681,1991,136,78,,Sold,,,http://www.redfin.com/IN/Carmel/3378-Hawthorne-Dr-W-46033/home/67015169,MIBOR,21503456,N,Y,39.9937759,-86.1074602
PAST SALE,September-22-2017,Single Family Residential,14300 Whitworth Dr,Carmel,IN,46033,338500,4,3.5,Clay,3886,19166,2000,174,87,6,Sold,,,http://www.redfin.com/IN/Carmel/14300-Whitworth-Dr-46033/home/82362733,MIBOR,21478905,N,Y,39.9960184,-86.1080769
PAST SALE,September-21-2017,Single Family Residential,13075 Andover Dr,Carmel,IN,46033,308900,4,2.5,Clay,3656,14810,1976,175,84,,Sold,,,http://www.redfin.com/IN/Carmel/13075-Andover-Dr-46033/home/62615452,MIBOR,21496919,N,Y,39.9775733,-86.096537
PAST SALE,September-29-2017,Single Family Residential,5225 Woodfield Dr,Carmel,IN,46033,390000,5,2.5,Clay,3823,22215,1983,167,102,8,Sold,,,http://www.redfin.com/IN/Carmel/5225-Woodfield-Dr-46033/home/60128698,MIBOR,21503592,N,Y,39.9927892,-86.0819791
PAST SALE,September-29-2017,Single Family Residential,785 High Dr,Carmel,IN,46033,300000,3,2,Clay,2010,14374,1980,167,149,,Sold,,,http://www.redfin.com/IN/Carmel/785-High-Dr-46033/home/60067410,MIBOR,21504731,N,Y,39.9699359,-86.1088329
PAST SALE,September-21-2017,Single Family Residential,1240 Ridge Rd,Carmel,IN,46033,385000,4,2.5,Clay,3578,27442,1967,175,108,5,Sold,,,http://www.redfin.com/IN/Carmel/1240-Ridge-Rd-46033/home/60133638,MIBOR,21504225,N,Y,39.9753134,-86.1067639
PAST SALE,September-29-2017,Single Family Residential,13113 Dunwoody Ln,Carmel,IN,46033,301000,4,2.5,Clay,3134,10454,1998,167,96,15,Sold,,,http://www.redfin.com/IN/Carmel/13113-Dunwoody-Ln-46033/home/59988652,MIBOR,21497524,N,Y,39.9793517,-86.0686871
PAST SALE,September-21-2017,Single Family Residential,14944 Oak Rd,Carmel,IN,46033,172000,3,2.5,Washington,1702,5227,1999,175,101,13,Sold,,,http://www.redfin.com/IN/Carmel/14944-Oak-Rd-46033/home/60110628,MIBOR,21502290,N,Y,40.005322,-86.1193358
PAST SALE,October-18-2017,Single Family Residential,3645 E 106th St,Carmel,IN,46033,211000,4,2.5,Clay,2240,17859,1975,148,94,32,Sold,,,http://www.redfin.com/IN/Carmel/3645-E-106th-St-46033/home/82379601,MIBOR,21479475,N,Y,39.9412337,-86.1031927
PAST SALE,November-16-2017,Single Family Residential,14295 Gray Oaks Ct,Carmel,IN,46033,806421,5,4.5,Clay,4774,14723,2017,119,169,63,Sold,,,http://www.redfin.com/IN/Carmel/14295-Gray-Oaks-Ct-46033/home/143840696,MIBOR,21512563,N,Y,39.9967215,-86.0941545
PAST SALE,November-17-2017,Single Family Residential,4949 Montview Way,Noblesville,IN,46062,371912,3,3,Noblesville,2873,8276,2016,118,129,54,Sold,,,http://www.redfin.com/IN/Noblesville/4949-Montview-Way-46062/home/108972941,MIBOR,21440738,N,Y,39.996633,-86.089747
PAST SALE,November-29-2017,Single Family Residential,15350 Mapleridge Dr,Westfield,IN,46033,665651,4,3.5,Washington,2581,15681,2017,106,258,,Sold,,,http://www.redfin.com/IN/Westfield/15350-Mapleridge-Dr-46033/home/144020237,MIBOR,21509993,N,Y,39.9870866,-86.0835415
PAST SALE,November-17-2017,Single Family Residential,11921 Eden Glen Dr,Carmel,IN,46033,445000,5,3,Clay,4392,22215,1973,118,101,,Sold,,,http://www.redfin.com/IN/Carmel/11921-Eden-Glen-Dr-46033/home/82366098,MIBOR,21512264,N,Y,39.9618373,-86.1038194
PAST SALE,November-1-2017,Single Family Residential,1102 Ridge Rd,Carmel,IN,46033,294900,4,2.5,Clay,2184,22215,1967,134,135,,Sold,,,http://www.redfin.com/IN/Carmel/1102-Ridge-Rd-46033/home/60027178,MIBOR,21511054,N,Y,39.974081,-86.1106233
PAST SALE,September-25-2017,Single Family Residential,842 Spruce Dr,Carmel,IN,46033,465777,4,3,Clay,4714,17424,1991,171,99,6,Sold,,,http://www.redfin.com/IN/Carmel/842-Spruce-Dr-46033/home/60082051,MIBOR,21485427,N,Y,39.9923825,-86.0969549
PAST SALE,October-12-2017,Single Family Residential,4591 Abbey Dr,Carmel,IN,46033,369000,4,2.5,Clay,3033,13068,1980,154,122,3,Sold,,,http://www.redfin.com/IN/Carmel/4591-Abbey-Dr-46033/home/60097604,MIBOR,21509780,N,Y,39.9766172,-86.0919203
PAST SALE,December-7-2017,Single Family Residential,2544 Copper Tree Way,Carmel,IN,46033,183000,3,2,Washington,1700,8712,1996,98,108,25,Sold,,,http://www.redfin.com/IN/Carmel/2544-Copper-Tree-Way-46033/home/60099445,MIBOR,21522790,N,Y,40.0069741,-86.1172672
PAST SALE,November-22-2017,Single Family Residential,6455 Brauer Ln,Carmel,IN,46033,618500,5,4,Clay,6180,13939,2009,113,100,56,Sold,,,http://www.redfin.com/IN/Carmel/6455-Brauer-Ln-46033/home/60015812,MIBOR,21505293,N,Y,39.9980334,-86.0585962
PAST SALE,October-4-2017,Single Family Residential,1507 Copperwood Cir W,Carmel,IN,46033,350000,4,2.5,Clay,3830,20908,1992,162,91,13,Sold,,,http://www.redfin.com/IN/Carmel/1507-Copperwood-Cir-W-46033/home/82362042,MIBOR,21476221,N,Y,39.9996527,-86.0988651
PAST SALE,October-4-2017,Single Family Residential,124 Harrowgate Dr,Carmel,IN,46033,298500,4,3,Clay,3430,17424,1967,162,87,,Sold,,,http://www.redfin.com/IN/Carmel/124-Harrowgate-Dr-46033/home/60139262,MIBOR,21506532,N,Y,39.9802895,-86.1106631
PAST SALE,September-29-2017,Single Family Residential,15459 Mystic Rock Dr,Carmel,IN,46033,379000,3,3,Washington,2390,6534,2012,167,159,37,Sold,,,http://www.redfin.com/IN/Carmel/15459-Mystic-Rock-Dr-46033/home/107041512,MIBOR,21506952,N,Y,40.0140903,-86.0902005
PAST SALE,September-29-2017,Single Family Residential,1507 Cool Creek Dr,Carmel,IN,46033,310000,4,2.5,Clay,3355,17424,1975,167,92,,Sold,,,http://www.redfin.com/IN/Carmel/1507-Cool-Creek-Dr-46033/home/60140306,MIBOR,21516707,N,Y,39.9733324,-86.1026256
PAST SALE,October-3-2017,Single Family Residential,14925 Oak Rd,Carmel,IN,46033,190000,4,2.5,Washington,1776,4900,2000,163,107,15,Sold,,,http://www.redfin.com/IN/Carmel/14925-Oak-Rd-46033/home/82361771,MIBOR,21506229,N,Y,40.0047254,-86.1188386
PAST SALE,September-19-2017,Single Family Residential,1980 Spruce Dr,Carmel,IN,46033,518000,4,4.5,Clay,5134,23086,1991,177,101,92,Sold,,,http://www.redfin.com/IN/Carmel/1980-Spruce-Dr-46033/home/82362368,MIBOR,21479937,N,Y,39.9893411,-86.0904476
PAST SALE,September-28-2017,Single Family Residential,5252 Tammany Trl,Carmel,IN,46033,420000,5,4.5,Clay,4872,19166,1997,168,86,70,Sold,,,http://www.redfin.com/IN/Carmel/5252-Tammany-Trl-46033/home/82363696,MIBOR,21465213,N,Y,39.9851019,-86.0690762
PAST SALE,September-29-2017,Single Family Residential,12239 Brompton Rd,Carmel,IN,46033,320000,2,2.5,Clay,2822,14374,1986,167,113,13,Sold,,,http://www.redfin.com/IN/Carmel/12239-Brompton-Rd-46033/home/82365966,MIBOR,21502779,N,Y,39.9643931,-86.0910646
PAST SALE,September-19-2017,Single Family Residential,580 Hawthorne Dr,Carmel,IN,46033,267500,4,2.5,Clay,2239,23958,1975,177,119,3,Sold,,,http://www.redfin.com/IN/Carmel/580-Hawthorne-Dr-46033/home/60101649,MIBOR,21505869,N,Y,39.985398,-86.1029838
PAST SALE,September-22-2017,Single Family Residential,5273 Ivy Hill Dr,Carmel,IN,46033,305000,4,2.5,Clay,3247,10018,1997,174,94,17,Sold,,,http://www.redfin.com/IN/Carmel/5273-Ivy-Hill-Dr-46033/home/60116654,MIBOR,21504180,N,Y,39.9815893,-86.0666206
PAST SALE,September-29-2017,Single Family Residential,3042 Bayberry Ct W,Carmel,IN,46033,125000,2,2.5,Clay,1250,5662,1985,167,100,263,Sold,,,http://www.redfin.com/IN/Carmel/3042-Bayberry-Ct-W-46033/home/66989493,MIBOR,21506813,N,Y,39.9570928,-86.1125629
PAST SALE,November-9-2017,Single Family Residential,14405 Arnett Dr,Carmel,IN,46033,564000,5,5.5,Clay,5271,14374,2017,126,107,82,Sold,,,http://www.redfin.com/IN/Carmel/14405-Arnett-Dr-46033/home/143233913,MIBOR,21490350,N,Y,39.999039,-86.053784
PAST SALE,October-30-2017,Single Family Residential,14057 Trueblood Ln,Carmel,IN,46033,492000,3,3,Clay,3850,8276,2015,136,128,67,Sold,,,http://www.redfin.com/IN/Carmel/14057-Trueblood-Ln-46033/home/85787370,MIBOR,21511373,N,Y,39.991312,-86.0439976
PAST SALE,October-17-2017,Single Family Residential,5264 Apache Moon,Carmel,IN,46033,589000,5,5,Clay,5365,21780,1997,149,110,,Sold,,,http://www.redfin.com/IN/Carmel/5264-Apache-Moon-46033/home/60038503,MIBOR,21507124,N,Y,39.9856764,-86.0672776
PAST SALE,November-6-2017,Single Family Residential,13250 Grouse Point Trl,Carmel,IN,46033,242000,4,2.5,Clay,2316,9583,1996,129,104,37,Sold,,,http://www.redfin.com/IN/Carmel/13250-Grouse-Point-Trl-46033/home/67102118,MIBOR,21497202,N,Y,39.9797719,-86.0608264
PAST SALE,November-27-2017,Single Family Residential,14045 Knightstown Dr E,Carmel,IN,46033,388000,4,3.5,Clay,3575,11325,2014,108,109,60,Sold,,,http://www.redfin.com/IN/Carmel/14045-Knightstown-Dr-E-46033/home/109538423,MIBOR,21500935,N,Y,39.990323,-86.046572
PAST SALE,November-30-2017,Single Family Residential,4513 Lockerbie Ct,Carmel,IN,46033,167800,3,2.5,Clay,2272,12196,1980,105,74,,Sold,,,http://www.redfin.com/IN/Carmel/4513-Lockerbie-Ct-46033/home/67001258,MIBOR,21520546,N,Y,39.9736565,-86.0931939
PAST SALE,November-6-2017,Single Family Residential,1125 Hillcrest Dr,Carmel,IN,46033,212500,4,2.5,Clay,3236,16552,1967,129,66,5,Sold,,,http://www.redfin.com/IN/Carmel/1125-Hillcrest-Dr-46033/home/82364482,MIBOR,21515157,N,Y,39.9731948,-86.1080769
PAST SALE,November-1-2017,Single Family Residential,12461 Gladecrest Dr,Carmel,IN,46033,330000,3,3.5,Clay,3703,10454,2000,134,89,62,Sold,,,http://www.redfin.com/IN/Carmel/12461-Gladecrest-Dr-46033/home/82366934,MIBOR,21511218,N,Y,39.9686287,-86.0735626
PAST SALE,November-27-2017,Single Family Residential,12429 Springbrooke Run,Carmel,IN,46033,328000,4,2.5,Clay,3748,20037,1995,108,88,74,Sold,,,http://www.redfin.com/IN/Carmel/12429-Springbrooke-Run-46033/home/82366671,MIBOR,21516871,N,Y,39.9642698,-86.0761169
PAST SALE,November-16-2017,Single Family Residential,3880 Vail Dr,Carmel,IN,46033,234900,3,2.5,Clay,1940,20473,1980,119,121,,Sold,,,http://www.redfin.com/IN/Carmel/3880-Vail-Dr-46033/home/82380115,MIBOR,21517795,N,Y,39.93241,-86.098487
PAST SALE,November-17-2017,Single Family Residential,4509 Somerset Way South,Carmel,IN,46033,355000,4,2.5,Clay,4496,16988,1973,118,79,,Sold,,,http://www.redfin.com/IN/Carmel/4509-Somerset-Way-S-46033/home/60068622,MIBOR,21504936,N,Y,39.9593976,-86.0943879
PAST SALE,October-3-2017,Single Family Residential,10935 Lakeshore Dr E,Carmel,IN,46033,331500,5,3,Clay,4168,25264,1973,163,80,22,Sold,,,http://www.redfin.com/IN/Carmel/10935-Lakeshore-Dr-E-46033/home/60074630,MIBOR,21505421,N,Y,39.9475715,-86.1037
PAST SALE,September-29-2017,Single Family Residential,5455 N Grandin Hall Cir,Carmel,IN,46033,603000,4,4.5,Clay,5637,13939,2008,167,107,128,Sold,,,http://www.redfin.com/IN/Carmel/5455-N-Grandin-Hall-Cir-46033/home/66825636,MIBOR,21472411,N,Y,39.9986173,-86.0770326
PAST SALE,November-17-2017,Single Family Residential,12257 Brompton Rd,Carmel,IN,46033,286346,2,2,Clay,2289,16988,1986,118,125,13,Sold,,,http://www.redfin.com/IN/Carmel/12257-Brompton-Rd-46033/home/66988857,MIBOR,21513808,N,Y,39.964676,-86.0899501
PAST SALE,November-30-2017,Single Family Residential,14395 Salem Dr E,Carmel,IN,46033,394500,4,2.5,Clay,4124,17859,1995,105,96,25,Sold,,,http://www.redfin.com/IN/Carmel/14395-Salem-Dr-E-46033/home/67006043,MIBOR,21518336,N,Y,39.9942124,-86.0709597
PAST SALE,October-31-2017,Single Family Residential,3222 Eden Hollow Pl,Carmel,IN,46033,297000,4,2.5,Clay,3807,26136,1977,135,78,,Sold,,,http://www.redfin.com/IN/Carmel/3222-Eden-Hollow-Pl-46033/home/67013509,MIBOR,21491740,N,Y,39.9647574,-86.1122301
PAST SALE,November-13-2017,Single Family Residential,4620 Buckingham Ct,Carmel,IN,46033,375000,4,3.5,Clay,3448,12632,1972,122,109,8,Sold,,,http://www.redfin.com/IN/Carmel/4620-Buckingham-Ct-46033/home/67102315,MIBOR,21517970,N,Y,39.9624191,-86.0925173
PAST SALE,September-29-2017,Single Family Residential,12435 Charing Cross Rd,Carmel,IN,46033,255000,3,2.5,Clay,2269,5227,1978,167,112,5,Sold,,,http://www.redfin.com/IN/Carmel/12435-Charing-Cross-Rd-46033/home/60153952,MIBOR,21467644,N,Y,39.9685844,-86.0921293
PAST SALE,November-22-2017,Single Family Residential,5017 E 146th St,Carmel,IN,46062,950000,6,6,Clay,6997,271814,1971,113,136,,Sold,,,http://www.redfin.com/IN/Noblesville/5017-E-146th-St-46062/home/59982930,MIBOR,21470957,N,Y,39.999212,-86.08543
PAST SALE,January-16-2018,Single Family Residential,14175 Avian Way,Carmel,IN,46033,381500,4,2.5,Clay,4167,16552,1995,58,92,40,Sold,,,http://www.redfin.com/IN/Carmel/14175-Avian-Way-46033/home/82362767,MIBOR,21524709,N,Y,39.9882779,-86.0779085
PAST SALE,February-16-2018,Single Family Residential,12345 Charing Cross Rd,Carmel,IN,46033,217100,3,2,Clay,1824,8276,1978,27,119,13,Sold,,,http://www.redfin.com/IN/Carmel/12345-Charing-Cross-Rd-46033/home/82365650,MIBOR,21500189,N,Y,39.9673818,-86.0923979
PAST SALE,December-29-2017,Single Family Residential,12532 Pebblepointe Pass,Carmel,IN,46033,460000,5,3.5,Clay,4762,14810,1993,76,97,,Sold,,,http://www.redfin.com/IN/Carmel/12532-Pebblepointe-Pass-46033/home/82366245,MIBOR,21544327,N,Y,39.9701631,-86.0834024
PAST SALE,February-23-2018,Single Family Residential,4643 Briarwood Trce,Carmel,IN,46033,285000,4,2.5,Clay,3516,19602,1985,20,81,,Sold,,,http://www.redfin.com/IN/Carmel/4643-Briarwood-Trce-46033/home/82364605,MIBOR,21516905,N,Y,39.9822437,-86.0949053
PAST SALE,February-23-2018,Single Family Residential,13896 Leatherwood Dr,Carmel,IN,46033,239900,3,2,Clay,1736,10018,2001,20,138,37,Sold,,,http://www.redfin.com/IN/Carmel/13896-Leatherwood-Dr-46033/home/60122921,MIBOR,21528822,N,Y,39.9882485,-86.0545735
PAST SALE,January-31-2018,Single Family Residential,13381 Grosbeak Ct,Carmel,IN,46033,245000,4,2,Clay,2125,8276,1997,43,115,37,Sold,,,http://www.redfin.com/IN/Carmel/13381-Grosbeak-Ct-46033/home/60165800,MIBOR,21526591,N,Y,39.9809258,-86.0558879
PAST SALE,February-28-2018,Single Family Residential,14618 Setters Rd,Carmel,IN,46033,225000,4,2.5,Washington,2266,11761,1996,15,99,38,Sold,,,http://www.redfin.com/IN/Carmel/14618-Setters-Rd-46033/home/60141986,MIBOR,21524101,N,Y,40.0010945,-86.098288
PAST SALE,February-28-2018,Single Family Residential,14066 Plantation Wood Ln,Carmel,IN,46033,379000,4,2.5,Clay,4791,13939,2003,15,79,37,Sold,,,http://www.redfin.com/IN/Carmel/14066-Plantation-Wood-Ln-46033/home/82362929,MIBOR,21511677,N,Y,39.9915513,-86.0539761
PAST SALE,December-11-2017,Single Family Residential,5893 Hollow Oak Trl,Carmel,IN,46033,223000,3,2.5,Clay,1844,,2001,94,121,38,Sold,,,http://www.redfin.com/IN/Carmel/5893-Hollow-Oak-Trl-46033/home/66940149,MIBOR,21481972,N,Y,39.9876159,-86.0489174
PAST SALE,March-7-2018,Single Family Residential,270 Hawthorne Dr,Carmel,IN,46033,278545,4,2.5,Clay,3652,15681,1974,8,76,3,Sold,,,http://www.redfin.com/IN/Carmel/270-Hawthorne-Dr-46033/home/82364905,MIBOR,21526561,N,Y,39.9826271,-86.102745
PAST SALE,March-7-2018,Single Family Residential,14560 Dublin Dr,Carmel,IN,46033,195000,3,2,Clay,1376,10890,1996,8,142,29,Sold,,,http://www.redfin.com/IN/Carmel/14560-Dublin-Dr-46033/home/82361928,MIBOR,21545272,N,Y,39.9994994,-86.120511
PAST SALE,March-8-2018,Single Family Residential,13982 Platte Dr,Carmel,IN,46033,329000,2,2,Clay,3469,8276,2004,7,95,50,Sold,,,http://www.redfin.com/IN/Carmel/13982-Platte-Dr-46033/home/60010648,MIBOR,21486186,N,Y,39.9905156,-86.0653463
PAST SALE,March-9-2018,Single Family Residential,12397 Autumn Gate Way,Carmel,IN,46033,315000,4,3,Clay,3223,12632,2000,6,98,62,Sold,,,http://www.redfin.com/IN/Carmel/12397-Autumn-Gate-Way-46033/home/60092070,MIBOR,21520024,N,Y,39.9684987,-86.0742135
PAST SALE,March-9-2018,Single Family Residential,13160 Abbots Pl,Carmel,IN,46033,275000,4,2.5,Clay,3260,16988,1984,6,84,,Sold,,,http://www.redfin.com/IN/Carmel/13160-Abbots-Pl-46033/home/82364233,MIBOR,21506545,N,Y,39.9800943,-86.0905272
PAST SALE,March-14-2018,Single Family Residential,14932 Oak Rd,Carmel,IN,46033,209900,3,2.5,Washington,1776,5227,1999,1,118,15,Sold,,,http://www.redfin.com/IN/Carmel/14932-Oak-Rd-46033/home/60158003,MIBOR,21540823,N,Y,40.0049217,-86.1193358
PAST SALE,December-11-2017,Single Family Residential,5278 Jefferson,Carmel,IN,46033,510000,6,5,Clay,7823,29185,1991,94,65,,Sold,,,http://www.redfin.com/IN/Carmel/5278-Jefferson-Roundabout-46032/home/82362693,MIBOR,21444807,N,Y,39.993172,-86.0773339
PAST SALE,December-5-2017,Single Family Residential,14152 Arcadian Cir,Carmel,IN,46033,385000,3,3,Clay,4590,8712,2008,100,84,50,Sold,,,http://www.redfin.com/IN/Carmel/14152-Arcadian-Cir-46033/home/82363368,MIBOR,21505774,N,Y,39.9932055,-86.0573018
PAST SALE,December-11-2017,Single Family Residential,15574 Bridgewater Club Blvd,Carmel,IN,46033,609000,3,3,Washington,4243,9147,2005,94,144,353,Sold,,,http://www.redfin.com/IN/Carmel/15574-Bridgewater-Club-Blvd-46033/home/60054053,MIBOR,21522157,N,Y,40.0142596,-86.0975916
PAST SALE,December-21-2017,Single Family Residential,10323 Power Dr,Carmel,IN,46033,420000,4,2.5,Clay,3918,24864,1995,84,107,67,Sold,,,http://www.redfin.com/IN/Carmel/10323-Power-Dr-46033/home/82379969,MIBOR,21525017,N,Y,39.9316112,-86.0961788
PAST SALE,December-18-2017,Single Family Residential,361 4th Ct E,Carmel,IN,46033,354900,4,2.5,Clay,3531,16117,1975,87,101,3,Sold,,,http://www.redfin.com/IN/Carmel/361-4th-Ct-E-46033/home/59985093,MIBOR,21522238,N,Y,39.9836601,-86.1013125
PAST SALE,December-6-2017,Single Family Residential,13601 N Maple St,Carmel,IN,46033,200000,3,2,Clay,1340,32670,1962,99,149,,Sold,,,http://www.redfin.com/IN/Carmel/13601-Maple-Dr-46033/home/60098344,MIBOR,21519356,N,Y,39.9860733,-86.1040183
PAST SALE,December-18-2017,Single Family Residential,1620 White Ash Dr,Carmel,IN,46033,315000,5,3,Clay,3464,19602,1979,87,91,,Sold,,,http://www.redfin.com/IN/Carmel/1620-White-Ash-Dr-46033/home/60111846,MIBOR,21520633,N,Y,39.9889638,-86.0991735
PAST SALE,November-17-2017,Single Family Residential,15167 Kampen Cir,Carmel,IN,46033,450000,3,3.5,Washington,3508,7840,2014,118,128,510,Sold,,,http://www.redfin.com/IN/Carmel/15167-Kampen-Cir-46033/home/60158986,MIBOR,21492121,N,Y,40.0081304,-86.0938506
PAST SALE,February-9-2018,Single Family Residential,14128 Larson Dr,Carmel,IN,46033,440000,5,4.5,Clay,4530,18295,2017,34,97,82,Sold,,,http://www.redfin.com/IN/Carmel/14128-Larson-Dr-46033/home/113498043,MIBOR,21472927,N,Y,39.993479,-86.048216
PAST SALE,January-2-2018,Single Family Residential,4940 Wood Creek Dr,Carmel,IN,46033,310000,4,3,Clay,3979,13939,1990,72,78,,Sold,,,http://www.redfin.com/IN/Carmel/4940-Wood-Creek-Dr-46033/home/66824690,MIBOR,21507732,N,Y,39.9502511,-86.0868653
PAST SALE,February-22-2018,Single Family Residential,10772 Cheryl Ct,Carmel,IN,46033,132000,3,2,Clay,1654,56628,1973,21,80,29,Sold,,,http://www.redfin.com/IN/Carmel/10772-Cheryl-Ct-46033/home/82379655,MIBOR,21546590,N,Y,39.9451349,-86.1126294
PAST SALE,January-9-2018,Single Family Residential,14626 Village Park East Dr,Carmel,IN,46033,148000,3,2,Washington,1449,6098,1990,65,102,17,Sold,,,http://www.redfin.com/IN/Carmel/14626-E-Village-Park-Dr-46033/home/60151850,MIBOR,21528000,N,Y,40.0010547,-86.1125172
PAST SALE,January-5-2018,Single Family Residential,5810 Sedgegrass,Carmel,IN,46033,295000,4,2.5,Clay,3212,8712,1998,69,92,42,Sold,,,http://www.redfin.com/IN/Carmel/5810-Sedgegrass-Xing-46033/home/60051935,MIBOR,21521973,N,Y,39.9852369,-86.0590343
PAST SALE,January-23-2018,Single Family Residential,13407 N Gray Rd,Carmel,IN,46033,172500,3,1,Clay,1800,25264,1914,51,96,,Sold,,,http://www.redfin.com/IN/Carmel/13407-Gray-Rd-46033/home/60067486,MIBOR,21539434,N,Y,39.9826529,-86.0892138
PAST SALE,January-19-2018,Single Family Residential,11721 Whisper Bay Ct,Carmel,IN,46033,363000,4,2.5,Clay,3496,13068,1993,55,104,73,Sold,,,http://www.redfin.com/IN/Carmel/11721-Whisper-Bay-Ct-46033/home/60051091,MIBOR,21528400,N,Y,39.9586913,-86.0829245
PAST SALE,January-5-2018,Single Family Residential,11405 Rolling Springs Dr,Carmel,IN,46033,275000,5,3,Clay,4368,27007,1970,69,63,35,Sold,,,http://www.redfin.com/IN/Carmel/11405-Rolling-Springs-Dr-46033/home/107038365,MIBOR,21511603,N,Y,39.9540227,-86.1097082
PAST SALE,January-5-2018,Single Family Residential,7173 Alice Paul Ln,Carmel,IN,46033,380000,5,2.5,Clay,4529,12196,2013,69,84,67,Sold,,,http://www.redfin.com/IN/Carmel/7173-Alice-Paul-Ln-46033/home/60134601,MIBOR,21512718,N,Y,39.9932879,-86.0455911
PAST SALE,December-29-2017,Single Family Residential,11617 Brooks Ct,Carmel,IN,46033,487500,5,4.5,Clay,5365,23086,2000,76,91,,Sold,,,http://www.redfin.com/IN/Carmel/11617-Brooks-Ct-46033/home/59993713,MIBOR,21503600,N,Y,39.9569167,-86.0956614
PAST SALE,January-26-2018,Single Family Residential,5196 Carrington Cir,Carmel,IN,46033,600000,5,4.5,Clay,5931,18730,1988,48,101,31,Sold,,,http://www.redfin.com/IN/Carmel/5196-Carrington-Cir-46033/home/59997032,MIBOR,21526075,N,Y,39.9723621,-86.0785455
PAST SALE,February-16-2018,Single Family Residential,14492 Allison Dr,Carmel,IN,46033,369900,3,3,Clay,4167,12632,2000,27,89,33,Sold,,,http://www.redfin.com/IN/Carmel/14492-Allison-Dr-46033/home/60030289,MIBOR,21517789,N,Y,39.9987513,-86.1095889
PAST SALE,January-29-2018,Single Family Residential,4220 Short Ter,Carmel,IN,46033,231500,4,2.5,Washington,2150,12632,1997,45,108,,Sold,,,http://www.redfin.com/IN/Carmel/4220-Short-Ter-46033/home/66943189,MIBOR,21525505,N,Y,40.0020671,-86.0974529
PAST SALE,December-5-2017,Single Family Residential,101 Harrowgate Dr,Carmel,IN,46033,268000,3,2.5,Clay,2088,15681,1967,100,128,,Sold,,,http://www.redfin.com/IN/Carmel/101-Harrowgate-Dr-46033/home/82365007,MIBOR,21514678,N,Y,39.9796068,-86.1100066
PAST SALE,March-6-2018,Single Family Residential,524 High Dr,Carmel,IN,46033,249900,3,2,Clay,2805,23958,1968,9,89,5,Sold,,,http://www.redfin.com/IN/Carmel/524-High-Dr-46033/home/66803035,MIBOR,21544884,N,Y,39.9736177,-86.1111405
PAST SALE,December-27-2017,Single Family Residential,1482 Queensborough Dr,Carmel,IN,46033,391000,4,3,Clay,4105,14810,1989,78,95,6,Sold,,,http://www.redfin.com/IN/Carmel/1482-Queensborough-Dr-46033/home/69087132,MIBOR,21525669,N,Y,39.9962534,-86.1007553
PAST SALE,February-28-2018,Single Family Residential,14233 Community Dr,Carmel,IN,46033,365050,3,3,Clay,2783,,2018,15,131,,Sold,,,http://www.redfin.com/IN/Carmel/14233-Community-Dr-46033/home/145086575,MIBOR,21550138,N,Y,39.9975097,-86.0445895
PAST SALE,March-1-2018,Single Family Residential,14469 Arnett Dr,Carmel,IN,46033,525000,5,4.5,Clay,4880,16117,2017,14,108,82,Sold,,,http://www.redfin.com/IN/Carmel/14469-Arnett-Dr-46033/home/143434241,MIBOR,21519776,N,Y,39.999039,-86.053784
PAST SALE,March-13-2018,Single Family Residential,12938 Abraham Run,Carmel,IN,46033,440000,4,3.5,Clay,3145,16117,1997,2,140,117,Sold,,,http://www.redfin.com/IN/Carmel/12938-Abraham-Run-46033/home/60100032,MIBOR,21545957,N,Y,39.9740395,-86.0500327
PAST SALE,November-29-2017,Single Family Residential,12004 Eden Glen Dr,Carmel,IN,46033,378500,3,3,Clay,4790,34848,1977,106,79,,Sold,,,http://www.redfin.com/IN/Carmel/12004-Eden-Glen-Dr-46033/home/66886014,MIBOR,21494672,N,Y,39.9621179,-86.105318
PAST SALE,December-28-2017,Single Family Residential,5850 Arrowleaf Ln,Carmel,IN,46033,267100,3,2,Clay,2145,8276,1999,77,125,37,Sold,,,http://www.redfin.com/IN/Carmel/5850-Arrowleaf-Ln-46033/home/82362864,MIBOR,21523305,N,Y,39.9869155,-86.0536375
PAST SALE,January-5-2018,Single Family Residential,4830 Skipping Rock Ct,Carmel,IN,46033,480000,4,4.5,Clay,4964,17424,2001,69,97,74,Sold,,,http://www.redfin.com/IN/Carmel/4830-Skipping-Rock-Ct-46033/home/66921575,MIBOR,21522864,N,Y,39.9703113,-86.0890256
PAST SALE,February-9-2018,Single Family Residential,4625 Wembly Ln,Carmel,IN,46033,235000,3,2,Clay,1896,10890,1980,34,124,,Sold,,,http://www.redfin.com/IN/Carmel/4625-Wembly-Ln-46033/home/82364705,MIBOR,21523768,N,Y,39.9724896,-86.0918407
PAST SALE,December-21-2017,Single Family Residential,13011 Wembly Cir,Carmel,IN,46033,250000,4,2.5,Clay,3394,14810,1978,84,74,3,Sold,,,http://www.redfin.com/IN/Carmel/13011-Wembly-Cir-46033/home/82365033,MIBOR,21518402,N,Y,39.976601,-86.0902486
PAST SALE,January-19-2018,Single Family Residential,10751 Hickory Ct,Carmel,IN,46033,660000,5,4.5,Clay,8339,20037,1998,55,79,29,Sold,,,http://www.redfin.com/IN/Carmel/10751-Hickory-Ct-46033/home/82378900,MIBOR,21500709,N,Y,39.9440156,-86.0974324
PAST SALE,February-9-2018,Single Family Residential,642 Woodbine Dr,Carmel,IN,46033,336000,4,2.5,Clay,3003,19166,1987,34,112,,Sold,,,http://www.redfin.com/IN/Carmel/642-Woodbine-Dr-46033/home/60105289,MIBOR,21503664,N,Y,39.9860936,-86.0932934
PAST SALE,February-1-2018,Single Family Residential,13914 Leatherwood Dr,Carmel,IN,46033,217500,3,2,Clay,1679,12632,2001,42,130,37,Sold,,,http://www.redfin.com/IN/Carmel/13914-Leatherwood-Dr-46033/home/60113302,MIBOR,21528485,N,Y,39.9883524,-86.0540956
PAST SALE,November-3-2017,Single Family Residential,14616 Deerwood Dr,Carmel,IN,46033,284900,4,2.5,Washington,3670,30056,1996,132,78,29,Sold,,,http://www.redfin.com/IN/Carmel/14616-Deerwood-Dr-46033/home/66992635,MIBOR,21513554,N,Y,40.0011013,-86.1056498
PAST SALE,October-20-2017,Single Family Residential,15460 Mystic Rock Dr,Carmel,IN,46033,337900,2,2,Washington,1822,5662,2013,146,185,180,Sold,,,http://www.redfin.com/IN/Carmel/15460-Mystic-Rock-Dr-46033/home/60128790,MIBOR,21511575,N,Y,40.013747,-86.090557
PAST SALE,November-30-2017,Single Family Residential,11588 Creek Side Ln,Carmel,IN,46033,185000,3,2.5,Clay,1466,30849,1985,105,126,,Sold,,,http://www.redfin.com/IN/Carmel/11588-Creekside-Ln-46033/home/82378068,MIBOR,21520128,N,Y,39.955986,-86.084141
PAST SALE,January-31-2018,Single Family Residential,3702 Pete Dye Blvd,Carmel,IN,46033,1190000,5,6,Washington,7386,16552,2017,43,161,300,Sold,,,http://www.redfin.com/IN/Carmel/3702-Pete-Dye-Blvd-46033/home/60016599,MIBOR,21525211,N,Y,40.009012,-86.103775
PAST SALE,November-10-2017,Single Family Residential,14906 Oak Rd,Carmel,IN,46033,173400,3,2,Washington,1456,7840,1999,125,119,13,Sold,,,http://www.redfin.com/IN/Carmel/14906-Oak-Rd-46033/home/66982077,MIBOR,21518367,N,Y,40.0036996,-86.1186993
PAST SALE,December-14-2017,Single Family Residential,1879 White Ash Dr,Carmel,IN,46033,358000,4,2.5,Clay,3550,14810,1978,91,101,29,Sold,,,http://www.redfin.com/IN/Carmel/1879-White-Ash-Dr-46033/home/82362287,MIBOR,21506889,N,Y,39.9880136,-86.0950247
PAST SALE,February-1-2018,Single Family Residential,13225 Hazelwood Dr,Carmel,IN,46033,315000,4,2.5,Clay,3624,14810,1984,42,87,4,Sold,,,http://www.redfin.com/IN/Carmel/13225-Hazelwood-Dr-46033/home/66976517,MIBOR,21512650,N,Y,39.9819604,-86.0912437
PAST SALE,January-24-2018,Single Family Residential,5102 Hummingbird Cir,Carmel,IN,46033,460194,4,3.5,Clay,4603,23522,1996,50,100,40,Sold,,,http://www.redfin.com/IN/Carmel/5102-Hummingbird-Cir-46033/home/82362814,MIBOR,21507113,N,Y,39.9927609,-86.079063
PAST SALE,February-12-2018,Single Family Residential,640 High Dr,Carmel,IN,46033,258000,4,2.5,Clay,2149,17859,1973,31,120,5,Sold,,,http://www.redfin.com/IN/Carmel/640-High-Dr-46033/home/82365403,MIBOR,21444964,N,Y,39.9715472,-86.110305
PAST SALE,February-21-2018,Single Family Residential,2877 Maralice Dr,Carmel,IN,46033,477000,5,5,Clay,4550,15245,1999,22,105,33,Sold,,,http://www.redfin.com/IN/Carmel/2877-Maralice-Dr-46033/home/66995452,MIBOR,21513265,N,Y,39.9932255,-86.11494
PAST SALE,January-30-2018,Single Family Residential,4727 Royal Oak Ln,Carmel,IN,46033,262000,4,2.5,Clay,2070,14374,1973,44,127,,Sold,,,http://www.redfin.com/IN/Carmel/4727-Royal-Oak-Ln-46033/home/60113170,MIBOR,21511401,N,Y,39.9633522,-86.0905198
PAST SALE,January-12-2018,Single Family Residential,12262 Woods Bay Pl,Carmel,IN,46033,915000,5,5.5,Clay,7345,27878,1996,62,125,75,Sold,,,http://www.redfin.com/IN/Carmel/12262-Woods-Bay-Pl-46033/home/60019215,MIBOR,21520750,N,Y,39.9671161,-86.0862882
PAST SALE,January-26-2018,Single Family Residential,5000 Huntington Dr,Carmel,IN,46033,347000,4,3.5,Clay,3898,16117,1988,48,89,18,Sold,,,http://www.redfin.com/IN/Carmel/5000-Huntington-Dr-46033/home/60008027,MIBOR,21515326,N,Y,39.9466277,-86.0851537
PAST SALE,February-2-2018,Single Family Residential,3471 Woodham Pl,Carmel,IN,46033,775000,3,4,Washington,4545,13939,2012,41,171,359,Sold,,,http://www.redfin.com/IN/Carmel/3471-Woodham-Pl-46033/home/60133155,MIBOR,21487783,N,Y,40.0079921,-86.1064257
PAST SALE,February-28-2018,Single Family Residential,5252 Longstone,Carmel,IN,46033,365919,4,5,Clay,5185,22215,1987,15,71,,Sold,,,http://www.redfin.com/IN/Carmel/5252-Longstone-Roundabout-46033/home/66996045,MIBOR,21501245,N,Y,39.9949891,-86.0834022
PAST SALE,September-18-2017,Single Family Residential,940 Copperwood Dr,Carmel,IN,46033,308500,4,2.5,Clay,3486,21780,1993,178,88,13,Sold,,,http://www.redfin.com/IN/Carmel/940-Copperwood-Dr-46033/home/67085939,MIBOR,21487701,N,Y,39.9956661,-86.0975717
PAST SALE,December-18-2017,Single Family Residential,3196 Driftwood Ct,Carmel,IN,46033,423000,5,4,Clay,4592,25264,1988,87,92,29,Sold,,,http://www.redfin.com/IN/Carmel/3196-Driftwood-Ct-46033/home/60077118,MIBOR,21522150,N,Y,39.9903298,-86.1121551
PAST SALE,December-1-2017,Single Family Residential,13687 Smokey Ridge Dr,Carmel,IN,46033,480000,4,4,Clay,4939,15681,1989,104,97,31,Sold,,,http://www.redfin.com/IN/Carmel/13687-Smokey-Ridge-Dr-46033/home/82361897,MIBOR,21512517,N,Y,39.9879977,-86.1100663
PAST SALE,December-28-2017,Single Family Residential,3434 Hawthorne Dr W,Carmel,IN,46033,323500,4,2.5,Clay,3144,13939,1992,77,103,,Sold,,,http://www.redfin.com/IN/Carmel/3434-Hawthorne-Dr-W-46033/home/82362081,MIBOR,21525647,N,Y,39.9937685,-86.1066445
PAST SALE,December-18-2017,Single Family Residential,4866 Deer Ridge Dr N,Carmel,IN,46033,620000,5,6.5,Clay,5343,49222,1989,87,116,8,Sold,,,http://www.redfin.com/IN/Carmel/4866-Deer-Ridge-Dr-N-46033/home/82362848,MIBOR,21519430,N,Y,39.9919218,-86.0874226
PAST SALE,December-13-2017,Single Family Residential,11255 Wood Creek Dr,Carmel,IN,46033,255000,3,2.5,Clay,2858,18669,1987,92,89,,Sold,,,http://www.redfin.com/IN/Carmel/11255-Wood-Creek-Dr-46033/home/82378408,MIBOR,21505400,N,Y,39.9496763,-86.0816646
PAST SALE,October-27-2017,Single Family Residential,547 Ironwood Dr,Carmel,IN,46033,304900,5,3,Clay,3605,24393,1976,139,85,3,Sold,,,http://www.redfin.com/IN/Carmel/547-Ironwood-Dr-46033/home/60057142,MIBOR,21512449,N,Y,39.9849641,-86.0996016
PAST SALE,December-11-2017,Single Family Residential,3713 Shafer Cir,Carmel,IN,46033,309500,4,3.5,Clay,3804,17424,1988,94,81,67,Sold,,,http://www.redfin.com/IN/Carmel/3713-Shafer-Cir-46033/home/60062069,MIBOR,21502723,N,Y,39.9402657,-86.1009145
PAST SALE,December-8-2017,Single Family Residential,14905 Mia Dr,Carmel,IN,46033,166000,3,2,Washington,1364,5227,1999,97,122,14,Sold,,,http://www.redfin.com/IN/Carmel/14905-Mia-Dr-46033/home/60072455,MIBOR,21516605,N,Y,40.0037024,-86.1175855
PAST SALE,November-22-2017,Single Family Residential,14964 Mia Dr,Carmel,IN,46033,166500,3,2,Washington,1540,4791,2000,113,108,13,Sold,,,http://www.redfin.com/IN/Carmel/14964-Mia-Dr-46033/home/60077443,MIBOR,21518369,N,Y,40.0051155,-86.1167501
PAST SALE,November-1-2017,Single Family Residential,14370 Whitworth Dr,Carmel,IN,46033,312500,3,2,Clay,2822,13503,2000,134,111,7,Sold,,,http://www.redfin.com/IN/Carmel/14370-Whitworth-Dr-46033/home/66949112,MIBOR,21494003,N,Y,39.9975071,-86.1065053
PAST SALE,September-29-2017,Single Family Residential,14305 Avian Way,Carmel,IN,46033,465000,5,4.5,Clay,4552,22215,1996,167,102,40,Sold,,,http://www.redfin.com/IN/Carmel/14305-Avian-Way-46033/home/66971249,MIBOR,21506260,N,Y,39.9921609,-86.0755197
PAST SALE,December-7-2017,Single Family Residential,1404 Spruce Dr,Carmel,IN,46033,307210,5,3.5,Clay,4024,14374,1980,98,76,,Sold,,,http://www.redfin.com/IN/Carmel/1404-Spruce-Dr-46033/home/66973376,MIBOR,21523412,N,Y,39.9927891,-86.1025062
PAST SALE,February-28-2018,Single Family Residential,766 Eden Woods Pl,Carmel,IN,46033,490000,4,4,Clay,4954,21780,1973,15,99,,Sold,,,http://www.redfin.com/IN/Carmel/766-Eden-Woods-Pl-46033/home/59986579,MIBOR,21496933,N,Y,39.970641,-86.1047744
PAST SALE,December-18-2017,Single Family Residential,15211 Mooring Cir W,Carmel,IN,46033,600000,4,3.5,Washington,4676,7840,2017,87,128,318,Sold,,,http://www.redfin.com/IN/Carmel/15211-Mooring-Cir-W-46033/home/113212518,MIBOR,21468352,N,Y,40.0099783,-86.0913857
PAST SALE,March-12-2018,Single Family Residential,5296 Longstone Rdbt,Carmel,IN,46033,432000,5,4,Clay,4477,17424,1986,3,96,8,Sold,,,http://www.redfin.com/IN/Carmel/5296-Longstone-Roundabout-46033/home/66952908,MIBOR,21491564,N,Y,39.9950475,-86.081571
PAST SALE,March-5-2018,Single Family Residential,14962 Copper Tree Way,Carmel,IN,46033,168000,3,2,Washington,1320,6098,1997,10,127,14,Sold,,,http://www.redfin.com/IN/Carmel/14962-Copper-Tree-Way-46033/home/66921238,MIBOR,21541813,N,Y,40.0061707,-86.1183811
PAST SALE,November-3-2017,Single Family Residential,13009 Mcduffee Run,Carmel,IN,46033,563000,4,4,Clay,5546,13503,2002,132,102,100,Sold,,,http://www.redfin.com/IN/CARMEL/13009-MCDUFFEE-RUN-46033/home/60132544,MIBOR,21513337,N,Y,39.976011,-86.046736
PAST SALE,February-16-2018,Single Family Residential,12006 Somerset Way E,Carmel,IN,46033,264000,4,2.5,Clay,2830,15245,1972,27,93,8,Sold,,,http://www.redfin.com/IN/Carmel/12006-Somerset-Way-E-46033/home/82365825,MIBOR,21504720,N,Y,39.9624885,-86.0921989
PAST SALE,February-21-2018,Single Family Residential,14245 Antiquity Dr,Carmel,IN,46033,320275,3,2.5,Clay,2057,5227,2018,22,156,25,Sold,,,http://www.redfin.com/IN/Carmel/14245-Antiquity-Dr-46033/home/144906008,MIBOR,21542088,N,Y,39.9870866,-86.0835415
PAST SALE,January-18-2018,Single Family Residential,3020 Kindiwa Ct,Carmel,IN,46033,290000,4,2.5,Clay,3188,10454,1995,56,91,27,Sold,,,http://www.redfin.com/IN/Carmel/3020-Kindiwa-Ct-46033/home/60148294,MIBOR,21515016,N,Y,39.9370526,-86.1114588
PAST SALE,February-23-2018,Single Family Residential,228 Red Oak Rdg,Carmel,IN,46033,334500,5,3.5,Clay,3994,15681,1973,20,84,4,Sold,,,http://www.redfin.com/IN/Carmel/228-Red-Oak-Rdg-46033/home/82364644,MIBOR,21512745,N,Y,39.9817648,-86.1044958
PAST SALE,February-5-2018,Single Family Residential,686 Dayton Dr,Carmel,IN,46033,262500,4,3,Clay,2952,20908,1976,38,89,,Sold,,,http://www.redfin.com/IN/Carmel/686-Dayton-Dr-46033/home/60015009,MIBOR,21526374,N,Y,39.9868933,-86.1022277
PAST SALE,February-23-2018,Single Family Residential,15468 Mission Hills Dr,Carmel,IN,46033,507500,5,4,Washington,5460,9147,2010,20,93,463,Sold,,,http://www.redfin.com/IN/Carmel/15468-Mission-Hills-Dr-46033/home/60024976,MIBOR,21520052,N,Y,40.0134242,-86.094169
PAST SALE,February-28-2018,Single Family Residential,5722 Kenderly Ct,Carmel,IN,46033,385000,4,2.5,Clay,4049,10890,2001,15,95,62,Sold,,,http://www.redfin.com/IN/Carmel/5722-Kenderly-Ct-46033/home/60036853,MIBOR,21526402,N,Y,39.9655942,-86.0738432
PAST SALE,February-22-2018,Single Family Residential,23 Lakeshore Ct,Carmel,IN,46033,469000,4,3,Clay,3177,21780,1968,21,148,63,Sold,,,http://www.redfin.com/IN/Carmel/23-Lakeshore-Ct-46033/home/60128616,MIBOR,21530120,N,Y,39.9514722,-86.1077188
PAST SALE,March-1-2018,Single Family Residential,1870 Spruce Dr,Carmel,IN,46033,385900,5,3,Clay,4256,23086,1988,14,91,,Sold,,,http://www.redfin.com/IN/Carmel/1870-Spruce-Dr-46033/home/82362353,MIBOR,21540521,N,Y,39.9909977,-86.0944675
PAST SALE,December-15-2017,Single Family Residential,5983 Sandalwood Dr,Carmel,IN,46033,290000,3,2,Clay,2205,9147,1999,90,132,42,Sold,,,http://www.redfin.com/IN/Carmel/5983-Sandalwood-Dr-46033/home/66996972,MIBOR,21518989,N,Y,39.9726613,-86.0631163
PAST SALE,March-2-2018,Single Family Residential,14235 Community Dr,Carmel,IN,46033,382490,2,2,Clay,1661,,2018,13,230,,Sold,,,http://www.redfin.com/IN/Carmel/14235-Community-Dr-46033/home/145086670,MIBOR,21550143,N,Y,39.9975097,-86.0445895
PAST SALE,March-5-2018,Single Family Residential,3024 Village Park Cir,Carmel,IN,46033,155000,2,2,Washington,1644,11761,1989,10,94,17,Sold,,,http://www.redfin.com/IN/Carmel/3024-Village-Park-Cir-46033/home/107050995,MIBOR,21542682,N,Y,40.0010744,-86.1108223
PAST SALE,March-7-2018,Single Family Residential,14015 Mississinewa Dr,Carmel,IN,46033,411999,5,3,Clay,4307,12632,2012,8,96,50,Sold,,,http://www.redfin.com/IN/Carmel/14015-Mississinewa-Dr-46033/home/60112263,MIBOR,21541797,N,Y,39.9911048,-86.0567442
PAST SALE,March-9-2018,Single Family Residential,11896 Esty Way,Carmel,IN,46032,206000,3,3.5,Clay,2448,1742,2004,6,84,200,Sold,,,http://www.redfin.com/IN/Carmel/11896-Esty-Way-46033/home/67012652,MIBOR,21541553,N,Y,39.961054,-86.0747036
PAST SALE,March-7-2018,Single Family Residential,14077 Knightstown Dr W,Carmel,IN,46033,383210,3,2.5,Clay,4280,10890,2018,8,90,67,Sold,,,http://www.redfin.com/IN/Carmel/14077-Knightstown-Dr-W-46033/home/144831609,MIBOR,21545174,N,Y,39.9912918,-86.0490086
PAST SALE,December-18-2017,Single Family Residential,15140 Mooring Cir E,Carmel,IN,46033,550000,3,3,Washington,3950,7840,2017,87,139,318,Sold,,,http://www.redfin.com/IN/Carmel/15140-Mooring-Cir-E-46033/home/143815891,MIBOR,21512703,N,Y,39.9870866,-86.0835415
PAST SALE,January-9-2018,Single Family Residential,6935 Alice Paul Ln,Carmel,IN,46033,412265,5,3.5,Clay,4444,10890,2017,65,93,59,Sold,,,http://www.redfin.com/IN/Carmel/6935-Alice-Paul-Ln-46033/home/133921452,MIBOR,21494715,N,Y,39.991734,-86.045509
PAST SALE,January-19-2018,Single Family Residential,7021 Alice Paul Ln,Carmel,IN,46033,375000,4,3.5,Clay,4251,10890,2017,55,88,59,Sold,,,http://www.redfin.com/IN/Carmel/7021-Alice-Paul-Ln-46033/home/113497564,MIBOR,21472875,N,Y,39.991734,-86.045509
PAST SALE,January-25-2018,Single Family Residential,14972 Bridlewood Dr,Carmel,IN,46033,235000,4,2.5,Washington,2266,22215,1989,49,104,13,Sold,,,http://www.redfin.com/IN/Carmel/14972-Bridlewood-Dr-46033/home/64126510,MIBOR,21526140,N,Y,40.0064421,-86.1133287
PAST SALE,January-19-2018,Single Family Residential,13827 Smokey Ridge Dr,Carmel,IN,46033,485000,4,4,Clay,4614,17859,1998,55,105,31,Sold,,,http://www.redfin.com/IN/Carmel/13827-Smokey-Ridge-Dr-46033/home/66926366,MIBOR,21503739,N,Y,39.991822,-86.1088926
PAST SALE,December-29-2017,Single Family Residential,14486 Stephanie St,Carmel,IN,46033,600000,5,4.5,Clay,6276,15681,1997,76,96,33,Sold,,,http://www.redfin.com/IN/Carmel/14486-Stephanie-St-46033/home/82361673,MIBOR,21513033,N,Y,39.9972578,-86.1140051
PAST SALE,January-2-2018,Single Family Residential,13245 Cameo Ct,Carmel,IN,46033,319000,4,2.5,Clay,4365,11325,2001,72,73,60,Sold,,,http://www.redfin.com/IN/Carmel/13245-Cameo-Ct-46033/home/82364423,MIBOR,21518528,N,Y,39.9792427,-86.0729915
PAST SALE,January-19-2018,Single Family Residential,4404 Updike Cir,Carmel,IN,46033,283750,4,2.5,Washington,3033,14810,1996,55,94,35,Sold,,,http://www.redfin.com/IN/Carmel/4404-Updike-Cir-46033/home/82361545,MIBOR,21522833,N,Y,40.00342,-86.0960196
PAST SALE,January-22-2018,Single Family Residential,4202 Alverdo Ln,Carmel,IN,46033,255000,4,2.5,Washington,3192,14374,1998,52,80,33,Sold,,,http://www.redfin.com/IN/Carmel/4202-Alverdo-Ln-46033/home/82361561,MIBOR,21505250,N,Y,40.0054777,-86.098885
PAST SALE,January-5-2018,Single Family Residential,3033 Apilita Ct,Carmel,IN,46033,299000,4,3,Clay,2612,21344,1995,69,114,27,Sold,,,http://www.redfin.com/IN/Carmel/3033-Apilita-Ct-46033/home/82379442,MIBOR,21501118,N,Y,39.934544,-86.1107427
PAST SALE,January-12-2018,Single Family Residential,14558 Dover Dr,Carmel,IN,46033,421000,4,3.5,Clay,4564,16117,1993,62,92,26,Sold,,,http://www.redfin.com/IN/Carmel/14558-Dover-Dr-46033/home/60098596,MIBOR,21516945,N,Y,39.9990535,-86.0739471
PAST SALE,January-3-2018,Single Family Residential,4371 Breckenridge Ct,Carmel,IN,46033,368000,4,3.5,Clay,3658,17424,1985,71,101,,Sold,,,http://www.redfin.com/IN/Carmel/Breckenridge-Dr-46033/home/63580190,MIBOR,21505828,N,Y,39.938539,-86.095858
PAST SALE,November-17-2017,Single Family Residential,15486 Hidden Oaks Ln,Carmel,IN,46033,862000,5,4.5,Washington,5586,20473,2008,118,154,550,Sold,,,http://www.redfin.com/IN/Carmel/15486-Hidden-Oaks-Ln-46033/home/82361672,MIBOR,21468327,N,Y,40.0133099,-86.1002977
PAST SALE,December-20-2017,Single Family Residential,775 Eden Village Ct,Carmel,IN,46033,251412,3,2,Clay,2457,8712,1988,85,102,85,Sold,,,http://www.redfin.com/IN/Carmel/775-Eden-Village-Pl-46033/home/82366084,MIBOR,21513073,N,Y,39.9694961,-86.1100265
PAST SALE,December-6-2017,Single Family Residential,4523 Somerset Way S,Carmel,IN,46033,249900,3,2,Clay,1916,19602,1976,99,130,8,Sold,,,http://www.redfin.com/IN/Carmel/4523-Somerset-Way-S-46033/home/82366190,MIBOR,21522011,N,Y,39.9594109,-86.0935919
PAST SALE,November-29-2017,Single Family Residential,3989 Birkdale Dr,Carmel,IN,46033,689000,5,5.5,Washington,6596,14810,2017,106,104,279,Sold,,,http://www.redfin.com/IN/Carmel/3989-Birkdale-Dr-46033/home/101848739,MIBOR,21509232,N,Y,40.0065351,-86.1011732
PAST SALE,December-18-2017,Single Family Residential,15272 Kampen Cir,Carmel,IN,46033,475000,3,3.5,Washington,3508,7840,2014,87,135,559,Sold,,,http://www.redfin.com/IN/Carmel/15272-Kampen-Cir-46033/home/60062576,MIBOR,21507768,N,Y,40.0104697,-86.0925969
PAST SALE,December-1-2017,Single Family Residential,3226 Springmeadow Ln,Carmel,IN,46033,180000,3,2,Washington,1816,6098,1993,104,99,,Sold,,,http://www.redfin.com/IN/Carmel/3226-Springmeadow-Ln-46033/home/60085825,MIBOR,21519631,N,Y,40.0016629,-86.1092706
PAST SALE,December-8-2017,Single Family Residential,5088 Kingswood Dr,Carmel,IN,46033,366000,4,3,Clay,3584,15681,1990,97,102,18,Sold,,,http://www.redfin.com/IN/Carmel/5088-Kingswood-Dr-46033/home/60093616,MIBOR,21507456,N,Y,39.9474317,-86.0817959
PAST SALE,December-22-2017,Single Family Residential,13998 Platte Dr,Carmel,IN,46033,368500,3,3,Clay,4044,8712,2004,83,91,50,Sold,,,http://www.redfin.com/IN/Carmel/13998-Platte-Dr-46033/home/66999468,MIBOR,21517620,N,Y,39.9907234,-86.065846
PAST SALE,October-31-2017,Single Family Residential,3024 Daum Ct,Carmel,IN,46033,278000,2,2,Clay,2238,6250,1988,135,124,100,Sold,,,http://www.redfin.com/IN/Carmel/3024-Daum-Ct-46033/home/67065310,MIBOR,21513017,N,Y,39.9601342,-86.1127717
PAST SALE,January-5-2018,Single Family Residential,14385 Arnett Dr,Carmel,IN,46033,535000,10,5.5,Clay,5271,16552,2017,69,101,82,Sold,,,http://www.redfin.com/IN/Carmel/14385-Arnett-Dr-46033/home/114093533,MIBOR,21490333,N,Y,39.9960759,-86.0523017
PAST SALE,November-3-2017,Single Family Residential,13232 Tudor Dr,Carmel,IN,46033,301500,3,2,Clay,1702,19166,1985,132,177,27,Sold,,,http://www.redfin.com/IN/Carmel/13232-Tudor-Dr-46033/home/82364196,MIBOR,21514492,N,Y,39.980402,-86.0833126
PAST SALE,November-1-2017,Single Family Residential,13200 Briarwood Trce,Carmel,IN,46033,285000,4,2.5,Clay,2917,14810,1987,134,98,,Sold,,,http://www.redfin.com/IN/Carmel/13200-Briarwood-Trce-46033/home/82140106,MIBOR,21503557,N,Y,39.9812067,-86.0974125
PAST SALE,October-31-2017,Single Family Residential,1194 Driftwood Dr,Carmel,IN,46033,295000,4,2.5,Clay,3289,25700,1982,135,90,,Sold,,,http://www.redfin.com/IN/Carmel/1194-Driftwood-Dr-46033/home/82362259,MIBOR,21512539,N,Y,39.9900558,-86.1069628
PAST SALE,September-28-2017,Single Family Residential,4965 Wintergreen Ln,Carmel,IN,46033,511000,4,3.5,Clay,3828,82328,1980,168,133,,Sold,,,http://www.redfin.com/IN/Carmel/4965-Wintergreen-Ln-46033/home/82362660,MIBOR,21477998,N,Y,39.986327,-86.0865469
PAST SALE,November-30-2017,Single Family Residential,12343 Camberly Ln,Carmel,IN,46033,195000,2,2,Clay,1545,5227,1978,105,126,13,Sold,,,http://www.redfin.com/IN/Carmel/12343-Camberley-Ln-46033/home/82365994,MIBOR,21519134,N,Y,39.9679852,-86.0912835
PAST SALE,November-13-2017,Single Family Residential,12317 Charing Cross Rd,Carmel,IN,46033,265000,2,2,Clay,1684,7405,1980,122,157,13,Sold,,,http://www.redfin.com/IN/Carmel/12317-Charing-Cross-Rd-46033/home/82366316,MIBOR,21510250,N,Y,39.9671909,-86.0926765
PAST SALE,November-21-2017,Single Family Residential,10398 Briar Creek Pl,Carmel,IN,46033,274900,4,2.5,Clay,2399,13503,1974,114,115,32,Sold,,,http://www.redfin.com/IN/Carmel/10398-Briar-Creek-Pl-46033/home/82379423,MIBOR,21503632,N,Y,39.9389325,-86.1053712
PAST SALE,November-30-2017,Single Family Residential,12465 Charing Cross Rd,Carmel,IN,46033,203500,3,2.5,Clay,1822,8712,1978,105,112,13,Sold,,,http://www.redfin.com/IN/Carmel/12465-Charing-Cross-Rd-46033/home/60036657,MIBOR,21494434,N,Y,39.9697719,-86.0917113
PAST SALE,October-27-2017,Single Family Residential,6027 Shieling Ct,Carmel,IN,46033,239900,4,2.5,Clay,2202,37026,1972,139,109,,Sold,,,http://www.redfin.com/IN/Carmel/6027-Shieling-Ct-46033/home/82366947,MIBOR,21507023,N,Y,39.9576589,-86.0665338
PAST SALE,December-20-2017,Single Family Residential,6949 Alice Paul Ln,Carmel,IN,46033,399995,4,2.5,Clay,4245,8712,2017,85,94,59,Sold,,,http://www.redfin.com/IN/Carmel/6949-Alice-Paul-Ln-46033/home/114111547,MIBOR,21490342,N,Y,39.991734,-86.045509
PAST SALE,January-19-2018,Single Family Residential,6991 Alice Paul Ln,Carmel,IN,46033,389995,4,2.5,Clay,4454,10018,2017,55,88,59,Sold,,,http://www.redfin.com/IN/Carmel/6991-Alice-Paul-Ln-46033/home/114065533,MIBOR,21489089,N,Y,39.991734,-86.045509
PAST SALE,January-24-2018,Single Family Residential,14019 Colville Cir,Carmel,IN,46033,393500,3,3,Clay,5322,7405,2005,50,74,50,Sold,,,http://www.redfin.com/IN/Carmel/14019-Colville-Cir-46033/home/82363027,MIBOR,21520774,N,Y,39.9914468,-86.0644703
PAST SALE,February-20-2018,Single Family Residential,13662 Stone Haven Dr,Carmel,IN,46033,305000,4,2.5,Clay,3568,9147,1999,23,85,37,Sold,,,http://www.redfin.com/IN/Carmel/13662-Stone-Haven-Dr-46033/home/66987318,MIBOR,21541835,N,Y,39.9830734,-86.0589944
PAST SALE,February-21-2018,Single Family Residential,13816 Fernleaf Way,Carmel,IN,46033,300000,5,3,Clay,3581,9583,2000,22,84,57,Sold,,,http://www.redfin.com/IN/Carmel/13816-Fernleaf-Way-46033/home/67080215,MIBOR,21519030,N,Y,39.9856031,-86.0603883
PAST SALE,January-25-2018,Single Family Residential,6535 Paddle Dr,Carmel,IN,46033,428000,5,4,Clay,6002,14810,2011,49,71,67,Sold,,,http://www.redfin.com/IN/Carmel/6535-Paddle-Dr-46033/home/107138389,MIBOR,21509942,N,Y,39.9884526,-86.0588152
PAST SALE,February-14-2018,Single Family Residential,13974 Leatherwood Dr,Carmel,IN,46033,165000,3,2,Clay,1396,8712,2001,29,118,38,Sold,,,http://www.redfin.com/IN/Carmel/13974-Leatherwood-Dr-46033/home/60111170,MIBOR,21542856,N,Y,39.9895441,-86.0538167
PAST SALE,January-5-2018,Single Family Residential,6016 Summerbrook Ct,Carmel,IN,46033,385575,4,3.5,Clay,6158,15245,2003,69,63,62,Sold,,,http://www.redfin.com/IN/Carmel/6016-Summerbrook-Ct-46033/home/60140295,MIBOR,21516363,N,Y,39.9655592,-86.0686895
PAST SALE,December-28-2017,Single Family Residential,14490 Integrity Ct,Carmel,IN,46033,497500,6,5,Clay,5309,14374,2014,77,94,92,Sold,,,http://www.redfin.com/IN/Carmel/14490-Integrity-Ct-46033/home/62678543,MIBOR,21497564,N,Y,39.9985611,-86.0540956
PAST SALE,February-23-2018,Single Family Residential,5273 Chickasaw Ct,Carmel,IN,46033,564900,6,4.5,Clay,5347,27007,2001,20,106,70,Sold,,,http://www.redfin.com/IN/Carmel/5273-Chickasaw-Ct-46033/home/82362631,MIBOR,21539893,N,Y,39.9864394,-86.0661627
PAST SALE,December-1-2017,Single Family Residential,5336 Creekbend Dr,Carmel,IN,46033,303000,4,2.5,Clay,4352,21344,1998,104,70,27,Sold,,,http://www.redfin.com/IN/Carmel/5336-Creekbend-Dr-46033/home/82362624,MIBOR,21496798,N,Y,39.9952195,-86.0665211
PAST SALE,December-15-2017,Single Family Residential,14514 Cotswold Ln,Carmel,IN,46033,256000,4,2.5,Clay,2932,8276,1996,90,87,30,Sold,,,http://www.redfin.com/IN/Carmel/14514-Cotswold-Ln-46033/home/60043967,MIBOR,21490769,N,Y,39.9980047,-86.0645976
PAST SALE,December-15-2017,Single Family Residential,7211 Delmont Dr,Carmel,IN,46033,518000,3,3,Clay,3862,9147,2016,90,134,67,Sold,,,http://www.redfin.com/IN/Carmel/7211-Delmont-Dr-46033/home/108383005,MIBOR,21461968,N,Y,39.9932395,-86.0436472
PAST SALE,March-7-2018,Single Family Residential,14188 Arcadian Cir,Carmel,IN,46033,399900,3,3,Clay,3874,7840,2012,8,103,50,Sold,,,http://www.redfin.com/IN/Carmel/14188-Arcadian-Cir-46033/home/60112851,MIBOR,21519359,N,Y,39.9937453,-86.0572819
PAST SALE,December-7-2017,Single Family Residential,6920 John Dickinson Dr,Carmel,IN,46033,395995,4,2.5,Clay,4154,9147,2016,98,95,67,Sold,,,http://www.redfin.com/IN/Carmel/6920-John-Dickinson-Dr-46033/home/112337968,MIBOR,21456623,N,Y,39.9922823,-86.049878
PAST SALE,October-25-2017,Single Family Residential,14539 Arnett Dr,Carmel,IN,46033,540000,6,5.5,Clay,4958,14374,2017,141,109,82,Sold,,,http://www.redfin.com/IN/Carmel/14539-Arnett-Dr-46033/home/114014848,MIBOR,21487897,N,Y,39.9993655,-86.0514866
PAST SALE,November-13-2017,Single Family Residential,14033 Knightstown Dr W,Carmel,IN,46033,429000,5,3.5,Clay,5074,10890,2017,122,85,67,Sold,,,http://www.redfin.com/IN/Carmel/14033-Knightstown-Dr-W-46033/home/114065486,MIBOR,21489086,N,Y,39.9902205,-86.0483729
PAST SALE,March-9-2018,Single Family Residential,6045 Tanana Dr,Carmel,IN,46033,444300,4,3.5,Clay,5120,12632,2005,6,87,50,Sold,,,http://www.redfin.com/IN/Carmel/6045-Tanana-Dr-46033/home/60098747,MIBOR,21541580,N,Y,39.9892452,-86.0656649
PAST SALE,December-29-2017,Single Family Residential,15009 Windmill Cir,Carmel,IN,46033,235000,4,2.5,Washington,2040,14374,1989,76,115,13,Sold,,,http://www.redfin.com/IN/Carmel/15009-Windmill-Cir-46033/home/60125275,MIBOR,21527667,N,Y,40.0068319,-86.1106233
PAST SALE,January-17-2018,Single Family Residential,3550 Pete Dye Blvd,Carmel,IN,46033,750000,5,4.5,Washington,5343,16552,2006,57,140,293,Sold,,,http://www.redfin.com/IN/Carmel/3550-Pete-Dye-Blvd-46033/home/60019644,MIBOR,21506936,N,Y,40.0094224,-86.1061074
PAST SALE,January-2-2018,Single Family Residential,3401 Woodham Pl,Carmel,IN,46033,800000,3,4,Washington,3412,9147,2014,72,234,352,Sold,,,http://www.redfin.com/IN/Carmel/3401-Woodham-Pl-46033/home/60388208,MIBOR,21523786,N,Y,40.0080321,-86.1076194
PAST SALE,January-16-2018,Single Family Residential,3605 Stratford Pl,Carmel,IN,46033,268000,4,2.5,Clay,2143,21344,1974,58,125,32,Sold,,,http://www.redfin.com/IN/Carmel/3605-Stratford-Pl-46033/home/82378720,MIBOR,21522253,N,Y,39.9429597,-86.1035806
PAST SALE,January-30-2018,Single Family Residential,10400 White Oak Dr,Carmel,IN,46033,470000,6,4.5,Clay,4698,185130,1986,44,100,,Sold,,,http://www.redfin.com/IN/Carmel/10400-White-Oak-Dr-46033/home/60169311,MIBOR,21516919,N,Y,39.9384532,-86.1108024
PAST SALE,October-26-2017,Single Family Residential,3309 E 116th St,Carmel,IN,46033,286000,3,3,Clay,3356,22651,1967,140,85,42,Sold,,,http://www.redfin.com/IN/Carmel/3309-E-116th-St-46033/home/60019493,MIBOR,21492069,N,Y,39.956265,-86.1072812
PAST SALE,November-10-2017,Single Family Residential,11612 Rolling Spgs,Carmel,IN,46033,332000,4,2.5,Clay,3239,19122,1971,125,103,42,Sold,,,http://www.redfin.com/IN/Carmel/11612-Rolling-Springs-Dr-46033/home/82365808,MIBOR,21499950,N,Y,39.9573388,-86.1106631
PAST SALE,November-3-2017,Single Family Residential,5294 Jefferson,Carmel,IN,46033,523411,5,4.5,Clay,6094,16117,1989,132,86,8,Sold,,,http://www.redfin.com/IN/Carmel/5294-Jefferson-Roundabout-46033/home/60010396,MIBOR,21492347,N,Y,39.9938682,-86.0774705
PAST SALE,October-13-2017,Single Family Residential,12405 Charing Cross Rd,Carmel,IN,46033,222000,2,2,Clay,1578,5227,1980,153,141,13,Sold,,,http://www.redfin.com/IN/Carmel/12405-Charing-Cross-Rd-46033/home/59985773,MIBOR,21480036,N,Y,39.9683017,-86.0923581
PAST SALE,October-10-2017,Single Family Residential,11416 E Lakeshore Dr,Carmel,IN,46033,485000,4,4.5,Clay,4939,17424,1969,156,98,42,Sold,,,http://www.redfin.com/IN/Carmel/11416-Lakeshore-Dr-E-46033/home/60078938,MIBOR,21492938,N,Y,39.954387,-86.1032424
PAST SALE,October-4-2017,Single Family Residential,13909 River Birch Way,Carmel,IN,46033,210000,3,2,Clay,1691,9583,1999,162,124,35,Sold,,,http://www.redfin.com/IN/Carmel/13909-River-Birch-Way-46033/home/60150634,MIBOR,21506000,N,Y,39.987285,-86.0503713
PAST SALE,December-12-2017,Single Family Residential,4830 Morgans Creek Ct,Carmel,IN,46033,535000,5,4.5,Clay,5649,15245,2006,93,95,75,Sold,,,http://www.redfin.com/IN/Carmel/4830-Morgans-Creek-Ct-46033/home/60001241,MIBOR,21487584,N,Y,39.9950607,-86.0890944
PAST SALE,November-9-2017,Single Family Residential,14195 Laura Vista Dr,Carmel,IN,46033,339000,4,2.5,Clay,3484,6098,2010,126,97,17,Sold,,,http://www.redfin.com/IN/Carmel/14195-Laura-Vista-Dr-46033/home/59998325,MIBOR,21513603,N,Y,39.9922005,-86.1182458
PAST SALE,December-4-2017,Single Family Residential,14118 Warbler Way N,Carmel,IN,46033,320000,4,2.5,Clay,3420,17859,1994,101,94,40,Sold,,,http://www.redfin.com/IN/Carmel/14118-Warbler-Way-N-46033/home/82362757,MIBOR,21476819,N,Y,39.9880356,-86.0725137
PAST SALE,December-15-2017,Single Family Residential,13276 Bobwhite Ln,Carmel,IN,46033,360000,4,2.5,Clay,3764,16552,1997,90,96,54,Sold,,,http://www.redfin.com/IN/Carmel/13276-Bobwhite-Ln-46033/home/82364184,MIBOR,21492779,N,Y,39.9822103,-86.0802374
PAST SALE,November-3-2017,Single Family Residential,5925 Tall Timber Run,Carmel,IN,46033,597500,6,5.5,Clay,5843,15681,2003,132,102,83,Sold,,,http://www.redfin.com/IN/Carmel/5925-Tall-Timber-Run-46033/home/60034353,MIBOR,21506515,N,Y,39.9854057,-86.0486784
PAST SALE,December-6-2017,Single Family Residential,14639 Deerwood Dr,Carmel,IN,46033,218000,4,2.5,Washington,2136,15681,1998,99,102,31,Sold,,,http://www.redfin.com/IN/Carmel/14639-Deerwood-Dr-46033/home/60077677,MIBOR,21514574,N,Y,40.0019307,-86.1052917
PAST SALE,October-23-2017,Single Family Residential,1040 Ridge Ct,Carmel,IN,46033,298000,4,2.5,Clay,3062,35719,1969,143,97,5,Sold,,,http://www.redfin.com/IN/Carmel/1040-Ridge-Ct-46033/home/66969046,MIBOR,21497750,N,Y,39.97444,-86.1117771
PAST SALE,December-21-2017,Single Family Residential,3216 Village Park North Dr,Carmel,IN,46033,153000,3,2,Washington,1296,6969,1989,84,118,17,Sold,,,http://www.redfin.com/IN/Carmel/3216-N-Village-Park-Dr-46033/home/67025555,MIBOR,21526874,N,Y,40.002587,-86.109505
PAST SALE,November-16-2017,Single Family Residential,1445 Queensborough Dr,Carmel,IN,46033,385000,5,3.5,Clay,3507,14810,1987,119,110,35,Sold,,,http://www.redfin.com/IN/Carmel/1445-Queensborough-Dr-46033/home/67073170,MIBOR,21517854,N,Y,39.9947428,-86.1034613
PAST SALE,December-8-2017,Single Family Residential,15630 Bethpage Trl,Carmel,IN,46032,455000,4,3,Hamilton,4326,9583,2010,97,105,339,Sold,,,http://www.redfin.com/IN/Carmel/15630-Bethpage-Trl-46033/home/107067597,MIBOR,21485510,N,Y,40.0157264,-86.0912238
PAST SALE,November-17-2017,Single Family Residential,14217 Dove Dr,Carmel,IN,46033,350000,4,2.5,Clay,3467,19602,1995,118,101,40,Sold,,,http://www.redfin.com/IN/Carmel/14217-Dove-Dr-46033/home/82362789,MIBOR,21514500,N,Y,39.9903174,-86.0790232
PAST SALE,November-21-2017,Single Family Residential,11313 W Lakeshore Dr,Carmel,IN,46033,351000,5,3.5,Clay,4032,27442,1969,114,87,42,Sold,,,http://www.redfin.com/IN/Carmel/11313-Lakeshore-Dr-W-46033/home/60095080,MIBOR,21519883,N,Y,39.9525698,-86.1093899
PAST SALE,November-3-2017,Single Family Residential,14541 Norwalk Dr,Carmel,IN,46033,313500,4,3,Clay,3584,,1996,132,87,25,Sold,,,http://www.redfin.com/IN/Carmel/14541-Norwalk-Dr-46033/home/60026162,MIBOR,21484257,N,Y,39.998613,-86.0709808
PAST SALE,October-24-2017,Single Family Residential,13229 Harrison Dr,Carmel,IN,46033,312900,4,3.5,Clay,3844,14810,1985,142,81,23,Sold,,,http://www.redfin.com/IN/Carmel/13229-Harrison-Dr-46033/home/82364172,MIBOR,21501919,N,Y,39.9810762,-86.0863877
PAST SALE,October-25-2017,Single Family Residential,13224 Brookshire Pkwy,Carmel,IN,46033,256128,4,2.5,Clay,3016,14810,1985,141,85,,Sold,,,http://www.redfin.com/IN/Carmel/13224-Brookshire-Pkwy-46033/home/82364608,MIBOR,21507624,N,Y,39.9819634,-86.0949053
PAST SALE,October-20-2017,Single Family Residential,4465 Bristal Ln,Carmel,IN,46033,254000,4,2.5,Clay,3885,,1978,146,65,3,Sold,,,http://www.redfin.com/IN/Carmel/4465-Bristal-Ln-46033/home/82365025,MIBOR,21506355,N,Y,39.9767601,-86.0925969
PAST SALE,October-23-2017,Single Family Residential,5059 Huntington Dr,Carmel,IN,46033,425000,4,4,Clay,5519,13503,1989,143,77,18,Sold,,,http://www.redfin.com/IN/Carmel/5059-Huntington-Dr-46033/home/60006440,MIBOR,21511403,N,Y,39.9461172,-86.0830837
PAST SALE,November-1-2017,Single Family Residential,14075 Salmon Dr,Carmel,IN,46033,430500,5,3.5,Clay,4596,11761,2007,134,94,65,Sold,,,http://www.redfin.com/IN/Carmel/14075-Salmon-Dr-46033/home/60059344,MIBOR,21470124,N,Y,39.9917392,-86.0612844
PAST SALE,October-27-2017,Single Family Residential,15740 Bridgewater Club Blvd,Carmel,IN,46033,715000,4,3.5,Washington,6045,16552,2005,139,118,301,Sold,,,http://www.redfin.com/IN/Carmel/15740-Bridgewater-Club-Blvd-46033/home/60076216,MIBOR,21480440,N,Y,40.0174773,-86.0980692
PAST SALE,November-7-2017,Single Family Residential,15130 Honors Cir,Carmel,IN,46033,585000,5,4,Washington,5320,17424,2011,128,110,291,Sold,,,http://www.redfin.com/IN/Carmel/15130-Honors-Cir-46033/home/60111026,MIBOR,21502033,N,Y,40.0084531,-86.1040581
PAST SALE,October-27-2017,Single Family Residential,5284 Longstone,Carmel,IN,46033,420000,5,3,Clay,4208,17424,1986,139,100,,Sold,,,http://www.redfin.com/IN/Carmel/5284-Longstone-Roundabout-46033/home/60162091,MIBOR,21490308,N,Y,39.9950235,-86.0820487
PAST SALE,November-10-2017,Single Family Residential,5940 Chapmans Trl,Carmel,IN,46033,522500,4,3.5,Clay,5113,12632,2000,125,102,100,Sold,,,http://www.redfin.com/IN/Carmel/5940-Chapman-s-Trl-46033/home/66849882,MIBOR,21503559,N,Y,39.9759607,-86.0494153
PAST SALE,October-26-2017,Single Family Residential,10784 Downing St,Carmel,IN,46033,235000,3,2.5,Clay,4206,,1975,140,56,32,Sold,,,http://www.redfin.com/IN/Carmel/10784-Downing-St-46033/home/66879436,MIBOR,21493546,N,Y,39.9437237,-86.1012727
PAST SALE,November-3-2017,Single Family Residential,3057 Jason St,Carmel,IN,46033,675000,6,5.5,Clay,7442,23086,2001,132,91,33,Sold,,,http://www.redfin.com/IN/Carmel/3057-Jason-St-46033/home/66926536,MIBOR,21474299,N,Y,39.9985043,-86.1124975
PAST SALE,October-26-2017,Single Family Residential,13146 Dunwoody Ln,Carmel,IN,46033,320000,5,3.5,Clay,4516,12632,1999,140,71,,Sold,,,http://www.redfin.com/IN/Carmel/13146-Dunwoody-Ln-46033/home/66968166,MIBOR,21517954,N,Y,39.9794502,-86.0695091
PAST SALE,October-6-2017,Single Family Residential,774 Arrowwood Dr,Carmel,IN,46033,345000,4,3,Clay,3878,14810,1990,160,89,,Sold,,,http://www.redfin.com/IN/Carmel/774-Arrowwood-Dr-46033/home/60121393,MIBOR,21481803,N,Y,39.9905702,-86.0978304
PAST SALE,October-6-2017,Single Family Residential,3935 Pete Dye Blvd,Carmel,IN,46033,780000,5,4.5,Washington,5967,18730,2007,160,131,300,Sold,,,http://www.redfin.com/IN/Carmel/3935-Pete-Dye-Blvd-46033/home/82361431,MIBOR,21489384,N,Y,40.0087492,-86.1009543
PAST SALE,September-28-2017,Single Family Residential,2410 Silver Ct E,Carmel,IN,46033,189100,4,2.5,Washington,1772,4791,1997,168,107,14,Sold,,,http://www.redfin.com/IN/Carmel/2410-Silver-Ct-46033/home/60013985,MIBOR,21506326,N,Y,40.0072901,-86.1194695
PAST SALE,September-19-2017,Single Family Residential,147 Chadwick Ct,Carmel,IN,46033,260000,4,3.5,Clay,3908,25264,1974,177,67,32,Sold,,,http://www.redfin.com/IN/Carmel/147-Chadwick-Ct-46033/home/66980222,MIBOR,21497651,N,Y,39.9462266,-86.0994421
PAST SALE,October-3-2017,Single Family Residential,4909 Deer Ridge Dr N,Carmel,IN,46033,667000,6,7,Clay,8826,30927,1989,163,76,8,Sold,,,http://www.redfin.com/IN/Carmel/4909-Deer-Ridge-Dr-N-46033/home/82362846,MIBOR,21477986,N,Y,39.9915245,-86.0857309
PAST SALE,October-13-2017,Single Family Residential,15334 Mission Hills Dr,Carmel,IN,46033,385000,3,2.5,Washington,2800,10890,2009,153,138,463,Sold,,,http://www.redfin.com/IN/Carmel/15334-Mission-Hills-Dr-46033/home/60076960,MIBOR,21514397,N,Y,40.011615,-86.0927362
PAST SALE,September-28-2017,Single Family Residential,6013 Hollythorn Pl,Carmel,IN,46033,423000,4,2.5,Clay,4293,14810,2001,168,99,62,Sold,,,http://www.redfin.com/IN/Carmel/6013-Hollythorn-Pl-46033/home/60021346,MIBOR,21510247,N,Y,39.9666032,-86.0677467
PAST SALE,September-29-2017,Single Family Residential,11511 Regency Ln,Carmel,IN,46033,453000,6,5.5,Clay,4892,41382,1998,167,93,65,Sold,,,http://www.redfin.com/IN/Carmel/11511-Regency-Ln-46033/home/82378435,MIBOR,21496310,N,Y,39.9558172,-86.0879799
PAST SALE,October-13-2017,Single Family Residential,14947 Copper Tree Way,Carmel,IN,46033,172000,3,2,Washington,1540,5227,1999,153,112,14,Sold,,,http://www.redfin.com/IN/Carmel/14947-Copper-Tree-Way-46033/home/107055275,MIBOR,21510870,N,Y,40.0056564,-86.1179634
PAST SALE,October-27-2017,Single Family Residential,3135 E 116th St,Carmel,IN,46033,276000,4,3,Clay,2582,22651,1969,139,107,42,Sold,,,http://www.redfin.com/IN/Carmel/3135-E-116th-St-46033/home/82379228,MIBOR,21508062,N,Y,39.9562822,-86.1089921
PAST SALE,September-28-2017,Single Family Residential,3243 Eden Way,Carmel,IN,46033,232000,4,2.5,Clay,2208,14810,1978,168,105,,Sold,,,http://www.redfin.com/IN/Carmel/3243-Eden-Way-46033/home/82365427,MIBOR,21487368,N,Y,39.9671674,-86.1116776
PAST SALE,October-30-2017,Single Family Residential,11710 Forest Park Ln,Carmel,IN,46033,299000,4,2.5,Clay,2740,12632,1991,136,109,33,Sold,,,http://www.redfin.com/IN/Carmel/11710-Forest-Park-Ln-46033/home/61666806,MIBOR,21511367,N,Y,39.9597403,-86.0795805
PAST SALE,November-1-2017,Single Family Residential,5876 E 126th St,Carmel,IN,46033,224000,4,2.5,Clay,1915,9147,2000,134,117,43,Sold,,,http://www.redfin.com/IN/Carmel/5876-E-126th-St-46033/home/66924694,MIBOR,21509418,N,Y,39.9715817,-86.0661229
PAST SALE,October-13-2017,Single Family Residential,14446 Plymouth Rock Dr,Carmel,IN,46033,369900,4,3.5,Clay,3138,17859,1995,153,118,25,Sold,,,http://www.redfin.com/IN/Carmel/14446-Plymouth-Rock-Dr-46033/home/82362993,MIBOR,21513461,N,Y,39.995908,-86.075042
PAST SALE,October-19-2017,Single Family Residential,12302 Charing Cross Rd,Carmel,IN,46033,225000,3,2,Clay,1811,11325,1986,147,124,13,Sold,,,http://www.redfin.com/IN/Carmel/12302-Charing-Cross-Rd-46033/home/82365988,MIBOR,21480102,N,Y,39.9670949,-86.0933929
PAST SALE,October-2-2017,Single Family Residential,15492 Mission Hills Dr,Carmel,IN,46033,366900,3,2,Washington,2381,8712,2005,164,154,498,Sold,,,http://www.redfin.com/IN/Carmel/15492-Mission-Hills-Dr-46033/home/60061743,MIBOR,21502379,N,Y,40.0140852,-86.0941889
PAST SALE,October-20-2017,Single Family Residential,1038 High Ct,Carmel,IN,46033,282000,3,2,Clay,2119,27878,1973,146,133,5,Sold,,,http://www.redfin.com/IN/Carmel/1038-High-Ct-46033/home/66982455,MIBOR,21509648,N,Y,39.9731651,-86.111976
PAST SALE,October-19-2017,Single Family Residential,12472 Pasture View Ct,Carmel,IN,46033,370000,4,2.5,Clay,4536,17859,2000,147,82,64,Sold,,,http://www.redfin.com/IN/Carmel/12472-Pasture-View-Ct-46033/home/67030609,MIBOR,21509956,N,Y,39.9684122,-86.0730332
PAST SALE,October-9-2017,Single Family Residential,13071 Fletcher Trce,Carmel,IN,46033,450000,4,3.5,Clay,3882,10890,2003,157,116,100,Sold,,,http://www.redfin.com/IN/Carmel/13071-Fletcher-Trce-46033/home/67095300,MIBOR,21509979,N,Y,39.9768405,-86.051148
PAST SALE,September-28-2017,Single Family Residential,1540 Copperwood Cir E,Carmel,IN,46033,280000,4,3.5,Clay,3792,23086,1995,168,74,13,Sold,,,http://www.redfin.com/IN/Carmel/1540-Copperwood-Cir-E-46033/home/82362057,MIBOR,21476868,N,Y,39.9999275,-86.097512
PAST SALE,October-16-2017,Single Family Residential,4610 Brookshire Pkwy,Carmel,IN,46033,315500,4,2.5,Clay,3704,13503,1972,150,85,,Sold,,,http://www.redfin.com/IN/Carmel/4610-Brookshire-Pkwy-46033/home/82365844,MIBOR,21510688,N,Y,39.9615462,-86.0924676
PAST SALE,October-16-2017,Single Family Residential,821 Wedgewood Ln,Carmel,IN,46033,779900,4,5,Clay,7066,60548,1988,150,110,100,Sold,,,http://www.redfin.com/IN/Carmel/821-Wedgewood-Ln-46033/home/59990936,MIBOR,21491426,N,Y,39.9917622,-86.0921989
PAST SALE,February-23-2018,Single Family Residential,11804 Forest Dr,Carmel,IN,46033,510000,5,4.5,Clay,5229,33976,1980,20,98,,Sold,,,http://www.redfin.com/IN/Carmel/11804-Forest-Dr-46033/home/66982671,MIBOR,21528630,N,Y,39.9597496,-86.1030832
PAST SALE,February-23-2018,Single Family Residential,5260 Faye Ct,Carmel,IN,46033,280000,3,2,Clay,2100,6969,1993,20,133,38,Sold,,,http://www.redfin.com/IN/Carmel/5260-Faye-Ct-46033/home/67097124,MIBOR,21540306,N,Y,39.9602116,-86.0763359
PAST SALE,February-13-2018,Single Family Residential,4524 Lockerbie Ct,Carmel,IN,46033,233000,4,2.5,Clay,2376,10890,1980,30,98,1,Sold,,,http://www.redfin.com/IN/Carmel/4524-Lockerbie-Ct-46033/home/60132043,MIBOR,21539469,N,Y,39.9737939,-86.0925173
PAST SALE,December-5-2017,Single Family Residential,10639 106th Pl,Carmel,IN,46033,242000,4,2.5,Clay,2438,12196,1978,100,99,32,Sold,,,http://www.redfin.com/IN/Carmel/10639-106th-Pl-46033/home/82378765,MIBOR,21517028,N,Y,39.9422826,-86.1001186
PAST SALE,November-16-2017,Single Family Residential,5850 Dawnwood Dr,Carmel,IN,46033,510000,5,4.5,Clay,5374,15245,2001,119,95,40,Sold,,,http://www.redfin.com/IN/Carmel/5850-Dawnwood-Dr-46033/home/60113582,MIBOR,21464816,N,Y,39.962283,-86.0718941
PAST SALE,November-1-2017,Single Family Residential,11698 Lake Forest Pkwy,Carmel,IN,46033,270000,4,2.5,Clay,2453,9583,1993,134,110,30,Sold,,,http://www.redfin.com/IN/Carmel/11698-Lake-Forest-Pkwy-46033/home/66921707,MIBOR,21500671,N,Y,39.9590626,-86.07845
PAST SALE,December-20-2017,Single Family Residential,10064 Partridge Pl,Carmel,IN,46033,330000,3,2.5,Clay,3518,21780,1976,85,94,32,Sold,,,http://www.redfin.com/IN/Carmel/10064-Partridge-Pl-46033/home/67002534,MIBOR,21524675,N,Y,39.9348524,-86.1061869
PAST SALE,November-1-2017,Single Family Residential,11678 Lake Forest Pkwy,Carmel,IN,46033,263000,4,2.5,Clay,2223,13503,1989,134,118,33,Sold,,,http://www.redfin.com/IN/Carmel/11678-Lake-Forest-Pkwy-46033/home/60090722,MIBOR,21513089,N,Y,39.9585824,-86.0785056
PAST SALE,October-11-2017,Single Family Residential,3762 E Carmel Dr,Carmel,IN,46033,320000,5,2.5,Clay,3618,19602,1975,155,88,8,Sold,,,http://www.redfin.com/IN/Carmel/3762-E-Carmel-Dr-46033/home/82365835,MIBOR,21479677,N,Y,39.9694235,-86.1019094
PAST SALE,October-30-2017,Single Family Residential,12511 Jeffries Pl,Carmel,IN,46033,575000,7,5.5,Clay,4898,50093,2002,136,117,80,Sold,,,http://www.redfin.com/IN/Carmel/12511-Jeffries-Pl-46033/home/82366950,MIBOR,21488930,N,Y,39.9673401,-86.0762385
PAST SALE,September-21-2017,Single Family Residential,10820 Queensbury Ct,Carmel,IN,46033,234000,4,2.5,Clay,2443,11325,1978,175,96,29,Sold,,,http://www.redfin.com/IN/Carmel/10820-Queensbury-Ct-46033/home/60065837,MIBOR,21493474,N,Y,39.9439989,-86.0999197
PAST SALE,November-1-2017,Single Family Residential,14041 Knightstown Dr W,Carmel,IN,46033,427105,5,3.5,Clay,4203,17859,2017,134,102,67,Sold,,,http://www.redfin.com/IN/Carmel/14041-Knightstown-Dr-W-46033/home/143669629,MIBOR,21511146,N,Y,39.9905499,-86.0486787
PAST SALE,October-9-2017,Single Family Residential,13630 Smokey Hollow Pl,Carmel,IN,46033,470000,4,3.5,Clay,4566,19602,1989,157,103,21,Sold,,,http://www.redfin.com/IN/Carmel/13630-Smokey-Hollow-Pl-46033/home/82361825,MIBOR,21488093,N,Y,39.9865733,-86.1129703
PAST SALE,September-22-2017,Single Family Residential,11445 Regency Ln,Carmel,IN,46033,400000,6,4.5,Clay,5145,24829,1998,174,78,65,Sold,,,http://www.redfin.com/IN/Carmel/11445-Regency-Ln-46033/home/82378440,MIBOR,21502346,N,Y,39.9538911,-86.084309
