SALE TYPE,SOLD DATE,PROPERTY TYPE,ADDRESS,CITY,STATE,ZIP,PRICE,BEDS,BATHS,LOCATION,SQUARE FEET,LOT SIZE,YEAR BUILT,DAYS ON MARKET,$/SQUARE FEET,HOA/MONTH,STATUS,NEXT OPEN HOUSE START TIME,NEXT OPEN HOUSE END TIME,URL (SEE http://www.redfin.com/buy-a-home/comparative-market-analysis FOR INFO ON PRICING),SOURCE,MLS#,FAVORITE,INTERESTED,LATITUDE,LONGITUDE
PAST SALE,December-1-2017,Single Family Residential,13386 Alston Dr,Fishers,IN,46037,342000,4,2.5,Fall Creek,4505,11325,2008,104,76,50,Sold,,,http://www.redfin.com/IN/Fishers/13386-Alston-Dr-46037/home/107034844,MIBOR,21510029,N,Y,39.9782338,-85.9268013
PAST SALE,September-28-2017,Single Family Residential,10261 Tournon Dr,Fishers,IN,46037,188500,4,2.5,Fall Creek,2334,6969,1999,168,81,25,Sold,,,http://www.redfin.com/IN/Fishers/10261-Tournon-Dr-46037/home/66940205,MIBOR,21511086,N,Y,39.9377015,-85.9480587
PAST SALE,September-25-2017,Single Family Residential,12374 Wolverton Way,Fishers,IN,46037,270000,3,2.5,Fall Creek,2318,7840,2013,171,116,38,Sold,,,http://www.redfin.com/IN/Fishers/12374-Wolverton-Way-46037/home/105496138,MIBOR,21510253,N,Y,39.9689422,-85.9090902
PAST SALE,October-6-2017,Single Family Residential,11377 Niagara Dr,Fishers,IN,46037,314900,4,2.5,Fall Creek,3656,10454,2000,160,86,,Sold,,,http://www.redfin.com/IN/Fishers/11377-Niagara-Dr-46037/home/82381238,MIBOR,21510346,N,Y,39.9539804,-85.9917636
PAST SALE,January-8-2018,Single Family Residential,13174 Dekoven Dr,Fishers,IN,46037,300000,4,2.5,Fall Creek,3788,11761,2005,66,79,45,Sold,,,http://www.redfin.com/IN/Fishers/13174-Dekoven-Dr-46037/home/82371391,MIBOR,21493604,N,Y,39.9777908,-85.9301552
PAST SALE,February-2-2018,Single Family Residential,12780 Whisperwood Way,Fishers,IN,46037,220000,3,2,Fall Creek,2204,2265,2005,41,100,200,Sold,,,http://www.redfin.com/IN/Fishers/12780-Whisperwood-Way-46037/home/82371979,MIBOR,21528504,N,Y,39.9744166,-85.9573772
PAST SALE,February-15-2018,Single Family Residential,12402 Cool Winds Way,Fishers,IN,46037,189000,4,2.5,Fall Creek,2280,6969,2005,28,83,32,Sold,,,http://www.redfin.com/IN/Fishers/12402-Cool-Winds-Way-46037/home/82373065,MIBOR,21528499,N,Y,39.96945,-85.9711824
PAST SALE,February-22-2018,Single Family Residential,15133 Lansbury Ln,Fishers,IN,46037,389995,4,2.5,Fall Creek,4088,12196,2017,21,95,53,Sold,,,http://www.redfin.com/IN/Fishers/15133-Lansbury-Ln-46037/home/143061704,MIBOR,21504375,N,Y,39.983352,-85.897207
PAST SALE,February-27-2018,Single Family Residential,12970 Bartlett Dr,Fishers,IN,46037,252000,3,2.5,Fall Creek,2496,10454,2009,16,101,45,Sold,,,http://www.redfin.com/IN/Fishers/12970-Bartlett-Dr-46037/home/60160911,MIBOR,21540115,N,Y,39.9779813,-85.9333092
PAST SALE,March-5-2018,Single Family Residential,14079 Avalon Blvd,Fishers,IN,46037,297000,4,3.5,Fall Creek,3326,10890,2007,10,89,48,Sold,,,http://www.redfin.com/IN/Fishers/14079-Avalon-Blvd-46037/home/60133172,MIBOR,21543076,N,Y,39.9779424,-85.9116664
PAST SALE,March-2-2018,Single Family Residential,12715 Courage,Fishers,IN,46060,222000,3,2.5,Fall Creek,2832,6534,2002,13,78,23,Sold,,,http://www.redfin.com/IN/Fishers/12715-Courage-Xing-46037/home/67018852,MIBOR,21542810,N,Y,39.9817813,-85.9377804
PAST SALE,March-5-2018,Single Family Residential,12925 Courage,Fishers,IN,46037,133000,3,2.5,Fall Creek,1630,3484,2003,10,82,32,Sold,,,http://www.redfin.com/IN/Fishers/12925-Courage-Xing-46037/home/60029071,MIBOR,21543033,N,Y,39.9819891,-85.9342773
PAST SALE,October-31-2017,Single Family Residential,14665 Crystal Rock Ct,Fishers,IN,46037,601246,4,3.5,Fall Creek,6138,11325,2017,135,98,42,Sold,,,http://www.redfin.com/IN/Fishers/14665-Crystal-Rock-Ct-46037/home/144226476,MIBOR,21522630,N,Y,39.9616798,-85.9406745
PAST SALE,October-25-2017,Single Family Residential,12730 Cellar,Fishers,IN,46037,258965,2,2,Fall Creek,1498,6098,2017,141,173,,Sold,,,http://www.redfin.com/IN/Fishers/12730-Cellar-St-46037/home/144226576,MIBOR,21522660,N,Y,39.9736171,-85.8683803
PAST SALE,November-13-2017,Single Family Residential,15422 Forest Glade Dr,Fishers,IN,46037,278740,4,2.5,Fall Creek,2662,10454,2017,122,105,61,Sold,,,http://www.redfin.com/IN/Fishers/15422-Forest-Glade-Dr-46037/home/144308623,MIBOR,21524439,N,Y,39.9852343,-85.8842361
PAST SALE,November-10-2017,Single Family Residential,12758 Arista Ln,Fishers,IN,46037,184810,2,2,Fall Creek,1250,5227,2017,125,148,,Sold,,,http://www.redfin.com/IN/Fishers/12758-Arista-Ln-46037/home/144310387,MIBOR,21524683,N,Y,39.9616798,-85.9406745
PAST SALE,November-16-2017,Single Family Residential,15406 Forest Glade Dr,Fishers,IN,46037,310995,4,2.5,Fall Creek,2783,10890,2017,119,112,60,Sold,,,http://www.redfin.com/IN/Fishers/15406-Forest-Glade-Dr-46037/home/144325056,MIBOR,21525292,N,Y,39.9852343,-85.8842361
PAST SALE,December-14-2017,Single Family Residential,13225 Gilmour Dr,Fishers,IN,46037,399872,4,2.5,Fall Creek,4588,12632,2017,91,87,,Sold,,,http://www.redfin.com/IN/Fishers/13225-Gilmour-Dr-46037/home/144480280,MIBOR,21528590,N,Y,39.9832465,-85.8844795
PAST SALE,November-15-2017,Single Family Residential,13389 Fielding Way,Fishers,IN,46037,358357,3,2.5,Fall Creek,2568,12196,2017,120,140,242,Sold,,,http://www.redfin.com/IN/Fishers/13389-Fielding-Way-46037/home/144482109,MIBOR,21526771,N,Y,39.9616798,-85.9406745
PAST SALE,December-29-2017,Single Family Residential,13304 Talbott Dr,Fishers,IN,46037,403985,4,2.5,Fall Creek,4088,12196,2017,76,99,53,Sold,,,http://www.redfin.com/IN/Fishers/13304-Talbott-Dr-46037/home/144583654,MIBOR,21529644,N,Y,39.9616798,-85.9406745
PAST SALE,November-22-2017,Single Family Residential,11706 Whisperwood Way #36,Fishers,IN,46037,185925,2,2,Fall Creek,1416,8712,2017,113,131,200,Sold,,,http://www.redfin.com/IN/Fishers/11706-Whisperwood-Way-46037/unit-36/home/144583759,MIBOR,21528579,N,Y,39.9744984,-85.9570713
PAST SALE,January-17-2018,Single Family Residential,11280 Cumberland Rd,Fishers,IN,46037,955000,5,4.5,Delaware,7235,282704,2007,57,132,,Sold,,,http://www.redfin.com/IN/Fishers/11280-Cumberland-Rd-46037/home/82380823,MIBOR,21487407,N,Y,39.9508889,-85.995894
PAST SALE,February-6-2018,Single Family Residential,13326 Lansbury Ln,Fishers,IN,46037,380000,4,3.5,Fall Creek,4961,13503,2016,37,77,53,Sold,,,http://www.redfin.com/IN/Fishers/13326-Lansbury-Ln-46037/home/132236099,MIBOR,21519094,N,Y,39.9812723,-85.8934108
PAST SALE,January-22-2018,Single Family Residential,11742 Shady Meadow Pl,Fishers,IN,46037,209900,4,2.5,Fall Creek,2240,7405,2003,52,94,29,Sold,,,http://www.redfin.com/IN/Fishers/11742-Shady-Meadow-Pl-46037/home/66878693,MIBOR,21525383,N,Y,39.9589012,-85.9678512
PAST SALE,January-22-2018,Single Family Residential,12890 Minden Dr,Fishers,IN,46037,349999,5,2.5,Fall Creek,3525,13068,2004,52,99,45,Sold,,,http://www.redfin.com/IN/Fishers/12890-Minden-Dr-46037/home/67011229,MIBOR,21513307,N,Y,39.9777648,-85.9248448
PAST SALE,December-29-2017,Single Family Residential,11509 Ludlow Dr,Fishers,IN,46037,319900,4,3,Fall Creek,3570,16988,2006,76,90,50,Sold,,,http://www.redfin.com/IN/Fishers/11509-Ludlow-Dr-46037/home/82372829,MIBOR,21512957,N,Y,39.9600176,-85.9602104
PAST SALE,February-14-2018,Single Family Residential,12155 Limestone Dr,Fishers,IN,46038,278000,4,2.5,Fall Creek,3442,12196,1999,29,81,21,Sold,,,http://www.redfin.com/IN/Fishers/12155-Limestone-Dr-46037/home/82373173,MIBOR,21526940,N,Y,39.9650555,-85.9461628
PAST SALE,February-20-2018,Single Family Residential,11366 Long Sotton Ln,Fishers,IN,46037,341000,4,2.5,Fall Creek,3757,10890,2008,23,91,53,Sold,,,http://www.redfin.com/IN/Fishers/11366-Long-Sotton-Ln-46037/home/82383518,MIBOR,21479513,N,Y,39.9693933,-85.9638476
PAST SALE,February-21-2018,Single Family Residential,13225 E 131st St,Fishers,IN,46037,355773,3,3,Fall Creek,1982,2178,2018,22,180,133,Sold,,,http://www.redfin.com/IN/Fishers/13225-E-131st-St-46037/home/144905603,MIBOR,21546968,N,Y,39.9814907,-85.9271175
PAST SALE,February-21-2018,Single Family Residential,12329 Driftstone Dr,Fishers,IN,46037,160000,3,2,Fall Creek,1229,6098,1999,22,130,21,Sold,,,http://www.redfin.com/IN/Fishers/12329-Driftstone-Dr-46037/home/66865785,MIBOR,21540263,N,Y,39.9676438,-85.9428699
PAST SALE,February-22-2018,Single Family Residential,15132 Lansbury Ln,Fishers,IN,46037,410000,4,4.5,Fall Creek,5142,10890,2017,21,80,53,Sold,,,http://www.redfin.com/IN/Fishers/15132-Lansbury-Ln-46037/home/113856818,MIBOR,21489347,N,Y,39.983352,-85.897207
PAST SALE,January-10-2018,Single Family Residential,12954 Old Glory Dr,Fishers,IN,46037,175000,4,2.5,Fall Creek,2448,6534,2003,64,71,21,Sold,,,http://www.redfin.com/IN/Fishers/12954-Old-Glory-Dr-46037/home/60109521,MIBOR,21525449,N,Y,39.9830222,-85.9337683
PAST SALE,December-22-2017,Single Family Residential,10870 Midnight Pass,Fishers,IN,46037,290000,4,2.5,Fall Creek,3956,10933,1995,83,73,42,Sold,,,http://www.redfin.com/IN/Fishers/10870-Midnight-Pass-46037/home/66880117,MIBOR,21522114,N,Y,39.946033,-85.9750919
PAST SALE,January-26-2018,Single Family Residential,10751 Knightsbridge Ln,Fishers,IN,46037,417500,4,3.5,Fall Creek,4675,16117,1995,48,89,36,Sold,,,http://www.redfin.com/IN/Fishers/10751-Knightsbridge-Ln-46037/home/82380995,MIBOR,21522645,N,Y,39.9443242,-85.9917238
PAST SALE,January-26-2018,Single Family Residential,15969 Marsala Dr,Fishers,IN,46037,199900,2,2,Fall Creek,1444,4791,2008,48,138,196,Sold,,,http://www.redfin.com/IN/Fishers/15969-Marsala-Dr-46037/home/60112176,MIBOR,21518557,N,Y,39.9753598,-85.8771072
PAST SALE,February-28-2018,Single Family Residential,12294 Blue Springs Ln,Fishers,IN,46037,200000,3,2.5,Fall Creek,1920,6534,2000,15,104,21,Sold,,,http://www.redfin.com/IN/Fishers/12294-Blue-Springs-Ln-46037/home/60132643,MIBOR,21542238,N,Y,39.9671038,-85.9820719
PAST SALE,November-9-2017,Single Family Residential,12117 Royalwood Ct,Fishers,IN,46037,187000,3,2.5,Fall Creek,1884,8276,2002,126,99,,Sold,,,http://www.redfin.com/IN/Fishers/12117-Royalwood-Ct-46037/home/82373764,MIBOR,21514559,N,Y,39.9654957,-85.9095904
PAST SALE,December-19-2017,Single Family Residential,12818 Clairmont Dr,Fishers,IN,46037,335000,4,2.5,Fall Creek,3920,11325,2012,86,85,49,Sold,,,http://www.redfin.com/IN/Fishers/12818-Clairmont-Dr-46037/home/60112685,MIBOR,21520508,N,Y,39.9773751,-85.9365828
PAST SALE,November-3-2017,Single Family Residential,14119 Avalon Blvd,Fishers,IN,46037,288000,4,3,Fall Creek,3472,7405,2008,132,83,50,Sold,,,http://www.redfin.com/IN/Fishers/14119-Avalon-Blvd-46037/home/60161761,MIBOR,21512734,N,Y,39.9780246,-85.910588
PAST SALE,March-6-2018,Single Family Residential,11263 Hearthstone Dr,Fishers,IN,46037,238000,4,2.5,Fall Creek,3056,10890,2002,9,78,23,Sold,,,http://www.redfin.com/IN/Fishers/11263-Hearthstone-Dr-46037/home/66955396,MIBOR,21542784,N,Y,39.9530057,-85.9360239
PAST SALE,March-9-2018,Single Family Residential,10913 Three Hundred Yard Dr,Fishers,IN,46037,535000,3,3.5,Fall Creek,3700,12632,2005,6,145,383,Sold,,,http://www.redfin.com/IN/Fishers/10913-3-Hundred-Yard-Dr-46037/home/66978755,MIBOR,21512157,N,Y,39.9459115,-85.9576731
PAST SALE,February-13-2018,Single Family Residential,15438 Forest Glade Dr,Fishers,IN,46037,285465,4,2.5,Fall Creek,2636,10018,2018,30,108,,Sold,,,http://www.redfin.com/IN/Fishers/15438-Forest-Glade-Dr-46037/home/145123673,MIBOR,21545952,N,Y,39.9866049,-85.8845006
PAST SALE,March-14-2018,Single Family Residential,14902 Rustic Ridge Ct,Fishers,IN,46037,769000,5,5,Fall Creek,7760,13982,2015,1,99,83,Sold,,,http://www.redfin.com/IN/Fishers/14902-Rustic-Ridge-Ct-46037/home/96737324,MIBOR,21487236,N,Y,39.967839,-85.897805
PAST SALE,January-26-2018,Single Family Residential,9944 Tudor Ct,Fishers,IN,46038,235000,4,2.5,Delaware,3452,14810,1992,48,68,42,Sold,,,http://www.redfin.com/IN/Fishers/9944-Tudor-Ct-46037/home/66962980,MIBOR,21492798,N,Y,39.93235,-86.0133028
PAST SALE,January-19-2018,Single Family Residential,11196 Harriston Dr,Fishers,IN,46037,239000,4,2.5,Fall Creek,2737,15137,1996,55,87,39,Sold,,,http://www.redfin.com/IN/Fishers/11196-Harriston-Dr-46037/home/66968745,MIBOR,21512087,N,Y,39.9510557,-85.9709031
PAST SALE,February-9-2018,Single Family Residential,11784 Wedgeport Ln,Fishers,IN,46037,330000,4,3.5,Fall Creek,3984,10890,2002,34,83,54,Sold,,,http://www.redfin.com/IN/Fishers/11784-Wedgeport-Ln-46037/home/82373214,MIBOR,21513039,N,Y,39.9596406,-85.9528279
PAST SALE,January-9-2018,Single Family Residential,15282 Trebbiano Dr,Fishers,IN,46037,255500,2,2,Fall Creek,1664,5662,2006,65,154,201,Sold,,,http://www.redfin.com/IN/Fishers/15282-Trebbiano-Dr-46037/home/107147698,MIBOR,21512694,N,Y,39.9797129,-85.878486
PAST SALE,January-26-2018,Single Family Residential,10866 Pine Bluff Dr,Fishers,IN,46037,298000,4,2.5,Fall Creek,3270,11430,1996,48,91,21,Sold,,,http://www.redfin.com/IN/Fishers/10866-Pine-Bluff-Dr-46037/home/82381372,MIBOR,21527643,N,Y,39.944985,-85.9969475
PAST SALE,December-22-2017,Single Family Residential,10515 Hawks Ridge Ct,Fishers,IN,46037,210500,4,2.5,Fall Creek,2323,11234,1997,83,91,20,Sold,,,http://www.redfin.com/IN/Fishers/10515-Hawks-Ridge-Ct-46037/home/82381904,MIBOR,21524187,N,Y,39.9345363,-85.9821122
PAST SALE,January-26-2018,Single Family Residential,14312 Eddington Pl,Fishers,IN,46037,280000,3,2.5,Fall Creek,2674,11325,2013,48,105,38,Sold,,,http://www.redfin.com/IN/Fishers/14312-Eddington-Pl-46037/home/60134128,MIBOR,21528037,N,Y,39.971328,-85.9086109
PAST SALE,February-5-2018,Single Family Residential,12457 Gray Eagle Dr,Fishers,IN,46037,365000,5,2.5,Fall Creek,4188,11761,2004,38,87,41,Sold,,,http://www.redfin.com/IN/Fishers/12457-Gray-Eagle-Dr-46037/home/60051216,MIBOR,21518922,N,Y,39.9701111,-85.9309736
PAST SALE,October-27-2017,Single Family Residential,205 Harbour Cir,Fishers,IN,46037,495000,5,3.5,Fall Creek,4761,65340,1999,139,104,,Sold,,,http://www.redfin.com/IN/Fishers/205-Harbour-Cir-46037/home/82380652,MIBOR,21500093,N,Y,39.9467385,-85.9400957
PAST SALE,January-31-2018,Single Family Residential,12350 River Valley Dr,Fishers,IN,46037,199900,4,2.5,Fall Creek,2180,6534,2001,43,92,21,Sold,,,http://www.redfin.com/IN/Fishers/12350-River-Valley-Dr-46037/home/66843811,MIBOR,21524664,N,Y,39.9677756,-85.9449255
PAST SALE,November-15-2017,Single Family Residential,15830 Lambrusco Way,Fishers,IN,46037,205000,2,2,Fall Creek,1646,4791,2009,120,125,196,Sold,,,http://www.redfin.com/IN/Fishers/15830-Lambrusco-Way-46037/home/107129722,MIBOR,21512970,N,Y,39.9743901,-85.8796849
PAST SALE,January-4-2018,Single Family Residential,9914 Tudor Ct,Fishers,IN,46037,239000,4,2.5,Delaware,2038,11325,1994,70,117,42,Sold,,,http://www.redfin.com/IN/Fishers/9914-Tudor-Ct-46037/home/66962230,MIBOR,21520143,N,Y,39.931683,-86.0132934
PAST SALE,October-30-2017,Single Family Residential,12766 Arista Ln,Fishers,IN,46037,239377,2,2,Fall Creek,1658,,2017,136,144,,Sold,,,http://www.redfin.com/IN/Fishers/12766-Arista-Ln-46037/home/144236944,MIBOR,21520728,N,Y,39.9616798,-85.9406745
PAST SALE,December-29-2017,Single Family Residential,12238 Whispering Breeze Rd,Fishers,IN,46074,551800,6,4.5,Fall Creek,5269,,2017,76,105,75,Sold,,,http://www.redfin.com/IN/Fishers/12238-Whispering-Breeze-Dr-46037/home/144600759,MIBOR,21530028,N,Y,39.9652978,-85.9040053
PAST SALE,November-17-2017,Single Family Residential,12313 Carriage Stone Dr,Fishers,IN,46037,185000,3,2,Fall Creek,1406,7405,2001,118,132,21,Sold,,,http://www.redfin.com/IN/Fishers/12313-Carriage-Stone-Dr-46037/home/82373346,MIBOR,21519003,N,Y,39.9652693,-85.9454045
PAST SALE,December-21-2017,Single Family Residential,11845 Gray Eagle Dr,Fishers,IN,46037,374500,6,4.5,Fall Creek,4416,21344,1998,84,85,42,Sold,,,http://www.redfin.com/IN/Fishers/11845-Gray-Eagle-Dr-46037/home/66843933,MIBOR,21522975,N,Y,39.9611572,-85.9285981
PAST SALE,December-21-2017,Single Family Residential,14013 Rayners Ln,Fishers,IN,46037,250000,4,2.5,Fall Creek,3530,7840,2005,84,71,48,Sold,,,http://www.redfin.com/IN/Fishers/14013-Rayners-Ln-46037/home/82371140,MIBOR,21514650,N,Y,39.9750728,-85.9131841
PAST SALE,October-30-2017,Single Family Residential,12415 Brooks,Fishers,IN,46037,651000,5,4.5,Fall Creek,7415,37897,1998,136,88,,Sold,,,http://www.redfin.com/IN/Fishers/12415-Brooks-Xing-46037/home/82382327,MIBOR,21513087,N,Y,39.9409145,-85.9459832
PAST SALE,December-4-2017,Single Family Residential,11488 Little Rock Ct,Fishers,IN,46037,233300,4,2.5,Fall Creek,2380,9147,1999,101,98,21,Sold,,,http://www.redfin.com/IN/Fishers/11488-Little-Rock-Ct-46037/home/60079668,MIBOR,21519511,N,Y,39.9560988,-85.9374211
PAST SALE,December-29-2017,Single Family Residential,13704 Alston Dr,Fishers,IN,46037,405000,5,3.5,Fall Creek,4655,17424,2005,76,87,45,Sold,,,http://www.redfin.com/IN/Fishers/13704-Alston-Dr-46037/home/60095351,MIBOR,21525144,N,Y,39.9788188,-85.920652
PAST SALE,December-29-2017,Single Family Residential,16251 Remington Dr,Fishers,IN,46037,550000,4,4,Fall Creek,6328,59241,1996,76,87,100,Sold,,,http://www.redfin.com/IN/Fishers/16251-Remington-Dr-46037/home/60098301,MIBOR,21472857,N,Y,39.9863463,-85.8713717
PAST SALE,December-4-2017,Single Family Residential,12983 Bartlett Dr,Fishers,IN,46037,297000,5,3,Fall Creek,3912,10018,2008,101,76,45,Sold,,,http://www.redfin.com/IN/Fishers/12983-Bartlett-Dr-46037/home/60137656,MIBOR,21502953,N,Y,39.9783005,-85.9338482
PAST SALE,December-1-2017,Single Family Residential,12262 Wheathill Pass,Fishers,IN,46037,382000,5,3.5,Fall Creek,4224,13068,2012,104,90,53,Sold,,,http://www.redfin.com/IN/Fishers/12262-Wheathill-Pass-46037/home/107154201,MIBOR,21518493,N,Y,39.9667086,-85.9609229
PAST SALE,January-19-2018,Single Family Residential,10612 Glenn Cairn Ct,Fishers,IN,46037,295000,4,3.5,Fall Creek,3829,11761,1996,55,77,43,Sold,,,http://www.redfin.com/IN/Fishers/10612-Glenn-Cairn-Ct-46037/home/66996161,MIBOR,21513180,N,Y,39.9334296,-85.9796592
PAST SALE,February-21-2018,Single Family Residential,8855 Covington Blvd,Fishers,IN,46037,312000,4,2.5,Delaware,3944,16988,1993,22,79,42,Sold,,,http://www.redfin.com/IN/Fishers/8855-Covington-Blvd-46037/home/67077901,MIBOR,21540099,N,Y,39.9310429,-86.0121706
PAST SALE,February-21-2018,Single Family Residential,8872 Glass Chimney Ln,Fishers,IN,46038,225000,4,2.5,Delaware,2339,8668,1993,22,96,22,Sold,,,http://www.redfin.com/IN/Fishers/8872-Glass-Chimney-Ln-46037/home/82381260,MIBOR,21540977,N,Y,39.9305131,-86.0120953
PAST SALE,February-23-2018,Single Family Residential,10218 Brushfield Ln,Fishers,IN,46037,172600,3,2,Fall Creek,1859,5662,1999,20,93,29,Sold,,,http://www.redfin.com/IN/Fishers/10218-Brushfield-Ln-46037/home/82382413,MIBOR,21541590,N,Y,39.936953,-85.9495753
PAST SALE,February-28-2018,Single Family Residential,9644 Woodlands Dr,Fishers,IN,46037,382500,4,2.5,Fall Creek,4549,18295,1994,15,84,42,Sold,,,http://www.redfin.com/IN/Fishers/9644-Woodlands-Dr-46037/home/66928102,MIBOR,21528785,N,Y,39.9277216,-85.9901685
PAST SALE,March-8-2018,Single Family Residential,9640 Wickland Ct,Fishers,IN,46037,175000,3,2,Delaware,1449,7405,1993,7,121,22,Sold,,,http://www.redfin.com/IN/Fishers/9640-Wickland-Ct-46037/home/66970188,MIBOR,21541888,N,Y,39.9297401,-86.0122072
PAST SALE,January-31-2018,Single Family Residential,9991 Niagara Dr,Fishers,IN,46037,230500,3,2,Fall Creek,1881,11325,2002,43,123,38,Sold,,,http://www.redfin.com/IN/Fishers/9991-Niagara-Dr-46037/home/60045721,MIBOR,21526584,N,Y,39.9489841,-85.9909262
PAST SALE,November-28-2017,Single Family Residential,10803 Wildwood Dr,Fishers,IN,46038,365000,5,4,Fall Creek,4500,65340,1963,107,81,2,Sold,,,http://www.redfin.com/IN/Fishers/10803-Wildwood-Dr-46037/home/82381076,MIBOR,21485971,N,Y,39.9451044,-85.9812547
PAST SALE,October-26-2017,Single Family Residential,10624 Aspen Dr,Fishers,IN,46037,248900,4,3,Fall Creek,3328,7840,1999,140,75,28,Sold,,,http://www.redfin.com/IN/Fishers/10624-Aspen-Dr-46037/home/67074528,MIBOR,21505632,N,Y,39.9637437,-85.9798786
PAST SALE,October-27-2017,Single Family Residential,10570 E 116th St,Fishers,IN,46037,549000,3,2.5,Fall Creek,4546,223462,1980,139,121,,Sold,,,http://www.redfin.com/IN/Fishers/10570-E-116th-St-46037/home/67074463,MIBOR,21494901,N,Y,39.9590869,-85.979795
PAST SALE,October-31-2017,Single Family Residential,10219 Glenn Abbey Ln,Fishers,IN,46037,230000,3,2.5,Fall Creek,2042,7840,1998,135,113,42,Sold,,,http://www.redfin.com/IN/Fishers/10219-Glenn-Abbey-Ln-46037/home/66971489,MIBOR,21513877,N,Y,39.935211,-85.976572
PAST SALE,October-25-2017,Single Family Residential,10320 Packard Dr,Fishers,IN,46037,234900,4,2.5,Fall Creek,1920,8276,1997,141,122,29,Sold,,,http://www.redfin.com/IN/Fishers/10320-Packard-Dr-46037/home/82381842,MIBOR,21513910,N,Y,39.938114,-85.982623
PAST SALE,December-5-2017,Single Family Residential,10737 Springston Ct,Fishers,IN,46037,221900,4,2,Fall Creek,1644,10018,1999,100,135,42,Sold,,,http://www.redfin.com/IN/Fishers/10737-Springston-Ct-46037/home/82381990,MIBOR,21514450,N,Y,39.9356032,-85.9782033
PAST SALE,January-24-2018,Single Family Residential,10684 Grindstone Dr,Fishers,IN,46037,530000,3,3,Fall Creek,4136,11325,1998,50,128,319,Sold,,,http://www.redfin.com/IN/Fishers/10684-Grindstone-Dr-46037/home/82381296,MIBOR,21523466,N,Y,39.9532551,-85.9777442
PAST SALE,January-22-2018,Single Family Residential,10581 Tremont Dr,Fishers,IN,46037,484900,5,4.5,Fall Creek,5563,26911,1993,52,87,43,Sold,,,http://www.redfin.com/IN/Fishers/10581-Tremont-Dr-46037/home/82382023,MIBOR,21504949,N,Y,39.9411624,-85.9871774
PAST SALE,February-20-2018,Single Family Residential,10815 E 98th St,Fishers,IN,46037,143000,3,1.5,Fall Creek,1067,56628,1966,23,134,,Sold,,,http://www.redfin.com/IN/Fishers/10815-E-98th-St-46037/home/82383589,MIBOR,21526689,N,Y,39.929316,-85.9771662
PAST SALE,January-12-2018,Single Family Residential,9968 Hidden Falls Cir,Fishers,IN,46037,252000,4,3,Fall Creek,2331,10890,2003,62,108,38,Sold,,,http://www.redfin.com/IN/Fishers/9968-Hidden-Falls-Cir-46037/home/67068211,MIBOR,21514951,N,Y,39.9504801,-85.991325
PAST SALE,February-28-2018,Single Family Residential,10058 Rainbow Falls Ln,Fishers,IN,46037,285000,4,2.5,Fall Creek,3374,10890,2002,15,84,38,Sold,,,http://www.redfin.com/IN/Fishers/10058-Rainbow-Falls-Ln-46037/home/60063272,MIBOR,21526889,N,Y,39.9516642,-85.98965
PAST SALE,February-28-2018,Single Family Residential,10116 Cheswick Ln,Fishers,IN,46037,244900,3,2,Fall Creek,1925,9583,1998,15,127,28,Sold,,,http://www.redfin.com/IN/Fishers/10116-Cheswick-Ln-46037/home/66998136,MIBOR,21539757,N,Y,39.9336314,-85.9785423
PAST SALE,March-1-2018,Single Family Residential,10695 Grindstone Dr,Fishers,IN,46037,300000,3,2,Fall Creek,2131,9147,2003,14,141,330,Sold,,,http://www.redfin.com/IN/Fishers/10695-Grindstone-Dr-46037/home/67089045,MIBOR,21423218,N,Y,39.9526665,-85.9775052
PAST SALE,February-28-2018,Single Family Residential,10422 Cedar Dr,Fishers,IN,46037,170000,3,2,Fall Creek,1420,6969,1999,15,120,25,Sold,,,http://www.redfin.com/IN/Fishers/10422-Cedar-Dr-46037/home/60013023,MIBOR,21540824,N,Y,39.9613874,-85.9835481
PAST SALE,March-2-2018,Single Family Residential,10426 Fox Run Ct,Fishers,IN,46037,270000,4,2.5,Fall Creek,2303,14374,1995,13,117,20,Sold,,,http://www.redfin.com/IN/Fishers/10426-Fox-Run-Ct-46037/home/60084132,MIBOR,21519140,N,Y,39.9357729,-85.9825316
PAST SALE,October-27-2017,Single Family Residential,10975 Knightsbridge Ln,Fishers,IN,46037,303000,4,2.5,Fall Creek,3028,10123,1996,139,100,36,Sold,,,http://www.redfin.com/IN/Fishers/10975-Knightsbridge-Ln-46037/home/82380985,MIBOR,21510895,N,Y,39.9474924,-85.988334
PAST SALE,March-2-2018,Single Family Residential,10294 Packard Dr,Fishers,IN,46037,292000,4,2.5,Fall Creek,3394,12632,1996,13,86,29,Sold,,,http://www.redfin.com/IN/Fishers/10294-Packard-Dr-46037/home/66948115,MIBOR,21541155,N,Y,39.9383927,-85.9812347
PAST SALE,March-7-2018,Single Family Residential,12163 Chateau Ct,Fishers,IN,46037,629500,5,3.5,Fall Creek,4592,209523,1993,8,137,,Sold,,,http://www.redfin.com/IN/Fishers/12163-Chateau-Ct-46037/home/60132964,MIBOR,21526800,N,Y,39.9650724,-85.9789213
PAST SALE,March-6-2018,Single Family Residential,10444 Collingswood Ln,Fishers,IN,46037,118000,3,2,Fall Creek,3568,23801,1980,9,33,,Sold,,,http://www.redfin.com/IN/Fishers/10444-Collingswood-Rd-46037/home/82381708,MIBOR,21529327,N,Y,39.9394425,-85.984944
PAST SALE,October-3-2017,Single Family Residential,11011 Mirador Ln,Fishers,IN,46037,835000,6,4.5,Fall Creek,7430,20473,2001,163,112,151,Sold,,,http://www.redfin.com/IN/Fishers/11011-Mirador-Ln-46037/home/82380880,MIBOR,21491717,N,Y,39.94748,-85.959042
PAST SALE,October-6-2017,Single Family Residential,12927 Burgandy St,Fishers,IN,46037,215478,2,2,Fall Creek,1336,8712,2017,160,161,200,Sold,,,http://www.redfin.com/IN/Fishers/12927-Burgandy-St-46037/home/144000863,MIBOR,21518052,N,Y,39.9616798,-85.9406745
PAST SALE,November-14-2017,Single Family Residential,11973 Hawthorn Rdg,Fishers,IN,46037,640000,5,4.5,Fall Creek,5480,19166,2017,121,117,143,Sold,,,http://www.redfin.com/IN/Fishers/11973-Hawthorn-Rdg-46037/home/113426079,MIBOR,21471389,N,Y,39.9535399,-85.958584
PAST SALE,December-15-2017,Single Family Residential,11375 Hearthstone Dr,Fishers,IN,46037,223299,3,2.5,Fall Creek,2229,10454,1999,90,100,23,Sold,,,http://www.redfin.com/IN/Fishers/11375-Hearthstone-Dr-46037/home/60146786,MIBOR,21523253,N,Y,39.9545195,-85.9357844
PAST SALE,December-19-2017,Single Family Residential,12684 Adirondack Ct,Fishers,IN,46037,188500,3,2,Fall Creek,1874,9147,2000,86,101,21,Sold,,,http://www.redfin.com/IN/Fishers/12684-Adirondack-Ct-46037/home/66984618,MIBOR,21524067,N,Y,39.9543936,-85.9390578
PAST SALE,January-17-2018,Single Family Residential,12978 Oxbridge Pl,Fishers,IN,46037,248000,3,2,Fall Creek,3820,7405,2006,57,65,48,Sold,,,http://www.redfin.com/IN/Fishers/12978-Oxbridge-Pl-46037/home/67083971,MIBOR,21522973,N,Y,39.9782178,-85.9149413
PAST SALE,January-9-2018,Single Family Residential,13193 Dekoven Dr,Fishers,IN,46037,255000,4,2.5,Fall Creek,3094,11325,2007,65,82,45,Sold,,,http://www.redfin.com/IN/Fishers/13193-Dekoven-Dr-46037/home/67109576,MIBOR,21525407,N,Y,39.9775144,-85.929696
PAST SALE,February-16-2018,Single Family Residential,13311 Susser Way,Fishers,IN,46037,344990,3,3.5,Fall Creek,2341,871,2017,27,147,133,Sold,,,http://www.redfin.com/IN/Fishers/13311-Susser-Way-46037/home/112241616,MIBOR,21502044,N,Y,39.981368,-85.926757
PAST SALE,January-16-2018,Single Family Residential,12140 Driftstone Dr,Fishers,IN,46037,155000,3,2,Fall Creek,1265,9147,1997,58,123,21,Sold,,,http://www.redfin.com/IN/Fishers/12140-Driftstone-Dr-46037/home/82373187,MIBOR,21511286,N,Y,39.9651223,-85.9434886
PAST SALE,December-29-2017,Single Family Residential,11338 Talon Trce,Fishers,IN,46037,622500,4,5.5,Fall Creek,6585,19166,2001,76,95,143,Sold,,,http://www.redfin.com/IN/Fishers/11338-Talon-Trce-46037/home/82380556,MIBOR,21511080,N,Y,39.9529021,-85.9491163
PAST SALE,February-9-2018,Single Family Residential,15365 Eastpark Cir W,Fishers,IN,46037,321500,4,2.5,Fall Creek,2881,10454,2017,34,112,242,Sold,,,http://www.redfin.com/IN/Fishers/15365-Eastpark-Cir-W-46037/home/143893130,MIBOR,21529166,N,Y,39.983088,-85.881779
PAST SALE,January-24-2018,Single Family Residential,15841 Marsala Dr,Fishers,IN,46037,215000,3,2,Fall Creek,1760,4791,2008,50,122,196,Sold,,,http://www.redfin.com/IN/Fishers/15841-Marsala-Dr-46037/home/60107417,MIBOR,21527171,N,Y,39.9746469,-85.879585
PAST SALE,January-19-2018,Single Family Residential,15043 Mancroft Dr,Fishers,IN,46037,334000,4,2.5,Fall Creek,3926,9147,2014,55,85,53,Sold,,,http://www.redfin.com/IN/Fishers/15043-Mancroft-Dr-46037/home/62115368,MIBOR,21501035,N,Y,39.9840258,-85.8945694
PAST SALE,February-26-2018,Single Family Residential,13050 Ambergate Dr,Fishers,IN,46037,306000,5,3,Fall Creek,4494,10018,2009,17,68,45,Sold,,,http://www.redfin.com/IN/Fishers/13050-Ambergate-Dr-46037/home/82371445,MIBOR,21524012,N,Y,39.9793713,-85.9324109
PAST SALE,February-28-2018,Single Family Residential,14840 Woodruff Ln,Fishers,IN,46037,416500,4,3,Fall Creek,4352,13068,2014,15,96,71,Sold,,,http://www.redfin.com/IN/Fishers/14840-Woodruff-Ln-46037/home/59993513,MIBOR,21518751,N,Y,39.9715361,-85.8988996
PAST SALE,February-28-2018,Single Family Residential,12859 Touchdown Dr,Fishers,IN,46037,185000,3,2,Fall Creek,1610,8712,2004,15,115,43,Sold,,,http://www.redfin.com/IN/Fishers/12859-Touchdown-Dr-46037/home/60032299,MIBOR,21542411,N,Y,39.9757219,-85.9431293
PAST SALE,February-15-2018,Single Family Residential,12632 Champions Blvd,Fishers,IN,46037,242500,4,2.5,Fall Creek,2780,11325,2002,28,87,43,Sold,,,http://www.redfin.com/IN/Fishers/12632-Champions-Blvd-46037/home/60049246,MIBOR,21526134,N,Y,39.9727187,-85.9477194
PAST SALE,February-7-2018,Single Family Residential,13019 Brookdale Dr,Fishers,IN,46037,188000,3,2,Fall Creek,1410,10454,2005,36,133,25,Sold,,,http://www.redfin.com/IN/Fishers/13019-Brookdale-Dr-46037/home/60075331,MIBOR,21525760,N,Y,39.9785434,-85.9407942
PAST SALE,February-28-2018,Single Family Residential,16188 Loire Valley Dr,Fishers,IN,46037,387443,3,3,Fall Creek,2969,6969,2018,15,130,210,Sold,,,http://www.redfin.com/IN/Fishers/16188-Loire-Valley-Dr-46037/home/144976391,MIBOR,21548842,N,Y,39.9616798,-85.9406745
PAST SALE,March-1-2018,Single Family Residential,13350 All American Rd,Fishers,IN,46037,156000,3,2.5,Fall Creek,1870,3920,2003,14,83,21,Sold,,,http://www.redfin.com/IN/Fishers/13350-All-American-Rd-46037/home/82371340,MIBOR,21528248,N,Y,39.9832658,-85.9370119
PAST SALE,December-21-2017,Single Family Residential,12356 Cultured Stone Dr,Fishers,IN,46037,194500,3,2.5,Fall Creek,2385,7405,2001,84,82,21,Sold,,,http://www.redfin.com/IN/Fishers/12356-Cultured-Stone-Dr-46037/home/82373341,MIBOR,21523431,N,Y,39.967614,-85.9460431
PAST SALE,December-11-2017,Single Family Residential,10798 Treasure Trl,Fishers,IN,46037,167000,3,2,Fall Creek,1376,5662,2001,94,121,31,Sold,,,http://www.redfin.com/IN/Fishers/10798-Treasure-Trl-46037/home/82372955,MIBOR,21519065,N,Y,39.9660777,-85.9738353
PAST SALE,December-12-2017,Single Family Residential,12894 Venito Trl,Fishers,IN,46037,325000,3,3,Fall Creek,3944,7840,2008,93,82,201,Sold,,,http://www.redfin.com/IN/Fishers/12894-Venito-Trl-46037/home/82373955,MIBOR,21519852,N,Y,39.9759196,-85.8793452
PAST SALE,December-12-2017,Single Family Residential,15578 E 136th St,Fishers,IN,46037,226100,3,1.5,Fall Creek,1316,180338,1974,93,172,,Sold,,,http://www.redfin.com/IN/Fishers/15578-E-136th-St-46037/home/82374053,MIBOR,21509932,N,Y,39.9878613,-85.8852996
PAST SALE,November-14-2017,Single Family Residential,12817 Mojave Dr,Fishers,IN,46037,318000,5,2.5,Fall Creek,4012,13503,2002,121,79,25,Sold,,,http://www.redfin.com/IN/Fishers/12817-Mojave-Dr-46037/home/82380639,MIBOR,21514142,N,Y,39.9516107,-85.9362235
PAST SALE,October-5-2017,Single Family Residential,11256 Hearthstone Dr,Fishers,IN,46037,215000,4,2.5,Fall Creek,2058,8712,2002,161,104,23,Sold,,,http://www.redfin.com/IN/Fishers/11256-Hearthstone-Dr-46037/home/82380406,MIBOR,21503989,N,Y,39.9531478,-85.9366626
PAST SALE,December-1-2017,Single Family Residential,13442 Alston Dr,Fishers,IN,46037,400000,5,4.5,Fall Creek,4994,12196,2007,104,80,45,Sold,,,http://www.redfin.com/IN/Fishers/13442-Alston-Dr-46037/home/60013091,MIBOR,21519344,N,Y,39.9784127,-85.9256234
PAST SALE,December-28-2017,Single Family Residential,12114 Rangeview Ct,Fishers,IN,46037,1185000,5,4.5,Fall Creek,9789,21780,2005,77,121,205,Sold,,,http://www.redfin.com/IN/Fishers/12114-Rangeview-Ct-46037/home/60050752,MIBOR,21491264,N,Y,39.9513268,-85.9527681
PAST SALE,October-16-2017,Single Family Residential,12305 Wolverton Way,Fishers,IN,46037,264000,3,2.5,Fall Creek,2362,7840,2009,150,112,38,Sold,,,http://www.redfin.com/IN/Fishers/12305-Wolverton-Way-46037/home/60086646,MIBOR,21507549,N,Y,39.9681311,-85.9082315
PAST SALE,December-15-2017,Single Family Residential,12873 Bristow Ln,Fishers,IN,46037,278000,4,3.5,Fall Creek,3352,10890,2007,90,83,48,Sold,,,http://www.redfin.com/IN/Fishers/12873-Bristow-Ln-46037/home/60091871,MIBOR,21520808,N,Y,39.9768578,-85.9104283
PAST SALE,November-8-2017,Single Family Residential,13044 Pinner Ave,Fishers,IN,46037,261900,4,3,Fall Creek,3772,6969,2007,127,69,48,Sold,,,http://www.redfin.com/IN/Fishers/13044-Pinner-Ave-46037/home/60103834,MIBOR,21489916,N,Y,39.9792128,-85.9142025
PAST SALE,October-16-2017,Single Family Residential,12994 Cullerton Way,Fishers,IN,46037,266250,4,2.5,Fall Creek,3220,12196,2004,150,83,45,Sold,,,http://www.redfin.com/IN/Fishers/12994-Cullerton-Way-46037/home/60131953,MIBOR,21509440,N,Y,39.9727757,-85.9333092
PAST SALE,December-14-2017,Single Family Residential,13085 Tannenweg Way,Fishers,IN,46037,205000,3,2.5,Fall Creek,2206,5227,2009,91,93,40,Sold,,,http://www.redfin.com/IN/Fishers/13085-Tannenweg-Way-46037/home/60136355,MIBOR,21523210,N,Y,39.9811434,-85.9309936
PAST SALE,November-6-2017,Single Family Residential,12323 Cobblefield Ct,Fishers,IN,46037,286500,4,3,Fall Creek,3252,10018,1998,129,88,21,Sold,,,http://www.redfin.com/IN/Fishers/12323-Cobblefield-Ct-46037/home/60162763,MIBOR,21513895,N,Y,39.9622972,-85.945165
PAST SALE,October-26-2017,Single Family Residential,14378 Pendragon Way,Fishers,IN,46037,400000,4,2.5,Fall Creek,4186,14810,2015,140,96,,Sold,,,http://www.redfin.com/IN/Fishers/14378-Pendragon-Way-46037/home/62780674,MIBOR,21522004,N,Y,39.9827237,-85.9075924
PAST SALE,December-28-2017,Single Family Residential,12185 Sagamore Woods Dr,Fishers,IN,46037,207000,4,2.5,Fall Creek,2350,6098,2004,77,88,19,Sold,,,http://www.redfin.com/IN/Fishers/12185-Sagamore-Woods-Dr-46037/home/66864949,MIBOR,21522599,N,Y,39.9659568,-85.9708491
PAST SALE,December-1-2017,Single Family Residential,11454 Loch Raven Blvd,Fishers,IN,46037,470000,5,4.5,Fall Creek,4406,15245,2002,104,107,46,Sold,,,http://www.redfin.com/IN/Fishers/11454-Loch-Raven-Blvd-46037/home/66956337,MIBOR,21511823,N,Y,39.9552941,-85.9350259
PAST SALE,October-31-2017,Single Family Residential,15911 Lambrusco Way,Fishers,IN,46037,234000,2,2,Fall Creek,1778,5227,2010,135,132,196,Sold,,,http://www.redfin.com/IN/Fishers/15911-Lambrusco-Way-46037/home/107131962,MIBOR,21512949,N,Y,39.9739909,-85.8780264
PAST SALE,February-16-2018,Single Family Residential,9936 Covington Blvd,Fishers,IN,46038,330000,4,2.5,Delaware,4443,13068,1997,27,74,42,Sold,,,http://www.redfin.com/IN/Fishers/9936-Covington-Blvd-46037/home/66970414,MIBOR,21492521,N,Y,39.9313445,-86.0067453
PAST SALE,January-12-2018,Single Family Residential,10829 Audrie Ct,Fishers,IN,46037,212500,3,2.5,Delaware,2141,6969,1996,62,99,25,Sold,,,http://www.redfin.com/IN/Fishers/10829-Audrie-Ct-46037/home/60038888,MIBOR,21523371,N,Y,39.9451115,-86.0052806
PAST SALE,March-2-2018,Single Family Residential,9301 Maryland Ct,Fishers,IN,46037,193000,3,2.5,Delaware,1622,8712,1994,13,119,17,Sold,,,http://www.redfin.com/IN/Fishers/9301-Maryland-Ct-46037/home/67023128,MIBOR,21528904,N,Y,39.94468,-86.001491
PAST SALE,October-10-2017,Single Family Residential,11846 Weathered Edge Dr,Fishers,IN,46037,293000,4,2.5,Fall Creek,3782,8712,2001,156,77,21,Sold,,,http://www.redfin.com/IN/Fishers/11846-Weathered-Edge-Dr-46037/home/66834154,MIBOR,21505015,N,Y,39.9681992,-85.9542047
PAST SALE,October-6-2017,Single Family Residential,12828 Girvan Way,Fishers,IN,46037,401390,4,3.5,Fall Creek,3400,,2017,160,118,63,Sold,,,http://www.redfin.com/IN/Fishers/12828-Girvan-Way-46037/home/144051493,MIBOR,21518808,N,Y,39.9755983,-85.8667299
PAST SALE,December-11-2017,Single Family Residential,13451 Mosel Ct,Fishers,IN,46037,358094,2,2.5,Fall Creek,2271,9147,2017,94,158,216,Sold,,,http://www.redfin.com/IN/Fishers/13451-Mosel-Ct-46037/home/144475871,MIBOR,21528008,N,Y,39.983994,-85.8674649
PAST SALE,January-22-2018,Single Family Residential,13257 Balletto Way,Fishers,IN,46037,319162,2,2,Fall Creek,2090,6969,2017,52,153,207,Sold,,,http://www.redfin.com/IN/Fishers/13257-Balletto-Way-46037/home/144763663,MIBOR,21541745,N,Y,39.9809287,-85.863103
PAST SALE,January-29-2018,Single Family Residential,16179 Oliver St,Fishers,IN,46037,385000,3,2,Fall Creek,2784,8276,2007,45,138,210,Sold,,,http://www.redfin.com/IN/Fishers/16179-Oliver-St-46037/home/82383221,MIBOR,21508085,N,Y,39.9771063,-85.8727307
PAST SALE,January-18-2018,Single Family Residential,12823 Claret Ct,Fishers,IN,46037,268000,2,2,Fall Creek,1673,6534,2015,56,160,196,Sold,,,http://www.redfin.com/IN/Fishers/12823-Claret-Ct-46037/home/109537979,MIBOR,21520185,N,Y,39.9749547,-85.8724667
PAST SALE,November-30-2017,Single Family Residential,12809 Gloria Dr,Fishers,IN,46037,240000,2,2,Fall Creek,1494,4791,2014,105,161,196,Sold,,,http://www.redfin.com/IN/Fishers/12809-Gloria-Dr-46037/home/71406442,MIBOR,21513566,N,Y,39.9746806,-85.8743294
PAST SALE,September-27-2017,Single Family Residential,13006 Venito Trl,Fishers,IN,46037,289000,2,3,Fall Creek,3380,8712,2007,169,86,201,Sold,,,http://www.redfin.com/IN/Fishers/13006-Venito-Trl-46037/home/82373985,MIBOR,21500732,N,Y,39.9774858,-85.8783461
PAST SALE,September-19-2017,Single Family Residential,14426 Chapelwood Ln,Fishers,IN,46037,235000,4,2.5,Fall Creek,3258,7840,2004,177,72,27,Sold,,,http://www.redfin.com/IN/Fishers/14426-Chapelwood-Ln-46037/home/60022334,MIBOR,21483714,N,Y,39.9650396,-85.906931
PAST SALE,September-22-2017,Single Family Residential,14944 Harvest Knoll Ct,Fishers,IN,46037,615000,5,4.5,Fall Creek,5871,21344,2008,174,105,71,Sold,,,http://www.redfin.com/IN/Fishers/14944-Harvest-Knoll-Ct-46037/home/60058173,MIBOR,21504938,N,Y,39.9699434,-85.8971663
PAST SALE,September-29-2017,Single Family Residential,15914 Blush Dr,Fishers,IN,46037,340000,3,3,Fall Creek,3864,6534,2007,167,88,201,Sold,,,http://www.redfin.com/IN/Fishers/15914-Blush-Dr-46037/home/60124102,MIBOR,21497571,N,Y,39.977981,-85.8782182
PAST SALE,September-28-2017,Single Family Residential,15983 Lambrusco Way,Fishers,IN,46037,200000,2,2,Fall Creek,1646,5227,2011,168,122,196,Sold,,,http://www.redfin.com/IN/Fishers/15983-Lambrusco-Way-46037/home/107154380,MIBOR,21500953,N,Y,39.974662,-85.8766276
PAST SALE,September-18-2017,Single Family Residential,10186 Hatherley Way,Fishers,IN,46037,223000,4,2.5,Fall Creek,4380,6534,1999,178,51,25,Sold,,,http://www.redfin.com/IN/Fishers/10186-Hatherley-Way-46037/home/82382369,MIBOR,21502707,N,Y,39.9364605,-85.9520416
PAST SALE,September-21-2017,Single Family Residential,9694 Wandering Woods Ct,Fishers,IN,46037,572000,6,6.5,Delaware,9305,47916,1987,175,61,135,Sold,,,http://www.redfin.com/IN/Fishers/9694-Wandering-Woods-Ct-46037/home/60067425,MIBOR,21475747,N,Y,39.9295252,-85.9995703
PAST SALE,October-2-2017,Single Family Residential,12415 Titans Dr,Fishers,IN,46037,185000,3,2,Fall Creek,1414,8276,2006,164,131,43,Sold,,,http://www.redfin.com/IN/Fishers/12415-Titans-Dr-46037/home/82371774,MIBOR,21506644,N,Y,39.9775421,-85.944227
PAST SALE,September-22-2017,Single Family Residential,12375 Schoolhouse Rd,Fishers,IN,46037,150000,3,2,Fall Creek,1684,6969,2004,174,89,32,Sold,,,http://www.redfin.com/IN/Fishers/12375-Schoolhouse-Rd-46037/home/82372820,MIBOR,21494439,N,Y,39.9687006,-85.9663351
PAST SALE,September-26-2017,Single Family Residential,12584 Adirondack Ct,Fishers,IN,46037,257900,3,2.5,Fall Creek,3208,7405,2002,170,80,31,Sold,,,http://www.redfin.com/IN/Fishers/12584-Adirondack-Ct-46037/home/82380543,MIBOR,21501847,N,Y,39.9549785,-85.940894
PAST SALE,September-29-2017,Single Family Residential,11842 Wedgeport Ln,Fishers,IN,46037,313000,4,3.5,Fall Creek,4086,12196,2004,167,77,54,Sold,,,http://www.redfin.com/IN/Fishers/11842-Wedgeport-Ln-46037/home/60101826,MIBOR,21506905,N,Y,39.9612337,-85.9560205
PAST SALE,October-20-2017,Single Family Residential,12419 Goodloe Dr,Fishers,IN,46037,295000,4,2.5,Fall Creek,3864,11761,2004,146,76,60,Sold,,,http://www.redfin.com/IN/Fishers/12419-Goodloe-Dr-46037/home/60016956,MIBOR,21492367,N,Y,39.9691127,-85.9511118
PAST SALE,October-20-2017,Single Family Residential,10126 Hatherley Way,Fishers,IN,46037,153000,3,2.5,Hamilton,2422,6534,1999,146,63,,Sold,,,http://www.redfin.com/IN/Fishers/10126-Hatherley-Way-46037/home/67008630,MIBOR,21458395,N,Y,39.9355302,-85.9520754
PAST SALE,September-28-2017,Single Family Residential,11923 Cabri Ln,Fishers,IN,46037,309900,4,3.5,Fall Creek,3642,11761,2004,168,85,54,Sold,,,http://www.redfin.com/IN/Fishers/11923-Cabri-Ln-46037/home/67024649,MIBOR,21509635,N,Y,39.9635378,-85.9542816
PAST SALE,November-3-2017,Single Family Residential,13043 Whitten Dr N,Fishers,IN,46037,303900,2,2,Fall Creek,3386,8276,2006,132,90,47,Sold,,,http://www.redfin.com/IN/Fishers/13043-Whitten-Dr-N-46037/home/82371070,MIBOR,21506030,N,Y,39.9803171,-85.9211319
PAST SALE,November-3-2017,Single Family Residential,13987 London Rd,Fishers,IN,46037,221600,3,2,Fall Creek,1906,7405,2009,132,116,133,Sold,,,http://www.redfin.com/IN/Fishers/13987-London-Rd-46037/home/60083174,MIBOR,21512405,N,Y,39.9779839,-85.9139828
PAST SALE,October-24-2017,Single Family Residential,12860 Freedom Dr,Fishers,IN,46037,150500,3,2.5,Fall Creek,2475,3920,2002,142,61,28,Sold,,,http://www.redfin.com/IN/Fishers/12860-Freedom-Dr-46037/home/60108557,MIBOR,21513303,N,Y,39.981728,-85.9356849
PAST SALE,October-20-2017,Single Family Residential,13351 All American Rd,Fishers,IN,46037,159000,3,2.5,Fall Creek,2400,3484,2003,146,66,28,Sold,,,http://www.redfin.com/IN/Fishers/13351-All-American-Rd-46037/home/67045932,MIBOR,21516735,N,Y,39.9832694,-85.936504
PAST SALE,September-27-2017,Single Family Residential,14898 Dennison Dr,Fishers,IN,46037,455000,5,5.5,Fall Creek,5416,,2017,169,84,36,Sold,,,http://www.redfin.com/IN/Fishers/14898-Dennison-Dr-46037/home/113916413,MIBOR,21485591,N,Y,39.9836167,-85.8965301
PAST SALE,October-18-2017,Single Family Residential,12174 Whispering Breeze Dr,Fishers,IN,46037,512556,4,4.5,Fall Creek,6132,14810,2017,148,84,58,Sold,,,http://www.redfin.com/IN/Fishers/12174-Whispering-Breeze-Dr-46037/home/144540411,MIBOR,21529348,N,Y,39.9652978,-85.9040053
PAST SALE,October-16-2017,Single Family Residential,12818 Redskins Ave,Fishers,IN,46037,211500,3,2,Fall Creek,3670,8276,2004,150,58,43,Sold,,,http://www.redfin.com/IN/Fishers/12818-Redskins-Ave-46037/home/60103743,MIBOR,21491040,N,Y,39.9753181,-85.9453247
PAST SALE,October-27-2017,Single Family Residential,12622 Coastal Pl,Fishers,IN,46037,490000,4,4.5,Fall Creek,5941,12109,2016,139,82,,Sold,,,http://www.redfin.com/IN/FISHERS/12622-COASTAL-PL-46037/home/109082099,MIBOR,21450198,N,Y,39.972509,-85.8729407
PAST SALE,February-12-2018,Single Family Residential,12871 Claret Ct,Fishers,IN,46037,238000,2,2,Fall Creek,1665,,2015,31,143,202,Sold,,,http://www.redfin.com/IN/Fishers/12871-Claret-Ct-46037/home/109537962,MIBOR,21541462,N,Y,39.9757579,-85.8727717
PAST SALE,December-27-2017,Single Family Residential,15121 Lansbury Ln,Fishers,IN,46037,456000,5,4.5,Fall Creek,5297,13068,2017,78,86,53,Sold,,,http://www.redfin.com/IN/Fishers/15121-Lansbury-Ln-46037/home/142966292,MIBOR,21501608,N,Y,39.983352,-85.897207
PAST SALE,January-17-2018,Single Family Residential,15405 Eastpark Cir W,Fishers,IN,46037,243210,4,2.5,Fall Creek,2426,10890,2018,57,100,242,Sold,,,http://www.redfin.com/IN/Fishers/15405-Eastpark-Cir-W-46037/home/144717044,MIBOR,21541065,N,Y,39.9866943,-85.8885725
PAST SALE,January-29-2018,Single Family Residential,14906 Dennison Dr,Fishers,IN,46037,370000,4,4.5,Fall Creek,4523,12196,2014,45,82,53,Sold,,,http://www.redfin.com/IN/Fishers/14906-Dennison-Dr-46037/home/59986746,MIBOR,21503374,N,Y,39.9836189,-85.8962089
PAST SALE,January-3-2018,Single Family Residential,13196 Gilmour Dr,Fishers,IN,46037,372000,4,2.5,Fall Creek,4289,6969,2017,71,87,60,Sold,,,http://www.redfin.com/IN/Fishers/13196-Gilmour-Dr-46037/home/113378616,MIBOR,21480780,N,Y,39.983088,-85.881779
PAST SALE,February-26-2018,Single Family Residential,12774 Winery Way,Fishers,IN,46037,203000,2,2,Fall Creek,1370,6098,2009,17,148,202,Sold,,,http://www.redfin.com/IN/Fishers/12774-Winery-Way-46037/home/82383463,MIBOR,21541921,N,Y,39.9741518,-85.8803043
PAST SALE,February-26-2018,Single Family Residential,12252 Harvest Glen Blvd,Fishers,IN,46037,405000,3,2,Fall Creek,2568,10890,2013,17,158,71,Sold,,,http://www.redfin.com/IN/Fishers/12252-Harvest-Glen-Blvd-46037/home/60132322,MIBOR,21505366,N,Y,39.967056,-85.9010214
PAST SALE,February-6-2018,Single Family Residential,13488 Davenport Dr,Fishers,IN,46037,400000,5,3.5,Fall Creek,4084,11325,2015,37,98,53,Sold,,,http://www.redfin.com/IN/Fishers/13488-Davenport-Dr-46037/home/102306810,MIBOR,21523320,N,Y,39.9848602,-85.8989231
PAST SALE,December-27-2017,Single Family Residential,13317 Talbott Dr,Fishers,IN,46037,458030,5,3.5,Fall Creek,5426,18730,2017,78,84,53,Sold,,,http://www.redfin.com/IN/Fishers/13317-Talbott-Dr-46037/home/144584845,MIBOR,21529746,N,Y,39.9616798,-85.9406745
PAST SALE,February-5-2018,Single Family Residential,11296 Long Sotton Ln,Fishers,IN,46037,392500,4,3,Fall Creek,3609,29620,2009,38,109,53,Sold,,,http://www.redfin.com/IN/Fishers/11296-Long-Sotton-Ln-46037/home/60013150,MIBOR,21525189,N,Y,39.9693334,-85.9654327
PAST SALE,January-29-2018,Single Family Residential,12990 Vinetree Trl,Fishers,IN,46037,307115,3,3,Fall Creek,2409,6534,2018,45,127,202,Sold,,,http://www.redfin.com/IN/Fishers/12990-Vinetree-Trl-46037/home/144829494,MIBOR,21542535,N,Y,39.9616798,-85.9406745
PAST SALE,January-5-2018,Single Family Residential,11484 Lake Stonebridge Ln,Fishers,IN,46037,519000,3,3.5,Fall Creek,5275,8276,1997,69,98,319,Sold,,,http://www.redfin.com/IN/Fishers/11484-Lake-Stonebridge-Ln-46037/home/66939574,MIBOR,21488855,N,Y,39.9554124,-85.9754036
PAST SALE,January-12-2018,Single Family Residential,9754 Bradford Knoll Dr,Fishers,IN,46037,238500,4,2.5,Delaware,2388,11325,1996,62,100,18,Sold,,,http://www.redfin.com/IN/Fishers/9754-Bradford-Knoll-Dr-46037/home/66970325,MIBOR,21526560,N,Y,39.9379942,-85.9963893
PAST SALE,February-9-2018,Single Family Residential,10115 Red Tail Dr,Fishers,IN,46038,206600,4,2.5,Fall Creek,1863,8276,1995,34,111,18,Sold,,,http://www.redfin.com/IN/Fishers/10115-Red-Tail-Dr-46037/home/67035322,MIBOR,21527677,N,Y,39.934503,-85.9834683
PAST SALE,February-15-2018,Single Family Residential,11836 Weathered Edge Dr,Fishers,IN,46037,274900,4,2.5,Fall Creek,3567,8712,2001,28,77,23,Sold,,,http://www.redfin.com/IN/Fishers/11836-Weathered-Edge-Dr-46037/home/82373297,MIBOR,21510999,N,Y,39.9682076,-85.9544442
PAST SALE,January-4-2018,Single Family Residential,12709 Brookhaven Dr,Fishers,IN,46037,252000,4,2.5,Fall Creek,3058,10454,2003,70,82,31,Sold,,,http://www.redfin.com/IN/Fishers/12709-Brookhaven-Dr-46037/home/60023858,MIBOR,21524703,N,Y,39.9774849,-85.9385788
PAST SALE,January-18-2018,Single Family Residential,10674 Grindstone Dr,Fishers,IN,46037,615000,4,3.5,Fall Creek,5318,10890,1999,56,116,319,Sold,,,http://www.redfin.com/IN/Fishers/10674-Grindstone-Dr-46037/home/60039308,MIBOR,21518407,N,Y,39.9531638,-85.9779839
PAST SALE,December-27-2017,Single Family Residential,,Fishers,IN,46037,154000,4,2.5,,2452,5227,2004,78,63,15,Sold,,,http://www.redfin.com/IN/Fishers/Undisclosed-address-46037/home/60042723,MIBOR,21516926,N,Y,39.9829231,-85.9418121
PAST SALE,February-23-2018,Single Family Residential,11210 Hawthorn Rdg,Fishers,IN,46037,560000,4,4,Fall Creek,4766,15681,1996,20,117,105,Sold,,,http://www.redfin.com/IN/Fishers/11210-Hawthorn-Rdg-46037/home/60142358,MIBOR,21530418,N,Y,39.9513996,-85.9456639
PAST SALE,February-28-2018,Single Family Residential,10040 Glenn Abbey Ln,Fishers,IN,46037,353000,4,2.5,Fall Creek,2672,8276,1997,15,132,41,Sold,,,http://www.redfin.com/IN/Fishers/10040-Glenn-Abbey-Ln-46037/home/66970472,MIBOR,21527563,N,Y,39.9330041,-85.9783628
PAST SALE,February-13-2018,Single Family Residential,10342 Lakeland Dr,Fishers,IN,46037,217000,3,2,Fall Creek,1642,6534,1995,30,132,42,Sold,,,http://www.redfin.com/IN/Fishers/10342-Lakeland-Dr-46037/home/82382092,MIBOR,21541192,N,Y,39.9292279,-85.9896899
PAST SALE,December-27-2017,Single Family Residential,10890 Cody Ln,Fishers,IN,46037,257000,5,3,Fall Creek,3235,11761,1996,78,79,38,Sold,,,http://www.redfin.com/IN/Fishers/10890-Cody-Ln-46037/home/60056774,MIBOR,21522002,N,Y,39.9479048,-85.9713021
PAST SALE,December-29-2017,Single Family Residential,10326 Packard Dr,Fishers,IN,46037,234000,3,2.5,Fall Creek,2378,8276,1996,76,98,29,Sold,,,http://www.redfin.com/IN/Fishers/10326-Packard-Dr-46037/home/60128027,MIBOR,21527341,N,Y,39.9381287,-85.98287
PAST SALE,December-29-2017,Single Family Residential,11777 Ledgestone Cir,Fishers,IN,46037,257500,4,2.5,Fall Creek,2663,16988,1999,76,97,23,Sold,,,http://www.redfin.com/IN/Fishers/11777-Ledgestone-Cir-46037/home/66953530,MIBOR,21503380,N,Y,39.9600271,-85.9466817
PAST SALE,October-24-2017,Single Family Residential,12682 E 131st St,Fishers,IN,46037,175000,3,2,Fall Creek,1930,9147,2003,142,91,25,Sold,,,http://www.redfin.com/IN/Fishers/12682-E-131st-St-46037/home/82371250,MIBOR,21511800,N,Y,39.9802533,-85.9387385
PAST SALE,October-26-2017,Single Family Residential,11750 Gatwick View Dr,Fishers,IN,46037,273500,4,3.5,Fall Creek,3472,13939,2000,140,79,27,Sold,,,http://www.redfin.com/IN/Fishers/11750-Gatwick-View-Dr-46037/home/82373784,MIBOR,21511449,N,Y,39.9602604,-85.9076323
PAST SALE,November-10-2017,Single Family Residential,12426 Duval Dr,Fishers,IN,46037,417000,4,3.5,Fall Creek,4452,11761,2007,125,94,42,Sold,,,http://www.redfin.com/IN/Fishers/12426-Duval-Dr-46037/home/60013858,MIBOR,21509884,N,Y,39.9699222,-85.9284384
PAST SALE,September-20-2017,Single Family Residential,12891 Bardolino Dr,Fishers,IN,46037,229500,2,2,Fall Creek,1630,5662,2011,176,141,201,Sold,,,http://www.redfin.com/IN/Fishers/12891-Bardolino-Dr-46037/home/60143484,MIBOR,21474611,N,Y,39.9758818,-85.8715116
PAST SALE,November-9-2017,Single Family Residential,11034 Sawgrass Dr,Fishers,IN,46037,284000,4,3.5,Fall Creek,3436,20908,1998,126,83,38,Sold,,,http://www.redfin.com/IN/Fishers/11034-Sawgrass-Dr-46037/home/60091841,MIBOR,21506468,N,Y,39.9454878,-85.9697472
PAST SALE,November-10-2017,Single Family Residential,12036 Bodley Pl,Fishers,IN,46037,335000,4,2.5,Fall Creek,4152,11761,2006,125,81,57,Sold,,,http://www.redfin.com/IN/Fishers/12036-Bodley-Pl-46037/home/82373234,MIBOR,21484858,N,Y,39.9714768,-85.9511509
PAST SALE,November-6-2017,Single Family Residential,15895 Lambrusco Way,Fishers,IN,46037,225000,2,2,Fall Creek,1522,4791,2011,129,148,196,Sold,,,http://www.redfin.com/IN/Fishers/15895-Lambrusco-Way-46037/home/107131936,MIBOR,21503510,N,Y,39.9739415,-85.8783261
PAST SALE,October-27-2017,Single Family Residential,9660 Wandering Woods Ct,Fishers,IN,46037,512643,4,3.5,Delaware,4597,17859,2017,139,112,135,Sold,,,http://www.redfin.com/IN/Fishers/9660-Wandering-Woods-Ct-46037/home/143726897,MIBOR,21511926,N,Y,39.9293405,-85.9992483
PAST SALE,December-22-2017,Single Family Residential,12446 Clover Hill Trce,Fishers,IN,46037,550000,4,4.5,Fall Creek,6033,14374,2016,83,91,71,Sold,,,http://www.redfin.com/IN/Fishers/12446-Clover-Hill-Trce-46037/home/109082103,MIBOR,21448600,N,Y,39.9702017,-85.9044158
PAST SALE,December-29-2017,Single Family Residential,12581 Brookfield Dr,Fishers,IN,46037,217500,3,2.5,Fall Creek,2259,10454,2002,76,96,25,Sold,,,http://www.redfin.com/IN/Fishers/12581-Brookhaven-Dr-46037/home/66965119,MIBOR,21523368,N,Y,39.9774844,-85.9408541
PAST SALE,February-19-2018,Single Family Residential,14145 Princewood Dr,Fishers,IN,46037,225000,4,2.5,Fall Creek,2568,7840,1999,24,88,33,Sold,,,http://www.redfin.com/IN/Fishers/14145-Princewood-Dr-46037/home/66863318,MIBOR,21525028,N,Y,39.962556,-85.9125451
PAST SALE,February-16-2018,Single Family Residential,10263 Parkway Dr,Fishers,IN,46037,384000,4,2.5,Fall Creek,4088,13939,1995,27,94,42,Sold,,,http://www.redfin.com/IN/Fishers/10263-Parkway-Dr-46037/home/82381633,MIBOR,21523055,N,Y,39.9367284,-85.9893111
PAST SALE,February-23-2018,Single Family Residential,11694 Palisades Ct,Fishers,IN,46037,225000,3,2.5,Fall Creek,1981,8712,2004,20,114,33,Sold,,,http://www.redfin.com/IN/Fishers/11694-Palisades-Ct-46037/home/82373768,MIBOR,21527844,N,Y,39.9587814,-85.9122655
PAST SALE,December-28-2017,Single Family Residential,14009 Avalon East Dr,Fishers,IN,46037,236000,3,2.5,Fall Creek,2668,8276,2004,77,88,48,Sold,,,http://www.redfin.com/IN/Fishers/14009-E-Avalon-Dr-46037/home/60066211,MIBOR,21525257,N,Y,39.9739573,-85.9133438
PAST SALE,January-11-2018,Single Family Residential,13271 Hockley Dr,Fishers,IN,46037,329000,3,2.5,Fall Creek,2455,,2014,63,134,67,Sold,,,http://www.redfin.com/IN/Fishers/13271-Hockley-Dr-46037/home/60142894,MIBOR,21496298,N,Y,39.9800803,-85.9104083
PAST SALE,February-26-2018,Single Family Residential,12230 Sweet Creek Trl,Fishers,IN,46037,199900,3,2.5,Fall Creek,2082,7405,2001,17,96,32,Sold,,,http://www.redfin.com/IN/Fishers/12230-Sweet-Creek-Trl-46037/home/82373032,MIBOR,21544770,N,Y,39.9665777,-85.9749722
PAST SALE,February-26-2018,Single Family Residential,10794 Brixton Ln,Fishers,IN,46037,239000,4,2.5,Fall Creek,2331,10454,1996,17,103,36,Sold,,,http://www.redfin.com/IN/Fishers/10794-Brixton-Ln-46037/home/67005860,MIBOR,21518882,N,Y,39.9515199,-85.9785224
PAST SALE,February-26-2018,Single Family Residential,11295 Long Sotton Ln,Fishers,IN,46037,368000,5,4,Fall Creek,4373,24393,2009,17,84,53,Sold,,,http://www.redfin.com/IN/Fishers/11295-Long-Sotton-Ln-46037/home/60086166,MIBOR,21528096,N,Y,39.9685973,-85.9654381
PAST SALE,February-26-2018,Single Family Residential,12261 Running Springs Rd,Fishers,IN,46037,166000,3,2,Fall Creek,1415,5662,2002,17,117,32,Sold,,,http://www.redfin.com/IN/Fishers/12261-Running-Springs-Rd-46037/home/60042339,MIBOR,21544309,N,Y,39.9671659,-85.9734563
PAST SALE,February-28-2018,Single Family Residential,14516 Chapelwood Ln,Fishers,IN,46037,232900,4,2.5,Fall Creek,1948,6969,2002,15,120,30,Sold,,,http://www.redfin.com/IN/Fishers/14516-Chapelwood-Ln-46037/home/60164050,MIBOR,21541485,N,Y,39.9650922,-85.9049561
PAST SALE,March-8-2018,Single Family Residential,10515 Collingswood Ln,Fishers,IN,46037,235000,5,3,Fall Creek,2468,26136,1978,7,95,,Sold,,,http://www.redfin.com/IN/Fishers/10515-Collingswood-Rd-46037/home/60053255,MIBOR,21529982,N,Y,39.9402591,-85.9842261
PAST SALE,March-9-2018,Single Family Residential,12080 Landover Ln,Fishers,IN,46037,1100000,5,5,Fall Creek,9697,52272,1998,6,113,155,Sold,,,http://www.redfin.com/IN/Fishers/12080-Landover-Ln-46037/home/59994414,MIBOR,21479619,N,Y,39.9410621,-85.9502139
PAST SALE,March-7-2018,Single Family Residential,9756 Scotch Pine Ct,Fishers,IN,46037,325000,5,2,Delaware,3692,13107,1995,8,88,21,Sold,,,http://www.redfin.com/IN/Fishers/9756-Scotch-Pine-Ct-46037/home/82381114,MIBOR,21542728,N,Y,39.942334,-85.9961708
PAST SALE,March-9-2018,Single Family Residential,12231 Wheathill Pass,Fishers,IN,46037,410500,4,2.5,Fall Creek,4882,16552,2012,6,84,53,Sold,,,http://www.redfin.com/IN/Fishers/12231-Wheathill-Pass-46037/home/107108974,MIBOR,21539539,N,Y,39.9663774,-85.959971
PAST SALE,January-3-2018,Single Family Residential,12910 Venito Trl,Fishers,IN,46037,240000,2,2,Fall Creek,1655,5662,2008,71,145,201,Sold,,,http://www.redfin.com/IN/Fishers/12910-Venito-Trl-46037/home/66882968,MIBOR,21514698,N,Y,39.9762235,-85.8794451
PAST SALE,January-26-2018,Single Family Residential,10501 Sand Creek Blvd,Fishers,IN,46037,207900,3,2.5,Fall Creek,2229,7405,2001,48,93,28,Sold,,,http://www.redfin.com/IN/Fishers/10501-Sand-Creek-Blvd-46037/home/67101629,MIBOR,21528071,N,Y,39.9616112,-85.9819128
PAST SALE,January-16-2018,Single Family Residential,12942 Bartlett Dr,Fishers,IN,46037,294500,4,3.5,Fall Creek,4650,10454,2007,58,63,45,Sold,,,http://www.redfin.com/IN/Fishers/12942-Bartlett-Dr-46037/home/82371410,MIBOR,21527122,N,Y,39.977427,-85.9317721
PAST SALE,January-29-2018,Single Family Residential,10837 Treasure Trl,Fishers,IN,46037,175000,4,2,Fall Creek,1588,5662,2001,45,110,32,Sold,,,http://www.redfin.com/IN/Fishers/10837-Treasure-Trl-46037/home/60122379,MIBOR,21524573,N,Y,39.9656675,-85.9729776
PAST SALE,January-22-2018,Single Family Residential,14459 Stanley Ter,Fishers,IN,46037,282500,4,3.5,Fall Creek,3584,9147,2003,52,79,25,Sold,,,http://www.redfin.com/IN/Fishers/14459-Stanley-Ter-46037/home/60161730,MIBOR,21526949,N,Y,39.9625727,-85.9061944
PAST SALE,January-30-2018,Single Family Residential,10454 Collingswood Ln,Fishers,IN,46037,249000,4,2.5,Fall Creek,2292,23522,1980,44,109,,Sold,,,http://www.redfin.com/IN/Fishers/10454-Collingswood-Rd-46037/home/59993570,MIBOR,21529344,N,Y,39.9396829,-85.984944
PAST SALE,January-3-2018,Single Family Residential,10175 Lothbury Cir,Fishers,IN,46038,190000,3,2.5,Fall Creek,2358,5662,1998,71,81,25,Sold,,,http://www.redfin.com/IN/Fishers/10175-Lothbury-Cir-46037/home/60049449,MIBOR,21501161,N,Y,39.9363106,-85.9501141
PAST SALE,March-2-2018,Single Family Residential,16266 Remington Dr,Fishers,IN,46037,610000,4,4.5,Fall Creek,6986,66211,2003,13,87,78,Sold,,,http://www.redfin.com/IN/Fishers/16266-Remington-Dr-46037/home/60118544,MIBOR,21522466,N,Y,39.9863111,-85.874889
PAST SALE,December-29-2017,Single Family Residential,13018 Merlot Ln,Fishers,IN,46037,286000,3,2,Fall Creek,1961,6534,2007,76,146,201,Sold,,,http://www.redfin.com/IN/Fishers/13018-Merlot-Ln-46037/home/82373991,MIBOR,21525117,N,Y,39.9780304,-85.8790255
PAST SALE,December-22-2017,Single Family Residential,11650 Darsley Dr,Fishers,IN,46037,405000,5,4.5,Fall Creek,4683,21780,2007,83,86,42,Sold,,,http://www.redfin.com/IN/Fishers/11650-Darsley-Dr-46037/home/60052722,MIBOR,21523261,N,Y,39.9582882,-85.9341675
PAST SALE,March-6-2018,Single Family Residential,12773 Broncos Dr,Fishers,IN,46037,251000,4,2.5,Fall Creek,2926,10454,2001,9,86,43,Sold,,,http://www.redfin.com/IN/Fishers/12773-Broncos-Dr-46037/home/60129268,MIBOR,21545130,N,Y,39.9748549,-85.9481186
PAST SALE,March-6-2018,Single Family Residential,13230 All American Rd,Fishers,IN,46037,222900,3,2.5,Fall Creek,2869,5662,2003,9,78,23,Sold,,,http://www.redfin.com/IN/Fishers/13230-All-American-Rd-46037/home/60089082,MIBOR,21542813,N,Y,39.9815532,-85.936982
PAST SALE,February-22-2018,Single Family Residential,13385 Dennison Dr E,Fishers,IN,46037,390000,4,2.5,Fall Creek,4614,17424,2014,21,85,53,Sold,,,http://www.redfin.com/IN/Fishers/13385-Dennison-Dr-46037/home/109537625,MIBOR,21523469,N,Y,39.9833273,-85.8946293
PAST SALE,March-7-2018,Single Family Residential,10119 Bent Tree Ln,Fishers,IN,46037,359900,4,3.5,Fall Creek,3730,12632,1995,8,96,42,Sold,,,http://www.redfin.com/IN/Fishers/10119-Bent-Tree-Ln-46037/home/82382145,MIBOR,21523919,N,Y,39.9343491,-85.9882941
PAST SALE,January-31-2018,Single Family Residential,9306 Maryland Ct,Fishers,IN,46038,185000,3,2.5,Delaware,1438,8712,1994,43,129,17,Sold,,,http://www.redfin.com/IN/Fishers/9306-Maryland-Ct-46037/home/67042055,MIBOR,21527721,N,Y,39.945287,-86.001024
PAST SALE,January-31-2018,Single Family Residential,11109 Crystal Falls Ln,Fishers,IN,46037,260000,4,2.5,Delaware,2832,13068,1999,43,92,42,Sold,,,http://www.redfin.com/IN/Fishers/11109-Crystal-Falls-Ln-46037/home/60091640,MIBOR,21522697,N,Y,39.9500371,-85.9970672
PAST SALE,November-7-2017,Single Family Residential,13310 Heroic Way,Fishers,IN,46037,203000,4,2.5,Fall Creek,2840,6098,2004,128,71,28,Sold,,,http://www.redfin.com/IN/Fishers/13310-Heroic-Way-46037/home/82371623,MIBOR,21511029,N,Y,39.9830745,-85.940415
PAST SALE,September-20-2017,Single Family Residential,13012 Duval Dr,Fishers,IN,46037,337000,2,3,Fall Creek,4398,9147,2002,176,77,185,Sold,,,http://www.redfin.com/IN/Fishers/13012-Duval-Dr-46037/home/66961693,MIBOR,21511196,N,Y,39.9651423,-85.9337483
PAST SALE,October-16-2017,Single Family Residential,13331 All American Dr,Fishers,IN,46037,138000,3,2.5,Fall Creek,1764,3484,2003,150,78,27,Sold,,,http://www.redfin.com/IN/Fishers/13331-All-American-Rd-46037/home/82371337,MIBOR,21512245,N,Y,39.9830882,-85.9365129
PAST SALE,November-27-2017,Single Family Residential,12717 Pavestone Ct,Fishers,IN,46037,225000,3,2.5,Fall Creek,1913,12196,2000,108,118,23,Sold,,,http://www.redfin.com/IN/Fishers/12717-Pavestone-Ct-46037/home/82380359,MIBOR,21522133,N,Y,39.9541819,-85.9381596
PAST SALE,October-2-2017,Single Family Residential,10283 Lauren Pass,Fishers,IN,46037,210000,3,2.5,Fall Creek,1732,6969,1993,164,121,42,Sold,,,http://www.redfin.com/IN/Fishers/10283-Lauren-Pass-46037/home/82381729,MIBOR,21507049,N,Y,39.9284518,-85.9857816
PAST SALE,September-26-2017,Single Family Residential,11023 Treyburn Dr,Fishers,IN,46037,355000,3,3,Fall Creek,3897,10018,1998,170,91,42,Sold,,,http://www.redfin.com/IN/Fishers/11023-Treyburn-Dr-46037/home/82382321,MIBOR,21506826,N,Y,39.9390671,-85.9712024
PAST SALE,November-21-2017,Single Family Residential,12812 Anthem Ave,Fishers,IN,46037,148000,3,2,Fall Creek,1480,4791,2003,114,100,23,Sold,,,http://www.redfin.com/IN/Fishers/12812-Anthem-Ave-46037/home/60000379,MIBOR,21519307,N,Y,39.9859887,-85.9361636
PAST SALE,November-29-2017,Single Family Residential,10281 Cheswick Ln,Fishers,IN,46037,183500,2,2.5,Fall Creek,1468,8712,1996,106,125,42,Sold,,,http://www.redfin.com/IN/Fishers/10281-Cheswick-Ln-46037/home/60009568,MIBOR,21520539,N,Y,39.9362553,-85.9796791
PAST SALE,November-21-2017,Single Family Residential,10865 Washington Bay Dr,Fishers,IN,46037,168000,3,2,Delaware,1332,5662,1993,114,126,15,Sold,,,http://www.redfin.com/IN/Fishers/10865-Washington-Bay-Dr-46037/home/60044810,MIBOR,21511588,N,Y,39.9455929,-86.0029682
PAST SALE,November-17-2017,Single Family Residential,10704 E 106th St,Fishers,IN,46037,297000,3,3.5,Fall Creek,3077,35719,1986,118,97,,Sold,,,http://www.redfin.com/IN/Fishers/10704-E-106th-St-46037/home/60045777,MIBOR,21502373,N,Y,39.9419015,-85.9781335
PAST SALE,October-27-2017,Single Family Residential,12609 Valhalla Ln,Fishers,IN,46037,323000,5,2.5,Fall Creek,4448,11761,2003,139,73,42,Sold,,,http://www.redfin.com/IN/Fishers/12609-Valhalla-Ln-46037/home/60085278,MIBOR,21492703,N,Y,39.965429,-85.9396557
PAST SALE,November-28-2017,Single Family Residential,10672 Kyle Ct,Fishers,IN,46037,172000,3,2,Delaware,1316,7405,1998,107,131,23,Sold,,,http://www.redfin.com/IN/Fishers/10672-Kyle-Ct-46037/home/60096130,MIBOR,21519848,N,Y,39.9428036,-86.006064
PAST SALE,November-17-2017,Single Family Residential,9006 Bryce Way,Fishers,IN,46037,172000,3,2,Delaware,1272,6599,1998,118,135,23,Sold,,,http://www.redfin.com/IN/Fishers/9006-Bryce-Way-46037/home/60132444,MIBOR,21519316,N,Y,39.943474,-86.0065962
PAST SALE,November-8-2017,Single Family Residential,11435 Spyglass Ridge Dr,Fishers,IN,46037,315000,4,2.5,Fall Creek,2665,10890,1992,127,118,40,Sold,,,http://www.redfin.com/IN/Fishers/11435-Spyglass-Ridge-Dr-46037/home/60143204,MIBOR,21511697,N,Y,39.9544522,-85.9845452
PAST SALE,November-2-2017,Single Family Residential,10774 Brixton Ln,Fishers,IN,46037,285000,4,2.5,Fall Creek,3489,12196,1997,133,82,38,Sold,,,http://www.redfin.com/IN/Fishers/10774-Brixton-Ln-46037/home/66809173,MIBOR,21504392,N,Y,39.951368,-85.9787617
PAST SALE,October-23-2017,Single Family Residential,10767 Burning Ridge Ln,Fishers,IN,46037,470000,4,3.5,Fall Creek,4517,20037,1995,143,104,39,Sold,,,http://www.redfin.com/IN/Fishers/10767-Burning-Ridge-Ln-46037/home/66978169,MIBOR,21500342,N,Y,39.9441618,-85.9864396
PAST SALE,November-22-2017,Single Family Residential,11664 Wedgeport Ln,Fishers,IN,46037,253800,4,2.5,Fall Creek,2698,13939,2003,113,94,54,Sold,,,http://www.redfin.com/IN/Fishers/11664-Wedgeport-Ln-46037/home/66980166,MIBOR,21517271,N,Y,39.9594975,-85.9556214
PAST SALE,November-10-2017,Single Family Residential,12828 Courage,Fishers,IN,46037,111000,3,2,Fall Creek,1385,3920,2003,125,80,21,Sold,,,http://www.redfin.com/IN/Fishers/12828-Courage-Xing-46037/home/66987726,MIBOR,21511675,N,Y,39.9823591,-85.935984
PAST SALE,October-27-2017,Single Family Residential,13152 Duval Dr,Fishers,IN,46037,422000,4,3,Fall Creek,4412,10018,2003,139,96,185,Sold,,,http://www.redfin.com/IN/Fishers/13152-Duval-Dr-46037/home/66987485,MIBOR,21506095,N,Y,39.9672448,-85.9320316
PAST SALE,November-21-2017,Single Family Residential,12662 Courage,Fishers,IN,46037,145000,3,2.5,Fall Creek,2366,3484,2002,114,61,28,Sold,,,http://www.redfin.com/IN/Fishers/12662-Courage-Xing-46037/home/67081958,MIBOR,21493635,N,Y,39.9817031,-85.938978
PAST SALE,September-29-2017,Single Family Residential,10871 Roundtree Rd,Fishers,IN,46037,165000,3,2,Fall Creek,1424,9147,2000,167,116,33,Sold,,,http://www.redfin.com/IN/Fishers/10871-Roundtree-Rd-46037/home/67100548,MIBOR,21513093,N,Y,39.9649093,-85.9724789
PAST SALE,November-21-2017,Single Family Residential,13366 Allegiance Dr,Fishers,IN,46037,157900,3,2.5,Fall Creek,2400,3920,2003,114,66,28,Sold,,,http://www.redfin.com/IN/Fishers/13366-Allegiance-Dr-46037/home/67104868,MIBOR,21494876,N,Y,39.9835295,-85.93615
PAST SALE,October-2-2017,Single Family Residential,12984 Star Dr,Fishers,IN,46037,188000,3,2.5,Fall Creek,3034,9583,2003,164,62,20,Sold,,,http://www.redfin.com/IN/Fishers/12984-Star-Cir-46037/home/67111948,MIBOR,21503216,N,Y,39.9801644,-85.933908
PAST SALE,October-18-2017,Single Family Residential,10805 Washington Bay,Fishers,IN,46037,143000,3,2,Delaware,1205,4791,1993,148,119,17,Sold,,,http://www.redfin.com/IN/Fishers/10805-Washington-Bay-Dr-46037/home/67099826,MIBOR,21516930,N,Y,39.9443466,-86.0034267
PAST SALE,September-20-2017,Single Family Residential,12821 Courage,Fishers,IN,46037,130000,3,2,Fall Creek,1273,3920,2003,176,102,21,Sold,,,http://www.redfin.com/IN/Fishers/12821-Courage-Xing-46037/home/60116105,MIBOR,21506079,N,Y,39.9819629,-85.9361037
PAST SALE,September-22-2017,Single Family Residential,13260 Heroic Way,Fishers,IN,46037,181000,3,2.5,Fall Creek,2473,6098,2004,174,73,23,Sold,,,http://www.redfin.com/IN/Fishers/13260-Heroic-Way-46037/home/60124387,MIBOR,21505899,N,Y,39.9823523,-85.9403751
PAST SALE,September-21-2017,Single Family Residential,11102 Fairway Ridge Ln,Fishers,IN,46037,249000,5,2.5,Fall Creek,3164,14374,1994,175,79,,Sold,,,http://www.redfin.com/IN/Fishers/11102-Fairway-Ridge-Ln-46037/home/67047506,MIBOR,21490875,N,Y,39.9491853,-85.9712622
PAST SALE,November-22-2017,Single Family Residential,12797 Rotterdam Rd,Fishers,IN,46037,266000,4,3,Fall Creek,3035,7405,2011,113,88,48,Sold,,,http://www.redfin.com/IN/Fishers/12797-Rotterdam-Rd-46037/home/60108961,MIBOR,21510048,N,Y,39.9745339,-85.9081116
PAST SALE,October-23-2017,Single Family Residential,14056 Avalon East Dr,Fishers,IN,46037,269000,4,3.5,Fall Creek,3574,7840,2005,143,75,48,Sold,,,http://www.redfin.com/IN/Fishers/14056-E-Avalon-Dr-46037/home/82371190,MIBOR,21484526,N,Y,39.973894,-85.9115466
PAST SALE,November-28-2017,Single Family Residential,12250 Wolverton Way,Fishers,IN,46037,339900,5,3.5,Fall Creek,4733,10454,2006,107,72,38,Sold,,,http://www.redfin.com/IN/Fishers/12250-Wolverton-Way-46037/home/82373977,MIBOR,21497160,N,Y,39.9671629,-85.9080318
PAST SALE,November-13-2017,Single Family Residential,12433 Harvest Glen Blvd,Fishers,IN,46037,450000,4,3.5,Fall Creek,5451,13068,2011,122,83,71,Sold,,,http://www.redfin.com/IN/Fishers/12433-Harvest-Glen-Blvd-46037/home/60100119,MIBOR,21496676,N,Y,39.969521,-85.9006566
PAST SALE,November-29-2017,Single Family Residential,12325 Bellingham Blvd,Fishers,IN,46037,290000,4,3,Fall Creek,4262,7405,2012,106,68,42,Sold,,,http://www.redfin.com/IN/Fishers/12325-Bellingham-Blvd-46037/home/60113719,MIBOR,21526768,N,Y,39.9685234,-85.9062942
PAST SALE,October-6-2017,Single Family Residential,12878 Walbeck Dr,Fishers,IN,46037,389900,5,3.5,Fall Creek,4682,11325,2007,160,83,48,Sold,,,http://www.redfin.com/IN/Fishers/12878-Walbeck-Dr-46037/home/60147041,MIBOR,21501817,N,Y,39.9774333,-85.9273803
PAST SALE,November-17-2017,Single Family Residential,12878 Rotterdam Rd,Fishers,IN,46037,271000,4,3,Fall Creek,3500,7840,2011,118,77,48,Sold,,,http://www.redfin.com/IN/Fishers/12878-Rotterdam-Rd-46037/home/107063971,MIBOR,21504709,N,Y,39.9756948,-85.90923
PAST SALE,October-25-2017,Single Family Residential,13853 Marble Arch Way,Fishers,IN,46037,282000,3,2,Fall Creek,3378,10890,2004,141,83,41,Sold,,,http://www.redfin.com/IN/Fishers/13853-Marble-Arch-Way-46037/home/107081997,MIBOR,21489124,N,Y,39.9780354,-85.9171578
PAST SALE,October-11-2017,Single Family Residential,12553 Bellingham Blvd,Fishers,IN,46037,369900,6,4.5,Fall Creek,5227,10890,2013,155,71,38,Sold,,,http://www.redfin.com/IN/Fishers/12553-Bellingham-Blvd-46037/home/107061810,MIBOR,21485320,N,Y,39.9718534,-85.9053356
PAST SALE,September-26-2017,Single Family Residential,12988 Minden Dr,Fishers,IN,46037,332000,4,2.5,Fall Creek,4302,9147,2013,170,77,48,Sold,,,http://www.redfin.com/IN/Fishers/12988-Minden-Dr-46037/home/107072287,MIBOR,21497168,N,Y,39.9791362,-85.9257033
PAST SALE,October-16-2017,Single Family Residential,13249 Landwood Dr,Fishers,IN,46037,359000,4,3.5,Fall Creek,4026,14374,1999,150,89,42,Sold,,,http://www.redfin.com/IN/Fishers/13249-Landwood-Dr-46037/home/73633638,MIBOR,21492480,N,Y,39.9617467,-85.9282786
PAST SALE,October-20-2017,Single Family Residential,10272 Sun Gold Ct,Fishers,IN,46037,138000,3,2,Fall Creek,1207,7840,1998,146,114,21,Sold,,,http://www.redfin.com/IN/Fishers/10272-Sun-Gold-Ct-46037/home/82372499,MIBOR,21505331,N,Y,39.9664517,-85.9852232
PAST SALE,October-13-2017,Single Family Residential,12383 Cool Winds Way,Fishers,IN,46037,223500,5,3,Fall Creek,3024,6534,2005,153,74,32,Sold,,,http://www.redfin.com/IN/Fishers/12383-Cool-Winds-Way-46037/home/60017037,MIBOR,21509442,N,Y,39.9691199,-85.9709031
PAST SALE,October-2-2017,Single Family Residential,12277 Brangton Dr,Fishers,IN,46037,187000,3,2.5,Fall Creek,3036,6534,1999,164,62,25,Sold,,,http://www.redfin.com/IN/Fishers/12277-Brangton-Dr-46037/home/60148723,MIBOR,21502643,N,Y,39.9360752,-85.9479589
PAST SALE,September-22-2017,Single Family Residential,14072 Southwood Cir,Fishers,IN,46038,184900,3,2.5,Fall Creek,1982,11325,2001,174,93,33,Sold,,,http://www.redfin.com/IN/Fishers/14072-Southwood-Cir-46037/home/66946900,MIBOR,21503552,N,Y,39.9641158,-85.9136234
PAST SALE,October-25-2017,Single Family Residential,12958 Vine Tree Trl,Fishers,IN,46037,320936,2,2,Fall Creek,1522,4791,2011,141,211,196,Sold,,,http://www.redfin.com/IN/Fishers/12958-Vine-Tree-Trl-46037/home/144670605,MIBOR,21540376,N,Y,39.9616798,-85.9406745
PAST SALE,November-9-2017,Single Family Residential,10132 Cheswick Ln,Fishers,IN,46038,256000,3,2,Fall Creek,2035,9583,1999,126,126,42,Sold,,,http://www.redfin.com/IN/Fishers/10132-Cheswick-Ln-46037/home/66962846,MIBOR,21520061,N,Y,39.9337102,-85.9790808
PAST SALE,October-25-2017,Single Family Residential,11733 Whisperwood Way,Fishers,IN,46037,185000,3,2.5,Fall Creek,1613,,2017,141,115,160,Sold,,,http://www.redfin.com/IN/Fishers/11733-Whisperwood-Way-46037/home/60169903,MIBOR,21448837,N,Y,39.9753068,-85.9585622
PAST SALE,October-24-2017,Single Family Residential,12211 Running Springs Rd,Fishers,IN,46037,158000,3,2,Fall Creek,1444,6969,2001,142,109,32,Sold,,,http://www.redfin.com/IN/Fishers/12211-Running-Springs-Rd-46037/home/82372997,MIBOR,21507403,N,Y,39.9663912,-85.9730574
PAST SALE,October-13-2017,Single Family Residential,11799 Langham Crescent Ct,Fishers,IN,46037,295000,3,3.5,Fall Creek,3180,10454,2000,153,93,27,Sold,,,http://www.redfin.com/IN/Fishers/11799-Langham-Crescent-Ct-46037/home/82374071,MIBOR,21503002,N,Y,39.9608211,-85.9076323
PAST SALE,October-18-2017,Single Family Residential,10113 Quaker Ridge Ct,Fishers,IN,46037,295000,3,3.5,Fall Creek,2850,13068,1999,148,104,27,Sold,,,http://www.redfin.com/IN/Fishers/10113-Quaker-Ridge-Ct-46037/home/82380572,MIBOR,21510514,N,Y,39.941835,-85.988673
PAST SALE,October-31-2017,Single Family Residential,12839 Claret Ct,Fishers,IN,46037,270000,2,2,Fall Creek,1688,9583,2015,135,160,196,Sold,,,http://www.redfin.com/IN/Fishers/12839-Claret-Ct-46037/home/102085148,MIBOR,21506584,N,Y,39.9752254,-85.8725858
PAST SALE,October-13-2017,Single Family Residential,9807 Gulfstream Ct,Fishers,IN,46037,573500,4,3.5,Fall Creek,3460,26136,1987,153,166,38,Sold,,,http://www.redfin.com/IN/Fishers/9807-Gulfstream-Ct-46037/home/60000273,MIBOR,21504809,N,Y,39.9365672,-85.9589235
PAST SALE,October-31-2017,Single Family Residential,12520 Hoosier Rd,Fishers,IN,46037,565000,3,2.5,Fall Creek,3173,170319,1987,135,178,,Sold,,,http://www.redfin.com/IN/Fishers/12520-Hoosier-Rd-46037/home/60025806,MIBOR,21489019,N,Y,39.971348,-85.9635621
PAST SALE,November-10-2017,Single Family Residential,12274 Wolverton Way,Fishers,IN,46037,365500,6,5,Fall Creek,5220,7840,2006,125,70,38,Sold,,,http://www.redfin.com/IN/Fishers/12274-Wolverton-Way-46037/home/60105098,MIBOR,21496233,N,Y,39.9674872,-85.908277
PAST SALE,November-3-2017,Single Family Residential,11416 Falling Water Way,Fishers,IN,46037,305000,4,3,Fall Creek,3859,10018,2000,132,79,33,Sold,,,http://www.redfin.com/IN/Fishers/11416-Falling-Water-Way-46037/home/60104424,MIBOR,21514773,N,Y,39.9543065,-85.9907667
PAST SALE,October-26-2017,Single Family Residential,12849 Ari Ln,Fishers,IN,46037,251000,4,2.5,Fall Creek,3328,7405,2005,140,75,48,Sold,,,http://www.redfin.com/IN/Fishers/12849-Ari-Ln-46037/home/60109084,MIBOR,21500270,N,Y,39.9762685,-85.9130243
PAST SALE,November-10-2017,Single Family Residential,11749 Belle Plaine Blvd,Fishers,IN,46037,358000,3,2.5,Fall Creek,5236,12632,2001,125,68,54,Sold,,,http://www.redfin.com/IN/Fishers/11749-Belle-Plaine-Blvd-46037/home/60331769,MIBOR,21479666,N,Y,39.9590863,-85.9685693
PAST SALE,October-27-2017,Single Family Residential,12429 Westmorland Dr,Fishers,IN,46037,367500,5,3.5,Fall Creek,4384,11761,2007,139,84,53,Sold,,,http://www.redfin.com/IN/Fishers/12429-Westmorland-Dr-46037/home/67103499,MIBOR,21500363,N,Y,39.9693642,-85.9583349
PAST SALE,October-10-2017,Single Family Residential,14704 Whispering Breeze Dr,Fishers,IN,46037,500000,5,3.5,Fall Creek,5275,15245,2011,156,95,71,Sold,,,http://www.redfin.com/IN/Fishers/14704-Whispering-Breeze-Dr-46037/home/107128512,MIBOR,21493790,N,Y,39.969796,-85.9015008
PAST SALE,December-4-2017,Single Family Residential,9645 Overcrest Dr,Fishers,IN,46037,178000,3,2,Delaware,1340,8712,1994,101,133,16,Sold,,,http://www.redfin.com/IN/Fishers/9645-Overcrest-Dr-46037/home/60019045,MIBOR,21512911,N,Y,39.940493,-85.9991406
PAST SALE,December-12-2017,Single Family Residential,12402 Cirrus Dr,Fishers,IN,46037,385000,4,4,Fall Creek,4972,14374,2005,93,77,42,Sold,,,http://www.redfin.com/IN/Fishers/12402-Cirrus-Dr-46037/home/67028914,MIBOR,21514605,N,Y,39.9685589,-85.9341077
PAST SALE,October-6-2017,Single Family Residential,11681 Palisades Ct,Fishers,IN,46037,311000,4,3,Fall Creek,4584,9583,2003,160,68,33,Sold,,,http://www.redfin.com/IN/Fishers/11681-Palisades-Ct-46037/home/82373455,MIBOR,21497696,N,Y,39.9586995,-85.9116464
PAST SALE,October-6-2017,Single Family Residential,13973 Royalwood Dr,Fishers,IN,46037,260000,4,2.5,Fall Creek,3528,12196,2000,160,74,33,Sold,,,http://www.redfin.com/IN/Fishers/13973-Royalwood-Dr-46037/home/60056557,MIBOR,21504383,N,Y,39.9599393,-85.9155803
PAST SALE,October-5-2017,Single Family Residential,12692 Endurance Dr,Fishers,IN,46037,151000,3,2.5,Fall Creek,2184,3484,2002,161,69,19,Sold,,,http://www.redfin.com/IN/Fishers/12692-Endurance-Dr-46037/home/60081861,MIBOR,21504579,N,Y,39.9826859,-85.938459
PAST SALE,October-6-2017,Single Family Residential,12887 Pennington Rd,Fishers,IN,46037,359000,4,2.5,Fall Creek,3961,12196,2011,160,91,48,Sold,,,http://www.redfin.com/IN/Fishers/12887-Pennington-Rd-46037/home/60106505,MIBOR,21505336,N,Y,39.9773921,-85.9279193
PAST SALE,October-6-2017,Single Family Residential,11313 Governors Ln,Fishers,IN,46037,521900,5,5,Fall Creek,5771,16552,2000,160,90,42,Sold,,,http://www.redfin.com/IN/Fishers/11313-Governors-Ln-46037/home/67030090,MIBOR,21493482,N,Y,39.9391689,-85.9654773
PAST SALE,December-14-2017,Single Family Residential,14601 Crystal Rock Ct,Fishers,IN,46037,523456,5,4.5,Fall Creek,6220,13939,2017,91,84,71,Sold,,,http://www.redfin.com/IN/Fishers/14601-Crystal-Rock-Ct-46037/home/144480330,MIBOR,21528617,N,Y,39.965997,-85.9028567
PAST SALE,December-20-2017,Single Family Residential,13570 Eastpark Cir E,Fishers,IN,46037,276000,3,2.5,Fall Creek,2426,10018,2016,85,114,60,Sold,,,http://www.redfin.com/IN/Fishers/13570-Eastpark-Cir-E-46037/home/132236497,MIBOR,21522560,N,Y,39.986321,-85.8856414
PAST SALE,December-19-2017,Single Family Residential,14124 Highbury Pl,Fishers,IN,46037,274000,4,3.5,Fall Creek,3386,11325,2006,86,81,48,Sold,,,http://www.redfin.com/IN/Fishers/14124-Highbury-Pl-46037/home/67101179,MIBOR,21492361,N,Y,39.977594,-85.9108676
PAST SALE,November-14-2017,Single Family Residential,9602 Wandering Woods Ct,Fishers,IN,46037,520106,2,2.5,Delaware,4597,30927,2017,121,113,135,Sold,,,http://www.redfin.com/IN/Fishers/9602-Wandering-Woods-Ct-46037/home/143816137,MIBOR,21512298,N,Y,39.9293405,-85.9992483
PAST SALE,October-27-2017,Single Family Residential,12626 Broadmoor Ct N,Fishers,IN,46037,324900,3,2,Fall Creek,5012,8276,2006,139,65,132,Sold,,,http://www.redfin.com/IN/Fishers/12626-Broadmoor-Ct-N-46037/home/82373442,MIBOR,21491938,N,Y,39.9684077,-85.9395169
PAST SALE,October-27-2017,Single Family Residential,11110 Long Lake Ln,Fishers,IN,46037,207500,4,2.5,Fall Creek,2280,5662,2005,139,91,32,Sold,,,http://www.redfin.com/IN/Fishers/11110-Long-Lake-Ln-46037/home/82373084,MIBOR,21512764,N,Y,39.9688056,-85.9687183
PAST SALE,November-14-2017,Single Family Residential,11730 Gatwick View Dr,Fishers,IN,46037,275000,4,2.5,Fall Creek,3254,10454,2000,121,85,27,Sold,,,http://www.redfin.com/IN/Fishers/11730-Gatwick-View-Dr-46037/home/82373783,MIBOR,21480641,N,Y,39.9598641,-85.9077522
PAST SALE,November-14-2017,Single Family Residential,10664 Eric Ct,Fishers,IN,46037,190000,5,2.5,Delaware,1852,7405,1997,121,103,25,Sold,,,http://www.redfin.com/IN/Fishers/10664-Eric-Ct-46037/home/82381536,MIBOR,21510442,N,Y,39.9427795,-86.0070123
PAST SALE,September-29-2017,Single Family Residential,10855 Killington Cir,Fishers,IN,46037,245000,5,2.5,Fall Creek,2565,11412,1998,167,96,38,Sold,,,http://www.redfin.com/IN/Fishers/10855-Killington-Cir-46037/home/60124200,MIBOR,21489870,N,Y,39.9455757,-85.9734563
PAST SALE,September-26-2017,Single Family Residential,12680 Brookdale Dr,Fishers,IN,46037,250001,4,2.5,Fall Creek,3200,10890,2004,170,78,29,Sold,,,http://www.redfin.com/IN/Fishers/12680-Brookdale-Dr-46037/home/67003680,MIBOR,21513431,N,Y,39.9793408,-85.938978
PAST SALE,October-30-2017,Single Family Residential,11654 Kittery Dr,Fishers,IN,46037,344900,5,3.5,Fall Creek,4803,12196,2004,136,72,54,Sold,,,http://www.redfin.com/IN/Fishers/11654-Kittery-Dr-46037/home/67022924,MIBOR,21513639,N,Y,39.9583368,-85.9608289
PAST SALE,October-16-2017,Single Family Residential,12631 Brookdale Dr,Fishers,IN,46037,203900,4,3.5,Fall Creek,2872,10454,2004,150,71,21,Sold,,,http://www.redfin.com/IN/Fishers/12631-Brookdale-Dr-46037/home/67098053,MIBOR,21510632,N,Y,39.9788551,-85.9399759
PAST SALE,November-15-2017,Single Family Residential,15168 Lansbury Ln,Fishers,IN,46037,438590,4,2.5,Fall Creek,4818,16117,2017,120,91,,Sold,,,http://www.redfin.com/IN/Fishers/15168-Lansbury-Ln-46037/home/144352250,MIBOR,21525803,N,Y,39.9812723,-85.8934108
PAST SALE,November-21-2017,Single Family Residential,11977 Royalwood Dr,Fishers,IN,46037,184900,3,2,Fall Creek,1439,8276,2002,114,128,33,Sold,,,http://www.redfin.com/IN/Fishers/11977-Royalwood-Dr-46037/home/67051846,MIBOR,21516715,N,Y,39.9635126,-85.9095695
PAST SALE,November-30-2017,Single Family Residential,12373 Jaguars Dr,Fishers,IN,46037,228500,4,2.5,Fall Creek,2968,8712,2003,105,77,43,Sold,,,http://www.redfin.com/IN/Fishers/12373-Jaguars-Dr-46037/home/82371268,MIBOR,21519874,N,Y,39.9725453,-85.9450453
PAST SALE,November-30-2017,Single Family Residential,11038 Lucia Ct,Fishers,IN,46037,233000,4,2.5,Fall Creek,2737,10018,1998,105,85,37,Sold,,,http://www.redfin.com/IN/Fishers/11038-Lucia-Ct-46037/home/82380955,MIBOR,21507601,N,Y,39.9488523,-85.9697462
PAST SALE,November-28-2017,Single Family Residential,12820 Milton Rd,Fishers,IN,46037,217000,4,2.5,Fall Creek,1876,8276,2009,107,116,48,Sold,,,http://www.redfin.com/IN/Fishers/12820-Milton-Rd-46037/home/82383464,MIBOR,21510516,N,Y,39.974884,-85.907846
PAST SALE,December-7-2017,Single Family Residential,12284 Enmore Park,Fishers,IN,46037,373900,5,3.5,Fall Creek,4510,9583,2008,98,83,53,Sold,,,http://www.redfin.com/IN/Fishers/12284-Enmore-Park-46037/home/60038841,MIBOR,21510251,N,Y,39.9674072,-85.9573373
PAST SALE,November-16-2017,Single Family Residential,14168 Chapelwood Ln,Fishers,IN,46037,182500,4,2,Fall Creek,1766,9583,2000,119,103,33,Sold,,,http://www.redfin.com/IN/Fishers/14168-Chapelwood-Ln-46037/home/60042123,MIBOR,21523382,N,Y,39.9650566,-85.911906
PAST SALE,November-28-2017,Single Family Residential,11970 Driftstone Dr,Fishers,IN,46037,179000,3,2,Fall Creek,1406,8276,2000,107,127,21,Sold,,,http://www.redfin.com/IN/Fishers/11970-Driftstone-Dr-46037/home/60042281,MIBOR,21513837,N,Y,39.9626406,-85.9435285
PAST SALE,November-15-2017,Single Family Residential,11791 Moate Dr,Fishers,IN,46037,200000,4,2.5,Fall Creek,2190,8276,2003,120,91,33,Sold,,,http://www.redfin.com/IN/Fishers/11791-Moate-Dr-46037/home/60072009,MIBOR,21518707,N,Y,39.960382,-85.9122255
PAST SALE,November-30-2017,Single Family Residential,12116 Westmorland Dr,Fishers,IN,46037,345000,4,4.5,Fall Creek,4727,10454,2012,105,73,53,Sold,,,http://www.redfin.com/IN/Fishers/12116-Westmorland-Dr-46037/home/105434672,MIBOR,21513781,N,Y,39.9648429,-85.9584547
PAST SALE,December-8-2017,Single Family Residential,15985 Marsala Dr,Fishers,IN,46037,174950,2,2,Fall Creek,1316,4791,2007,97,133,196,Sold,,,http://www.redfin.com/IN/Fishers/15985-Marsala-Dr-46037/home/107069136,MIBOR,21496953,N,Y,39.9755543,-85.8769473
PAST SALE,October-5-2017,Single Family Residential,12162 Blue Springs Ln,Fishers,IN,46037,212500,3,2.5,Fall Creek,2268,6098,2000,161,94,21,Sold,,,http://www.redfin.com/IN/Fishers/12162-Blue-Springs-Ln-46037/home/60126887,MIBOR,21507832,N,Y,39.9654009,-85.9820524
PAST SALE,October-6-2017,Single Family Residential,11827 Wedgeport Ln,Fishers,IN,46037,311000,4,3.5,Fall Creek,3656,10454,2003,160,85,54,Sold,,,http://www.redfin.com/IN/Fishers/11827-Wedgeport-Ln-46037/home/60166149,MIBOR,21494516,N,Y,39.9603363,-85.9543843
PAST SALE,December-18-2017,Single Family Residential,11268 Becketts Ct,Fishers,IN,46037,316000,4,2.5,Fall Creek,3609,14810,1996,87,88,35,Sold,,,http://www.redfin.com/IN/Fishers/11268-Becketts-Ct-46037/home/82381293,MIBOR,21506758,N,Y,39.9517464,-85.980437
PAST SALE,November-27-2017,Single Family Residential,15144 Bentfield Ct,Fishers,IN,46037,369900,4,4,Fall Creek,4082,9583,2017,108,91,53,Sold,,,http://www.redfin.com/IN/Fishers/Bentfield-Ct-46037/home/143813226,MIBOR,21512829,N,Y,39.984002,-85.899857
PAST SALE,December-15-2017,Single Family Residential,13012 Bartlett Dr,Fishers,IN,46037,312000,5,3.5,Fall Creek,4628,10018,2008,90,67,45,Sold,,,http://www.redfin.com/IN/Fishers/13012-Bartlett-Dr-46037/home/82371446,MIBOR,21518423,N,Y,39.9786634,-85.9333491
PAST SALE,December-5-2017,Single Family Residential,12015 Limestone Dr,Fishers,IN,46037,246500,5,2.5,Fall Creek,2518,11761,1999,100,98,23,Sold,,,http://www.redfin.com/IN/Fishers/12015-Limestone-Dr-46037/home/82373174,MIBOR,21509762,N,Y,39.9632295,-85.9454843
PAST SALE,November-30-2017,Single Family Residential,12231 Doncaster Ct,Fishers,IN,46037,163000,3,2,Fall Creek,1858,7840,1998,105,88,30,Sold,,,http://www.redfin.com/IN/Fishers/12231-Doncaster-Ct-46037/home/82382338,MIBOR,21519846,N,Y,39.9391634,-85.9486174
PAST SALE,December-18-2017,Single Family Residential,12812 Broncos Dr,Fishers,IN,46037,269000,4,2.5,Fall Creek,3885,10454,2003,87,69,43,Sold,,,http://www.redfin.com/IN/Fishers/12812-Broncos-Dr-46037/home/60003701,MIBOR,21510808,N,Y,39.9752155,-85.9486973
PAST SALE,December-13-2017,Single Family Residential,12090 Ashland Dr,Fishers,IN,46037,305000,4,2.5,Fall Creek,3690,10454,2008,92,83,57,Sold,,,http://www.redfin.com/IN/Fishers/12090-Ashland-Dr-46037/home/60009803,MIBOR,21524871,N,Y,39.9713501,-85.9497948
PAST SALE,December-8-2017,Single Family Residential,10816 Turne Grv,Fishers,IN,46037,555000,4,4,Fall Creek,5752,19166,1995,97,96,139,Sold,,,http://www.redfin.com/IN/Fishers/10816-Turne-Grv-46037/home/60060170,MIBOR,21512780,N,Y,39.948225,-85.9448058
PAST SALE,December-11-2017,Single Family Residential,10181 Lauren Pass,Fishers,IN,46037,216000,3,2,Fall Creek,1721,7840,1995,94,126,42,Sold,,,http://www.redfin.com/IN/Fishers/10181-Lauren-Pass-46037/home/60068254,MIBOR,21520276,N,Y,39.9289739,-85.9875563
PAST SALE,December-1-2017,Single Family Residential,12502 Loudoun Pl,Fishers,IN,46037,390000,5,3.5,Fall Creek,4299,11325,2006,104,91,60,Sold,,,http://www.redfin.com/IN/Fishers/12502-Loudoun-Pl-46037/home/60071844,MIBOR,21492528,N,Y,39.970271,-85.9562
PAST SALE,December-19-2017,Single Family Residential,11672 Wedgeport Ln,Fishers,IN,46037,285000,4,2.5,Fall Creek,3192,10890,2002,86,89,54,Sold,,,http://www.redfin.com/IN/Fishers/11672-Wedgeport-Ln-46037/home/66974700,MIBOR,21509727,N,Y,39.9595292,-85.955382
PAST SALE,December-14-2017,Single Family Residential,12359 Gray Eagle Dr,Fishers,IN,46037,340000,4,3.5,Fall Creek,3793,11325,2004,91,90,42,Sold,,,http://www.redfin.com/IN/Fishers/12359-Gray-Eagle-Dr-46037/home/67012790,MIBOR,21506402,N,Y,39.9683463,-85.9308938
PAST SALE,September-21-2017,Single Family Residential,16019 Malbec St,Fishers,IN,46037,215000,3,2,Fall Creek,1483,4791,2015,175,145,196,Sold,,,http://www.redfin.com/IN/Fishers/16019-Malbec-St-46037/home/109537963,MIBOR,21503638,N,Y,39.9739473,-85.8760634
PAST SALE,September-22-2017,Single Family Residential,13481 Mosel Ct,Fishers,IN,46037,418698,2,2.5,Fall Creek,4542,,2017,174,92,,Sold,,,http://www.redfin.com/IN/Fishers/13481-Mosel-Ct-46037/home/144000817,MIBOR,21514415,N,Y,39.983994,-85.8674649
PAST SALE,November-30-2017,Single Family Residential,10390 Hillsborough Dr,Fishers,IN,46037,245000,4,2.5,Fall Creek,3082,8520,1995,105,79,29,Sold,,,http://www.redfin.com/IN/Fishers/10390-Hillsborough-Dr-46037/home/60083223,MIBOR,21503636,N,Y,39.9397922,-85.9823116
PAST SALE,November-28-2017,Single Family Residential,13316 Lieder Way,Fishers,IN,46037,312000,3,3.5,Fall Creek,2382,871,2017,107,131,133,Sold,,,http://www.redfin.com/IN/Fishers/13316-Lieder-Way-46037/home/110111506,MIBOR,21502045,N,Y,39.981368,-85.926757
PAST SALE,November-17-2017,Single Family Residential,14406 Chapelwood Ln,Fishers,IN,46037,259900,4,2.5,Fall Creek,3274,7666,2004,118,79,31,Sold,,,http://www.redfin.com/IN/Fishers/14406-Chapelwood-Ln-46037/home/67001166,MIBOR,21506367,N,Y,39.9650339,-85.9074065
PAST SALE,September-20-2017,Single Family Residential,12286 Sagamore Woods Dr,Fishers,IN,46037,214000,4,2.5,Fall Creek,2383,8276,2004,176,90,21,Sold,,,http://www.redfin.com/IN/Fishers/12286-Sagamore-Woods-Dr-46037/home/60162169,MIBOR,21505060,N,Y,39.9672754,-85.9720202
PAST SALE,October-10-2017,Single Family Residential,9674 Wandering Woods Ct,Fishers,IN,46037,498835,3,3.5,Delaware,4597,22651,2017,156,109,135,Sold,,,http://www.redfin.com/IN/Fishers/9674-Wandering-Woods-Ct-46037/home/143821041,MIBOR,21513178,N,Y,39.9293405,-85.9992483
PAST SALE,September-18-2017,Single Family Residential,11393 Spyglass Ridge Dr,Fishers,IN,46037,315000,4,3,Fall Creek,3060,13503,1994,178,103,35,Sold,,,http://www.redfin.com/IN/Fishers/11393-Spyglass-Ridge-Dr-46037/home/82380805,MIBOR,21503158,N,Y,39.9537878,-85.9844455
PAST SALE,October-5-2017,Single Family Residential,10184 Night Hawk Dr,Fishers,IN,46037,251500,5,2.5,Fall Creek,2683,9147,1996,161,94,20,Sold,,,http://www.redfin.com/IN/Fishers/10184-Night-Hawk-Dr-46037/home/60149531,MIBOR,21506184,N,Y,39.9354246,-85.9840466
PAST SALE,September-29-2017,Single Family Residential,10535 Greenway Dr,Fishers,IN,46037,265000,4,2.5,Fall Creek,2572,9583,1995,167,103,41,Sold,,,http://www.redfin.com/IN/Fishers/10535-Greenway-Dr-46037/home/67078211,MIBOR,21506391,N,Y,39.9340455,-85.985303
PAST SALE,October-27-2017,Single Family Residential,10915 Roundtree Rd,Fishers,IN,46037,183000,4,2,Fall Creek,1849,9147,2002,139,99,31,Sold,,,http://www.redfin.com/IN/Fishers/10915-Roundtree-Rd-46037/home/61445640,MIBOR,21501801,N,Y,39.9649479,-85.9718606
PAST SALE,September-29-2017,Single Family Residential,12799 Arista Ln,Fishers,IN,46037,238010,2,2,Fall Creek,1658,,2017,167,144,,Sold,,,http://www.redfin.com/IN/Fishers/12799-Arista-Ln-46037/home/144277987,MIBOR,21523931,N,Y,39.9616798,-85.9406745
PAST SALE,October-11-2017,Single Family Residential,10490 Blue Springs Ln,Fishers,IN,46037,158000,2,2,Fall Creek,1560,6534,1999,155,101,21,Sold,,,http://www.redfin.com/IN/Fishers/10490-Blue-Springs-Ln-46037/home/82372910,MIBOR,21495202,N,Y,39.9680995,-85.9813344
PAST SALE,September-22-2017,Single Family Residential,10402 Cedar Dr,Fishers,IN,46037,161000,3,2,Fall Creek,2988,6969,1998,174,54,29,Sold,,,http://www.redfin.com/IN/Fishers/10402-Cedar-Dr-46037/home/60048999,MIBOR,21485156,N,Y,39.9613225,-85.9839868
PAST SALE,October-13-2017,Single Family Residential,11299 Mud Creek Ct,Fishers,IN,46037,273000,3,2.5,Fall Creek,2376,11325,1995,153,115,36,Sold,,,http://www.redfin.com/IN/Fishers/11299-Mud-Creek-Ct-46037/home/82380722,MIBOR,21509368,N,Y,39.9522037,-85.9716611
PAST SALE,October-13-2017,Single Family Residential,10522 Chestnut Hill Cir,Fishers,IN,46037,400000,4,2.5,Fall Creek,3957,27878,1990,153,101,124,Sold,,,http://www.redfin.com/IN/Fishers/10522-Chestnut-Hill-Cir-46037/home/82382540,MIBOR,21502776,N,Y,39.9396596,-85.9565392
PAST SALE,September-29-2017,Single Family Residential,11692 Kittery Dr,Fishers,IN,46037,315000,5,3.5,Fall Creek,3762,12632,2004,167,84,54,Sold,,,http://www.redfin.com/IN/Fishers/11692-Kittery-Dr-46037/home/60133117,MIBOR,21493856,N,Y,39.9592013,-85.9597715
PAST SALE,September-29-2017,Single Family Residential,12681 E 131st St,Fishers,IN,46037,189000,3,2.5,Fall Creek,2388,7840,2002,167,79,25,Sold,,,http://www.redfin.com/IN/Fishers/12681-E-131st-St-46037/home/60141280,MIBOR,21506700,N,Y,39.9797337,-85.9387385
PAST SALE,October-2-2017,Single Family Residential,10051 Bahamas Cir,Fishers,IN,46037,400000,5,3.5,Fall Creek,4250,17424,1992,164,94,33,Sold,,,http://www.redfin.com/IN/Fishers/10051-Bahamas-Cir-46037/home/67021353,MIBOR,21510294,N,Y,39.9401438,-85.9606693
PAST SALE,October-13-2017,Single Family Residential,12910 E 131st St,Fishers,IN,46037,132000,3,2,Fall Creek,1433,5662,2003,153,92,28,Sold,,,http://www.redfin.com/IN/Fishers/12910-E-131st-St-46037/home/67103192,MIBOR,21512011,N,Y,39.9817208,-85.9349061
PAST SALE,October-13-2017,Single Family Residential,11812 Gatwick View Dr,Fishers,IN,46037,263000,3,2.5,Fall Creek,2919,10018,2001,153,90,27,Sold,,,http://www.redfin.com/IN/Fishers/11812-Gatwick-View-Dr-46037/home/82373798,MIBOR,21509372,N,Y,39.961069,-85.9066427
PAST SALE,September-20-2017,Single Family Residential,12319 Quarterback Ln,Fishers,IN,46037,230000,4,2.5,Fall Creek,3153,9147,2006,176,73,43,Sold,,,http://www.redfin.com/IN/Fishers/12319-Quarterback-Ln-46037/home/60069577,MIBOR,21505881,N,Y,39.9782634,-85.9459633
PAST SALE,October-18-2017,Single Family Residential,14425 Liverpool Pl,Fishers,IN,46037,297000,4,2.5,Fall Creek,3651,8712,2008,148,81,48,Sold,,,http://www.redfin.com/IN/Fishers/14425-Liverpool-Pl-46037/home/60069732,MIBOR,21501240,N,Y,39.9774943,-85.9058951
