SALE TYPE,SOLD DATE,PROPERTY TYPE,ADDRESS,CITY,STATE,ZIP,PRICE,BEDS,BATHS,LOCATION,SQUARE FEET,LOT SIZE,YEAR BUILT,DAYS ON MARKET,$/SQUARE FEET,HOA/MONTH,STATUS,NEXT OPEN HOUSE START TIME,NEXT OPEN HOUSE END TIME,URL (SEE http://www.redfin.com/buy-a-home/comparative-market-analysis FOR INFO ON PRICING),SOURCE,MLS#,FAVORITE,INTERESTED,LATITUDE,LONGITUDE
PAST SALE,December-20-2017,Single Family Residential,8303 Acton Rd,Indianapolis,IN,46259,210000,4,2.5,Franklin,2500,51836,1974,87,84,,Sold,,,http://www.redfin.com/IN/Indianapolis/8303-Acton-Rd-46259/home/82184024,MIBOR,21523596,N,Y,39.6482815,-85.9705441
PAST SALE,March-1-2018,Single Family Residential,6045 Wilshire Dr,Indianapolis,IN,46259,160000,3,2,Franklin,1443,77972,1958,16,111,,Sold,,,http://www.redfin.com/IN/Indianapolis/6045-Wilshire-Dr-46259/home/67050920,MIBOR,21542550,N,Y,39.6809076,-85.9735112
PAST SALE,October-9-2017,Single Family Residential,10733 Inspiration Dr,Indianapolis,IN,46259,127000,3,2,Franklin,1509,6316,2005,159,84,9,Sold,,,http://www.redfin.com/IN/Indianapolis/10733-Inspiration-Dr-46259/home/67079461,MIBOR,21505728,N,Y,39.6481027,-85.9758498
PAST SALE,October-23-2017,Single Family Residential,11304 Bloomfield Ct,Indianapolis,IN,46259,180000,3,2,Franklin,1882,15128,1986,145,96,2,Sold,,,http://www.redfin.com/IN/Indianapolis/11304-Bloomfield-Ct-46259/home/82186321,MIBOR,21512860,N,Y,39.6671074,-85.9652478
PAST SALE,,Single Family Residential,10904 Firefly Ct,Indianapolis,IN,46259,137000,3,1.5,,2034,6403,2005,,67,,,,,http://www.redfin.com/IN/Indianapolis/10904-Firefly-Ct-46259/home/82298396,,,N,Y,39.6467571,-85.9730376
PAST SALE,November-29-2017,Single Family Residential,10747 Prissy Ln,Indianapolis,IN,46259,150000,3,2,Franklin,1230,19166,1965,108,122,,Sold,,,http://www.redfin.com/IN/Indianapolis/10747-Prissy-Ln-46259/home/67113108,MIBOR,21514651,N,Y,39.6785235,-85.9749079
PAST SALE,October-25-2017,Single Family Residential,7339 Highpoint Cir,Indianapolis,IN,46259,223900,3,2,Franklin,2628,12719,2005,143,85,21,Sold,,,http://www.redfin.com/IN/Indianapolis/7339-Highpoint-Cir-46259/home/82295991,MIBOR,21505263,N,Y,39.6752047,-86.0372447
PAST SALE,November-21-2017,Single Family Residential,8815 Acton Rd,Indianapolis,IN,46259,445000,4,3,Franklin,4286,334540,1990,116,104,,Sold,,,http://www.redfin.com/IN/Indianapolis/8815-Acton-Rd-46259/home/111937766,MIBOR,21504540,N,Y,39.640399,-85.969628
PAST SALE,December-13-2017,Single Family Residential,7130 Hickory Rd,Indianapolis,IN,46259,274900,4,3,Franklin,2685,41817,1980,94,102,,Sold,,,http://www.redfin.com/IN/Indianapolis/7130-Hickory-Rd-46259/home/82186843,MIBOR,21525457,N,Y,39.6646643,-85.9956117
PAST SALE,November-3-2017,Single Family Residential,9910 N 700 E,Indianapolis,IN,46259,256000,4,2.5,Clark,2573,148539,1952,134,99,,Sold,,,http://www.redfin.com/IN/Indianapolis/9910-N-700-E-46259/home/60114487,MIBOR,21511824,N,Y,39.6221419,-85.972273
PAST SALE,December-4-2017,Single Family Residential,8937 W 800 N,Indianapolis,IN,46259,205000,4,1.5,Moral,3888,27007,1967,103,53,,Sold,,,http://www.redfin.com/IN/Indianapolis/8937-W-800-N-46259/home/60149552,MIBOR,21520511,N,Y,39.640305,-85.951879
PAST SALE,November-17-2017,Single Family Residential,7611 Norma Jean Dr,Indianapolis,IN,46259,189900,3,2.5,Franklin,2260,9583,1998,120,84,21,Sold,,,http://www.redfin.com/IN/Indianapolis/7611-Norma-Jean-Dr-46259/home/60055686,MIBOR,21517426,N,Y,39.6463607,-86.0329675
PAST SALE,December-1-2017,Single Family Residential,8018 Gathering Ln,Indianapolis,IN,46259,165000,4,2.5,Franklin,2809,6534,2008,106,59,17,Sold,,,http://www.redfin.com/IN/Indianapolis/8018-Gathering-Ln-46259/home/60130557,MIBOR,21517902,N,Y,39.6522088,-85.9781634
PAST SALE,February-20-2018,Single Family Residential,8219 Firefly Way,Indianapolis,IN,46259,159900,3,2.5,Franklin,1957,10018,2004,25,82,37,Sold,,,http://www.redfin.com/IN/Indianapolis/8219-Firefly-Way-46259/home/82298412,MIBOR,21528260,N,Y,39.6494127,-85.9718207
PAST SALE,February-23-2018,Single Family Residential,7945 Meadow Bend Dr,Indianapolis,IN,46259,200000,3,2,Franklin,1706,12405,1998,22,117,,Sold,,,http://www.redfin.com/IN/Indianapolis/7945-Meadow-Bend-Dr-46259/home/82187907,MIBOR,21542933,N,Y,39.6522555,-86.0257991
PAST SALE,February-23-2018,Single Family Residential,7414 Norma Jean Dr,Indianapolis,IN,46259,200000,4,2.5,Franklin,3188,10890,1998,22,63,32,Sold,,,http://www.redfin.com/IN/Indianapolis/7414-Norma-Jean-Dr-46259/home/82272631,MIBOR,21529223,N,Y,39.6472703,-86.0360892
PAST SALE,February-9-2018,Single Family Residential,7026 Samuel Dr,Indianapolis,IN,46259,178000,3,2.5,Franklin,1904,10018,1995,36,93,29,Sold,,,http://www.redfin.com/IN/Indianapolis/7026-Samuel-Dr-46259/home/60036714,MIBOR,21529872,N,Y,39.6479209,-86.0433801
PAST SALE,March-7-2018,Single Family Residential,7736 Silver Lake Pl,Indianapolis,IN,46259,264000,5,3.5,Franklin,3200,12675,2000,10,83,25,Sold,,,http://www.redfin.com/IN/Indianapolis/7736-Silver-Lake-Pl-46259/home/82276128,MIBOR,21506417,N,Y,39.6555444,-86.0426232
PAST SALE,November-15-2017,Single Family Residential,8309 E Edgewood Ave,Indianapolis,IN,46239,130000,3,1.5,Franklin,1504,14810,1973,122,86,,Sold,,,http://www.redfin.com/IN/Indianapolis/8309-E-Edgewood-Ave-46239/home/67109894,MIBOR,21500404,N,Y,39.681067,-86.020334
PAST SALE,December-15-2017,Single Family Residential,7607 Freedom Woods Dr,Indianapolis,IN,46259,312000,4,3,Franklin,3443,12196,1994,92,91,8,Sold,,,http://www.redfin.com/IN/Indianapolis/7607-Freedom-Woods-Dr-46259/home/60146133,MIBOR,21512558,N,Y,39.6604544,-86.0319452
PAST SALE,December-8-2017,Single Family Residential,7122 E Southport Rd,Indianapolis,IN,46259,133000,3,2,Franklin,1361,21997,1977,99,98,,Sold,,,http://www.redfin.com/IN/Indianapolis/7122-E-Southport-Rd-46259/home/60050694,MIBOR,21492494,N,Y,39.6669329,-86.0413483
PAST SALE,November-13-2017,Single Family Residential,7335 Preamble Ct,Indianapolis,IN,46259,519900,4,3,Franklin,5524,17859,2004,124,94,47,Sold,,,http://www.redfin.com/IN/Indianapolis/7335-Preamble-Ct-46259/home/60102885,MIBOR,21514897,N,Y,39.6626185,-86.0369857
PAST SALE,October-27-2017,Single Family Residential,8542 Fenton Tower Dr,Indianapolis,IN,46259,210000,3,2.5,Franklin,2348,10105,2004,141,89,30,Sold,,,http://www.redfin.com/IN/Indianapolis/8542-Fenton-Tower-Dr-46259/home/60133109,MIBOR,21505281,N,Y,39.6609995,-86.0160836
PAST SALE,October-31-2017,Single Family Residential,7541 Samuel Dr,Indianapolis,IN,46259,168000,3,2,Franklin,1784,11804,1997,137,94,29,Sold,,,http://www.redfin.com/IN/Indianapolis/7541-Samuel-Dr-46259/home/66802121,MIBOR,21518368,N,Y,39.6453815,-86.033644
PAST SALE,November-14-2017,Single Family Residential,7053 Dickinson Ln,Indianapolis,IN,46259,364900,4,3,Franklin,3151,17859,1999,123,116,46,Sold,,,http://www.redfin.com/IN/Indianapolis/7053-Dickinson-Ln-46259/home/66951599,MIBOR,21514447,N,Y,39.6656281,-86.0352906
PAST SALE,,Single Family Residential,7329 E Edgewood Ave,Indianapolis,IN,46239,625000,8,7.5,,9100,183518,1982,,69,,,,,http://www.redfin.com/IN/Indianapolis/7329-E-Edgewood-Ave-46239/home/66986834,,,N,Y,39.6805817,-86.0373841
PAST SALE,November-30-2017,Single Family Residential,7432 Samuel Dr,Indianapolis,IN,46259,190000,4,2.5,Franklin,2116,10018,1997,107,90,29,Sold,,,http://www.redfin.com/IN/Indianapolis/7432-Samuel-Dr-46259/home/66996426,MIBOR,21518872,N,Y,39.6461864,-86.0359648
PAST SALE,November-27-2017,Single Family Residential,8329 Oris Rd,Indianapolis,IN,46259,153900,4,2,Franklin,2040,15002,1971,110,75,,Sold,,,http://www.redfin.com/IN/Indianapolis/8329-Oris-Rd-46259/home/82287952,MIBOR,21519010,N,Y,39.6787017,-86.0194317
PAST SALE,November-28-2017,Single Family Residential,9456 S Mitthoeffer Rd,Indianapolis,IN,46259,230000,4,1,Clark,2932,192099,1930,109,78,,Sold,,,http://www.redfin.com/IN/Indianapolis/9456-S-Mitthoeffer-Rd-46259/home/60001833,MIBOR,21502118,N,Y,39.6319643,-85.990667
PAST SALE,November-29-2017,Single Family Residential,8022 Rocky Meadows Ct,Indianapolis,IN,46259,230000,3,2,Franklin,2326,11935,2001,108,99,24,Sold,,,http://www.redfin.com/IN/Indianapolis/8022-Rocky-Meadows-Ct-46259/home/60133177,MIBOR,21519315,N,Y,39.6538429,-86.0246371
PAST SALE,February-9-2018,Single Family Residential,7358 Stones River Dr,Indianapolis,IN,46259,365000,3,3.5,Franklin,3453,18469,2004,36,106,29,Sold,,,http://www.redfin.com/IN/Indianapolis/7358-Stones-River-Dr-46259/home/67007194,MIBOR,21504620,N,Y,39.6607242,-86.0292356
PAST SALE,February-26-2018,Single Family Residential,9811 E Edgewood Ave,Indianapolis,IN,46239,469000,3,2.5,Franklin,4501,129808,2016,19,104,,Sold,,,http://www.redfin.com/IN/Indianapolis/9811-E-Edgewood-Ave-46239/home/111930172,MIBOR,21530342,N,Y,39.6815788,-85.9928434
PAST SALE,September-18-2017,Single Family Residential,7617 Norma Jean Dr,Indianapolis,IN,46259,200000,4,2.5,Franklin,3104,10018,1998,180,64,29,Sold,,,http://www.redfin.com/IN/Indianapolis/7617-Norma-Jean-Dr-46259/home/66967441,MIBOR,21502006,N,Y,39.6463513,-86.0327185
PAST SALE,December-22-2017,Single Family Residential,7845 Bentley Commons Dr,Indianapolis,IN,46259,150000,2,2,Franklin,1476,6969,2001,85,102,60,Sold,,,http://www.redfin.com/IN/Indianapolis/7845-Bentley-Commons-Dr-46259/home/82276423,MIBOR,21523536,N,Y,39.647416,-86.027675
PAST SALE,December-1-2017,Single Family Residential,7405 Eagle Vista Pl,Indianapolis,IN,46259,295000,4,3.5,Franklin,3318,14374,1997,106,89,10,Sold,,,http://www.redfin.com/IN/Indianapolis/7405-Eagle-Vista-Pl-46259/home/60096389,MIBOR,21515082,N,Y,39.6614788,-86.0372048
PAST SALE,December-8-2017,Single Family Residential,8509 Coppel Ln,Indianapolis,IN,46259,179000,4,2.5,Franklin,2178,7405,2006,99,82,28,Sold,,,http://www.redfin.com/IN/Indianapolis/8509-Coppel-Ln-46259/home/60164181,MIBOR,21519113,N,Y,39.6717065,-86.0169716
PAST SALE,December-28-2017,Single Family Residential,6401 Tranquility Ct,Indianapolis,IN,46259,448000,4,3.5,Franklin,4598,11848,2017,79,97,30,Sold,,,http://www.redfin.com/IN/INDIANAPOLIS/6401-TRANQUILITY-CT-46259/home/144063290,MIBOR,21529510,N,Y,39.65472,-85.9815339
PAST SALE,January-30-2018,Single Family Residential,7018 Bloomfield Dr E,Indianapolis,IN,46259,210000,3,3.5,Franklin,2632,25700,1988,46,80,4,Sold,,,http://www.redfin.com/IN/Indianapolis/7018-Bloomfield-Dr-E-46259/home/67109087,MIBOR,21527818,N,Y,39.6665741,-85.9623451
PAST SALE,January-29-2018,Single Family Residential,9547 Perlinda Ln,Indianapolis,IN,46259,230000,3,2.5,Franklin,1676,27225,1983,47,137,,Sold,,,http://www.redfin.com/IN/Indianapolis/9547-Perlinda-Ln-46259/home/82186848,MIBOR,21525484,N,Y,39.6649782,-85.9983032
PAST SALE,October-10-2017,Single Family Residential,7334 Corwin Ct,Indianapolis,IN,46259,309500,5,3,Franklin,4504,20908,2010,158,69,29,Sold,,,http://www.redfin.com/IN/Indianapolis/7334-Corwin-Ct-46259/home/60062291,MIBOR,21503078,N,Y,39.6618476,-86.0285382
PAST SALE,October-13-2017,Single Family Residential,11826 E Mcgregor Rd,Indianapolis,IN,46259,172000,2,2,Franklin,1500,68824,1971,155,115,,Sold,,,http://www.redfin.com/IN/Indianapolis/11826-S-McGregor-Rd-46259/home/82185771,MIBOR,21508162,N,Y,39.6581958,-85.955781
PAST SALE,October-25-2017,Single Family Residential,8048 Fendler Ct,Indianapolis,IN,46259,160000,4,2.5,Franklin,2729,23348,1995,143,59,22,Sold,,,http://www.redfin.com/IN/Indianapolis/8048-Fendler-Ct-46259/home/67063653,MIBOR,21504595,N,Y,39.6514154,-86.0406812
PAST SALE,February-15-2018,Single Family Residential,7541 Stop 11 Rd E,Indianapolis,IN,46259,169900,3,2,Franklin,1584,43995,1977,30,107,,Sold,,,http://www.redfin.com/IN/Indianapolis/7541-E-11-Rd-46259/home/82185714,MIBOR,21539939,N,Y,39.65112,-86.033544
PAST SALE,November-16-2017,Single Family Residential,7327 Drum Castle Ct,Indianapolis,IN,46259,166500,4,2.5,Franklin,1965,11238,2003,121,85,30,Sold,,,http://www.redfin.com/IN/Indianapolis/7327-Drum-Castle-Ct-46259/home/66990009,MIBOR,21504050,N,Y,39.6618359,-86.0170004
PAST SALE,February-23-2018,Single Family Residential,7102 Langham Ct,Indianapolis,IN,46259,240000,3,2,Franklin,3574,12196,2008,22,67,29,Sold,,,http://www.redfin.com/IN/Indianapolis/7102-Langham-Ct-46259/home/66838780,MIBOR,21527035,N,Y,39.6651925,-86.0298134
PAST SALE,January-5-2018,Single Family Residential,7906 Meadow Bend Dr,Indianapolis,IN,46259,218700,3,2.5,Franklin,2718,12706,1998,71,80,24,Sold,,,http://www.redfin.com/IN/Indianapolis/7906-Meadow-Bend-Dr-46259/home/67003751,MIBOR,21501764,N,Y,39.6526498,-86.0272533
PAST SALE,January-8-2018,Single Family Residential,7832 S 5 Points Rd,Indianapolis,IN,46259,136900,3,2,Franklin,1233,10136,1991,68,111,,Sold,,,http://www.redfin.com/IN/Indianapolis/7832-5-Points-Rd-46259/home/82186210,MIBOR,21512803,N,Y,39.6539308,-86.044894
PAST SALE,January-8-2018,Single Family Residential,7801 Stonebriar Way,Indianapolis,IN,46259,575000,4,3.5,Franklin,5514,32234,2016,68,104,46,Sold,,,http://www.redfin.com/IN/Indianapolis/7801-Stonebriar-Way-46259/home/106775956,MIBOR,21500367,N,Y,39.6557019,-86.0095934
PAST SALE,November-21-2017,Single Family Residential,6124 Lazy Ln,Indianapolis,IN,46259,200000,3,2,Franklin,1751,22651,2012,116,114,67,Sold,,,http://www.redfin.com/IN/Indianapolis/6124-Lazy-Ln-46259/home/60144172,MIBOR,21528199,N,Y,39.678956,-86.032346
PAST SALE,February-28-2018,Single Family Residential,8319 Oris Rd,Indianapolis,IN,46259,163400,3,2,Franklin,1529,14810,1974,17,107,,Sold,,,http://www.redfin.com/IN/Indianapolis/8319-Oris-Rd-46259/home/60034808,MIBOR,21524000,N,Y,39.6786778,-86.01991
PAST SALE,September-21-2017,Single Family Residential,12123 Briarway Center Dr,Indianapolis,IN,46259,144500,3,2,Moral,2132,20020,1972,177,68,,Sold,,,http://www.redfin.com/IN/Indianapolis/12123-Briar-Way-Center-Dr-46259/home/67007415,MIBOR,21503852,N,Y,39.6785668,-85.9490365
PAST SALE,October-19-2017,Single Family Residential,10830 Firefly Ct,Indianapolis,IN,46259,151000,3,2.5,Franklin,2034,10628,2004,149,74,16,Sold,,,http://www.redfin.com/IN/Indianapolis/10830-Firefly-Ct-46259/home/82298402,MIBOR,21503827,N,Y,39.6465411,-85.9736445
PAST SALE,October-20-2017,Single Family Residential,6836 Bloomfield Dr,Indianapolis,IN,46259,225000,5,3.5,Franklin,4314,18295,1977,148,52,2,Sold,,,http://www.redfin.com/IN/Indianapolis/6836-Bloomfield-Dr-46259/home/60132363,MIBOR,21505082,N,Y,39.6681321,-85.9658955
PAST SALE,,Single Family Residential,6730 Coppel Ct,Indianapolis,IN,46259,185000,4,1.5,,2177,17598,2004,,85,,,,,http://www.redfin.com/IN/Indianapolis/6730-Coppel-Ct-46259/home/82298373,,,N,Y,39.670765,-86.014567
PAST SALE,September-25-2017,Single Family Residential,7307 Aberdeenshire Way,Indianapolis,IN,46259,203000,5,2.5,Franklin,2834,10193,2005,173,72,30,Sold,,,http://www.redfin.com/IN/Indianapolis/7307-Aberdeenshire-Way-46259/home/60056088,MIBOR,21477876,N,Y,39.6622596,-86.0140906
PAST SALE,October-10-2017,Single Family Residential,12240 Southeastern Ave,Indianapolis,IN,46259,138500,3,2,Moral,1485,22651,1970,158,93,,Sold,,,http://www.redfin.com/IN/Indianapolis/12240-Southeastern-Ave-46259/home/67045884,MIBOR,21509488,N,Y,39.667013,-85.94719
PAST SALE,October-27-2017,Single Family Residential,9009 E Southport Rd,Indianapolis,IN,46259,347000,4,3.5,Franklin,5293,324957,1968,141,66,,Sold,,,http://www.redfin.com/IN/Indianapolis/9009-E-Southport-Rd-46259/home/60091019,MIBOR,21476432,N,Y,39.665999,-86.0082
PAST SALE,November-20-2017,Single Family Residential,7843 Bayard Dr,Indianapolis,IN,46259,216900,3,2.5,Franklin,2038,10890,2002,117,106,29,Sold,,,http://www.redfin.com/IN/Indianapolis/7843-Bayard-Dr-46259/home/60080722,MIBOR,21518550,N,Y,39.663631,-86.0276729
PAST SALE,December-28-2017,Single Family Residential,7636 Easy Pl,Indianapolis,IN,46259,165000,3,2,Franklin,1472,8254,2012,79,112,67,Sold,,,http://www.redfin.com/IN/Indianapolis/7636-Easy-Pl-46259/home/82303755,MIBOR,21511543,N,Y,39.6808819,-86.031397
PAST SALE,November-15-2017,Single Family Residential,7555 Hartington Pl,Indianapolis,IN,46259,280000,4,2.5,Franklin,3237,13372,2006,122,86,46,Sold,,,http://www.redfin.com/IN/Indianapolis/7555-Hartington-Pl-46259/home/67097622,MIBOR,21514695,N,Y,39.6580106,-86.0215701
PAST SALE,December-21-2017,Single Family Residential,6616 Cressendo Pl,Indianapolis,IN,46259,306000,5,3.5,Franklin,4489,11325,2009,86,68,57,Sold,,,http://www.redfin.com/IN/Indianapolis/6616-Cressendo-Pl-46259/home/82302843,MIBOR,21526763,N,Y,39.671939,-86.039436
PAST SALE,November-1-2017,Single Family Residential,7906 Langham Way,Indianapolis,IN,46259,234000,3,2.5,Franklin,2168,14549,2006,136,108,29,Sold,,,http://www.redfin.com/IN/Indianapolis/7906-Langham-Way-46259/home/60037617,MIBOR,21506496,N,Y,39.6631062,-86.0270837
PAST SALE,October-5-2017,Single Family Residential,7518 E 1075 N,Indianapolis,IN,46259,227000,3,2,Clark,1789,217800,1950,163,127,,Sold,,,http://www.redfin.com/IN/Indianapolis/7518-Yoke-Rd-46259/home/82507567,MIBOR,21496770,N,Y,39.636507,-85.961479
PAST SALE,,Single Family Residential,7112 Milano Dr,Indianapolis,IN,46259,368000,4,3.5,,3517,15725,2008,,105,,,,,http://www.redfin.com/IN/Indianapolis/7112-Milano-Dr-46259/home/59999679,,,N,Y,39.6701228,-86.0422447
PAST SALE,September-21-2017,Single Family Residential,6127 S Carroll Rd,Indianapolis,IN,46259,161400,3,2,Moral,1616,20908,1972,177,100,,Sold,,,http://www.redfin.com/IN/Indianapolis/6127-S-Carroll-Rd-46259/home/60081169,MIBOR,21493150,N,Y,39.6796242,-85.9516706
PAST SALE,October-10-2017,Single Family Residential,8215 Knapp Rd,Indianapolis,IN,46259,239000,3,2,Franklin,1750,87120,1987,158,137,,Sold,,,http://www.redfin.com/IN/Indianapolis/8215-Knapp-Rd-46259/home/82186719,MIBOR,21506838,N,Y,39.6491437,-86.00843
PAST SALE,September-29-2017,Single Family Residential,7554 Hartington Pl,Indianapolis,IN,46259,324000,4,3,Franklin,3702,14810,2007,169,88,46,Sold,,,http://www.redfin.com/IN/Indianapolis/7554-Hartington-Pl-46259/home/82299778,MIBOR,21502941,N,Y,39.6580045,-86.0220821
PAST SALE,October-6-2017,Single Family Residential,8531 Aberdeenshire Ct,Indianapolis,IN,46259,222000,4,2.5,Franklin,2980,23173,2004,162,74,29,Sold,,,http://www.redfin.com/IN/Indianapolis/8531-Aberdeenshire-Ct-46259/home/82298341,MIBOR,21505009,N,Y,39.6616074,-86.0162032
PAST SALE,October-2-2017,Single Family Residential,7856 Centerstone Ct,Indianapolis,IN,46259,462000,4,3.5,Franklin,4407,33541,2008,166,105,46,Sold,,,http://www.redfin.com/IN/Indianapolis/7856-Centerstone-Ct-46259/home/60103531,MIBOR,21501562,N,Y,39.6534992,-86.0121772
PAST SALE,October-27-2017,Single Family Residential,7433 Highpoint Cir,Indianapolis,IN,46259,330000,4,3.5,Franklin,4044,14374,2006,141,82,21,Sold,,,http://www.redfin.com/IN/Indianapolis/7433-Highpoint-Cir-46259/home/60036510,MIBOR,21505228,N,Y,39.6760412,-86.0358103
PAST SALE,October-6-2017,Single Family Residential,7709 Stoney Side Ln,Indianapolis,IN,46259,328000,3,2,Franklin,4412,18295,2003,162,74,25,Sold,,,http://www.redfin.com/IN/Indianapolis/7709-Stoney-Side-Ln-46259/home/60092660,MIBOR,21509846,N,Y,39.656118,-86.0305757
PAST SALE,October-12-2017,Single Family Residential,8005 Crackling Ln,Indianapolis,IN,46259,120000,3,2,Franklin,1358,6098,2004,156,88,17,Sold,,,http://www.redfin.com/IN/Indianapolis/8005-Crackling-Ln-46259/home/60059382,MIBOR,21512802,N,Y,39.6527408,-85.9749321
PAST SALE,November-8-2017,Single Family Residential,8504 Coppel Ln,Indianapolis,IN,46259,142500,3,2,Franklin,1436,8712,2004,129,99,27,Sold,,,http://www.redfin.com/IN/Indianapolis/8504-Coppel-Ln-46259/home/60055548,MIBOR,21514035,N,Y,39.6721073,-86.0171827
PAST SALE,October-27-2017,Single Family Residential,10611 Crackling Dr,Indianapolis,IN,46259,119900,4,2.5,Franklin,1997,6272,2006,141,60,17,Sold,,,http://www.redfin.com/IN/Indianapolis/10611-Crackling-Dr-46259/home/82300101,MIBOR,21507466,N,Y,39.6495542,-85.9782432
PAST SALE,October-31-2017,Single Family Residential,8349 Dix Rd,Indianapolis,IN,46259,239900,4,2,Franklin,2120,26136,1974,137,113,,Sold,,,http://www.redfin.com/IN/Indianapolis/8349-Dix-Rd-46259/home/60070164,MIBOR,21517153,N,Y,39.6475933,-85.9553421
PAST SALE,October-5-2017,Single Family Residential,7415 Eagle Vista Pl,Indianapolis,IN,46259,410000,4,4,Franklin,4150,13825,1997,163,99,8,Sold,,,http://www.redfin.com/IN/Indianapolis/7415-Eagle-Vista-Pl-46259/home/82187789,MIBOR,21451384,N,Y,39.6613458,-86.0368462
PAST SALE,December-5-2017,Single Family Residential,8241 Gathering Cir,Indianapolis,IN,46259,147000,4,2.5,Franklin,2034,6534,2004,102,72,24,Sold,,,http://www.redfin.com/IN/Indianapolis/8241-Gathering-Cir-46259/home/60115208,MIBOR,21522749,N,Y,39.6489224,-85.9727584
PAST SALE,December-8-2017,Single Family Residential,6842 Mimosa Ln,Indianapolis,IN,46259,182000,3,2.5,Franklin,1725,18295,1985,99,106,2,Sold,,,http://www.redfin.com/IN/Indianapolis/6842-Mimosa-Ln-46259/home/60126708,MIBOR,21520383,N,Y,39.6694869,-85.9645197
PAST SALE,December-29-2017,Single Family Residential,8221 S Mitthoeffer Rd,Indianapolis,IN,46259,405000,3,2,Franklin,4214,209959,1969,78,96,,Sold,,,http://www.redfin.com/IN/Indianapolis/8221-S-Mitthoeffer-Rd-46259/home/60169168,MIBOR,21488038,N,Y,39.649303,-85.987809
PAST SALE,January-10-2018,Single Family Residential,7467 N 875 W,Indianapolis,IN,46259,409000,3,2.5,Moral,5124,217800,1991,66,80,,Sold,,,http://www.redfin.com/IN/Indianapolis/7467-N-875-W-46259/home/66944562,MIBOR,21526824,N,Y,39.6309102,-85.9479988
PAST SALE,February-9-2018,Single Family Residential,8217 Acton Rd,Indianapolis,IN,46259,175000,4,2,Franklin,1737,43560,1952,36,101,,Sold,,,http://www.redfin.com/IN/Indianapolis/8217-Acton-Rd-46259/home/60033434,MIBOR,21528842,N,Y,39.6498974,-85.9707014
PAST SALE,December-8-2017,Single Family Residential,7305 Sunset Ridge Pkwy,Indianapolis,IN,46259,222900,3,2,Franklin,2154,12196,2003,99,103,21,Sold,,,http://www.redfin.com/IN/Indianapolis/7305-Sunset-Ridge-Pkwy-46259/home/82295985,MIBOR,21519157,N,Y,39.674256,-86.0383403
PAST SALE,September-20-2017,Single Family Residential,8573 N Cr 700 E,Indianapolis,IN,46259,198000,4,2.5,Clark,2018,25264,1966,178,98,,Sold,,,http://www.redfin.com/IN/Indianapolis/8573-N-700-E-46259/home/60067198,MIBOR,21488452,N,Y,39.604123,-85.971075
PAST SALE,November-29-2017,Single Family Residential,8445 Coppel Ln,Indianapolis,IN,46259,146000,3,2,Franklin,1406,7405,2003,108,104,25,Sold,,,http://www.redfin.com/IN/Indianapolis/8445-Coppel-Ln-46259/home/60029507,MIBOR,21518720,N,Y,39.671627,-86.017407
PAST SALE,November-15-2017,Single Family Residential,6433 Tranquility Ct,Indianapolis,IN,46259,399189,4,3.5,Franklin,3834,14374,2017,122,104,27,Sold,,,http://www.redfin.com/IN/Indianapolis/6433-Tranquility-Ct-46259/home/144478925,MIBOR,21528144,N,Y,39.65472,-85.9815339
PAST SALE,February-23-2018,Single Family Residential,7545 Moonbeam Dr,Indianapolis,IN,46259,255000,3,2.5,Franklin,2824,14244,2005,22,90,27,Sold,,,http://www.redfin.com/IN/Indianapolis/7545-Moonbeam-Dr-46259/home/60003747,MIBOR,21519246,N,Y,39.678343,-86.033178
PAST SALE,February-23-2018,Single Family Residential,6022 Easy Ln,Indianapolis,IN,46259,360940,4,2.5,Franklin,4161,16291,2017,22,87,27,Sold,,,http://www.redfin.com/IN/Indianapolis/6022-Easy-Ln-46259/home/60176488,MIBOR,21485464,N,Y,39.680901,-86.034223
PAST SALE,October-27-2017,Single Family Residential,6417 Sunset Point Way,Indianapolis,IN,46259,269900,3,2.5,Franklin,1802,11151,2017,141,150,21,Sold,,,http://www.redfin.com/IN/Indianapolis/6417-Sunset-Point-Way-46259/home/82295992,MIBOR,21500657,N,Y,39.675175,-86.037619
PAST SALE,November-17-2017,Single Family Residential,6653 Coppel Ct,Indianapolis,IN,46259,174900,3,2,Franklin,2168,9583,2005,120,81,28,Sold,,,http://www.redfin.com/IN/Indianapolis/6653-Coppel-Ct-46259/home/60067885,MIBOR,21502938,N,Y,39.671628,-86.014117
PAST SALE,February-15-2018,Single Family Residential,7709 Knapp Rd,Indianapolis,IN,46259,348000,4,3.5,Franklin,4123,130680,1999,30,84,,Sold,,,http://www.redfin.com/IN/Indianapolis/7709-Knapp-Rd-46259/home/82273019,MIBOR,21519355,N,Y,39.6568173,-86.0062175
PAST SALE,February-22-2018,Single Family Residential,7956 Frye Rd,Indianapolis,IN,46259,300000,4,4,Franklin,4497,15193,2000,23,67,25,Sold,,,http://www.redfin.com/IN/Indianapolis/7956-Frye-Rd-46259/home/60055502,MIBOR,21513084,N,Y,39.6547309,-86.0256715
PAST SALE,February-28-2018,Single Family Residential,8512 Blair Castle Ct,Indianapolis,IN,46259,217200,4,2.5,Franklin,2764,11412,2004,17,79,60,Sold,,,http://www.redfin.com/IN/Indianapolis/8512-Blair-Castle-Ct-46259/home/82298265,MIBOR,21527983,N,Y,39.6629158,-86.0168011
PAST SALE,March-5-2018,Single Family Residential,7023 Hartington Pl,Indianapolis,IN,46259,285000,4,2.5,Franklin,3438,13895,2002,12,83,46,Sold,,,http://www.redfin.com/IN/Indianapolis/7023-Hartington-Pl-46259/home/60051895,MIBOR,21518100,N,Y,39.6661724,-86.0225803
PAST SALE,February-26-2018,Single Family Residential,8611 Blair Castle Ct,Indianapolis,IN,46259,248000,4,3,Franklin,3721,10018,2005,19,67,28,Sold,,,http://www.redfin.com/IN/Indianapolis/8611-Blair-Castle-Ct-46259/home/60055061,MIBOR,21520013,N,Y,39.662499,-86.0152067
PAST SALE,March-9-2018,Single Family Residential,7204 Mogul Way,Indianapolis,IN,46259,459000,4,4,Franklin,5034,19166,2012,8,91,48,Sold,,,http://www.redfin.com/IN/Indianapolis/7204-Mogul-Way-46259/home/60175839,MIBOR,21523728,N,Y,39.6696453,-86.0406312
PAST SALE,March-14-2018,Single Family Residential,8051 Retreat Ln,Indianapolis,IN,46259,151000,3,2.5,Franklin,2170,6534,2007,3,70,25,Sold,,,http://www.redfin.com/IN/Indianapolis/8051-Retreat-Ln-46259/home/60101384,MIBOR,21545389,N,Y,39.651417,-85.9785623
PAST SALE,March-15-2018,Single Family Residential,6754 Powder Dr,Indianapolis,IN,46259,303000,5,2.5,Franklin,4164,11979,2007,2,73,54,Sold,,,http://www.redfin.com/IN/Indianapolis/6754-Powder-Dr-46259/home/60057682,MIBOR,21540460,N,Y,39.669706,-86.0394559
PAST SALE,March-16-2018,Single Family Residential,7178 Franklin Parke Blvd,Indianapolis,IN,46259,500000,5,3.5,Franklin,4897,18730,2002,1,102,48,Sold,,,http://www.redfin.com/IN/Indianapolis/7178-Franklin-Parke-Blvd-46259/home/60146779,MIBOR,21544900,N,Y,39.6635927,-86.0372247
PAST SALE,March-16-2018,Single Family Residential,6116 Moon Shadow Dr,Indianapolis,IN,46259,205000,3,2,Franklin,1894,19863,2012,1,108,70,Sold,,,http://www.redfin.com/IN/Indianapolis/6116-Moon-Shadow-Dr-46259/home/60119960,MIBOR,21547926,N,Y,39.6793933,-86.0308494
PAST SALE,September-28-2017,Single Family Residential,7331 Little Oak Ln,Indianapolis,IN,46259,200000,3,3,Franklin,2001,32234,1971,170,100,,Sold,,,http://www.redfin.com/IN/Indianapolis/7331-Little-Oak-Ln-46259/home/82185367,MIBOR,21507535,N,Y,39.6622443,-85.974117
PAST SALE,September-28-2017,Single Family Residential,7634 Ockley Ln,Indianapolis,IN,46259,307500,5,3,Franklin,4107,18948,2007,170,75,46,Sold,,,http://www.redfin.com/IN/Indianapolis/7634-Ockley-Ln-46259/home/82301849,MIBOR,21494033,N,Y,39.6571507,-86.0200694
PAST SALE,September-29-2017,Single Family Residential,7414 Stones River Dr,Indianapolis,IN,46259,410000,4,3,Franklin,4760,15245,2005,169,86,29,Sold,,,http://www.redfin.com/IN/Indianapolis/7414-Stones-River-Dr-46259/home/60144035,MIBOR,21485299,N,Y,39.6605793,-86.0279282
PAST SALE,October-27-2017,Single Family Residential,7240 Hickory Rd,Indianapolis,IN,46259,325000,3,2.5,Franklin,3232,148104,1900,141,101,,Sold,,,http://www.redfin.com/IN/Indianapolis/7240-Hickory-Rd-46259/home/60129453,MIBOR,21446648,N,Y,39.6640395,-85.99617
PAST SALE,October-27-2017,Single Family Residential,8305 Graber Way,Indianapolis,IN,46259,222500,2,2.5,Franklin,1805,13939,2006,141,123,38,Sold,,,http://www.redfin.com/IN/Indianapolis/8305-Graber-Way-46259/home/60143255,MIBOR,21506285,N,Y,39.6476073,-86.0294348
PAST SALE,September-22-2017,Single Family Residential,7414 S Franklin Rd,Indianapolis,IN,46259,109900,3,1.5,Franklin,1345,21997,1968,176,82,,Sold,,,http://www.redfin.com/IN/Indianapolis/7414-S-Franklin-Rd-46259/home/60025709,MIBOR,21495970,N,Y,39.6604633,-86.0189434
PAST SALE,September-21-2017,Single Family Residential,8220 Firefly Way,Indianapolis,IN,46259,165000,4,2.5,Franklin,2669,5662,2005,177,62,25,Sold,,,http://www.redfin.com/IN/Indianapolis/8220-Firefly-Way-46259/home/60035820,MIBOR,21505393,N,Y,39.6494292,-85.9722994
PAST SALE,September-18-2017,Single Family Residential,10926 Maze Rd,Indianapolis,IN,46259,166000,3,2,Franklin,1476,19602,1967,180,112,,Sold,,,http://www.redfin.com/IN/Indianapolis/10926-Maze-Rd-46259/home/60104808,MIBOR,21503515,N,Y,39.6458072,-85.9723386
PAST SALE,September-26-2017,Single Family Residential,7526 Samuel Dr,Indianapolis,IN,46259,163000,3,2,Franklin,1714,10890,1997,172,95,22,Sold,,,http://www.redfin.com/IN/Indianapolis/7526-Samuel-Dr-46259/home/60032298,MIBOR,21506065,N,Y,39.6458435,-86.0342091
